loan_limit,approv_in_adv,loan_type,loan_purpose,Credit_Worthiness,open_credit,business_or_commercial,loan_amount,term,Neg_ammortization,interest_only,lump_sum_payment,property_value,construction_type,occupancy_type,Secured_by,total_units,income,credit_type,Credit_Score,co-applicant_credit_type,submission_of_application,LTV,Region,Security_Type,dtir1,_reference_pd
cf,nopre,type1,p3,l1,nopc,nob/c,466500,360.0,not_neg,not_int,not_lpsm,798000.0,sb,pr,home,1U,16260.0,CRIF,763,EXP,to_inst,58.45864662,North,direct,17.0,0.0363101065158844
cf,nopre,type1,p4,l1,nopc,nob/c,536500,360.0,not_neg,not_int,not_lpsm,738000.0,sb,pr,home,1U,12000.0,CRIF,869,EXP,not_inst,72.69647696,North,direct,24.0,0.02772643230855465
cf,nopre,type1,p3,l1,nopc,nob/c,266500,300.0,not_neg,not_int,not_lpsm,398000.0,sb,pr,home,1U,4380.0,CIB,699,CIB,to_inst,66.95979899,south,direct,40.0,0.059588298201560974
cf,nopre,type1,p4,l1,nopc,nob/c,416500,360.0,not_neg,not_int,not_lpsm,718000.0,sb,pr,home,1U,4080.0,EXP,564,CIB,to_inst,58.00835655,central,direct,44.0,0.11089865863323212
cf,nopre,type1,p3,l1,nopc,nob/c,116500,120.0,not_neg,not_int,lpsm,408000.0,sb,pr,home,1U,5880.0,CIB,639,EXP,to_inst,28.55392157,south,direct,35.0,0.5
cf,nopre,type2,p3,l1,nopc,b/c,36500,360.0,not_neg,not_int,not_lpsm,38000.0,sb,pr,home,1U,1140.0,CIB,839,CIB,to_inst,96.05263158,North,direct,9.0,0.9869565367698669
cf,nopre,type1,p3,l1,nopc,nob/c,206500,360.0,not_neg,not_int,not_lpsm,288000.0,sb,pr,home,1U,2640.0,CIB,603,CIB,to_inst,71.70138889,North,direct,48.0,0.11089865863323212
ncf,nopre,type1,p3,l1,nopc,nob/c,136500,360.0,not_neg,not_int,not_lpsm,188000.0,sb,ir,home,1U,5880.0,CRIF,772,CIB,to_inst,72.60638298,North,direct,43.0,0.11276596039533615
cf,nopre,type3,p3,l1,nopc,nob/c,266500,360.0,not_neg,not_int,not_lpsm,508000.0,sb,pr,home,1U,4500.0,CRIF,586,EXP,not_inst,52.46062992,south,direct,31.0,0.0363101065158844
cf,nopre,type1,p3,l1,nopc,nob/c,416500,360.0,not_neg,not_int,lpsm,608000.0,sb,pr,home,1U,4320.0,EXP,591,CIB,to_inst,68.50328947,North,direct,47.0,0.6666666865348816
cf,nopre,type1,p4,l1,nopc,nob/c,166500,240.0,not_neg,not_int,not_lpsm,228000.0,sb,pr,home,1U,4320.0,CIB,554,CIB,to_inst,73.02631579,south,direct,25.0,0.10782501846551895
cf,nopre,type1,p3,l1,nopc,nob/c,186500,360.0,not_neg,not_int,not_lpsm,318000.0,sb,pr,home,1U,2340.0,CIB,509,CIB,to_inst,58.64779874,south,direct,40.0,0.10782501846551895
cf,nopre,type1,p3,l1,nopc,nob/c,556500,360.0,not_neg,not_int,not_lpsm,818000.0,sb,pr,home,1U,8640.0,CRIF,607,EXP,to_inst,68.03178484,North,direct,34.0,0.0363101065158844
cf,nopre,type1,p4,l1,nopc,nob/c,346500,360.0,not_neg,not_int,not_lpsm,478000.0,sb,pr,home,1U,4500.0,CRIF,551,CIB,not_inst,72.48953975,south,direct,43.0,0.04065827652812004
cf,pre,type1,p1,l1,nopc,nob/c,106500,360.0,not_neg,not_int,not_lpsm,108000.0,sb,pr,home,1U,3660.0,CIB,834,CIB,to_inst,98.61111111,south,direct,37.0,0.10782501846551895
cf,nopre,type1,p4,l1,nopc,nob/c,566500,360.0,not_neg,int_only,not_lpsm,758000.0,sb,pr,home,1U,6360.0,CIB,803,CIB,not_inst,74.73614776,south,direct,42.0,0.0363101065158844
cf,nopre,type1,p4,l1,nopc,nob/c,266500,360.0,not_neg,not_int,not_lpsm,348000.0,sb,pr,home,1U,5400.0,EXP,710,CIB,not_inst,76.58045977,North,direct,49.0,0.059588298201560974
cf,nopre,type1,p3,l1,nopc,nob/c,286500,324.0,neg_amm,int_only,not_lpsm,298000.0,sb,pr,home,1U,3960.0,CIB,588,CIB,not_inst,96.1409396,North,direct,48.0,0.7596899271011353
cf,pre,type1,p4,l1,nopc,nob/c,436500,360.0,not_neg,not_int,not_lpsm,738000.0,sb,pr,home,1U,8760.0,EXP,732,EXP,to_inst,59.14634146,North,direct,30.0,0.03455149382352829
cf,nopre,type1,p3,l2,nopc,nob/c,206500,360.0,not_neg,not_int,not_lpsm,438000.0,sb,pr,home,1U,2760.0,EXP,555,CIB,to_inst,47.14611872,North,direct,35.0,0.06420404464006424
cf,nopre,type3,p3,l1,nopc,nob/c,196500,360.0,not_neg,not_int,not_lpsm,228000.0,sb,pr,home,1U,3480.0,EXP,696,CIB,to_inst,86.18421053,south,direct,53.0,0.11089865863323212
cf,nopre,type1,p4,l1,nopc,nob/c,216500,240.0,not_neg,not_int,not_lpsm,258000.0,sb,pr,home,1U,3360.0,EXP,692,CIB,to_inst,83.91472868,south,direct,45.0,0.1839258074760437
cf,nopre,type2,p1,l1,nopc,b/c,146500,360.0,not_neg,not_int,not_lpsm,158000.0,sb,pr,home,1U,2340.0,CIB,750,CIB,to_inst,92.72151899,North,direct,49.0,0.23026315867900848
cf,nopre,type2,p3,l1,nopc,b/c,126500,360.0,not_neg,not_int,not_lpsm,158000.0,sb,pr,home,1U,6120.0,CRIF,746,EXP,to_inst,80.06329114,south,direct,49.0,0.11276596039533615
cf,nopre,type1,p4,l1,nopc,nob/c,466500,360.0,not_neg,not_int,not_lpsm,718000.0,sb,pr,home,1U,14160.0,CIB,749,EXP,not_inst,64.97214485,North,direct,14.0,0.03435804694890976
cf,pre,type1,p1,l1,nopc,nob/c,266500,360.0,not_neg,not_int,not_lpsm,388000.0,sb,pr,home,1U,9600.0,CRIF,517,CIB,to_inst,68.68556701,south,direct,5.0,0.0363101065158844
cf,pre,type1,p3,l1,nopc,nob/c,246500,360.0,not_neg,not_int,not_lpsm,508000.0,sb,pr,home,1U,5640.0,CIB,670,EXP,to_inst,48.52362205,North,direct,20.0,0.04065827652812004
cf,nopre,type3,p3,l1,nopc,nob/c,656500,360.0,not_neg,not_int,not_lpsm,728000.0,sb,pr,home,1U,9600.0,CRIF,595,EXP,not_inst,90.17857143,North,direct,36.0,0.0363101065158844
cf,nopre,type1,p4,l1,nopc,nob/c,276500,312.0,not_neg,not_int,not_lpsm,458000.0,sb,pr,home,1U,7140.0,CIB,507,CIB,to_inst,60.37117904,south,direct,37.0,0.04065827652812004
cf,,type1,p1,l1,nopc,nob/c,426500,360.0,not_neg,int_only,not_lpsm,538000.0,sb,pr,home,1U,5580.0,CRIF,759,CIB,not_inst,79.27509294,south,direct,34.0,0.04065827652812004
cf,pre,type1,p1,l1,nopc,nob/c,276500,360.0,not_neg,not_int,not_lpsm,458000.0,sb,pr,home,1U,3660.0,CRIF,745,CIB,to_inst,60.37117904,North,direct,45.0,0.059588298201560974
cf,nopre,type3,p3,l1,nopc,nob/c,216500,360.0,not_neg,not_int,not_lpsm,258000.0,sb,pr,home,1U,4740.0,CRIF,502,EXP,to_inst,83.91472868,North,direct,26.0,0.11089865863323212
cf,nopre,type1,p2,l1,nopc,nob/c,166500,180.0,not_neg,not_int,not_lpsm,558000.0,sb,ir,home,1U,3000.0,CRIF,606,CIB,to_inst,29.83870968,south,direct,40.0,0.14369073510169983
cf,nopre,type1,p3,l1,nopc,nob/c,166500,180.0,not_neg,not_int,not_lpsm,328000.0,sb,pr,home,1U,4380.0,EXP,715,CIB,to_inst,50.76219512,south,direct,27.0,0.10782501846551895
cf,nopre,type1,p1,l1,nopc,nob/c,306500,360.0,not_neg,not_int,not_lpsm,448000.0,sb,ir,home,1U,9240.0,CRIF,819,EXP,not_inst,68.41517857,south,direct,42.0,0.05779334530234337
cf,pre,type1,p1,l1,nopc,nob/c,106500,360.0,not_neg,not_int,not_lpsm,168000.0,sb,pr,home,1U,3060.0,CRIF,805,CIB,to_inst,63.39285714,south,direct,42.0,0.06766917556524277
cf,nopre,type1,p1,l1,nopc,nob/c,256500,360.0,not_neg,not_int,not_lpsm,268000.0,sb,pr,home,1U,3840.0,CIB,546,CIB,not_inst,95.70895522,central,direct,31.0,0.0861159935593605
cf,pre,type1,p1,l1,nopc,nob/c,136500,360.0,not_neg,not_int,not_lpsm,148000.0,sb,pr,home,1U,2340.0,CRIF,600,CIB,to_inst,92.22972973,central,direct,41.0,0.10782501846551895
cf,nopre,type1,p4,l1,nopc,nob/c,346500,360.0,not_neg,not_int,not_lpsm,1958000.0,sb,pr,home,1U,7920.0,EXP,518,EXP,not_inst,17.69662921,south,direct,33.0,0.02772643230855465
cf,nopre,type1,p1,l1,nopc,nob/c,466500,360.0,not_neg,not_int,not_lpsm,558000.0,sb,pr,home,1U,6480.0,CRIF,539,CIB,not_inst,83.60215054,North,direct,31.0,0.03455149382352829
cf,nopre,type2,p3,l1,nopc,b/c,56500,180.0,neg_amm,not_int,not_lpsm,138000.0,sb,pr,home,1U,2460.0,CRIF,542,CIB,to_inst,40.94202899,south,direct,46.0,0.5
cf,nopre,type1,p4,l1,nopc,nob/c,176500,360.0,not_neg,int_only,not_lpsm,278000.0,sb,pr,home,1U,7020.0,CRIF,522,EXP,to_inst,63.48920863,North,direct,27.0,0.059588298201560974
cf,nopre,type1,p3,l1,nopc,nob/c,196500,360.0,not_neg,not_int,not_lpsm,288000.0,sb,pr,home,1U,4860.0,EXP,726,CIB,not_inst,68.22916667,south,direct,22.0,0.05779334530234337
cf,nopre,type1,p4,l1,nopc,nob/c,436500,360.0,not_neg,not_int,not_lpsm,498000.0,sb,pr,home,1U,5040.0,EXP,505,CIB,to_inst,87.65060241,North,direct,45.0,0.1839258074760437
ncf,pre,type1,p1,l1,nopc,nob/c,266500,360.0,not_neg,not_int,not_lpsm,388000.0,sb,pr,home,1U,3600.0,CRIF,698,CIB,to_inst,68.68556701,central,direct,45.0,0.06766917556524277
cf,nopre,type1,p4,l1,nopc,nob/c,706500,360.0,neg_amm,not_int,not_lpsm,1308000.0,sb,pr,home,1U,61260.0,EXP,631,EXP,not_inst,54.01376147,North,direct,39.0,0.10782501846551895
ncf,nopre,type2,p1,l1,nopc,b/c,116500,360.0,not_neg,not_int,not_lpsm,128000.0,sb,pr,home,1U,1740.0,CRIF,517,CIB,to_inst,91.015625,North-East,direct,51.0,0.4184100329875946
cf,nopre,type1,p3,l1,nopc,nob/c,216500,360.0,not_neg,not_int,not_lpsm,358000.0,sb,pr,home,1U,3000.0,CRIF,792,CIB,to_inst,60.47486034,south,direct,40.0,0.10782501846551895
cf,nopre,type1,p4,l1,nopc,nob/c,356500,324.0,not_neg,not_int,not_lpsm,708000.0,sb,pr,home,1U,4020.0,CIB,625,EXP,to_inst,50.35310734,south,direct,36.0,0.0861159935593605
ncf,nopre,type3,p1,l1,nopc,nob/c,506500,360.0,not_neg,not_int,not_lpsm,518000.0,sb,pr,home,1U,12960.0,CRIF,642,EXP,to_inst,97.77992278,central,direct,41.0,0.14369073510169983
cf,nopre,type1,p4,l1,nopc,nob/c,346500,360.0,not_neg,not_int,not_lpsm,378000.0,sb,pr,home,1U,9000.0,CRIF,572,EXP,not_inst,91.66666667,south,direct,28.0,0.0363101065158844
cf,nopre,type1,p4,l1,nopc,nob/c,276500,180.0,not_neg,not_int,not_lpsm,708000.0,sb,pr,home,1U,5160.0,CIB,737,CIB,not_inst,39.05367232,south,direct,40.0,0.05779334530234337
cf,nopre,type1,p1,l1,nopc,nob/c,386500,180.0,not_neg,not_int,not_lpsm,618000.0,sb,sr,home,1U,22140.0,CRIF,544,EXP,not_inst,62.54045307,south,direct,34.0,0.03455149382352829
cf,pre,type1,p1,l1,nopc,nob/c,316500,360.0,not_neg,not_int,not_lpsm,358000.0,sb,pr,home,1U,5880.0,CIB,549,EXP,to_inst,88.40782123,North,direct,36.0,0.04065827652812004
cf,nopre,type1,p3,l1,nopc,nob/c,206500,240.0,not_neg,not_int,not_lpsm,258000.0,sb,pr,home,1U,6360.0,CRIF,548,CIB,to_inst,80.03875969,south,direct,33.0,0.10782501846551895
ncf,nopre,type1,p1,l1,nopc,nob/c,476500,360.0,not_neg,not_int,not_lpsm,528000.0,sb,pr,home,1U,5460.0,CIB,810,EXP,not_inst,90.24621212,central,direct,46.0,0.10782501846551895
cf,pre,type2,p1,l1,nopc,b/c,296500,360.0,not_neg,not_int,not_lpsm,308000.0,sb,pr,home,1U,5760.0,CIB,554,CIB,not_inst,96.26623377,North,direct,34.0,0.10782501846551895
cf,nopre,type1,p4,l1,nopc,nob/c,276500,360.0,not_neg,not_int,not_lpsm,338000.0,sb,pr,home,1U,7440.0,EXP,584,CIB,not_inst,81.80473373,North,direct,12.0,0.11089865863323212
cf,nopre,type1,p1,l1,nopc,nob/c,266500,360.0,not_neg,not_int,not_lpsm,278000.0,sb,pr,home,1U,3480.0,CRIF,872,EXP,not_inst,95.86330935,central,direct,44.0,0.10782501846551895
cf,nopre,type1,p1,l1,nopc,nob/c,296500,360.0,not_neg,not_int,not_lpsm,298000.0,sb,pr,home,1U,6420.0,EXP,614,EXP,not_inst,99.4966443,North,direct,29.0,0.11276596039533615
cf,pre,type1,p3,l1,nopc,nob/c,76500,360.0,not_neg,not_int,not_lpsm,108000.0,sb,pr,home,1U,1800.0,EXP,890,CIB,to_inst,70.83333333,south,direct,20.0,0.3415384590625763
cf,pre,type2,p1,l1,nopc,b/c,146500,360.0,not_neg,not_int,not_lpsm,168000.0,sb,pr,home,1U,3660.0,EXP,757,EXP,to_inst,87.20238095,south,direct,41.0,0.10144927352666855
cf,nopre,type1,p4,l1,nopc,nob/c,346500,360.0,not_neg,not_int,not_lpsm,368000.0,sb,pr,home,1U,8460.0,CRIF,697,CIB,to_inst,94.1576087,south,direct,30.0,0.19203747808933258
cf,pre,type2,p3,l1,nopc,b/c,196500,360.0,not_neg,not_int,not_lpsm,248000.0,sb,pr,home,1U,3060.0,CIB,620,EXP,to_inst,79.23387097,south,direct,34.0,0.14369073510169983
cf,nopre,type1,p1,l1,nopc,nob/c,466500,360.0,not_neg,not_int,not_lpsm,588000.0,sb,pr,home,1U,10500.0,CIB,855,CIB,not_inst,79.33673469,North,direct,30.0,0.03435804694890976
cf,pre,type1,p4,l1,nopc,nob/c,376500,360.0,not_neg,not_int,not_lpsm,558000.0,sb,pr,home,1U,8760.0,EXP,647,EXP,to_inst,67.47311828,south,direct,30.0,0.0363101065158844
cf,nopre,type1,p3,l1,nopc,nob/c,206500,360.0,not_neg,not_int,not_lpsm,348000.0,sb,pr,home,1U,3540.0,CRIF,500,CIB,to_inst,59.33908046,south,direct,36.0,0.06420404464006424
cf,nopre,type1,p3,l1,nopc,nob/c,246500,360.0,not_neg,not_int,not_lpsm,338000.0,sb,pr,home,1U,6180.0,CIB,671,CIB,to_inst,72.92899408,south,direct,40.0,0.06766917556524277
cf,nopre,type1,p4,l1,nopc,nob/c,416500,360.0,not_neg,not_int,not_lpsm,488000.0,sb,pr,home,1U,6600.0,CRIF,825,CIB,not_inst,85.34836066,North,direct,44.0,0.04065827652812004
cf,nopre,type1,p4,l1,nopc,nob/c,176500,324.0,not_neg,not_int,not_lpsm,338000.0,sb,pr,home,1U,1980.0,CIB,781,CIB,to_inst,52.21893491,North,direct,47.0,0.11089865863323212
cf,nopre,type2,p3,l2,nopc,b/c,36500,180.0,not_neg,not_int,not_lpsm,258000.0,sb,pr,home,1U,840.0,CRIF,607,CIB,to_inst,14.14728682,North,direct,40.0,0.3415384590625763
cf,nopre,type1,p1,l1,nopc,nob/c,206500,360.0,not_neg,not_int,not_lpsm,528000.0,sb,sr,home,1U,18000.0,CRIF,651,CIB,to_inst,39.10984848,North,direct,31.0,0.06766917556524277
cf,nopre,type1,p3,l1,nopc,nob/c,266500,180.0,not_neg,not_int,not_lpsm,528000.0,sb,pr,home,1U,12900.0,CIB,767,EXP,to_inst,50.47348485,North,direct,6.0,0.0363101065158844
cf,nopre,type1,p3,l1,nopc,nob/c,336500,360.0,not_neg,not_int,not_lpsm,1288000.0,sb,pr,home,1U,3900.0,EXP,881,CIB,to_inst,26.1257764,south,direct,30.0,0.11276596039533615
cf,nopre,type1,p4,l1,nopc,nob/c,186500,240.0,not_neg,not_int,not_lpsm,218000.0,sb,pr,home,1U,4920.0,EXP,809,CIB,to_inst,85.55045872,North,direct,43.0,0.11089865863323212
cf,nopre,type3,p3,l1,nopc,nob/c,206500,360.0,not_neg,int_only,not_lpsm,258000.0,sb,pr,home,1U,2520.0,CIB,586,CIB,to_inst,80.03875969,south,direct,43.0,0.14369073510169983
cf,nopre,type1,p3,l1,nopc,nob/c,546500,360.0,neg_amm,not_int,not_lpsm,678000.0,sb,pr,home,1U,8040.0,CRIF,700,EXP,not_inst,80.60471976,North,direct,42.0,0.10782501846551895
cf,nopre,type1,p4,l1,nopc,nob/c,536500,324.0,neg_amm,not_int,not_lpsm,738000.0,sb,pr,home,1U,10140.0,CIB,674,CIB,not_inst,72.69647696,south,direct,21.0,0.06420404464006424
cf,nopre,type1,p4,l1,nopc,nob/c,386500,360.0,not_neg,not_int,not_lpsm,508000.0,sb,pr,home,1U,6540.0,CRIF,589,EXP,to_inst,76.08267717,south,direct,20.0,0.10782501846551895
cf,pre,type2,p1,l1,nopc,b/c,216500,360.0,not_neg,not_int,not_lpsm,248000.0,sb,pr,home,1U,6540.0,EXP,597,CIB,to_inst,87.2983871,south,direct,55.0,0.06766917556524277
cf,nopre,type1,p3,l1,nopc,nob/c,626500,360.0,not_neg,not_int,not_lpsm,948000.0,sb,pr,home,1U,10620.0,CIB,515,EXP,not_inst,66.08649789,North,direct,34.0,0.02772643230855465
cf,nopre,type1,p4,l1,nopc,nob/c,546500,360.0,not_neg,not_int,not_lpsm,2128000.0,sb,pr,home,1U,8040.0,CRIF,589,CIB,not_inst,25.68139098,North,direct,37.0,0.0363101065158844
cf,nopre,type3,p3,l1,nopc,nob/c,346500,360.0,not_neg,not_int,not_lpsm,348000.0,sb,pr,home,1U,4800.0,CIB,884,EXP,to_inst,99.56896552,south,direct,53.0,0.10782501846551895
cf,nopre,type1,p3,l1,nopc,nob/c,536500,360.0,not_neg,not_int,not_lpsm,728000.0,sb,pr,home,1U,12120.0,CIB,744,EXP,not_inst,73.69505495,North,direct,43.0,0.03435804694890976
cf,pre,type1,p1,l1,nopc,nob/c,266500,360.0,not_neg,not_int,not_lpsm,278000.0,sb,pr,home,1U,5580.0,CRIF,626,CIB,to_inst,95.86330935,North,direct,34.0,0.05779334530234337
cf,nopre,type3,p1,l1,nopc,nob/c,366500,360.0,not_neg,int_only,not_lpsm,368000.0,sb,pr,home,1U,8400.0,EXP,660,EXP,not_inst,99.5923913,North,direct,53.0,0.04065827652812004
cf,nopre,type1,p3,l1,nopc,nob/c,286500,360.0,not_neg,not_int,lpsm,588000.0,sb,pr,home,1U,2760.0,CRIF,702,CIB,to_inst,48.7244898,south,direct,48.0,0.6666666865348816
cf,nopre,type1,p4,l1,nopc,nob/c,366500,360.0,not_neg,int_only,not_lpsm,408000.0,sb,pr,home,1U,4920.0,EXP,737,EXP,to_inst,89.82843137,central,direct,44.0,0.3415384590625763
cf,nopre,type1,p4,l1,nopc,nob/c,396500,360.0,not_neg,not_int,not_lpsm,538000.0,sb,pr,home,1U,5280.0,CIB,684,EXP,not_inst,73.69888476,North,direct,36.0,0.02772643230855465
cf,nopre,type1,p4,l1,nopc,nob/c,456500,360.0,not_neg,not_int,lpsm,538000.0,sb,pr,home,1U,9480.0,EXP,839,EXP,not_inst,84.85130112,North,direct,27.0,0.19203747808933258
cf,nopre,type1,p3,l1,nopc,nob/c,436500,360.0,not_neg,not_int,not_lpsm,708000.0,sb,pr,home,1U,7200.0,EXP,661,CIB,to_inst,61.65254237,North,direct,39.0,0.06420404464006424
cf,nopre,type1,p3,l1,nopc,nob/c,186500,360.0,not_neg,not_int,not_lpsm,268000.0,sb,ir,home,1U,5400.0,CRIF,584,EXP,to_inst,69.58955224,North,direct,49.0,0.11276596039533615
cf,nopre,type3,p1,l1,nopc,nob/c,186500,360.0,not_neg,not_int,not_lpsm,198000.0,sb,pr,home,1U,3960.0,CIB,583,EXP,to_inst,94.19191919,North,direct,50.0,0.11089865863323212
cf,nopre,type1,p1,l1,nopc,nob/c,316500,360.0,not_neg,not_int,not_lpsm,398000.0,sb,pr,home,1U,4500.0,CIB,693,CIB,not_inst,79.52261307,North,direct,49.0,0.04065827652812004
cf,nopre,type1,p3,l1,nopc,nob/c,156500,360.0,neg_amm,not_int,not_lpsm,208000.0,sb,pr,home,1U,0.0,EXP,639,CIB,to_inst,75.24038462,North,direct,20.0,0.9869565367698669
ncf,nopre,type1,p4,l1,nopc,nob/c,806500,360.0,not_neg,not_int,not_lpsm,1728000.0,sb,pr,home,1U,13980.0,CIB,744,CIB,to_inst,46.6724537,south,direct,43.0,0.5
cf,nopre,type1,p3,l1,nopc,nob/c,656500,360.0,not_neg,not_int,not_lpsm,1158000.0,sb,pr,home,1U,11280.0,EXP,800,EXP,not_inst,56.6925734,central,direct,44.0,0.0363101065158844
cf,pre,type1,p1,l1,nopc,nob/c,106500,360.0,neg_amm,not_int,not_lpsm,148000.0,sb,pr,home,1U,1920.0,CRIF,512,CIB,to_inst,71.95945946,North,direct,37.0,0.06766917556524277
cf,nopre,type1,p2,l1,nopc,nob/c,196500,360.0,not_neg,int_only,not_lpsm,358000.0,sb,pr,home,1U,4740.0,CRIF,515,EXP,to_inst,54.88826816,south,direct,34.0,0.14369073510169983
cf,nopre,type1,p4,l1,nopc,nob/c,386500,360.0,neg_amm,not_int,not_lpsm,578000.0,sb,pr,home,2U,13080.0,CIB,537,EXP,not_inst,66.86851211,south,direct,34.0,0.1839258074760437
cf,pre,type1,p4,l1,nopc,nob/c,406500,360.0,not_neg,not_int,not_lpsm,648000.0,sb,pr,home,1U,9540.0,CRIF,582,EXP,not_inst,62.73148148,south,direct,39.0,0.03435804694890976
cf,nopre,type1,p3,l1,nopc,nob/c,76500,360.0,not_neg,not_int,not_lpsm,188000.0,sb,pr,home,1U,1320.0,CRIF,760,EXP,to_inst,40.69148936,south,direct,44.0,0.14369073510169983
cf,pre,type1,p1,l1,nopc,nob/c,376500,360.0,not_neg,not_int,not_lpsm,568000.0,sb,pr,home,1U,4500.0,CIB,648,EXP,not_inst,66.28521127,North,direct,43.0,0.03455149382352829
ncf,nopre,type2,p4,l1,nopc,b/c,736500,360.0,not_neg,not_int,not_lpsm,848000.0,sb,pr,home,1U,7800.0,EXP,758,CIB,not_inst,86.85141509,North,direct,51.0,0.24460431933403015
cf,pre,type1,p1,l1,nopc,nob/c,276500,360.0,not_neg,not_int,not_lpsm,398000.0,sb,ir,home,1U,9720.0,EXP,747,EXP,not_inst,69.47236181,south,direct,37.0,0.04065827652812004
cf,nopre,type1,p4,l1,nopc,nob/c,226500,360.0,not_neg,int_only,not_lpsm,238000.0,sb,pr,home,1U,4020.0,CIB,829,CIB,to_inst,95.16806723,North,direct,25.0,0.4184100329875946
cf,nopre,type1,p4,l1,nopc,nob/c,526500,360.0,not_neg,not_int,not_lpsm,888000.0,sb,pr,home,1U,6420.0,CRIF,539,CIB,not_inst,59.29054054,south,direct,45.0,0.04065827652812004
ncf,nopre,type1,p4,l1,nopc,nob/c,906500,360.0,not_neg,not_int,not_lpsm,1158000.0,sb,pr,home,1U,13920.0,EXP,896,EXP,to_inst,78.28151986,North,direct,37.0,0.27710843086242676
cf,nopre,type1,p4,l1,nopc,nob/c,346500,360.0,not_neg,not_int,not_lpsm,578000.0,sb,pr,home,1U,4260.0,EXP,834,CIB,not_inst,59.94809689,North,direct,47.0,0.04065827652812004
cf,pre,type1,p1,l1,nopc,nob/c,306500,360.0,not_neg,not_int,not_lpsm,318000.0,sb,pr,home,1U,9240.0,CRIF,632,CIB,to_inst,96.3836478,North,direct,43.0,0.05779334530234337
cf,nopre,type2,p3,l1,nopc,b/c,86500,180.0,not_neg,not_int,not_lpsm,88000.0,sb,pr,home,1U,4500.0,CIB,792,CIB,to_inst,98.29545455,central,direct,25.0,0.7596899271011353
cf,nopre,type1,p4,l1,nopc,nob/c,206500,324.0,not_neg,not_int,not_lpsm,298000.0,sb,pr,home,1U,4440.0,EXP,509,CIB,to_inst,69.29530201,south,direct,36.0,0.06420404464006424
cf,nopre,type1,p4,l1,nopc,nob/c,546500,360.0,not_neg,not_int,not_lpsm,728000.0,sb,pr,home,1U,6660.0,CRIF,866,EXP,not_inst,75.06868132,south,direct,41.0,0.03455149382352829
ncf,nopre,type1,p3,l2,opc,nob/c,506500,360.0,neg_amm,int_only,not_lpsm,1608000.0,sb,pr,home,1U,11460.0,CIB,757,EXP,to_inst,31.49875622,North,direct,47.0,0.4184100329875946
cf,nopre,type1,p3,l1,nopc,nob/c,176500,180.0,not_neg,not_int,not_lpsm,308000.0,sb,pr,home,1U,3360.0,CRIF,770,CIB,to_inst,57.30519481,North,direct,44.0,0.0861159935593605
cf,nopre,type1,p3,l1,nopc,nob/c,486500,360.0,not_neg,not_int,not_lpsm,708000.0,sb,pr,home,1U,9420.0,CIB,656,CIB,to_inst,68.71468927,south,direct,46.0,0.11089865863323212
cf,nopre,type2,p2,l1,nopc,b/c,36500,360.0,not_neg,not_int,not_lpsm,68000.0,sb,pr,home,1U,1260.0,CRIF,742,CIB,to_inst,53.67647059,south,direct,31.0,0.3415384590625763
cf,nopre,type1,p1,l1,nopc,nob/c,356500,360.0,not_neg,not_int,not_lpsm,478000.0,sb,pr,home,1U,9300.0,CRIF,676,CIB,not_inst,74.58158996,south,direct,22.0,0.02772643230855465
cf,nopre,type1,p4,l1,nopc,nob/c,356500,240.0,not_neg,not_int,not_lpsm,648000.0,sb,pr,home,1U,4860.0,CIB,900,CIB,not_inst,55.0154321,North,direct,46.0,0.03455149382352829
cf,nopre,type1,p1,l1,nopc,nob/c,426500,360.0,not_neg,not_int,not_lpsm,458000.0,sb,pr,home,1U,9420.0,CRIF,792,CIB,not_inst,93.12227074,North,direct,31.0,0.03455149382352829
cf,nopre,type3,p3,l1,nopc,nob/c,266500,360.0,not_neg,not_int,not_lpsm,308000.0,sb,pr,home,1U,2220.0,CIB,851,CIB,to_inst,86.52597403,North,direct,44.0,0.14369073510169983
cf,nopre,type1,p4,l1,nopc,nob/c,336500,360.0,not_neg,not_int,not_lpsm,788000.0,sb,pr,home,1U,4740.0,EXP,635,CIB,not_inst,42.70304569,North,direct,38.0,0.03455149382352829
cf,nopre,type1,p4,l2,nopc,nob/c,446500,300.0,neg_amm,not_int,not_lpsm,538000.0,sb,pr,home,2U,8460.0,CRIF,794,CIB,not_inst,82.99256506,North,direct,42.0,0.9869565367698669
cf,nopre,type1,p3,l1,nopc,nob/c,366500,360.0,not_neg,not_int,not_lpsm,608000.0,sb,pr,home,1U,14160.0,CIB,582,EXP,to_inst,60.27960526,south,direct,19.0,0.05779334530234337
cf,nopre,type1,p4,l1,nopc,nob/c,596500,360.0,neg_amm,int_only,not_lpsm,808000.0,sb,pr,home,1U,8460.0,CIB,689,CIB,not_inst,73.82425743,south,direct,34.0,0.02139037474989891
cf,nopre,type1,p4,l1,nopc,nob/c,356500,360.0,not_neg,not_int,not_lpsm,448000.0,sb,pr,home,1U,4800.0,CRIF,703,CIB,not_inst,79.57589286,North,direct,42.0,0.03455149382352829
cf,nopre,type1,p3,l1,nopc,nob/c,486500,360.0,not_neg,not_int,not_lpsm,808000.0,sb,pr,home,1U,9420.0,EXP,750,CIB,not_inst,60.21039604,North,direct,42.0,0.03455149382352829
cf,nopre,type2,p3,l1,nopc,b/c,486500,360.0,neg_amm,not_int,not_lpsm,568000.0,sb,pr,home,1U,7260.0,CRIF,576,CIB,to_inst,85.65140845,North,direct,20.0,0.6666666865348816
cf,nopre,type1,p4,l1,nopc,nob/c,246500,240.0,neg_amm,not_int,not_lpsm,278000.0,sb,pr,home,1U,12300.0,CIB,501,CIB,to_inst,88.66906475,North,direct,36.0,0.1839258074760437
cf,nopre,type1,p1,l1,nopc,nob/c,76500,360.0,not_neg,not_int,not_lpsm,78000.0,sb,pr,home,1U,1380.0,CRIF,821,CIB,not_inst,98.07692308,central,direct,39.0,0.3415384590625763
ncf,nopre,type1,p1,l1,nopc,nob/c,156500,324.0,neg_amm,not_int,not_lpsm,248000.0,sb,pr,home,1U,5280.0,CIB,866,EXP,to_inst,63.10483871,North,direct,31.0,0.17307692766189575
cf,nopre,type1,p3,l1,nopc,nob/c,246500,360.0,neg_amm,not_int,not_lpsm,418000.0,sb,pr,home,1U,5040.0,CIB,873,EXP,to_inst,58.97129187,North,direct,44.0,0.11276596039533615
cf,nopre,type2,p3,l1,nopc,b/c,66500,300.0,not_neg,not_int,not_lpsm,88000.0,sb,pr,home,1U,3120.0,EXP,679,CIB,to_inst,75.56818182,North,direct,22.0,0.14369073510169983
cf,nopre,type1,p3,l1,nopc,nob/c,186500,180.0,not_neg,not_int,not_lpsm,258000.0,sb,pr,home,1U,5760.0,CIB,535,EXP,to_inst,72.28682171,south,direct,20.0,0.06420404464006424
cf,nopre,type1,p4,l1,nopc,nob/c,376500,180.0,not_neg,not_int,not_lpsm,568000.0,sb,pr,home,1U,8280.0,EXP,638,EXP,to_inst,66.28521127,south,direct,35.0,0.0363101065158844
cf,nopre,type1,p3,l1,nopc,nob/c,256500,240.0,not_neg,not_int,not_lpsm,348000.0,sb,pr,home,1U,5160.0,EXP,647,EXP,to_inst,73.70689655,North,direct,36.0,0.0363101065158844
cf,nopre,type1,p1,l1,nopc,nob/c,246500,360.0,not_neg,not_int,not_lpsm,258000.0,sb,pr,home,1U,4440.0,CIB,660,CIB,not_inst,95.54263566,North,direct,45.0,0.055727552622556686
ncf,nopre,type3,p1,l1,nopc,nob/c,286500,360.0,not_neg,not_int,not_lpsm,278000.0,sb,pr,home,1U,3840.0,CIB,560,CIB,to_inst,103.057554,south,direct,43.0,0.14369073510169983
cf,nopre,type1,p4,l1,nopc,nob/c,386500,360.0,not_neg,not_int,not_lpsm,468000.0,sb,pr,home,1U,6240.0,EXP,573,CIB,to_inst,82.58547009,south,direct,49.0,0.1839258074760437
cf,nopre,type3,p3,l1,nopc,nob/c,186500,360.0,not_neg,not_int,not_lpsm,228000.0,sb,pr,home,1U,2040.0,CIB,878,CIB,to_inst,81.79824561,North,direct,61.0,0.11089865863323212
cf,nopre,type1,p3,l1,nopc,nob/c,116500,360.0,not_neg,not_int,not_lpsm,258000.0,sb,pr,home,1U,4860.0,CRIF,538,EXP,to_inst,45.15503876,North,direct,37.0,0.05779334530234337
cf,nopre,type2,p2,l1,nopc,b/c,306500,360.0,not_neg,not_int,not_lpsm,428000.0,sb,pr,home,1U,3780.0,CRIF,863,EXP,to_inst,71.61214953,south,direct,55.0,0.3913043439388275
cf,nopre,type1,p3,l1,nopc,nob/c,416500,360.0,not_neg,not_int,not_lpsm,518000.0,sb,pr,home,1U,7500.0,CIB,786,EXP,to_inst,80.40540541,south,direct,36.0,0.0861159935593605
cf,nopre,type1,p4,l1,nopc,nob/c,696500,360.0,not_neg,not_int,not_lpsm,768000.0,sb,pr,home,1U,8820.0,EXP,563,EXP,not_inst,90.69010417,south,direct,39.0,0.04065827652812004
cf,nopre,type1,p4,l1,nopc,nob/c,406500,360.0,not_neg,not_int,not_lpsm,448000.0,sb,pr,home,1U,5640.0,CRIF,807,CIB,not_inst,90.73660714,south,direct,42.0,0.059588298201560974
cf,pre,type2,p3,l1,nopc,b/c,576500,360.0,not_neg,not_int,not_lpsm,678000.0,sb,pr,home,1U,7320.0,CIB,788,CIB,to_inst,85.02949853,central,direct,57.0,0.4184100329875946
cf,nopre,type1,p3,l1,nopc,nob/c,366500,180.0,neg_amm,not_int,not_lpsm,458000.0,sb,pr,home,1U,6600.0,CIB,716,CIB,to_inst,80.02183406,south,direct,41.0,0.3415384590625763
cf,nopre,type1,p4,l1,nopc,nob/c,696500,360.0,not_neg,not_int,not_lpsm,1088000.0,sb,pr,home,1U,8880.0,CIB,696,CIB,not_inst,64.01654412,south,direct,48.0,0.05779334530234337
cf,nopre,type1,p4,l1,nopc,nob/c,126500,360.0,not_neg,int_only,not_lpsm,138000.0,sb,pr,home,1U,3960.0,CIB,886,EXP,to_inst,91.66666667,central,direct,37.0,0.3415384590625763
cf,pre,type1,p4,l1,nopc,nob/c,176500,240.0,not_neg,not_int,not_lpsm,408000.0,sb,pr,home,1U,4080.0,EXP,545,CIB,to_inst,43.25980392,North-East,direct,27.0,0.11089865863323212
cf,nopre,type1,p3,l1,nopc,nob/c,536500,360.0,not_neg,int_only,not_lpsm,728000.0,sb,pr,home,1U,6960.0,CIB,715,EXP,to_inst,73.69505495,south,direct,40.0,0.10782501846551895
cf,nopre,type2,p1,l1,nopc,b/c,116500,360.0,not_neg,not_int,not_lpsm,118000.0,sb,pr,home,1U,3060.0,CIB,677,CIB,to_inst,98.72881356,North,direct,36.0,0.19203747808933258
cf,nopre,type1,p4,l1,nopc,nob/c,456500,240.0,not_neg,not_int,lpsm,1218000.0,sb,pr,home,1U,2340.0,CIB,768,CIB,to_inst,37.47947455,North,direct,19.0,0.9899497628211975
cf,nopre,type2,p4,l1,nopc,b/c,96500,360.0,not_neg,not_int,not_lpsm,258000.0,sb,pr,home,1U,1920.0,EXP,603,CIB,to_inst,37.40310078,North,direct,29.0,0.4184100329875946
,nopre,type1,p1,l1,nopc,nob/c,226500,360.0,not_neg,not_int,not_lpsm,278000.0,sb,pr,home,1U,5100.0,CRIF,806,CIB,not_inst,81.47482014,south,direct,49.0,0.05779334530234337
cf,nopre,type1,p3,l1,nopc,nob/c,476500,360.0,not_neg,not_int,not_lpsm,648000.0,sb,pr,home,1U,7140.0,EXP,532,EXP,to_inst,73.53395062,south,direct,35.0,0.06420404464006424
cf,nopre,type1,p3,l1,nopc,nob/c,126500,300.0,not_neg,not_int,not_lpsm,228000.0,sb,pr,home,1U,2520.0,CRIF,521,CIB,to_inst,55.48245614,North,direct,31.0,0.0861159935593605
cf,nopre,type1,p4,l1,nopc,nob/c,396500,360.0,not_neg,not_int,not_lpsm,658000.0,sb,pr,home,1U,7920.0,EXP,729,EXP,not_inst,60.25835866,North,direct,36.0,0.02139037474989891
cf,nopre,type1,p1,l1,nopc,nob/c,216500,360.0,not_neg,not_int,not_lpsm,278000.0,sb,pr,home,1U,6960.0,EXP,669,CIB,to_inst,77.87769784,North,direct,26.0,0.0861159935593605
cf,pre,type1,p4,l1,nopc,nob/c,626500,360.0,not_neg,not_int,not_lpsm,668000.0,sb,pr,home,1U,10080.0,EXP,681,EXP,not_inst,93.78742515,south,direct,32.0,0.04065827652812004
cf,nopre,type1,p3,l1,nopc,nob/c,566500,360.0,not_neg,not_int,not_lpsm,1558000.0,sb,pr,home,1U,7920.0,CRIF,754,CIB,not_inst,36.36071887,south,direct,42.0,0.0363101065158844
cf,nopre,type1,p1,l1,nopc,nob/c,196500,360.0,not_neg,not_int,not_lpsm,258000.0,sb,pr,home,1U,1860.0,CIB,832,CIB,to_inst,76.1627907,south,direct,41.0,0.19203747808933258
cf,nopre,type1,p3,l1,nopc,nob/c,206500,360.0,neg_amm,not_int,not_lpsm,258000.0,sb,pr,home,1U,5520.0,EXP,674,CIB,to_inst,80.03875969,south,direct,31.0,0.24460431933403015
ncf,nopre,type3,p1,l1,nopc,nob/c,1466500,360.0,not_neg,not_int,not_lpsm,1708000.0,sb,pr,home,1U,13080.0,CIB,537,EXP,not_inst,85.86065574,North,direct,58.0,0.19203747808933258
cf,nopre,type1,p3,l1,nopc,nob/c,226500,360.0,not_neg,not_int,not_lpsm,348000.0,sb,pr,home,1U,3360.0,CIB,765,CIB,to_inst,65.0862069,south,direct,40.0,0.0861159935593605
cf,nopre,type1,p1,l1,nopc,nob/c,416500,360.0,not_neg,not_int,not_lpsm,518000.0,sb,pr,home,1U,9360.0,EXP,759,EXP,not_inst,80.40540541,North,direct,37.0,0.02772643230855465
,nopre,type3,p1,l1,nopc,nob/c,146500,360.0,not_neg,not_int,not_lpsm,148000.0,sb,pr,home,1U,3420.0,EXP,777,CIB,to_inst,98.98648649,south,direct,43.0,0.14369073510169983
cf,nopre,type1,p1,l1,nopc,nob/c,286500,360.0,not_neg,not_int,not_lpsm,298000.0,sb,pr,home,1U,6540.0,CRIF,777,CIB,to_inst,96.1409396,North,direct,37.0,0.14369073510169983
cf,nopre,type1,p3,l1,nopc,nob/c,486500,360.0,not_neg,int_only,not_lpsm,698000.0,sb,ir,home,1U,11160.0,CRIF,842,CIB,to_inst,69.6991404,south,direct,42.0,0.24460431933403015
cf,nopre,type2,p3,l1,nopc,b/c,86500,240.0,not_neg,not_int,not_lpsm,118000.0,sb,pr,home,1U,1140.0,CIB,762,CIB,to_inst,73.30508475,south,direct,55.0,0.3415384590625763
cf,nopre,type1,p3,l1,nopc,nob/c,266500,360.0,not_neg,not_int,not_lpsm,478000.0,sb,pr,home,1U,10740.0,EXP,573,EXP,not_inst,55.75313808,south,direct,10.0,0.0363101065158844
cf,nopre,type1,p4,l1,nopc,nob/c,436500,360.0,not_neg,not_int,not_lpsm,558000.0,sb,pr,home,1U,11340.0,EXP,799,EXP,not_inst,78.22580645,North,direct,44.0,0.03455149382352829
cf,nopre,type1,p4,l1,nopc,nob/c,196500,240.0,not_neg,not_int,not_lpsm,328000.0,sb,pr,home,1U,6540.0,CRIF,791,EXP,to_inst,59.90853659,south,direct,22.0,0.03455149382352829
cf,nopre,type1,p4,l1,nopc,nob/c,246500,360.0,not_neg,not_int,not_lpsm,378000.0,sb,ir,home,1U,7980.0,CRIF,647,EXP,not_inst,65.21164021,North,direct,44.0,0.04065827652812004
,nopre,type3,p3,l1,nopc,nob/c,236500,360.0,not_neg,not_int,not_lpsm,258000.0,sb,pr,home,1U,3120.0,CRIF,502,CIB,to_inst,91.66666667,south,direct,56.0,0.17307692766189575
cf,pre,type3,p3,l1,nopc,nob/c,186500,360.0,not_neg,not_int,not_lpsm,278000.0,sb,pr,home,1U,2220.0,CIB,795,EXP,to_inst,67.08633094,North,direct,49.0,0.11276596039533615
cf,pre,type1,p1,l1,nopc,nob/c,376500,360.0,not_neg,not_int,not_lpsm,398000.0,sb,pr,home,1U,6240.0,CRIF,866,EXP,to_inst,94.59798995,North,direct,42.0,0.04065827652812004
cf,nopre,type1,p3,l1,nopc,nob/c,136500,360.0,neg_amm,not_int,not_lpsm,218000.0,sb,sr,home,1U,3300.0,CRIF,802,CIB,to_inst,62.6146789,south,direct,58.0,0.8414633870124817
cf,pre,type1,p1,l1,nopc,nob/c,356500,360.0,not_neg,not_int,not_lpsm,398000.0,sb,sr,home,1U,11760.0,CRIF,877,CIB,to_inst,89.57286432,central,direct,49.0,0.06420404464006424
cf,nopre,type2,p1,l1,nopc,b/c,206500,360.0,not_neg,not_int,not_lpsm,218000.0,sb,pr,home,1U,3240.0,EXP,554,CIB,to_inst,94.72477064,North,direct,51.0,0.1839258074760437
ncf,nopre,type1,p4,l1,nopc,nob/c,486500,180.0,neg_amm,not_int,not_lpsm,588000.0,sb,pr,home,1U,17700.0,CRIF,823,EXP,not_inst,82.73809524,North,direct,30.0,0.24460431933403015
cf,nopre,type1,p4,l2,nopc,nob/c,126500,120.0,not_neg,not_int,not_lpsm,268000.0,sb,ir,home,1U,5760.0,CIB,536,CIB,to_inst,47.20149254,south,direct,48.0,0.14369073510169983
cf,nopre,type1,p4,l1,nopc,nob/c,266500,360.0,not_neg,not_int,not_lpsm,328000.0,sb,pr,home,1U,3840.0,EXP,827,CIB,not_inst,81.25,south,direct,34.0,0.06766917556524277
cf,nopre,type1,p3,l1,nopc,nob/c,156500,240.0,not_neg,not_int,not_lpsm,428000.0,sb,ir,home,1U,24900.0,CRIF,592,CIB,to_inst,36.56542056,North,direct,25.0,0.0861159935593605
cf,nopre,type1,p4,l1,nopc,nob/c,426500,360.0,not_neg,not_int,not_lpsm,508000.0,sb,pr,home,1U,6960.0,EXP,545,CIB,to_inst,83.95669291,south,direct,37.0,0.14369073510169983
cf,pre,type1,p4,l1,nopc,nob/c,296500,360.0,not_neg,not_int,not_lpsm,648000.0,sb,pr,home,1U,7740.0,CRIF,859,EXP,to_inst,45.75617284,North,direct,37.0,0.055727552622556686
cf,nopre,type1,p3,l1,nopc,nob/c,386500,360.0,not_neg,not_int,not_lpsm,808000.0,sb,pr,home,1U,6180.0,CIB,584,EXP,to_inst,47.83415842,central,direct,36.0,0.06766917556524277
cf,nopre,type1,p4,l2,nopc,nob/c,476500,360.0,not_neg,not_int,not_lpsm,1408000.0,sb,pr,home,1U,9600.0,CIB,804,CIB,to_inst,33.84232955,North,direct,44.0,0.10782501846551895
cf,nopre,type1,p4,l1,nopc,nob/c,126500,360.0,not_neg,not_int,not_lpsm,218000.0,sb,pr,home,1U,3840.0,CRIF,769,CIB,to_inst,58.02752294,North,direct,24.0,0.10782501846551895
cf,nopre,type1,p4,l1,nopc,nob/c,646500,360.0,not_neg,not_int,not_lpsm,868000.0,sb,pr,home,1U,17280.0,CRIF,685,CIB,not_inst,74.48156682,south,direct,6.0,0.06420404464006424
cf,nopre,type1,p3,l1,nopc,nob/c,636500,360.0,not_neg,not_int,not_lpsm,978000.0,sb,pr,home,1U,12000.0,CIB,829,CIB,to_inst,65.08179959,North,direct,35.0,0.10144927352666855
cf,nopre,type1,p1,l1,nopc,nob/c,146500,360.0,not_neg,not_int,not_lpsm,168000.0,sb,pr,home,1U,2100.0,CRIF,610,CIB,to_inst,87.20238095,south,direct,54.0,0.6666666865348816
cf,nopre,type1,p4,l1,nopc,nob/c,406500,360.0,not_neg,not_int,not_lpsm,568000.0,sb,pr,home,1U,4320.0,EXP,810,CIB,not_inst,71.56690141,North,direct,46.0,0.05779334530234337
cf,nopre,type1,p1,l1,nopc,nob/c,346500,360.0,not_neg,not_int,lpsm,558000.0,sb,pr,home,1U,5160.0,EXP,753,EXP,to_inst,62.09677419,North,direct,47.0,0.4184100329875946
cf,pre,type1,p3,l1,nopc,nob/c,256500,360.0,not_neg,not_int,not_lpsm,458000.0,sb,pr,home,1U,720.0,CRIF,637,CIB,to_inst,56.00436681,south,direct,16.0,0.9899497628211975
ncf,,type1,p4,l1,nopc,nob/c,526500,360.0,not_neg,not_int,not_lpsm,678000.0,sb,pr,home,1U,11160.0,CRIF,512,EXP,to_inst,77.65486726,south,direct,41.0,0.1839258074760437
cf,pre,type1,p1,l1,nopc,nob/c,286500,360.0,not_neg,not_int,not_lpsm,358000.0,sb,pr,home,1U,37260.0,EXP,626,EXP,to_inst,80.02793296,south,direct,29.0,0.05779334530234337
cf,nopre,type1,p3,l1,nopc,nob/c,386500,300.0,not_neg,not_int,not_lpsm,528000.0,sb,pr,home,1U,7140.0,EXP,707,CIB,not_inst,73.20075758,North,direct,22.0,0.03435804694890976
cf,nopre,type2,p3,l1,nopc,b/c,66500,360.0,not_neg,not_int,not_lpsm,78000.0,sb,pr,home,1U,1800.0,EXP,828,EXP,to_inst,85.25641026,south,direct,34.0,0.4184100329875946
cf,nopre,type1,p3,l1,nopc,nob/c,146500,360.0,not_neg,not_int,not_lpsm,188000.0,sb,pr,home,1U,5340.0,CRIF,728,EXP,to_inst,77.92553191,south,direct,30.0,0.06766917556524277
cf,nopre,type1,p4,l1,nopc,nob/c,606500,360.0,neg_amm,not_int,not_lpsm,958000.0,sb,pr,home,1U,19500.0,EXP,779,EXP,not_inst,63.30897704,south,direct,26.0,0.06420404464006424
cf,nopre,type1,p3,l1,nopc,nob/c,486500,360.0,not_neg,not_int,not_lpsm,808000.0,sb,pr,home,1U,6660.0,CIB,513,CIB,not_inst,60.21039604,south,direct,48.0,0.059588298201560974
cf,nopre,type2,p3,l1,nopc,b/c,146500,360.0,not_neg,not_int,not_lpsm,168000.0,sb,pr,home,1U,2700.0,CRIF,607,CIB,to_inst,87.20238095,south,direct,53.0,0.24460431933403015
cf,pre,type1,p3,l2,opc,nob/c,126500,360.0,not_neg,int_only,not_lpsm,778000.0,sb,pr,home,1U,9420.0,CRIF,564,EXP,to_inst,16.2596401,North,direct,41.0,0.02139037474989891
cf,pre,type1,p4,l1,nopc,nob/c,176500,360.0,not_neg,not_int,not_lpsm,208000.0,sb,pr,home,1U,2820.0,CIB,531,CIB,to_inst,84.85576923,south,direct,50.0,0.8414633870124817
cf,nopre,type1,p1,l1,nopc,nob/c,306500,360.0,not_neg,not_int,not_lpsm,318000.0,sb,pr,home,1U,3420.0,EXP,580,CIB,not_inst,96.3836478,North,direct,41.0,0.0861159935593605
cf,nopre,type1,p4,l1,nopc,nob/c,246500,180.0,not_neg,not_int,not_lpsm,548000.0,sb,ir,home,1U,11460.0,EXP,632,EXP,to_inst,44.98175182,south,direct,40.0,0.11089865863323212
cf,nopre,type2,p2,l1,nopc,b/c,66500,360.0,not_neg,not_int,not_lpsm,738000.0,sb,pr,home,1U,3120.0,CRIF,829,EXP,to_inst,9.010840108,south,direct,14.0,0.6186440587043762
ncf,nopre,type1,p3,l1,nopc,nob/c,106500,360.0,not_neg,not_int,not_lpsm,248000.0,sb,pr,home,1U,2220.0,CRIF,588,EXP,to_inst,42.94354839,south,direct,31.0,0.11089865863323212
cf,nopre,type1,p3,l1,nopc,nob/c,136500,360.0,not_neg,int_only,not_lpsm,148000.0,sb,pr,home,1U,3480.0,EXP,805,EXP,to_inst,92.22972973,North,direct,28.0,0.6186440587043762
cf,nopre,type1,p3,l1,nopc,nob/c,256500,360.0,not_neg,not_int,not_lpsm,328000.0,sb,pr,home,1U,4620.0,CIB,631,CIB,to_inst,78.20121951,south,direct,48.0,0.14369073510169983
cf,nopre,type2,p4,l1,nopc,b/c,476500,360.0,not_neg,not_int,not_lpsm,548000.0,sb,pr,home,1U,6960.0,CRIF,536,CIB,not_inst,86.95255474,North,direct,46.0,0.0861159935593605
cf,nopre,type1,p4,l2,nopc,nob/c,106500,180.0,not_neg,not_int,not_lpsm,208000.0,sb,pr,home,1U,5340.0,CIB,616,EXP,to_inst,51.20192308,North,direct,16.0,0.0861159935593605
cf,nopre,type1,p4,l1,nopc,nob/c,386500,360.0,not_neg,int_only,not_lpsm,458000.0,sb,pr,home,1U,5100.0,CRIF,841,EXP,not_inst,84.38864629,North,direct,45.0,0.06766917556524277
cf,nopre,type1,p1,l1,nopc,nob/c,146500,360.0,not_neg,not_int,not_lpsm,178000.0,sb,pr,home,1U,1560.0,EXP,827,CIB,to_inst,82.30337079,North,direct,48.0,0.24460431933403015
cf,nopre,type1,p1,l1,nopc,nob/c,646500,360.0,not_neg,not_int,not_lpsm,688000.0,sb,pr,home,1U,10800.0,CRIF,759,EXP,not_inst,93.96802326,North,direct,31.0,0.03455149382352829
cf,nopre,type1,p3,l1,nopc,nob/c,416500,360.0,not_neg,not_int,not_lpsm,558000.0,sb,pr,home,1U,10560.0,CRIF,660,EXP,not_inst,74.64157706,central,direct,44.0,0.0363101065158844
cf,nopre,type1,p1,l1,nopc,nob/c,296500,360.0,not_neg,not_int,not_lpsm,308000.0,sb,pr,home,1U,3420.0,EXP,668,CIB,to_inst,96.26623377,North,direct,45.0,0.19203747808933258
cf,nopre,type1,p3,l1,nopc,nob/c,526500,360.0,not_neg,not_int,not_lpsm,658000.0,sb,pr,home,1U,6540.0,CRIF,721,CIB,to_inst,80.01519757,North,direct,52.0,0.8414633870124817
cf,nopre,type1,p3,l1,nopc,nob/c,286500,360.0,not_neg,not_int,not_lpsm,448000.0,sb,pr,home,1U,4080.0,CIB,501,CIB,to_inst,63.95089286,North,direct,39.0,0.059588298201560974
cf,nopre,type1,p4,l1,nopc,nob/c,676500,360.0,not_neg,not_int,not_lpsm,908000.0,sb,ir,home,1U,13980.0,CIB,683,EXP,not_inst,74.50440529,south,direct,52.0,0.8414633870124817
cf,nopre,type1,p3,l1,nopc,nob/c,236500,360.0,not_neg,not_int,not_lpsm,298000.0,sb,pr,home,1U,5040.0,CIB,819,CIB,to_inst,79.36241611,North,direct,36.0,0.0861159935593605
cf,nopre,type3,p3,l1,nopc,nob/c,496500,360.0,not_neg,not_int,not_lpsm,538000.0,sb,pr,home,1U,15780.0,CIB,671,EXP,to_inst,92.28624535,south,direct,32.0,0.11089865863323212
cf,nopre,type1,p3,l1,nopc,nob/c,116500,240.0,neg_amm,not_int,not_lpsm,88000.0,sb,pr,home,1U,2880.0,EXP,622,CIB,to_inst,132.3863636,south,direct,36.0,0.9899497628211975
cf,nopre,type3,p3,l1,nopc,nob/c,196500,360.0,neg_amm,not_int,not_lpsm,218000.0,sb,pr,home,1U,3780.0,CIB,755,EXP,to_inst,90.13761468,south,direct,39.0,0.24460431933403015
cf,nopre,type1,p4,l1,nopc,nob/c,86500,360.0,not_neg,not_int,lpsm,158000.0,sb,pr,home,1U,1860.0,CRIF,605,CIB,to_inst,54.74683544,North,direct,44.0,0.6978417038917542
cf,nopre,type1,p1,l1,nopc,nob/c,116500,360.0,not_neg,not_int,not_lpsm,128000.0,sb,pr,home,1U,2580.0,CRIF,882,CIB,not_inst,91.015625,North,direct,13.0,0.4883720874786377
,nopre,type1,p4,l1,nopc,nob/c,446500,360.0,not_neg,not_int,not_lpsm,608000.0,sb,pr,home,1U,15720.0,EXP,501,EXP,not_inst,73.4375,south,direct,13.0,0.03435804694890976
cf,nopre,type1,p3,l1,nopc,nob/c,726500,360.0,not_neg,not_int,not_lpsm,1438000.0,sb,pr,home,1U,11100.0,CRIF,536,EXP,not_inst,50.52155772,south,direct,30.0,0.03435804694890976
cf,nopre,type1,p4,l1,nopc,nob/c,576500,360.0,not_neg,not_int,not_lpsm,998000.0,sb,pr,home,1U,6240.0,CIB,690,EXP,not_inst,57.76553106,North,direct,49.0,0.055727552622556686
cf,nopre,type1,p3,l1,nopc,nob/c,166500,360.0,not_neg,not_int,not_lpsm,208000.0,sb,pr,home,1U,2520.0,EXP,738,CIB,not_inst,80.04807692,North,direct,40.0,0.10782501846551895
cf,nopre,type2,p3,l1,nopc,b/c,416500,360.0,not_neg,not_int,not_lpsm,508000.0,sb,pr,home,1U,7740.0,EXP,776,EXP,to_inst,81.98818898,south,direct,60.0,0.19203747808933258
cf,nopre,type1,p4,l1,nopc,nob/c,306500,360.0,not_neg,not_int,not_lpsm,328000.0,sb,pr,home,1U,7380.0,CIB,527,CIB,not_inst,93.44512195,North,direct,41.0,0.0363101065158844
cf,nopre,type2,p3,l1,nopc,b/c,536500,360.0,not_neg,not_int,not_lpsm,628000.0,sb,pr,home,1U,7560.0,CIB,687,EXP,to_inst,85.42993631,North,direct,41.0,0.1839258074760437
ncf,pre,type1,p4,l1,nopc,nob/c,556500,360.0,not_neg,not_int,not_lpsm,748000.0,sb,ir,home,1U,10860.0,CIB,658,CIB,not_inst,74.39839572,south,direct,46.0,0.11276596039533615
cf,pre,type2,p3,l1,nopc,b/c,86500,360.0,not_neg,not_int,not_lpsm,108000.0,sb,pr,home,1U,900.0,CIB,638,CIB,to_inst,80.09259259,south,direct,46.0,0.4184100329875946
cf,nopre,type1,p1,l1,nopc,nob/c,336500,360.0,not_neg,not_int,not_lpsm,358000.0,sb,pr,home,1U,4440.0,EXP,696,CIB,not_inst,93.99441341,North,direct,45.0,0.04065827652812004
cf,nopre,type1,p3,l1,nopc,nob/c,186500,300.0,not_neg,not_int,not_lpsm,258000.0,sb,pr,home,1U,4860.0,CRIF,631,EXP,to_inst,72.28682171,south,direct,43.0,0.059588298201560974
cf,nopre,type1,p4,l1,nopc,nob/c,466500,360.0,not_neg,int_only,not_lpsm,668000.0,sb,pr,home,1U,8100.0,CIB,593,CIB,not_inst,69.83532934,south,direct,33.0,0.03435804694890976
cf,pre,type1,p3,l1,nopc,nob/c,306500,360.0,not_neg,not_int,not_lpsm,528000.0,sb,sr,home,1U,5220.0,CRIF,624,EXP,to_inst,58.04924242,North,direct,49.0,0.11089865863323212
ncf,nopre,type2,p1,l1,nopc,b/c,416500,360.0,not_neg,not_int,not_lpsm,428000.0,sb,pr,home,1U,3240.0,CRIF,768,EXP,to_inst,97.31308411,south,direct,55.0,0.4184100329875946
cf,nopre,type1,p3,l1,nopc,nob/c,96500,360.0,not_neg,not_int,not_lpsm,408000.0,sb,pr,home,1U,1800.0,CIB,587,CIB,to_inst,23.65196078,south,direct,22.0,0.3415384590625763
cf,nopre,type3,p3,l1,nopc,nob/c,286500,360.0,not_neg,not_int,not_lpsm,408000.0,sb,pr,home,1U,3180.0,CIB,878,EXP,to_inst,70.22058824,North,direct,50.0,0.14369073510169983
cf,nopre,type1,p4,l1,nopc,nob/c,156500,360.0,not_neg,not_int,not_lpsm,268000.0,sb,pr,home,1U,4500.0,CRIF,505,CIB,to_inst,58.39552239,south,direct,44.0,0.10782501846551895
cf,nopre,type1,p3,l1,nopc,nob/c,476500,360.0,not_neg,not_int,not_lpsm,628000.0,sb,pr,home,1U,8040.0,CRIF,571,EXP,to_inst,75.87579618,south,direct,36.0,0.0861159935593605
ncf,nopre,type1,p4,l1,nopc,nob/c,616500,360.0,not_neg,not_int,not_lpsm,928000.0,sb,pr,home,1U,7860.0,CRIF,653,EXP,not_inst,66.43318966,North,direct,41.0,0.0861159935593605
cf,nopre,type1,p3,l1,nopc,nob/c,166500,324.0,not_neg,not_int,not_lpsm,208000.0,sb,pr,home,1U,2940.0,CIB,744,CIB,to_inst,80.04807692,south,direct,41.0,0.11089865863323212
cf,nopre,type1,p4,l1,nopc,nob/c,676500,360.0,not_neg,not_int,not_lpsm,1668000.0,sb,pr,home,1U,14160.0,CIB,696,EXP,not_inst,40.55755396,south,direct,36.0,0.03435804694890976
cf,pre,type1,p3,l1,nopc,nob/c,226500,360.0,not_neg,not_int,not_lpsm,1168000.0,sb,pr,home,1U,3360.0,CIB,810,CIB,not_inst,19.39212329,North,direct,37.0,0.03455149382352829
cf,nopre,type1,p4,l1,nopc,nob/c,56500,360.0,not_neg,not_int,not_lpsm,208000.0,sb,pr,home,1U,3180.0,EXP,687,CIB,to_inst,27.16346154,south,direct,23.0,0.14369073510169983
cf,nopre,type1,p4,l2,nopc,nob/c,416500,360.0,not_neg,not_int,not_lpsm,478000.0,sb,pr,home,1U,8100.0,EXP,867,EXP,not_inst,87.13389121,central,direct,34.0,0.06420404464006424
cf,pre,type1,p4,l1,nopc,nob/c,376500,360.0,not_neg,not_int,not_lpsm,528000.0,sb,pr,home,1U,12900.0,CIB,813,EXP,to_inst,71.30681818,south,direct,40.0,0.059588298201560974
ncf,nopre,type1,p4,l1,nopc,nob/c,316500,360.0,not_neg,not_int,not_lpsm,558000.0,sb,pr,home,1U,8640.0,CRIF,718,EXP,to_inst,56.72043011,North,direct,48.0,0.10782501846551895
cf,nopre,type2,p3,l1,nopc,b/c,166500,360.0,not_neg,not_int,not_lpsm,268000.0,sb,pr,home,1U,5040.0,CIB,747,EXP,to_inst,62.12686567,North,direct,37.0,0.11089865863323212
ncf,nopre,type1,p4,l1,nopc,nob/c,626500,360.0,not_neg,not_int,not_lpsm,818000.0,sb,pr,home,1U,14100.0,CIB,751,EXP,not_inst,76.58924205,central,direct,30.0,0.05779334530234337
cf,nopre,type2,p3,l2,nopc,b/c,226500,360.0,not_neg,not_int,not_lpsm,268000.0,sb,pr,home,1U,5460.0,CIB,806,CIB,to_inst,84.51492537,central,direct,34.0,0.11276596039533615
cf,nopre,type1,p3,l2,nopc,nob/c,286500,360.0,not_neg,not_int,not_lpsm,358000.0,sb,pr,home,1U,11580.0,CRIF,837,EXP,to_inst,80.02793296,North,direct,29.0,0.0363101065158844
cf,pre,type1,p1,l1,nopc,nob/c,256500,240.0,not_neg,not_int,not_lpsm,268000.0,sb,pr,home,1U,6780.0,CIB,639,CIB,to_inst,95.70895522,south,direct,31.0,0.05779334530234337
cf,nopre,type1,p1,l1,nopc,nob/c,306500,360.0,not_neg,not_int,not_lpsm,348000.0,sb,pr,home,1U,12600.0,CRIF,585,CIB,to_inst,88.07471264,south,direct,39.0,0.14369073510169983
cf,pre,type3,p3,l1,nopc,nob/c,446500,360.0,not_neg,not_int,not_lpsm,488000.0,sb,pr,home,1U,4380.0,CRIF,859,CIB,to_inst,91.49590164,south,direct,59.0,0.27710843086242676
ncf,nopre,type1,p3,l1,nopc,nob/c,176500,360.0,not_neg,not_int,not_lpsm,558000.0,sb,pr,home,1U,4980.0,CIB,778,CIB,to_inst,31.63082437,North,direct,37.0,0.0861159935593605
cf,pre,type3,p3,l1,nopc,nob/c,186500,360.0,neg_amm,not_int,not_lpsm,208000.0,sb,pr,home,1U,3780.0,CIB,546,EXP,to_inst,89.66346154,North,direct,31.0,0.14369073510169983
,nopre,type1,p4,l1,nopc,nob/c,196500,204.0,neg_amm,not_int,not_lpsm,258000.0,sb,pr,home,1U,3300.0,EXP,632,CIB,to_inst,76.1627907,south,direct,49.0,0.4184100329875946
cf,pre,type2,p1,l1,nopc,b/c,266500,360.0,not_neg,not_int,not_lpsm,268000.0,sb,pr,home,1U,7560.0,EXP,869,EXP,to_inst,99.44029851,North,direct,55.0,0.06420404464006424
cf,nopre,type1,p3,l1,nopc,nob/c,276500,360.0,not_neg,not_int,not_lpsm,468000.0,sb,pr,home,1U,4860.0,CIB,545,CIB,to_inst,59.08119658,south,direct,31.0,0.06420404464006424
cf,pre,type1,p3,l1,nopc,nob/c,336500,360.0,not_neg,not_int,not_lpsm,438000.0,sb,pr,home,1U,3600.0,CIB,533,CIB,to_inst,76.82648402,south,direct,44.0,0.11276596039533615
cf,nopre,type1,p1,l1,nopc,nob/c,426500,360.0,not_neg,not_int,not_lpsm,568000.0,sb,ir,home,2U,7320.0,CRIF,869,CIB,not_inst,75.08802817,central,direct,35.0,0.11276596039533615
cf,nopre,type2,p1,l1,nopc,b/c,226500,360.0,not_neg,int_only,not_lpsm,228000.0,sb,pr,home,1U,4320.0,CRIF,597,CIB,to_inst,99.34210526,North-East,direct,43.0,0.1839258074760437
cf,nopre,type1,p3,l1,nopc,nob/c,206500,360.0,not_neg,not_int,not_lpsm,408000.0,sb,pr,home,1U,4200.0,CIB,607,EXP,to_inst,50.6127451,south,direct,28.0,0.10144927352666855
cf,pre,type1,p1,l1,nopc,nob/c,116500,360.0,not_neg,not_int,not_lpsm,128000.0,sb,pr,home,1U,2640.0,CRIF,660,EXP,to_inst,91.015625,south,direct,36.0,0.10782501846551895
cf,nopre,type1,p4,l1,nopc,nob/c,296500,360.0,not_neg,not_int,not_lpsm,408000.0,sb,pr,home,1U,6420.0,EXP,754,EXP,to_inst,72.67156863,south,direct,21.0,0.059588298201560974
cf,nopre,type1,p4,l1,nopc,nob/c,236500,324.0,not_neg,not_int,not_lpsm,328000.0,sb,pr,home,1U,3600.0,CIB,608,CIB,to_inst,72.10365854,North,direct,37.0,0.059588298201560974
cf,nopre,type1,p3,l2,nopc,nob/c,226500,360.0,not_neg,not_int,not_lpsm,338000.0,sb,pr,home,1U,2820.0,EXP,600,EXP,to_inst,67.01183432,south,direct,47.0,0.06420404464006424
cf,nopre,type1,p1,l1,nopc,nob/c,106500,360.0,not_neg,not_int,not_lpsm,118000.0,sb,pr,home,1U,2100.0,EXP,754,EXP,to_inst,90.25423729,North,direct,43.0,0.14369073510169983
cf,nopre,type1,p4,l1,nopc,nob/c,266500,360.0,not_neg,not_int,not_lpsm,308000.0,sb,pr,home,1U,3840.0,CRIF,791,CIB,not_inst,86.52597403,North,direct,36.0,0.06420404464006424
cf,nopre,type2,p1,l1,nopc,b/c,186500,360.0,not_neg,not_int,not_lpsm,198000.0,sb,pr,home,1U,3360.0,EXP,525,EXP,to_inst,94.19191919,North,direct,48.0,0.19203747808933258
cf,pre,type1,p3,l2,opc,nob/c,126500,360.0,not_neg,int_only,not_lpsm,508000.0,sb,pr,home,1U,8640.0,CRIF,854,CIB,to_inst,24.9015748,North,direct,34.0,0.02772643230855465
cf,nopre,type1,p4,l1,nopc,nob/c,446500,360.0,not_neg,not_int,not_lpsm,858000.0,sb,pr,home,1U,9120.0,CIB,655,EXP,not_inst,52.03962704,south,direct,36.0,0.03435804694890976
cf,pre,type1,p4,l1,nopc,nob/c,356500,360.0,not_neg,not_int,not_lpsm,378000.0,sb,pr,home,1U,9000.0,CIB,593,EXP,to_inst,94.31216931,south,direct,44.0,0.24460431933403015
cf,nopre,type1,p3,l1,nopc,nob/c,216500,180.0,not_neg,not_int,not_lpsm,288000.0,sb,pr,home,1U,4740.0,CRIF,510,CIB,to_inst,75.17361111,south,direct,46.0,0.14369073510169983
cf,nopre,type1,p1,l1,nopc,nob/c,636500,360.0,not_neg,not_int,not_lpsm,798000.0,sb,pr,home,1U,12240.0,EXP,791,EXP,not_inst,79.76190476,North,direct,41.0,0.03435804694890976
cf,nopre,type1,p4,l1,nopc,nob/c,316500,360.0,neg_amm,not_int,not_lpsm,368000.0,sb,pr,home,1U,5700.0,CRIF,784,CIB,to_inst,86.00543478,south,direct,22.0,0.3913043439388275
,nopre,type1,p4,l1,nopc,nob/c,186500,360.0,not_neg,not_int,not_lpsm,218000.0,sb,pr,home,1U,5340.0,EXP,623,CIB,to_inst,85.55045872,North,direct,22.0,0.14369073510169983
cf,pre,type1,p4,l1,nopc,nob/c,456500,300.0,not_neg,not_int,not_lpsm,658000.0,sb,pr,home,1U,9480.0,CIB,869,EXP,to_inst,69.3768997,North,direct,36.0,0.03455149382352829
cf,nopre,type1,p1,l1,nopc,nob/c,726500,360.0,not_neg,not_int,not_lpsm,908000.0,sb,pr,home,1U,10440.0,EXP,739,CIB,not_inst,80.01101322,North,direct,33.0,0.03435804694890976
cf,nopre,type2,p1,l1,nopc,b/c,86500,360.0,not_neg,not_int,not_lpsm,88000.0,sb,pr,home,1U,4080.0,EXP,783,CIB,to_inst,98.29545455,North,direct,16.0,0.4184100329875946
cf,nopre,type2,p1,l1,nopc,b/c,126500,360.0,not_neg,not_int,not_lpsm,228000.0,sb,pr,home,1U,5220.0,CIB,800,CIB,to_inst,55.48245614,south,direct,45.0,0.19203747808933258
cf,pre,type1,p1,l1,nopc,nob/c,296500,360.0,not_neg,not_int,not_lpsm,308000.0,sb,pr,home,1U,8220.0,CIB,539,EXP,to_inst,96.26623377,North,direct,24.0,0.04065827652812004
ncf,pre,type1,p4,l1,nopc,nob/c,356500,360.0,not_neg,not_int,not_lpsm,508000.0,sb,pr,home,1U,3780.0,CIB,655,CIB,to_inst,70.17716535,south,direct,47.0,0.11276596039533615
cf,nopre,type1,p4,l1,nopc,nob/c,176500,360.0,not_neg,not_int,not_lpsm,278000.0,sb,pr,home,1U,4020.0,CIB,504,CIB,to_inst,63.48920863,North,direct,33.0,0.06766917556524277
cf,nopre,type1,p3,l1,nopc,nob/c,646500,360.0,not_neg,not_int,not_lpsm,1428000.0,sb,pr,home,1U,9480.0,CRIF,784,EXP,not_inst,45.27310924,North,direct,40.0,0.02772643230855465
cf,nopre,type1,p4,l1,nopc,nob/c,396500,360.0,not_neg,not_int,not_lpsm,448000.0,sb,pr,home,1U,8160.0,CRIF,603,EXP,to_inst,88.50446429,south,direct,41.0,0.17307692766189575
cf,nopre,type1,p3,l1,nopc,nob/c,186500,132.0,not_neg,not_int,not_lpsm,288000.0,sb,pr,home,1U,8100.0,EXP,639,CIB,to_inst,64.75694444,North,direct,41.0,0.05779334530234337
cf,pre,type1,p1,l1,nopc,nob/c,286500,360.0,not_neg,not_int,not_lpsm,308000.0,sb,pr,home,1U,8700.0,EXP,840,CIB,to_inst,93.01948052,North,direct,35.0,0.059588298201560974
cf,nopre,type2,p1,l1,nopc,b/c,286500,360.0,not_neg,not_int,not_lpsm,288000.0,sb,pr,home,1U,6420.0,CIB,618,EXP,to_inst,99.47916667,south,direct,40.0,0.1839258074760437
cf,nopre,type1,p3,l1,nopc,nob/c,306500,360.0,neg_amm,not_int,not_lpsm,378000.0,sb,pr,home,1U,3480.0,EXP,735,CIB,to_inst,81.08465608,North,direct,49.0,0.4184100329875946
cf,nopre,type1,p1,l1,nopc,nob/c,126500,360.0,not_neg,not_int,not_lpsm,138000.0,sb,pr,home,1U,2580.0,CIB,795,EXP,to_inst,91.66666667,North,direct,44.0,0.14369073510169983
cf,nopre,type1,p3,l1,nopc,nob/c,126500,360.0,not_neg,not_int,not_lpsm,138000.0,sb,pr,home,1U,1860.0,CRIF,540,CIB,to_inst,91.66666667,North,direct,37.0,0.6978417038917542
cf,nopre,type1,p3,l1,nopc,nob/c,256500,360.0,not_neg,not_int,not_lpsm,328000.0,sb,pr,home,1U,180.0,CRIF,710,CIB,to_inst,78.20121951,North,direct,5.0,0.9899497628211975
cf,nopre,type2,p3,l1,nopc,b/c,246500,360.0,not_neg,not_int,not_lpsm,308000.0,sb,pr,home,1U,4320.0,CRIF,643,CIB,to_inst,80.03246753,south,direct,57.0,0.19203747808933258
cf,pre,type3,p3,l1,nopc,nob/c,226500,360.0,not_neg,not_int,not_lpsm,228000.0,sb,pr,home,1U,3300.0,CRIF,795,CIB,to_inst,99.34210526,North,direct,51.0,0.14369073510169983
cf,pre,type1,p4,l1,nopc,nob/c,356500,360.0,not_neg,not_int,not_lpsm,408000.0,sb,pr,home,1U,6660.0,CIB,817,CIB,not_inst,87.37745098,central,direct,37.0,0.059588298201560974
cf,nopre,type1,p4,l1,nopc,nob/c,606500,360.0,not_neg,not_int,not_lpsm,908000.0,sb,pr,home,1U,12300.0,CIB,899,CIB,not_inst,66.79515419,North,direct,42.0,0.0363101065158844
cf,nopre,type2,p3,l1,nopc,b/c,266500,360.0,not_neg,not_int,not_lpsm,328000.0,sb,pr,home,1U,4860.0,EXP,665,CIB,not_inst,81.25,North,direct,37.0,0.0861159935593605
cf,nopre,type1,p3,l1,nopc,nob/c,226500,360.0,not_neg,not_int,not_lpsm,428000.0,sb,pr,home,1U,4680.0,EXP,776,CIB,not_inst,52.92056075,North,direct,30.0,0.03455149382352829
cf,nopre,type1,p3,l1,nopc,nob/c,176500,360.0,not_neg,not_int,not_lpsm,328000.0,sb,pr,home,1U,6180.0,CIB,643,EXP,to_inst,53.81097561,North,direct,6.0,0.0861159935593605
cf,pre,type1,p1,l1,nopc,nob/c,186500,360.0,not_neg,not_int,not_lpsm,198000.0,sb,pr,home,1U,7500.0,CIB,790,CIB,to_inst,94.19191919,south,direct,24.0,0.05779334530234337
cf,pre,type1,p1,l1,nopc,nob/c,126500,360.0,not_neg,not_int,not_lpsm,288000.0,sb,pr,home,1U,2640.0,CRIF,631,CIB,to_inst,43.92361111,North,direct,33.0,0.06420404464006424
cf,nopre,type1,p4,l2,nopc,nob/c,536500,360.0,not_neg,not_int,not_lpsm,1408000.0,sb,sr,home,1U,12240.0,CIB,846,CIB,not_inst,38.10369318,south,direct,32.0,0.06766917556524277
cf,nopre,type1,p3,l1,nopc,nob/c,176500,240.0,not_neg,not_int,not_lpsm,258000.0,sb,pr,home,1U,3480.0,CRIF,538,CIB,to_inst,68.41085271,south,direct,28.0,0.10782501846551895
cf,nopre,type1,p1,l2,nopc,nob/c,276500,360.0,not_neg,not_int,not_lpsm,298000.0,sb,pr,home,1U,3420.0,CRIF,865,CIB,not_inst,92.7852349,North,direct,44.0,0.03455149382352829
cf,nopre,type1,p1,l1,nopc,nob/c,306500,360.0,not_neg,not_int,not_lpsm,338000.0,sb,pr,home,1U,4140.0,CRIF,614,CIB,to_inst,90.68047337,North,direct,22.0,0.1839258074760437
cf,nopre,type1,p3,l1,nopc,nob/c,146500,360.0,not_neg,int_only,not_lpsm,588000.0,sb,pr,home,1U,1680.0,CRIF,778,CIB,to_inst,24.91496599,south,direct,48.0,0.24460431933403015
cf,nopre,type1,p4,l1,nopc,nob/c,646500,360.0,not_neg,not_int,not_lpsm,828000.0,sb,pr,home,1U,10680.0,CIB,540,CIB,not_inst,78.07971014,south,direct,36.0,0.03455149382352829
cf,nopre,type1,p3,l1,nopc,nob/c,336500,360.0,not_neg,not_int,not_lpsm,368000.0,sb,pr,home,1U,3660.0,CRIF,658,CIB,to_inst,91.44021739,North,direct,40.0,0.6978417038917542
cf,pre,type1,p3,l1,nopc,nob/c,156500,360.0,not_neg,not_int,not_lpsm,268000.0,sb,pr,home,1U,1920.0,CIB,652,CIB,to_inst,58.39552239,south,direct,48.0,0.1839258074760437
cf,nopre,type1,p4,l1,nopc,nob/c,506500,300.0,not_neg,not_int,not_lpsm,678000.0,sb,pr,home,1U,6540.0,CIB,882,CIB,not_inst,74.70501475,North,direct,46.0,0.0363101065158844
cf,nopre,type1,p4,l1,nopc,nob/c,256500,360.0,not_neg,not_int,not_lpsm,358000.0,sb,pr,home,1U,4860.0,CRIF,555,CIB,to_inst,71.64804469,south,direct,37.0,0.10782501846551895
cf,nopre,type2,p4,l1,nopc,b/c,46500,360.0,not_neg,not_int,not_lpsm,118000.0,sb,pr,home,1U,1200.0,CIB,719,EXP,to_inst,39.40677966,central,direct,26.0,0.4883720874786377
cf,nopre,type1,p3,l1,nopc,nob/c,416500,360.0,not_neg,not_int,not_lpsm,598000.0,sb,pr,home,1U,6060.0,CRIF,638,EXP,to_inst,69.64882943,central,direct,37.0,0.059588298201560974
cf,nopre,type1,p3,l1,nopc,nob/c,186500,120.0,not_neg,not_int,not_lpsm,438000.0,sb,pr,home,1U,9420.0,CIB,633,EXP,to_inst,42.57990868,North,direct,26.0,0.03435804694890976
cf,nopre,type1,p1,l1,nopc,nob/c,336500,360.0,not_neg,not_int,not_lpsm,448000.0,sb,ir,home,1U,14880.0,EXP,500,EXP,to_inst,75.11160714,south,direct,42.0,0.10782501846551895
cf,nopre,type1,p3,l1,nopc,nob/c,256500,360.0,not_neg,not_int,not_lpsm,598000.0,sb,ir,home,1U,7380.0,CRIF,531,CIB,not_inst,42.89297659,North,direct,49.0,0.0861159935593605
cf,nopre,type1,p4,l1,nopc,nob/c,466500,360.0,not_neg,not_int,not_lpsm,628000.0,sb,pr,home,1U,9480.0,CRIF,615,EXP,not_inst,74.28343949,North,direct,39.0,0.02139037474989891
cf,pre,type1,p1,l1,nopc,nob/c,496500,360.0,not_neg,not_int,not_lpsm,558000.0,sb,pr,home,1U,5160.0,CRIF,637,CIB,not_inst,88.97849462,North,direct,46.0,0.03455149382352829
cf,nopre,type1,p4,l1,nopc,nob/c,566500,360.0,not_neg,not_int,not_lpsm,768000.0,sb,pr,home,1U,9420.0,EXP,712,CIB,not_inst,73.76302083,south,direct,41.0,0.03435804694890976
cf,pre,type1,p3,l1,nopc,nob/c,426500,360.0,neg_amm,not_int,not_lpsm,538000.0,sb,pr,home,1U,7380.0,CRIF,713,EXP,not_inst,79.27509294,south,direct,44.0,0.0861159935593605
cf,nopre,type1,p3,l1,nopc,nob/c,226500,360.0,not_neg,not_int,not_lpsm,408000.0,sb,pr,home,1U,2700.0,EXP,857,CIB,to_inst,55.51470588,North,direct,44.0,0.10782501846551895
,nopre,type1,p2,l1,nopc,nob/c,126500,360.0,not_neg,not_int,not_lpsm,578000.0,sb,pr,home,1U,3480.0,CRIF,896,EXP,to_inst,21.88581315,North,direct,49.0,0.06420404464006424
cf,nopre,type2,p1,l2,nopc,b/c,156500,360.0,not_neg,not_int,not_lpsm,168000.0,sb,pr,home,1U,2220.0,CRIF,714,EXP,to_inst,93.1547619,North,direct,39.0,0.10782501846551895
cf,nopre,type1,p3,l1,nopc,nob/c,306500,180.0,not_neg,not_int,not_lpsm,438000.0,sb,pr,home,1U,15420.0,CRIF,888,CIB,to_inst,69.97716895,south,direct,20.0,0.06420404464006424
cf,nopre,type2,p1,l1,nopc,b/c,256500,360.0,not_neg,not_int,not_lpsm,268000.0,sb,pr,home,1U,3600.0,CRIF,674,EXP,not_inst,95.70895522,central,direct,45.0,0.11089865863323212
cf,pre,type1,p4,l1,nopc,nob/c,146500,360.0,not_neg,not_int,not_lpsm,258000.0,sb,pr,home,1U,3180.0,CRIF,777,CIB,to_inst,56.78294574,North,direct,29.0,0.10782501846551895
cf,pre,type1,p3,l1,nopc,nob/c,126500,300.0,not_neg,not_int,not_lpsm,168000.0,sb,pr,home,1U,2400.0,CIB,860,CIB,to_inst,75.29761905,North,direct,47.0,0.11089865863323212
cf,nopre,type1,p3,l1,nopc,nob/c,336500,360.0,not_neg,not_int,not_lpsm,488000.0,sb,pr,home,1U,7800.0,CIB,822,CIB,to_inst,68.95491803,south,direct,29.0,0.059588298201560974
cf,nopre,type1,p4,l1,nopc,nob/c,406500,240.0,neg_amm,not_int,not_lpsm,488000.0,sb,pr,home,1U,12240.0,EXP,756,EXP,to_inst,83.29918033,North,direct,36.0,0.1839258074760437
cf,nopre,type1,p4,l1,nopc,nob/c,646500,360.0,neg_amm,not_int,not_lpsm,1108000.0,sb,ir,home,1U,12060.0,CRIF,900,EXP,not_inst,58.34837545,south,direct,30.0,0.19203747808933258
cf,nopre,type1,p1,l1,nopc,nob/c,216500,360.0,not_neg,not_int,not_lpsm,278000.0,sb,pr,home,1U,12300.0,EXP,505,EXP,not_inst,77.87769784,North,direct,39.0,0.02772643230855465
cf,nopre,type3,p3,l1,nopc,nob/c,336500,180.0,neg_amm,not_int,not_lpsm,338000.0,sb,pr,home,1U,7260.0,EXP,541,CIB,to_inst,99.55621302,North,direct,44.0,0.24460431933403015
ncf,pre,type1,p2,l1,nopc,nob/c,336500,360.0,not_neg,not_int,not_lpsm,758000.0,sb,ir,home,2U,3960.0,CRIF,514,CIB,not_inst,44.39313984,North,direct,29.0,0.17307692766189575
cf,nopre,type1,p1,l1,nopc,nob/c,76500,360.0,not_neg,not_int,not_lpsm,78000.0,sb,pr,home,1U,1440.0,CRIF,694,CIB,to_inst,98.07692308,North,direct,34.0,0.24460431933403015
cf,nopre,type1,p4,l1,nopc,nob/c,516500,360.0,not_neg,not_int,not_lpsm,578000.0,sb,pr,home,1U,7440.0,CRIF,511,CIB,not_inst,89.35986159,south,direct,36.0,0.04065827652812004
cf,nopre,type1,p4,l1,nopc,nob/c,466500,360.0,not_neg,not_int,not_lpsm,498000.0,sb,pr,home,1U,8460.0,EXP,574,CIB,to_inst,93.6746988,south,direct,42.0,0.24460431933403015
ncf,nopre,type1,p4,l1,nopc,nob/c,846500,360.0,not_neg,not_int,not_lpsm,1868000.0,sb,pr,home,1U,12300.0,CIB,839,EXP,to_inst,45.31584582,south,direct,14.0,0.6666666865348816
cf,nopre,type1,p3,l1,nopc,nob/c,226500,360.0,not_neg,int_only,not_lpsm,388000.0,sb,pr,home,1U,6360.0,CRIF,542,CIB,not_inst,58.37628866,North,direct,15.0,0.11089865863323212
cf,nopre,type1,p3,l1,nopc,nob/c,356500,360.0,not_neg,not_int,not_lpsm,478000.0,sb,pr,home,1U,7440.0,EXP,670,EXP,not_inst,74.58158996,North,direct,45.0,0.0363101065158844
cf,nopre,type2,p1,l1,nopc,b/c,406500,360.0,not_neg,not_int,not_lpsm,418000.0,sb,pr,home,1U,8580.0,CRIF,550,EXP,not_inst,97.24880383,south,direct,48.0,0.0861159935593605
cf,pre,type1,p4,l1,nopc,nob/c,276500,180.0,not_neg,not_int,not_lpsm,378000.0,sb,pr,home,1U,6900.0,EXP,552,CIB,to_inst,73.14814815,south,direct,26.0,0.10782501846551895
,nopre,type1,p1,l1,nopc,nob/c,246500,360.0,not_neg,not_int,not_lpsm,348000.0,sb,pr,home,1U,3660.0,CRIF,538,EXP,not_inst,70.83333333,south,direct,33.0,0.059588298201560974
cf,nopre,type1,p1,l2,nopc,nob/c,356500,240.0,not_neg,not_int,not_lpsm,478000.0,sb,pr,home,1U,17460.0,CRIF,512,EXP,not_inst,74.58158996,central,direct,29.0,0.014285714365541935
cf,pre,type1,p1,l1,nopc,nob/c,646500,360.0,not_neg,not_int,not_lpsm,678000.0,sb,pr,home,1U,9240.0,CRIF,674,CIB,not_inst,95.3539823,North,direct,40.0,0.03435804694890976
cf,nopre,type1,p4,l1,nopc,nob/c,606500,360.0,not_neg,not_int,not_lpsm,798000.0,sb,pr,home,1U,6360.0,EXP,521,CIB,not_inst,76.00250627,North,direct,54.0,0.7368420958518982
cf,nopre,type2,p1,l1,nopc,b/c,256500,360.0,not_neg,not_int,not_lpsm,258000.0,sb,pr,home,2U,3540.0,CIB,832,CIB,to_inst,99.41860465,North,direct,57.0,0.24460431933403015
cf,nopre,type1,p4,l1,nopc,nob/c,616500,180.0,not_neg,int_only,not_lpsm,798000.0,sb,pr,home,1U,10620.0,CIB,828,CIB,not_inst,77.2556391,North,direct,44.0,0.04065827652812004
cf,nopre,type1,p2,l1,nopc,nob/c,106500,360.0,not_neg,not_int,not_lpsm,488000.0,sb,ir,home,4U,3540.0,CRIF,741,EXP,to_inst,21.82377049,south,direct,44.0,0.06766917556524277
cf,nopre,type1,p4,l1,nopc,nob/c,506500,360.0,not_neg,not_int,not_lpsm,608000.0,sb,pr,home,1U,6840.0,CIB,703,CIB,not_inst,83.30592105,south,direct,46.0,0.04065827652812004
cf,nopre,type1,p4,l1,nopc,nob/c,486500,240.0,not_neg,not_int,not_lpsm,908000.0,sb,pr,home,1U,14220.0,CRIF,571,EXP,not_inst,53.57929515,south,direct,45.0,0.03455149382352829
ncf,nopre,type3,p1,l1,nopc,nob/c,296500,360.0,not_neg,not_int,not_lpsm,298000.0,sb,pr,home,1U,4920.0,EXP,859,CIB,to_inst,99.4966443,North,direct,55.0,0.16867469251155853
cf,nopre,type1,p4,l1,nopc,nob/c,106500,360.0,not_neg,not_int,not_lpsm,188000.0,sb,pr,home,1U,4800.0,CIB,530,CIB,to_inst,56.64893617,North,direct,35.0,0.0861159935593605
cf,pre,type1,p1,l1,nopc,nob/c,676500,360.0,not_neg,not_int,not_lpsm,708000.0,sb,pr,home,1U,14040.0,CIB,725,EXP,to_inst,95.55084746,south,direct,36.0,0.05779334530234337
cf,nopre,type1,p3,l1,nopc,nob/c,136500,360.0,not_neg,not_int,not_lpsm,168000.0,sb,pr,home,1U,5580.0,CRIF,647,EXP,to_inst,81.25,south,direct,19.0,0.11276596039533615
cf,nopre,type1,p3,l1,nopc,nob/c,156500,240.0,not_neg,not_int,not_lpsm,378000.0,sb,pr,home,1U,2520.0,EXP,744,EXP,to_inst,41.4021164,south,direct,43.0,0.10782501846551895
cf,nopre,type1,p3,l1,nopc,nob/c,326500,360.0,not_neg,not_int,not_lpsm,558000.0,sb,pr,home,1U,2940.0,CRIF,568,CIB,not_inst,58.5125448,North,direct,43.0,0.059588298201560974
cf,nopre,type1,p3,l1,nopc,nob/c,206500,360.0,not_neg,not_int,not_lpsm,308000.0,sb,pr,home,1U,2040.0,CRIF,503,CIB,to_inst,67.04545455,North,direct,47.0,0.11276596039533615
cf,nopre,type1,p4,l1,nopc,nob/c,616500,360.0,not_neg,not_int,not_lpsm,1388000.0,sb,pr,home,1U,7020.0,CIB,803,CIB,not_inst,44.41642651,south,direct,48.0,0.05779334530234337
cf,nopre,type1,p4,l1,nopc,nob/c,276500,348.0,not_neg,not_int,not_lpsm,458000.0,sb,pr,home,1U,3540.0,EXP,589,EXP,to_inst,60.37117904,North,direct,45.0,0.10782501846551895
cf,nopre,type1,p3,l1,nopc,nob/c,486500,180.0,not_neg,not_int,not_lpsm,1008000.0,sb,pr,home,1U,9600.0,CRIF,775,EXP,to_inst,48.26388889,south,direct,44.0,0.0861159935593605
cf,nopre,type1,p3,l1,nopc,nob/c,406500,360.0,not_neg,not_int,not_lpsm,508000.0,sb,pr,home,1U,78720.0,CIB,724,CIB,not_inst,80.01968504,south,direct,10.0,0.11276596039533615
cf,nopre,type1,p4,l1,nopc,nob/c,326500,360.0,not_neg,not_int,not_lpsm,318000.0,sb,pr,home,1U,5520.0,CIB,807,EXP,to_inst,102.672956,North,direct,44.0,0.9899497628211975
cf,pre,type1,p4,l1,nopc,nob/c,586500,360.0,not_neg,not_int,not_lpsm,748000.0,sb,pr,home,1U,14760.0,CIB,793,EXP,not_inst,78.40909091,south,direct,19.0,0.04065827652812004
cf,nopre,type1,p1,l1,nopc,nob/c,126500,360.0,not_neg,not_int,lpsm,188000.0,sb,sr,home,1U,7560.0,EXP,643,EXP,not_inst,67.28723404,North,direct,37.0,0.6186440587043762
cf,pre,type1,p3,l1,nopc,nob/c,276500,360.0,not_neg,not_int,not_lpsm,388000.0,sb,pr,home,1U,5880.0,CIB,647,CIB,to_inst,71.2628866,North,direct,35.0,0.06420404464006424
cf,nopre,type1,p3,l1,nopc,nob/c,296500,360.0,not_neg,not_int,not_lpsm,368000.0,sb,pr,home,1U,5760.0,CRIF,514,CIB,to_inst,80.57065217,North,direct,30.0,0.10782501846551895
ncf,nopre,type3,p3,l2,nopc,nob/c,886500,360.0,not_neg,not_int,not_lpsm,1178000.0,sb,pr,home,1U,11940.0,CRIF,652,EXP,not_inst,75.25466893,North,direct,42.0,0.06420404464006424
cf,nopre,type1,p4,l1,nopc,nob/c,116500,324.0,not_neg,not_int,not_lpsm,178000.0,sb,pr,home,1U,2040.0,CRIF,587,CIB,to_inst,65.4494382,south,direct,37.0,0.10144927352666855
cf,nopre,type1,p3,l1,nopc,nob/c,206500,180.0,not_neg,not_int,not_lpsm,628000.0,sb,pr,home,1U,10140.0,EXP,638,CIB,to_inst,32.88216561,North,direct,13.0,0.10782501846551895
cf,nopre,type1,p4,l1,nopc,nob/c,336500,312.0,not_neg,not_int,not_lpsm,428000.0,sb,pr,home,1U,5520.0,CIB,657,EXP,to_inst,78.62149533,North,direct,30.0,0.04065827652812004
cf,pre,type1,p1,l1,nopc,nob/c,556500,360.0,not_neg,not_int,not_lpsm,788000.0,sb,pr,home,1U,9060.0,CRIF,804,EXP,not_inst,70.62182741,south,direct,40.0,0.02772643230855465
ncf,nopre,type3,p3,l1,nopc,nob/c,516500,360.0,neg_amm,not_int,not_lpsm,528000.0,sb,pr,home,1U,11280.0,CIB,828,EXP,not_inst,97.8219697,North,direct,43.0,0.14369073510169983
cf,nopre,type1,p3,l1,nopc,nob/c,166500,240.0,not_neg,not_int,not_lpsm,328000.0,sb,pr,home,1U,4620.0,EXP,505,CIB,to_inst,50.76219512,south,direct,20.0,0.10782501846551895
cf,nopre,type1,p1,l1,nopc,nob/c,466500,360.0,not_neg,not_int,not_lpsm,588000.0,sb,pr,home,1U,6540.0,EXP,644,EXP,not_inst,79.33673469,North,direct,48.0,0.03455149382352829
cf,nopre,type1,p4,l1,nopc,nob/c,646500,360.0,not_neg,int_only,not_lpsm,698000.0,sb,pr,home,1U,9300.0,CRIF,710,EXP,to_inst,92.6217765,south,direct,38.0,0.3415384590625763
cf,pre,type1,p4,l1,nopc,nob/c,136500,360.0,not_neg,not_int,not_lpsm,188000.0,sb,pr,home,1U,4140.0,EXP,662,CIB,to_inst,72.60638298,south,direct,24.0,0.10782501846551895
cf,nopre,type3,p3,l1,nopc,nob/c,286500,180.0,not_neg,not_int,not_lpsm,288000.0,sb,pr,home,1U,9060.0,CRIF,813,CIB,to_inst,99.47916667,south,direct,37.0,0.14369073510169983
cf,nopre,type1,p4,l1,nopc,nob/c,526500,360.0,not_neg,not_int,not_lpsm,908000.0,sb,pr,home,1U,14280.0,CIB,551,EXP,not_inst,57.9845815,North,direct,39.0,0.02772643230855465
cf,nopre,type1,p4,l1,nopc,nob/c,386500,360.0,not_neg,not_int,not_lpsm,588000.0,sb,sr,home,1U,8640.0,CIB,841,EXP,to_inst,65.73129252,south,direct,43.0,0.0861159935593605
cf,nopre,type1,p4,l1,nopc,nob/c,206500,360.0,not_neg,not_int,not_lpsm,598000.0,sb,pr,home,1U,8820.0,CIB,844,EXP,to_inst,34.53177258,south,direct,5.0,0.059588298201560974
cf,nopre,type1,p4,l1,nopc,nob/c,226500,240.0,not_neg,not_int,not_lpsm,248000.0,sb,pr,home,1U,6900.0,CIB,826,CIB,to_inst,91.33064516,North,direct,43.0,0.19203747808933258
cf,pre,type1,p1,l1,nopc,nob/c,566500,360.0,not_neg,not_int,not_lpsm,818000.0,sb,pr,home,1U,19200.0,CRIF,726,EXP,not_inst,69.25427873,North,direct,44.0,0.02139037474989891
cf,pre,type1,p4,l1,nopc,nob/c,266500,360.0,not_neg,not_int,not_lpsm,298000.0,sb,pr,home,1U,3960.0,CRIF,689,EXP,to_inst,89.4295302,south,direct,45.0,0.3415384590625763
cf,nopre,type3,p3,l1,nopc,nob/c,266500,360.0,not_neg,not_int,not_lpsm,268000.0,sb,pr,home,1U,4980.0,EXP,586,EXP,to_inst,99.44029851,south,direct,40.0,0.11276596039533615
cf,nopre,type1,p3,l1,nopc,nob/c,186500,360.0,not_neg,int_only,not_lpsm,238000.0,sb,pr,home,1U,3300.0,CIB,510,EXP,to_inst,78.36134454,North,direct,37.0,0.10782501846551895
cf,nopre,type1,p1,l1,nopc,nob/c,206500,360.0,not_neg,not_int,not_lpsm,258000.0,sb,pr,home,1U,8520.0,EXP,852,EXP,not_inst,80.03875969,North,direct,38.0,0.03435804694890976
,nopre,type1,p1,l1,nopc,nob/c,286500,360.0,not_neg,not_int,not_lpsm,298000.0,sb,pr,home,1U,6180.0,CRIF,716,EXP,not_inst,96.1409396,North,direct,23.0,0.06766917556524277
cf,nopre,type1,p3,l1,nopc,nob/c,306500,360.0,not_neg,not_int,not_lpsm,408000.0,sb,pr,home,1U,6360.0,EXP,882,EXP,to_inst,75.12254902,south,direct,28.0,0.06420404464006424
cf,pre,type1,p3,l1,nopc,nob/c,366500,360.0,not_neg,not_int,not_lpsm,458000.0,sb,pr,home,1U,8280.0,CRIF,646,EXP,to_inst,80.02183406,North,direct,30.0,0.04065827652812004
cf,nopre,type1,p3,l1,nopc,nob/c,226500,96.0,not_neg,not_int,not_lpsm,658000.0,sb,pr,home,1U,11400.0,CRIF,822,EXP,to_inst,34.4224924,south,direct,36.0,0.059588298201560974
cf,nopre,type2,p1,l1,nopc,b/c,446500,360.0,not_neg,not_int,not_lpsm,458000.0,sb,pr,home,2U,4560.0,CRIF,670,EXP,not_inst,97.48908297,North,direct,44.0,0.1839258074760437
cf,nopre,type1,p3,l1,nopc,nob/c,366500,360.0,not_neg,not_int,not_lpsm,468000.0,sb,pr,home,1U,11580.0,EXP,793,EXP,to_inst,78.31196581,south,direct,35.0,0.06420404464006424
cf,nopre,type1,p3,l1,nopc,nob/c,466500,360.0,not_neg,not_int,not_lpsm,578000.0,sb,pr,home,1U,1560.0,CRIF,596,EXP,to_inst,80.70934256,North,direct,21.0,0.9899497628211975
cf,pre,type1,p1,l1,nopc,nob/c,86500,360.0,not_neg,not_int,not_lpsm,98000.0,sb,pr,home,1U,1080.0,CIB,541,CIB,to_inst,88.26530612,North,direct,43.0,0.14369073510169983
cf,nopre,type1,p4,l1,nopc,nob/c,326500,360.0,not_neg,not_int,not_lpsm,418000.0,sb,pr,home,1U,3300.0,CRIF,671,CIB,not_inst,78.11004785,North,direct,42.0,0.059588298201560974
cf,nopre,type3,p3,l1,nopc,nob/c,486500,360.0,not_neg,not_int,not_lpsm,578000.0,sb,pr,home,1U,10080.0,CIB,862,EXP,not_inst,84.16955017,North,direct,39.0,0.03455149382352829
,nopre,type1,p3,l1,nopc,nob/c,486500,360.0,not_neg,not_int,not_lpsm,858000.0,sb,pr,home,1U,6840.0,CIB,571,EXP,not_inst,56.7016317,south,direct,36.0,0.03455149382352829
cf,pre,type1,p1,l1,nopc,nob/c,166500,360.0,not_neg,not_int,not_lpsm,228000.0,sb,pr,home,1U,2280.0,CIB,689,EXP,to_inst,73.02631579,North,direct,47.0,0.059588298201560974
cf,nopre,type1,p3,l1,nopc,nob/c,546500,360.0,not_neg,not_int,not_lpsm,928000.0,sb,pr,home,1U,11160.0,EXP,629,EXP,to_inst,58.89008621,south,direct,30.0,0.059588298201560974
cf,nopre,type1,p1,l1,nopc,nob/c,656500,360.0,not_neg,not_int,not_lpsm,878000.0,sb,pr,home,1U,14880.0,CIB,839,EXP,not_inst,74.77220957,south,direct,45.0,0.03455149382352829
cf,nopre,type1,p3,l1,nopc,nob/c,486500,360.0,not_neg,not_int,not_lpsm,648000.0,sb,pr,home,1U,9300.0,CRIF,540,EXP,to_inst,75.07716049,south,direct,48.0,0.11089865863323212
cf,pre,type1,p4,l1,nopc,nob/c,376500,360.0,not_neg,not_int,not_lpsm,468000.0,sb,pr,home,1U,8160.0,CIB,702,EXP,not_inst,80.44871795,North,direct,40.0,0.02772643230855465
cf,nopre,type1,p1,l2,nopc,nob/c,156500,360.0,not_neg,not_int,not_lpsm,288000.0,sb,pr,home,1U,1980.0,EXP,630,CIB,not_inst,54.34027778,North,direct,49.0,0.05779334530234337
cf,nopre,type1,p3,l1,nopc,nob/c,106500,360.0,not_neg,not_int,not_lpsm,158000.0,sb,pr,home,1U,1440.0,EXP,501,CIB,to_inst,67.40506329,North,direct,40.0,0.11089865863323212
cf,nopre,type1,p1,l1,nopc,nob/c,256500,360.0,not_neg,not_int,not_lpsm,268000.0,sb,pr,home,1U,3840.0,CIB,598,CIB,to_inst,95.70895522,North,direct,40.0,0.14369073510169983
cf,pre,type1,p3,l1,nopc,nob/c,116500,360.0,not_neg,not_int,not_lpsm,168000.0,sb,pr,home,1U,1740.0,EXP,503,CIB,to_inst,69.3452381,south,direct,36.0,0.11089865863323212
cf,nopre,type1,p4,l1,nopc,nob/c,666500,360.0,not_neg,not_int,not_lpsm,858000.0,sb,pr,home,1U,9420.0,CIB,532,CIB,not_inst,77.68065268,south,direct,46.0,0.04065827652812004
cf,nopre,type1,p4,l1,nopc,nob/c,346500,360.0,not_neg,not_int,not_lpsm,418000.0,sb,pr,home,1U,7440.0,CRIF,856,CIB,to_inst,82.89473684,south,direct,33.0,0.14369073510169983
cf,pre,type2,p3,l1,nopc,b/c,136500,360.0,not_neg,not_int,not_lpsm,158000.0,sb,pr,home,1U,2460.0,CIB,677,CIB,to_inst,86.39240506,south,direct,33.0,0.24460431933403015
cf,nopre,type1,p1,l1,nopc,nob/c,256500,360.0,not_neg,not_int,not_lpsm,288000.0,sb,pr,home,1U,7200.0,EXP,769,EXP,to_inst,89.0625,North,direct,35.0,0.11089865863323212
cf,nopre,type1,p4,l1,nopc,nob/c,646500,360.0,not_neg,int_only,not_lpsm,1008000.0,sb,pr,home,1U,9120.0,CRIF,879,EXP,not_inst,64.13690476,North,direct,44.0,0.055727552622556686
cf,nopre,type1,p4,l1,nopc,nob/c,386500,324.0,neg_amm,not_int,not_lpsm,568000.0,sb,pr,home,1U,8160.0,CIB,881,CIB,to_inst,68.04577465,south,direct,20.0,0.14369073510169983
cf,nopre,type1,p1,l1,nopc,nob/c,186500,360.0,not_neg,not_int,not_lpsm,268000.0,sb,pr,home,1U,6360.0,CRIF,521,EXP,to_inst,69.58955224,North,direct,35.0,0.04065827652812004
cf,nopre,type1,p4,l1,nopc,nob/c,336500,360.0,not_neg,not_int,not_lpsm,378000.0,sb,pr,home,1U,8460.0,CIB,613,CIB,to_inst,89.02116402,south,direct,36.0,0.1839258074760437
cf,nopre,type1,p1,l1,nopc,nob/c,386500,360.0,not_neg,not_int,not_lpsm,608000.0,sb,pr,home,1U,3660.0,CRIF,816,CIB,not_inst,63.56907895,North,direct,49.0,0.059588298201560974
cf,nopre,type1,p3,l1,nopc,nob/c,386500,240.0,not_neg,not_int,not_lpsm,528000.0,sb,pr,home,1U,8520.0,CRIF,600,EXP,to_inst,73.20075758,North,direct,28.0,0.03435804694890976
cf,nopre,type1,p4,l1,nopc,nob/c,396500,300.0,not_neg,not_int,not_lpsm,498000.0,sb,pr,home,1U,9480.0,CRIF,663,EXP,not_inst,79.6184739,North,direct,22.0,0.02139037474989891
cf,nopre,type1,p4,l1,nopc,nob/c,256500,240.0,not_neg,not_int,not_lpsm,338000.0,sb,pr,home,1U,7200.0,CRIF,584,EXP,to_inst,75.88757396,south,direct,29.0,0.059588298201560974
cf,nopre,type1,p1,l1,nopc,nob/c,306500,360.0,not_neg,not_int,not_lpsm,318000.0,sb,pr,home,1U,6300.0,CRIF,609,CIB,not_inst,96.3836478,south,direct,29.0,0.06766917556524277
cf,nopre,type1,p1,l2,nopc,nob/c,246500,360.0,not_neg,not_int,not_lpsm,258000.0,sb,pr,home,1U,4980.0,EXP,538,CIB,not_inst,95.54263566,North,direct,30.0,0.03435804694890976
cf,nopre,type2,p3,l1,nopc,b/c,106500,360.0,not_neg,not_int,not_lpsm,178000.0,sb,pr,home,1U,1080.0,CRIF,502,CIB,to_inst,59.83146067,North,direct,46.0,0.3415384590625763
cf,nopre,type1,p1,l1,nopc,nob/c,496500,360.0,not_neg,not_int,not_lpsm,528000.0,sb,pr,home,1U,5880.0,CIB,857,CIB,not_inst,94.03409091,North,direct,47.0,0.04065827652812004
cf,nopre,type1,p4,l1,nopc,nob/c,536500,360.0,not_neg,not_int,not_lpsm,598000.0,sb,pr,home,1U,5160.0,CIB,628,CIB,not_inst,89.71571906,North,direct,46.0,0.059588298201560974
cf,pre,type1,p1,l1,nopc,nob/c,386500,360.0,not_neg,not_int,not_lpsm,428000.0,sb,pr,home,1U,4500.0,CRIF,682,EXP,not_inst,90.30373832,North,direct,46.0,0.0363101065158844
cf,nopre,type1,p4,l1,nopc,nob/c,486500,360.0,not_neg,int_only,not_lpsm,818000.0,sb,pr,home,1U,4200.0,CRIF,887,EXP,to_inst,59.47432763,south,direct,60.0,0.7843137383460999
cf,pre,type1,p1,l1,nopc,nob/c,216500,180.0,not_neg,not_int,not_lpsm,518000.0,sb,pr,home,2U,4740.0,CIB,576,CIB,to_inst,41.7953668,central,direct,34.0,0.14369073510169983
cf,pre,type1,p1,l1,nopc,nob/c,286500,360.0,not_neg,not_int,not_lpsm,308000.0,sb,pr,home,1U,4320.0,EXP,607,CIB,to_inst,93.01948052,central,direct,47.0,0.06420404464006424
cf,nopre,type1,p3,l2,opc,nob/c,56500,360.0,not_neg,int_only,not_lpsm,888000.0,sb,pr,home,1U,7500.0,CIB,611,EXP,to_inst,6.362612613,North,direct,37.0,0.014285714365541935
cf,nopre,type3,p3,l1,nopc,nob/c,456500,360.0,not_neg,not_int,not_lpsm,498000.0,sb,pr,home,1U,6180.0,EXP,517,EXP,to_inst,91.66666667,south,direct,41.0,0.14369073510169983
cf,nopre,type1,p3,l1,nopc,nob/c,96500,180.0,neg_amm,not_int,not_lpsm,218000.0,sb,pr,home,1U,1740.0,EXP,543,CIB,to_inst,44.26605505,North,direct,39.0,0.3415384590625763
cf,pre,type1,p3,l1,nopc,nob/c,256500,240.0,not_neg,not_int,not_lpsm,348000.0,sb,pr,home,1U,3000.0,CIB,577,CIB,to_inst,73.70689655,North,direct,45.0,0.11089865863323212
cf,nopre,type1,p3,l1,nopc,nob/c,206500,360.0,not_neg,not_int,not_lpsm,288000.0,sb,pr,home,1U,6900.0,CIB,792,CIB,to_inst,71.70138889,south,direct,23.0,0.059588298201560974
cf,nopre,type2,p1,l2,nopc,b/c,216500,360.0,not_neg,not_int,not_lpsm,218000.0,sb,pr,home,1U,3060.0,CIB,820,CIB,to_inst,99.31192661,south,direct,43.0,0.11089865863323212
cf,nopre,type1,p3,l1,nopc,nob/c,216500,240.0,not_neg,not_int,not_lpsm,268000.0,sb,pr,home,1U,8460.0,EXP,884,EXP,to_inst,80.78358209,south,direct,36.0,0.06766917556524277
cf,nopre,type1,p1,l1,nopc,nob/c,366500,360.0,not_neg,not_int,not_lpsm,488000.0,sb,ir,home,2U,36000.0,EXP,537,EXP,not_inst,75.10245902,North,direct,41.0,0.055727552622556686
ncf,pre,type2,p3,l1,nopc,b/c,266500,360.0,not_neg,not_int,not_lpsm,308000.0,sb,pr,home,1U,4320.0,CIB,559,CIB,to_inst,86.52597403,south,direct,58.0,0.24460431933403015
cf,nopre,type2,p3,l1,nopc,b/c,96500,360.0,neg_amm,not_int,not_lpsm,128000.0,sb,pr,home,1U,1080.0,CIB,766,CIB,to_inst,75.390625,south,direct,48.0,0.44999998807907104
ncf,nopre,type1,p3,l1,nopc,nob/c,866500,360.0,not_neg,not_int,not_lpsm,1708000.0,sb,pr,home,1U,4200.0,CRIF,665,CIB,to_inst,50.73185012,North,direct,20.0,0.9869565367698669
cf,nopre,type1,p4,l1,nopc,nob/c,336500,360.0,not_neg,not_int,not_lpsm,2708000.0,sb,pr,home,1U,12480.0,CIB,757,EXP,to_inst,12.42614476,south,direct,6.0,0.10782501846551895
cf,nopre,type1,p4,l1,nopc,nob/c,666500,360.0,not_neg,not_int,not_lpsm,748000.0,sb,pr,home,1U,7500.0,CRIF,515,CIB,not_inst,89.10427807,North,direct,43.0,0.04065827652812004
cf,nopre,type1,p3,l1,nopc,nob/c,276500,360.0,not_neg,not_int,not_lpsm,468000.0,sb,pr,home,1U,2580.0,EXP,714,CIB,to_inst,59.08119658,south,direct,49.0,0.19203747808933258
cf,nopre,type3,p1,l1,nopc,nob/c,146500,360.0,not_neg,not_int,not_lpsm,148000.0,sb,pr,home,1U,3960.0,EXP,703,CIB,to_inst,98.98648649,North,direct,47.0,0.14369073510169983
cf,nopre,type1,p4,l1,nopc,nob/c,196500,300.0,not_neg,not_int,lpsm,268000.0,sb,ir,home,1U,16500.0,EXP,842,EXP,to_inst,73.32089552,south,direct,45.0,0.8414633870124817
cf,nopre,type2,p1,l1,nopc,b/c,456500,360.0,not_neg,not_int,not_lpsm,468000.0,sb,pr,home,1U,6480.0,EXP,742,EXP,to_inst,97.54273504,south,direct,41.0,0.1839258074760437
cf,nopre,type1,p4,l1,nopc,nob/c,356500,360.0,neg_amm,not_int,not_lpsm,728000.0,sb,pr,home,1U,4740.0,CRIF,655,CIB,not_inst,48.96978022,central,direct,49.0,0.16867469251155853
cf,pre,type1,p1,l1,nopc,nob/c,636500,360.0,not_neg,not_int,not_lpsm,798000.0,sb,pr,home,1U,12720.0,CIB,861,CIB,not_inst,79.76190476,North,direct,35.0,0.02772643230855465
cf,nopre,type2,p4,l1,nopc,b/c,96500,240.0,not_neg,not_int,not_lpsm,98000.0,sb,pr,home,1U,7020.0,CRIF,596,CIB,to_inst,98.46938776,North,direct,30.0,0.4184100329875946
cf,nopre,type1,p4,l2,nopc,nob/c,186500,360.0,not_neg,not_int,not_lpsm,268000.0,sb,pr,home,1U,6480.0,CIB,578,CIB,to_inst,69.58955224,south,direct,42.0,0.06766917556524277
cf,nopre,type1,p4,l1,nopc,nob/c,436500,360.0,neg_amm,not_int,not_lpsm,598000.0,sb,ir,home,1U,16560.0,CIB,639,CIB,not_inst,72.99331104,south,direct,36.0,0.11089865863323212
cf,nopre,type1,p2,l1,nopc,nob/c,136500,360.0,not_neg,not_int,not_lpsm,268000.0,sb,pr,home,1U,3900.0,CIB,853,CIB,to_inst,50.93283582,central,direct,41.0,0.14369073510169983
cf,nopre,type1,p4,l1,nopc,nob/c,616500,360.0,not_neg,not_int,not_lpsm,728000.0,sb,pr,home,1U,7140.0,CRIF,782,CIB,not_inst,84.68406593,south,direct,46.0,0.059588298201560974
cf,pre,type1,p1,l1,nopc,nob/c,346500,360.0,not_neg,not_int,not_lpsm,498000.0,sb,pr,home,1U,3540.0,EXP,820,CIB,to_inst,69.57831325,North,direct,45.0,0.059588298201560974
,pre,type1,p1,l1,nopc,nob/c,156500,360.0,not_neg,not_int,not_lpsm,158000.0,sb,pr,home,1U,2460.0,CIB,568,CIB,to_inst,99.05063291,central,direct,38.0,0.11276596039533615
cf,nopre,type1,p4,l1,nopc,nob/c,446500,324.0,not_neg,not_int,not_lpsm,808000.0,sb,pr,home,1U,5340.0,CRIF,709,EXP,to_inst,55.25990099,south,direct,42.0,0.059588298201560974
cf,pre,type1,p1,l1,nopc,nob/c,206500,360.0,not_neg,not_int,lpsm,208000.0,sb,pr,home,1U,4020.0,CIB,873,CIB,to_inst,99.27884615,south,direct,39.0,0.5
cf,nopre,type1,p1,l1,nopc,nob/c,426500,360.0,not_neg,not_int,not_lpsm,538000.0,sb,pr,home,1U,6300.0,CIB,745,CIB,not_inst,79.27509294,North,direct,37.0,0.03455149382352829
cf,nopre,type2,p3,l1,nopc,b/c,86500,360.0,not_neg,not_int,not_lpsm,168000.0,sb,pr,home,1U,4260.0,EXP,710,CIB,to_inst,51.48809524,North,direct,31.0,0.11089865863323212
cf,pre,type1,p1,l1,nopc,nob/c,106500,360.0,neg_amm,not_int,not_lpsm,138000.0,sb,pr,home,1U,2040.0,EXP,735,EXP,to_inst,77.17391304,North,direct,48.0,0.059588298201560974
cf,pre,type1,p1,l1,nopc,nob/c,126500,360.0,neg_amm,not_int,not_lpsm,178000.0,sb,pr,home,1U,5760.0,CRIF,665,CIB,to_inst,71.06741573,south,direct,23.0,0.06420404464006424
cf,nopre,type1,p3,l1,nopc,nob/c,276500,360.0,not_neg,not_int,not_lpsm,388000.0,sb,pr,home,1U,4560.0,CRIF,545,CIB,to_inst,71.2628866,North,direct,40.0,0.0861159935593605
cf,pre,type1,p1,l1,nopc,nob/c,276500,360.0,not_neg,not_int,not_lpsm,358000.0,sb,pr,home,1U,5520.0,CIB,868,CIB,to_inst,77.23463687,south,direct,48.0,0.05779334530234337
cf,nopre,type1,p3,l1,nopc,nob/c,656500,360.0,not_neg,not_int,not_lpsm,1008000.0,sb,ir,home,1U,10860.0,CRIF,794,EXP,not_inst,65.12896825,south,direct,26.0,0.10782501846551895
cf,nopre,type1,p1,l1,nopc,nob/c,96500,360.0,neg_amm,not_int,not_lpsm,98000.0,sb,pr,home,1U,3960.0,CRIF,673,CIB,to_inst,98.46938776,south,direct,25.0,0.5465116500854492
cf,nopre,type1,p3,l1,nopc,nob/c,486500,348.0,not_neg,not_int,not_lpsm,628000.0,sb,pr,home,1U,8760.0,EXP,803,CIB,to_inst,77.46815287,North,direct,33.0,0.10782501846551895
cf,nopre,type1,p4,l1,nopc,nob/c,256500,180.0,not_neg,not_int,not_lpsm,328000.0,sb,pr,home,1U,12240.0,CRIF,574,CIB,to_inst,78.20121951,south,direct,18.0,0.0861159935593605
cf,pre,type1,p4,l1,nopc,nob/c,466500,360.0,not_neg,not_int,not_lpsm,938000.0,sb,pr,home,1U,6180.0,CRIF,764,EXP,not_inst,49.73347548,south,direct,44.0,0.0363101065158844
cf,nopre,type1,p1,l1,nopc,nob/c,486500,360.0,not_neg,not_int,not_lpsm,538000.0,sb,pr,home,1U,6360.0,EXP,695,EXP,to_inst,90.42750929,south,direct,30.0,0.14369073510169983
cf,nopre,type1,p2,l1,nopc,nob/c,186500,180.0,not_neg,not_int,not_lpsm,1408000.0,sb,pr,home,1U,12480.0,CIB,559,EXP,to_inst,13.24573864,south,direct,23.0,0.06766917556524277
cf,nopre,type1,p4,l1,nopc,nob/c,306500,180.0,not_neg,not_int,not_lpsm,548000.0,sb,ir,home,1U,23640.0,EXP,886,EXP,not_inst,55.93065693,North,direct,24.0,0.05779334530234337
ncf,nopre,type1,p4,l1,nopc,nob/c,616500,360.0,not_neg,int_only,not_lpsm,828000.0,sb,pr,home,1U,8160.0,EXP,519,CIB,to_inst,74.45652174,south,direct,42.0,0.3913043439388275
cf,nopre,type1,p4,l1,nopc,nob/c,306500,360.0,not_neg,not_int,lpsm,328000.0,sb,pr,home,1U,6720.0,EXP,746,CIB,to_inst,93.44512195,North,direct,49.0,0.9869565367698669
cf,nopre,type2,p3,l1,nopc,b/c,456500,360.0,not_neg,not_int,not_lpsm,548000.0,sb,pr,home,1U,7800.0,EXP,601,EXP,not_inst,83.30291971,North,direct,43.0,0.06766917556524277
cf,nopre,type2,p1,l1,nopc,b/c,346500,360.0,not_neg,not_int,not_lpsm,358000.0,sb,pr,home,1U,4980.0,CRIF,732,CIB,not_inst,96.7877095,North,direct,39.0,0.10782501846551895
cf,nopre,type1,p3,l1,nopc,nob/c,106500,240.0,not_neg,not_int,not_lpsm,208000.0,sb,pr,home,1U,2040.0,CIB,651,CIB,to_inst,51.20192308,central,direct,37.0,0.11089865863323212
cf,nopre,type1,p3,l1,nopc,nob/c,486500,360.0,not_neg,not_int,not_lpsm,758000.0,sb,pr,home,1U,8160.0,EXP,770,EXP,not_inst,64.18205805,south,direct,43.0,0.03455149382352829
cf,nopre,type1,p3,l1,nopc,nob/c,166500,360.0,not_neg,not_int,not_lpsm,228000.0,sb,pr,home,1U,5400.0,CIB,589,CIB,to_inst,73.02631579,North,direct,31.0,0.06766917556524277
cf,nopre,type1,p1,l1,nopc,nob/c,366500,360.0,not_neg,not_int,not_lpsm,428000.0,sb,pr,home,1U,3840.0,EXP,792,CIB,not_inst,85.63084112,North,direct,44.0,0.059588298201560974
ncf,pre,type1,p3,l1,nopc,nob/c,466500,360.0,not_neg,not_int,not_lpsm,778000.0,sb,ir,home,1U,13200.0,CIB,867,EXP,not_inst,59.96143959,south,direct,38.0,0.0861159935593605
cf,nopre,type1,p1,l1,nopc,nob/c,456500,360.0,not_neg,not_int,not_lpsm,568000.0,sb,pr,home,1U,5160.0,EXP,756,CIB,not_inst,80.36971831,south,direct,46.0,0.04065827652812004
cf,nopre,type1,p1,l1,nopc,nob/c,356500,180.0,not_neg,not_int,not_lpsm,398000.0,sb,pr,home,1U,5940.0,CRIF,737,CIB,to_inst,89.57286432,North,direct,39.0,0.1839258074760437
cf,nopre,type1,p3,l1,nopc,nob/c,206500,360.0,not_neg,not_int,not_lpsm,268000.0,sb,pr,home,1U,3600.0,EXP,524,CIB,to_inst,77.05223881,North,direct,40.0,0.10782501846551895
cf,pre,type1,p1,l1,nopc,nob/c,476500,360.0,not_neg,not_int,not_lpsm,498000.0,sb,pr,home,1U,20220.0,EXP,529,EXP,to_inst,95.68273092,North,direct,22.0,0.055727552622556686
cf,nopre,type1,p4,l2,nopc,nob/c,116500,240.0,not_neg,not_int,not_lpsm,368000.0,sb,pr,home,1U,4920.0,EXP,818,CIB,to_inst,31.6576087,North,direct,38.0,0.1034482792019844
cf,nopre,type1,p4,l1,nopc,nob/c,186500,300.0,not_neg,int_only,not_lpsm,178000.0,sb,pr,home,1U,4560.0,CIB,640,EXP,to_inst,104.7752809,south,direct,27.0,0.9899497628211975
cf,nopre,type1,p3,l2,nopc,nob/c,206500,360.0,not_neg,not_int,not_lpsm,288000.0,sb,pr,home,1U,2760.0,CIB,790,CIB,to_inst,71.70138889,south,direct,44.0,0.059588298201560974
cf,nopre,type3,p1,l1,nopc,nob/c,356500,360.0,not_neg,not_int,not_lpsm,348000.0,sb,pr,home,1U,5460.0,CIB,886,EXP,not_inst,102.4425287,south,direct,25.0,0.11276596039533615
cf,nopre,type1,p3,l1,nopc,nob/c,146500,360.0,not_neg,not_int,not_lpsm,208000.0,sb,pr,home,1U,2760.0,EXP,697,CIB,to_inst,70.43269231,south,direct,38.0,0.10782501846551895
cf,nopre,type2,p2,l1,nopc,b/c,146500,360.0,not_neg,not_int,not_lpsm,188000.0,sb,pr,home,1U,5400.0,CIB,763,EXP,to_inst,77.92553191,North,direct,8.0,0.24460431933403015
cf,nopre,type1,p4,l1,nopc,nob/c,366500,360.0,not_neg,not_int,not_lpsm,678000.0,sb,pr,home,1U,33900.0,CIB,546,CIB,not_inst,54.0560472,North,direct,5.0,0.055727552622556686
cf,nopre,type1,p4,l1,nopc,nob/c,366500,180.0,not_neg,not_int,not_lpsm,858000.0,sb,pr,home,1U,13320.0,CRIF,781,EXP,not_inst,42.71561772,south,direct,22.0,0.02772643230855465
cf,nopre,type2,p3,l1,nopc,b/c,236500,360.0,not_neg,int_only,not_lpsm,268000.0,sb,pr,home,1U,2880.0,CIB,671,EXP,to_inst,88.24626866,North,direct,41.0,0.3415384590625763
cf,nopre,type2,p3,l1,nopc,b/c,196500,360.0,not_neg,not_int,not_lpsm,238000.0,sb,pr,home,1U,5400.0,CIB,729,CIB,to_inst,82.56302521,south,direct,46.0,0.17307692766189575
cf,nopre,type1,p1,l1,nopc,nob/c,446500,360.0,neg_amm,not_int,not_lpsm,568000.0,sb,pr,home,1U,6360.0,CIB,869,EXP,not_inst,78.60915493,North,direct,43.0,0.0861159935593605
cf,nopre,type1,p4,l1,nopc,nob/c,466500,360.0,not_neg,not_int,not_lpsm,528000.0,sb,pr,home,1U,6480.0,CIB,603,CIB,not_inst,88.35227273,North,direct,42.0,0.0363101065158844
cf,nopre,type1,p3,l1,nopc,nob/c,306500,360.0,not_neg,int_only,not_lpsm,468000.0,sb,pr,home,1U,3540.0,EXP,857,CIB,to_inst,65.49145299,North,direct,44.0,0.10782501846551895
ncf,pre,type1,p1,l1,nopc,nob/c,236500,324.0,neg_amm,not_int,not_lpsm,338000.0,sb,pr,home,1U,5100.0,CIB,832,EXP,to_inst,69.9704142,North,direct,41.0,0.04065827652812004
cf,pre,type1,p1,l1,nopc,nob/c,106500,360.0,not_neg,not_int,not_lpsm,118000.0,sb,pr,home,1U,3480.0,CIB,698,CIB,to_inst,90.25423729,North,direct,32.0,0.05779334530234337
cf,nopre,type1,p1,l1,nopc,nob/c,86500,180.0,neg_amm,not_int,not_lpsm,108000.0,sb,sr,home,1U,7800.0,CRIF,786,CIB,to_inst,80.09259259,south,direct,32.0,0.4883720874786377
cf,nopre,type2,p1,l2,nopc,b/c,186500,360.0,not_neg,not_int,not_lpsm,188000.0,sb,pr,home,1U,4740.0,EXP,506,EXP,to_inst,99.20212766,North,direct,51.0,0.0861159935593605
cf,nopre,type1,p1,l2,nopc,nob/c,136500,360.0,not_neg,not_int,not_lpsm,188000.0,sb,sr,home,1U,3600.0,CIB,704,EXP,to_inst,72.60638298,North,direct,41.0,0.0363101065158844
,nopre,type1,p4,l1,nopc,nob/c,266500,360.0,neg_amm,not_int,not_lpsm,508000.0,sb,pr,home,1U,2580.0,CRIF,867,EXP,to_inst,52.46062992,North,direct,28.0,0.6666666865348816
cf,pre,type1,p3,l1,nopc,nob/c,126500,180.0,not_neg,not_int,not_lpsm,198000.0,sb,ir,home,1U,6300.0,CRIF,719,EXP,to_inst,63.88888889,south,direct,46.0,0.14369073510169983
cf,nopre,type1,p4,l1,nopc,nob/c,246500,324.0,not_neg,not_int,not_lpsm,338000.0,sb,pr,home,1U,5220.0,CIB,783,CIB,to_inst,72.92899408,south,direct,31.0,0.059588298201560974
cf,nopre,type1,p4,l1,nopc,nob/c,366500,180.0,not_neg,not_int,not_lpsm,2128000.0,sb,pr,home,1U,14940.0,CIB,558,EXP,not_inst,17.22274436,south,direct,29.0,0.03435804694890976
cf,nopre,type2,p1,l1,nopc,b/c,276500,360.0,not_neg,not_int,not_lpsm,278000.0,sb,pr,home,1U,5640.0,EXP,846,EXP,to_inst,99.46043165,central,direct,53.0,0.19203747808933258
cf,nopre,type1,p4,l1,nopc,nob/c,306500,360.0,not_neg,not_int,not_lpsm,608000.0,sb,pr,home,1U,6300.0,CIB,664,CIB,not_inst,50.41118421,south,direct,22.0,0.03455149382352829
cf,pre,type1,p4,l1,nopc,nob/c,676500,360.0,not_neg,not_int,not_lpsm,1008000.0,sb,pr,home,1U,9240.0,CRIF,760,EXP,to_inst,67.11309524,North,direct,31.0,0.05779334530234337
cf,nopre,type1,p2,l1,nopc,nob/c,306500,360.0,not_neg,not_int,not_lpsm,488000.0,sb,ir,home,1U,5040.0,CIB,511,CIB,not_inst,62.80737705,south,direct,44.0,0.059588298201560974
cf,nopre,type3,p1,l1,nopc,nob/c,236500,360.0,not_neg,not_int,not_lpsm,238000.0,sb,pr,home,1U,4920.0,EXP,726,EXP,to_inst,99.3697479,central,direct,46.0,0.11089865863323212
cf,nopre,type1,p1,l1,nopc,nob/c,196500,360.0,not_neg,not_int,not_lpsm,238000.0,sb,sr,home,1U,5400.0,CRIF,591,EXP,to_inst,82.56302521,North,direct,35.0,0.11276596039533615
cf,nopre,type1,p3,l1,nopc,nob/c,376500,360.0,not_neg,not_int,not_lpsm,808000.0,sb,pr,home,1U,5940.0,CRIF,876,CIB,to_inst,46.59653465,south,direct,36.0,0.0861159935593605
cf,nopre,type1,p4,l1,nopc,nob/c,136500,360.0,not_neg,not_int,not_lpsm,208000.0,sb,pr,home,1U,3120.0,CIB,821,EXP,to_inst,65.625,south,direct,21.0,0.10782501846551895
cf,nopre,type1,p1,l1,nopc,nob/c,456500,360.0,not_neg,not_int,not_lpsm,578000.0,sb,pr,home,1U,5820.0,CIB,522,CIB,not_inst,78.97923875,North,direct,47.0,0.0363101065158844
cf,nopre,type1,p3,l1,nopc,nob/c,196500,180.0,not_neg,not_int,not_lpsm,338000.0,sb,pr,home,1U,5100.0,CRIF,893,CIB,to_inst,58.13609467,North,direct,35.0,0.05000000074505806
cf,nopre,type1,p1,l1,nopc,nob/c,316500,360.0,not_neg,not_int,not_lpsm,398000.0,sb,pr,home,1U,1980.0,CRIF,627,EXP,to_inst,79.52261307,North,direct,46.0,0.4184100329875946
ncf,nopre,type1,p4,l1,nopc,nob/c,766500,360.0,not_neg,not_int,not_lpsm,1708000.0,sb,pr,home,1U,19680.0,CRIF,798,CIB,to_inst,44.87704918,south,direct,28.0,0.3415384590625763
cf,nopre,type3,p3,l1,nopc,nob/c,256500,240.0,not_neg,int_only,not_lpsm,368000.0,sb,pr,home,1U,2880.0,CIB,840,EXP,to_inst,69.70108696,south,direct,49.0,0.14369073510169983
cf,nopre,type2,p4,l1,nopc,b/c,336500,360.0,not_neg,not_int,not_lpsm,388000.0,sb,pr,home,1U,3780.0,CIB,580,CIB,not_inst,86.72680412,North,direct,50.0,0.24460431933403015
ncf,nopre,type1,p4,l1,nopc,nob/c,426500,360.0,not_neg,not_int,not_lpsm,548000.0,sb,pr,home,1U,6900.0,CRIF,717,EXP,to_inst,77.82846715,south,direct,36.0,0.0861159935593605
cf,nopre,type1,p1,l1,nopc,nob/c,236500,360.0,not_neg,not_int,not_lpsm,338000.0,sb,pr,home,1U,7860.0,CIB,736,EXP,to_inst,69.9704142,North,direct,25.0,0.0363101065158844
cf,nopre,type1,p3,l1,nopc,nob/c,426500,360.0,not_neg,not_int,not_lpsm,648000.0,sb,pr,home,1U,4620.0,CIB,854,EXP,to_inst,65.81790123,south,direct,40.0,0.06420404464006424
ncf,pre,type1,p1,l1,nopc,nob/c,216500,360.0,not_neg,not_int,not_lpsm,368000.0,sb,pr,home,1U,5580.0,CRIF,885,CIB,not_inst,58.83152174,south,direct,35.0,0.04065827652812004
cf,nopre,type1,p3,l1,nopc,nob/c,366500,240.0,not_neg,not_int,not_lpsm,928000.0,sb,pr,home,1U,9900.0,CRIF,693,EXP,to_inst,39.49353448,North,direct,39.0,0.0363101065158844
cf,nopre,type2,p3,l1,nopc,b/c,176500,360.0,neg_amm,not_int,not_lpsm,358000.0,sb,pr,home,1U,2580.0,CIB,688,CIB,to_inst,49.30167598,North,direct,54.0,0.6666666865348816
cf,pre,type1,p1,l1,nopc,nob/c,176500,360.0,not_neg,not_int,not_lpsm,218000.0,sb,pr,home,1U,4380.0,CRIF,836,EXP,to_inst,80.96330275,south,direct,25.0,0.0861159935593605
cf,nopre,type2,p3,l1,nopc,b/c,176500,360.0,not_neg,not_int,not_lpsm,218000.0,sb,pr,home,1U,2220.0,CRIF,828,CIB,to_inst,80.96330275,North,direct,41.0,0.1839258074760437
cf,nopre,type1,p1,l1,nopc,nob/c,636500,360.0,not_neg,not_int,not_lpsm,718000.0,sb,pr,home,1U,8400.0,EXP,508,CIB,not_inst,88.64902507,North,direct,38.0,0.03455149382352829
cf,nopre,type2,p3,l1,nopc,b/c,166500,360.0,not_neg,not_int,not_lpsm,218000.0,sb,pr,home,1U,2880.0,CIB,672,CIB,to_inst,76.37614679,south,direct,49.0,0.19203747808933258
cf,nopre,type1,p1,l1,nopc,nob/c,126500,360.0,neg_amm,not_int,not_lpsm,138000.0,sb,pr,home,1U,2040.0,CRIF,573,CIB,to_inst,91.66666667,south,direct,42.0,0.4184100329875946
ncf,nopre,type1,p3,l2,opc,nob/c,506500,360.0,not_neg,int_only,not_lpsm,4108000.0,sb,pr,home,1U,47880.0,CIB,859,EXP,to_inst,12.32960078,North,direct,30.0,0.11089865863323212
cf,nopre,type1,p4,l1,nopc,nob/c,196500,360.0,not_neg,not_int,not_lpsm,178000.0,sb,pr,home,1U,5100.0,CIB,706,EXP,to_inst,110.3932584,North,direct,46.0,0.9899497628211975
cf,pre,type1,p2,l1,nopc,nob/c,76500,360.0,not_neg,not_int,not_lpsm,138000.0,sb,ir,home,1U,10080.0,CIB,561,EXP,to_inst,55.43478261,North,direct,40.0,0.11276596039533615
cf,nopre,type1,p3,l1,nopc,nob/c,286500,360.0,not_neg,not_int,not_lpsm,378000.0,sb,ir,home,1U,10440.0,EXP,519,EXP,to_inst,75.79365079,south,direct,44.0,0.14369073510169983
cf,nopre,type1,p3,l1,nopc,nob/c,196500,360.0,not_neg,not_int,not_lpsm,328000.0,sb,pr,home,1U,2520.0,CRIF,843,CIB,to_inst,59.90853659,North,direct,44.0,0.0861159935593605
cf,nopre,type1,p3,l1,nopc,nob/c,406500,360.0,not_neg,not_int,not_lpsm,538000.0,sb,pr,home,1U,7320.0,CIB,571,EXP,to_inst,75.55762082,central,direct,49.0,0.14369073510169983
cf,nopre,type1,p3,l1,nopc,nob/c,486500,360.0,neg_amm,not_int,not_lpsm,788000.0,sb,pr,home,1U,7260.0,CIB,829,EXP,not_inst,61.73857868,North,direct,25.0,0.11089865863323212
cf,pre,type1,p3,l1,nopc,nob/c,406500,360.0,neg_amm,not_int,not_lpsm,508000.0,sb,pr,home,1U,12780.0,CIB,679,EXP,to_inst,80.01968504,south,direct,33.0,0.10782501846551895
cf,nopre,type1,p4,l1,nopc,nob/c,646500,360.0,not_neg,not_int,not_lpsm,1358000.0,sb,pr,home,1U,11760.0,EXP,772,CIB,to_inst,47.60677467,North,direct,45.0,0.11089865863323212
cf,nopre,type1,p3,l1,nopc,nob/c,136500,180.0,not_neg,int_only,not_lpsm,168000.0,sb,pr,home,1U,4620.0,CIB,575,CIB,to_inst,81.25,south,direct,38.0,0.14369073510169983
ncf,nopre,type3,p3,l1,nopc,nob/c,486500,360.0,not_neg,not_int,not_lpsm,728000.0,sb,pr,home,1U,2880.0,CIB,614,CIB,to_inst,66.82692308,North,direct,37.0,0.7142857313156128
cf,nopre,type1,p4,l1,nopc,nob/c,446500,360.0,not_neg,not_int,not_lpsm,988000.0,sb,pr,home,1U,10080.0,CRIF,631,EXP,not_inst,45.19230769,south,direct,26.0,0.03435804694890976
cf,nopre,type1,p4,l1,nopc,nob/c,556500,360.0,not_neg,int_only,not_lpsm,808000.0,sb,pr,home,1U,5520.0,CIB,649,EXP,not_inst,68.87376238,south,direct,57.0,0.7596899271011353
cf,nopre,type1,p3,l1,nopc,nob/c,526500,180.0,neg_amm,not_int,not_lpsm,708000.0,sb,ir,home,1U,9780.0,CRIF,700,EXP,to_inst,74.36440678,south,direct,59.0,0.9869565367698669
cf,nopre,type1,p4,l1,nopc,nob/c,516500,180.0,not_neg,not_int,not_lpsm,988000.0,sb,pr,home,1U,34920.0,CIB,551,EXP,not_inst,52.27732794,North,direct,7.0,0.03455149382352829
cf,pre,type1,p1,l1,nopc,nob/c,296500,360.0,not_neg,not_int,not_lpsm,358000.0,sb,pr,home,1U,5760.0,CRIF,899,CIB,to_inst,82.82122905,south,direct,27.0,0.06420404464006424
cf,nopre,type1,p4,l1,nopc,nob/c,286500,180.0,not_neg,not_int,not_lpsm,328000.0,sb,pr,home,1U,10380.0,EXP,857,CIB,to_inst,87.34756098,south,direct,26.0,0.14369073510169983
cf,nopre,type1,p1,l1,nopc,nob/c,106500,360.0,not_neg,not_int,lpsm,128000.0,sb,pr,home,1U,2100.0,CRIF,560,CIB,to_inst,83.203125,North,direct,34.0,0.6666666865348816
cf,nopre,type1,p1,l1,nopc,nob/c,106500,360.0,not_neg,not_int,not_lpsm,218000.0,sb,pr,home,1U,2640.0,EXP,666,EXP,to_inst,48.85321101,North,direct,37.0,0.10782501846551895
cf,nopre,type1,p3,l1,nopc,nob/c,286500,360.0,not_neg,not_int,not_lpsm,578000.0,sb,pr,home,1U,3420.0,CRIF,698,CIB,to_inst,49.56747405,south,direct,43.0,0.10782501846551895
cf,nopre,type1,p3,l2,nopc,nob/c,126500,360.0,not_neg,not_int,not_lpsm,158000.0,sb,pr,home,1U,2040.0,EXP,800,EXP,to_inst,80.06329114,North,direct,46.0,0.0861159935593605
cf,nopre,type1,p1,l1,nopc,nob/c,306500,360.0,not_neg,not_int,not_lpsm,328000.0,sb,pr,home,1U,3300.0,CIB,825,CIB,to_inst,93.44512195,south,direct,49.0,0.24460431933403015
cf,nopre,type1,p3,l1,nopc,nob/c,386500,360.0,not_neg,int_only,not_lpsm,488000.0,sb,pr,home,1U,4680.0,CRIF,691,EXP,to_inst,79.20081967,south,direct,39.0,0.11089865863323212
cf,nopre,type1,p3,l1,nopc,nob/c,366500,360.0,not_neg,not_int,not_lpsm,458000.0,sb,pr,home,1U,7200.0,CIB,745,CIB,to_inst,80.02183406,south,direct,41.0,0.11089865863323212
cf,pre,type1,p1,l1,nopc,nob/c,266500,360.0,not_neg,not_int,not_lpsm,298000.0,sb,sr,home,1U,9060.0,EXP,716,EXP,to_inst,89.4295302,south,direct,46.0,0.059588298201560974
cf,nopre,type1,p3,l1,nopc,nob/c,646500,360.0,neg_amm,not_int,not_lpsm,868000.0,sb,ir,home,1U,11520.0,CIB,789,CIB,not_inst,74.48156682,south,direct,49.0,0.24460431933403015
cf,nopre,type1,p1,l1,nopc,nob/c,266500,360.0,not_neg,not_int,not_lpsm,288000.0,sb,pr,home,1U,6300.0,CRIF,727,CIB,not_inst,92.53472222,North,direct,35.0,0.0363101065158844
cf,,type1,p1,l1,nopc,nob/c,346500,360.0,not_neg,int_only,not_lpsm,368000.0,sb,pr,home,1U,7500.0,CRIF,602,CIB,not_inst,94.1576087,North,direct,47.0,0.0363101065158844
cf,nopre,type1,p4,l1,nopc,nob/c,156500,180.0,not_neg,not_int,not_lpsm,238000.0,sb,pr,home,1U,6060.0,EXP,714,EXP,to_inst,65.75630252,south,direct,20.0,0.05779334530234337
cf,nopre,type1,p1,l1,nopc,nob/c,216500,360.0,not_neg,not_int,lpsm,458000.0,sb,sr,home,1U,9540.0,EXP,691,CIB,to_inst,47.27074236,south,direct,36.0,0.6666666865348816
cf,nopre,type1,p4,l1,nopc,nob/c,236500,360.0,not_neg,not_int,not_lpsm,418000.0,sb,pr,home,1U,3240.0,CRIF,639,CIB,not_inst,56.57894737,North,direct,44.0,0.04065827652812004
cf,nopre,type2,p4,l1,nopc,b/c,436500,360.0,not_neg,not_int,not_lpsm,478000.0,sb,pr,home,1U,7080.0,EXP,843,CIB,not_inst,91.31799163,North,direct,39.0,0.0861159935593605
cf,pre,type1,p1,l1,nopc,nob/c,286500,360.0,not_neg,not_int,not_lpsm,328000.0,sb,pr,home,1U,4440.0,CIB,742,EXP,to_inst,87.34756098,North,direct,44.0,0.059588298201560974
cf,nopre,type1,p3,l1,nopc,nob/c,106500,360.0,not_neg,not_int,not_lpsm,138000.0,sb,pr,home,1U,1680.0,EXP,850,CIB,to_inst,77.17391304,North,direct,34.0,0.11089865863323212
cf,nopre,type1,p3,l1,nopc,nob/c,106500,300.0,neg_amm,int_only,not_lpsm,278000.0,sb,pr,home,1U,2340.0,EXP,853,CIB,to_inst,38.30935252,North,direct,42.0,0.24460431933403015
cf,nopre,type1,p3,l1,nopc,nob/c,336500,360.0,not_neg,not_int,not_lpsm,708000.0,sb,pr,home,1U,14100.0,CIB,838,EXP,to_inst,47.52824859,North,direct,37.0,0.04065827652812004
cf,nopre,type2,p4,l1,nopc,b/c,216500,360.0,not_neg,not_int,not_lpsm,248000.0,sb,pr,home,1U,4080.0,EXP,551,CIB,to_inst,87.2983871,south,direct,6.0,0.6666666865348816
,nopre,type1,p3,l1,nopc,nob/c,336500,120.0,not_neg,not_int,not_lpsm,478000.0,sb,pr,home,1U,7440.0,CIB,617,CIB,to_inst,70.39748954,North,direct,41.0,0.04065827652812004
ncf,pre,type3,p1,l1,nopc,nob/c,726500,360.0,not_neg,not_int,not_lpsm,798000.0,sb,pr,home,1U,13080.0,CRIF,748,EXP,to_inst,91.04010025,North,direct,56.0,0.05779334530234337
ncf,pre,type1,p3,l1,nopc,nob/c,146500,360.0,not_neg,not_int,not_lpsm,228000.0,sb,pr,home,1U,3780.0,CIB,509,CIB,to_inst,64.25438596,North,direct,46.0,0.10782501846551895
cf,nopre,type1,p4,l1,nopc,nob/c,166500,360.0,not_neg,not_int,not_lpsm,708000.0,sb,pr,home,1U,3360.0,CIB,716,CIB,to_inst,23.51694915,North,direct,28.0,0.10782501846551895
cf,nopre,type1,p3,l1,nopc,nob/c,106500,360.0,not_neg,not_int,not_lpsm,158000.0,sb,pr,home,1U,1740.0,CIB,767,CIB,to_inst,67.40506329,North,direct,44.0,0.0861159935593605
cf,nopre,type3,p1,l1,nopc,nob/c,556500,360.0,not_neg,not_int,not_lpsm,808000.0,sb,pr,home,1U,8520.0,EXP,896,CIB,not_inst,68.87376238,south,direct,46.0,0.055727552622556686
cf,nopre,type2,p3,l1,nopc,b/c,246500,360.0,not_neg,not_int,not_lpsm,398000.0,sb,pr,home,1U,3180.0,EXP,776,CIB,to_inst,61.93467337,south,direct,38.0,0.27710843086242676
cf,nopre,type1,p4,l1,nopc,nob/c,306500,360.0,not_neg,not_int,not_lpsm,448000.0,sb,pr,home,1U,7860.0,CIB,834,EXP,to_inst,68.41517857,North,direct,22.0,0.03455149382352829
cf,nopre,type1,p3,l1,nopc,nob/c,576500,360.0,neg_amm,not_int,not_lpsm,738000.0,sb,pr,home,1U,9780.0,CRIF,843,CIB,to_inst,78.11653117,North,direct,33.0,0.24460431933403015
cf,nopre,type1,p1,l1,nopc,nob/c,206500,360.0,not_neg,not_int,not_lpsm,218000.0,sb,pr,home,1U,4260.0,CIB,637,EXP,not_inst,94.72477064,North,direct,44.0,0.04065827652812004
cf,nopre,type1,p3,l2,opc,nob/c,126500,360.0,not_neg,int_only,not_lpsm,608000.0,sb,pr,home,1U,10800.0,CIB,838,CIB,to_inst,20.80592105,south,direct,37.0,0.03455149382352829
cf,nopre,type3,p3,l2,nopc,nob/c,196500,360.0,not_neg,not_int,not_lpsm,218000.0,sb,pr,home,1U,3900.0,CRIF,758,EXP,to_inst,90.13761468,central,direct,38.0,0.10782501846551895
cf,pre,type2,p3,l1,nopc,b/c,106500,180.0,not_neg,not_int,not_lpsm,118000.0,sb,pr,home,1U,3240.0,CRIF,823,CIB,to_inst,90.25423729,south,direct,35.0,0.6186440587043762
cf,nopre,type3,p3,l1,nopc,nob/c,146500,360.0,not_neg,not_int,not_lpsm,208000.0,sb,pr,home,1U,1680.0,CIB,767,CIB,to_inst,70.43269231,North,direct,41.0,0.14369073510169983
cf,nopre,type1,p3,l1,nopc,nob/c,266500,360.0,not_neg,int_only,not_lpsm,338000.0,sb,pr,home,1U,10620.0,CRIF,601,CIB,to_inst,78.84615385,North,direct,30.0,0.10144927352666855
cf,nopre,type1,p4,l1,nopc,nob/c,276500,360.0,not_neg,not_int,not_lpsm,398000.0,sb,pr,home,1U,7620.0,EXP,766,EXP,not_inst,69.47236181,North,direct,32.0,0.02139037474989891
cf,nopre,type1,p1,l1,nopc,nob/c,476500,360.0,not_neg,not_int,not_lpsm,598000.0,sb,pr,home,1U,4680.0,EXP,739,CIB,not_inst,79.68227425,south,direct,44.0,0.06420404464006424
cf,nopre,type1,p3,l1,nopc,nob/c,126500,180.0,not_neg,not_int,not_lpsm,218000.0,sb,pr,home,1U,1680.0,CRIF,615,CIB,to_inst,58.02752294,south,direct,48.0,0.19203747808933258
cf,nopre,type1,p3,l1,nopc,nob/c,486500,360.0,not_neg,not_int,not_lpsm,608000.0,sb,pr,home,1U,8580.0,CIB,761,CIB,not_inst,80.01644737,North,direct,20.0,0.059588298201560974
cf,nopre,type3,p3,l1,nopc,nob/c,256500,360.0,not_neg,not_int,not_lpsm,288000.0,sb,pr,home,1U,7860.0,EXP,539,CIB,not_inst,89.0625,North,direct,29.0,0.05779334530234337
cf,nopre,type1,p4,l1,nopc,nob/c,106500,360.0,neg_amm,not_int,not_lpsm,208000.0,sb,pr,home,1U,1920.0,CRIF,836,CIB,to_inst,51.20192308,south,direct,38.0,0.4184100329875946
cf,nopre,type2,p3,l1,nopc,b/c,186500,360.0,not_neg,not_int,not_lpsm,268000.0,sb,pr,home,1U,8160.0,CRIF,544,CIB,to_inst,69.58955224,North,direct,48.0,0.11089865863323212
cf,pre,type1,p3,l1,nopc,nob/c,186500,240.0,not_neg,not_int,not_lpsm,228000.0,sb,pr,home,1U,3840.0,CRIF,652,CIB,to_inst,81.79824561,North,direct,36.0,0.10782501846551895
cf,nopre,type1,p1,l1,nopc,nob/c,406500,360.0,not_neg,not_int,not_lpsm,508000.0,sb,pr,home,1U,7200.0,CIB,578,CIB,not_inst,80.01968504,North,direct,46.0,0.03455149382352829
,nopre,type3,p3,l1,nopc,nob/c,266500,360.0,not_neg,not_int,not_lpsm,268000.0,sb,pr,home,1U,4920.0,CIB,635,CIB,to_inst,99.44029851,central,direct,57.0,0.14369073510169983
cf,nopre,type1,p3,l1,nopc,nob/c,186500,360.0,not_neg,not_int,not_lpsm,318000.0,sb,pr,home,1U,3600.0,CIB,594,EXP,to_inst,58.64779874,central,direct,36.0,0.04065827652812004
cf,nopre,type1,p4,l1,nopc,nob/c,476500,360.0,not_neg,not_int,not_lpsm,618000.0,sb,pr,home,1U,6060.0,CRIF,747,CIB,not_inst,77.10355987,North,direct,42.0,0.03455149382352829
cf,nopre,type1,p1,l1,nopc,nob/c,136500,360.0,not_neg,not_int,not_lpsm,138000.0,sb,pr,home,1U,1860.0,CIB,845,CIB,to_inst,98.91304348,North,direct,37.0,0.19203747808933258
cf,nopre,type1,p4,l1,nopc,nob/c,376500,360.0,not_neg,not_int,not_lpsm,688000.0,sb,pr,home,1U,8760.0,CIB,610,CIB,not_inst,54.72383721,south,direct,26.0,0.02772643230855465
ncf,nopre,type1,p3,l1,nopc,nob/c,756500,360.0,not_neg,not_int,not_lpsm,1338000.0,sb,pr,home,1U,12540.0,EXP,573,CIB,to_inst,56.53961136,south,direct,37.0,0.4184100329875946
cf,nopre,type1,p4,l1,nopc,nob/c,606500,360.0,not_neg,not_int,not_lpsm,718000.0,sb,pr,home,1U,11760.0,CIB,721,CIB,not_inst,84.47075209,North,direct,22.0,0.03455149382352829
cf,nopre,type1,p1,l1,nopc,nob/c,326500,360.0,not_neg,not_int,not_lpsm,338000.0,sb,pr,home,1U,4800.0,CRIF,738,CIB,to_inst,96.59763314,North,direct,41.0,0.17307692766189575
cf,nopre,type1,p1,l1,nopc,nob/c,446500,360.0,not_neg,not_int,not_lpsm,558000.0,sb,pr,home,1U,6420.0,CIB,593,CIB,not_inst,80.01792115,North,direct,42.0,0.03435804694890976
cf,pre,type1,p1,l1,nopc,nob/c,456500,360.0,neg_amm,not_int,not_lpsm,478000.0,sb,pr,home,1U,7500.0,CRIF,632,CIB,to_inst,95.50209205,North,direct,37.0,0.03455149382352829
cf,nopre,type3,p3,l1,nopc,nob/c,116500,360.0,not_neg,not_int,not_lpsm,168000.0,sb,pr,home,1U,3120.0,EXP,528,CIB,to_inst,69.3452381,North,direct,36.0,0.11089865863323212
cf,nopre,type1,p4,l1,nopc,nob/c,436500,360.0,not_neg,not_int,not_lpsm,728000.0,sb,pr,home,1U,7140.0,EXP,636,EXP,to_inst,59.95879121,North,direct,20.0,0.05779334530234337
cf,nopre,type1,p1,l2,nopc,nob/c,206500,360.0,not_neg,not_int,not_lpsm,238000.0,sb,pr,home,1U,3600.0,CRIF,554,CIB,to_inst,86.76470588,North,direct,44.0,0.06420404464006424
cf,nopre,type1,p1,l1,nopc,nob/c,316500,360.0,not_neg,not_int,not_lpsm,518000.0,sb,sr,home,1U,,EXP,755,CIB,to_inst,61.1003861,North,direct,31.0,0.10782501846551895
cf,nopre,type1,p4,l1,nopc,nob/c,206500,360.0,not_neg,not_int,not_lpsm,328000.0,sb,pr,home,1U,3060.0,EXP,756,EXP,not_inst,62.95731707,North,direct,37.0,0.04065827652812004
cf,nopre,type1,p4,l1,nopc,nob/c,616500,360.0,not_neg,not_int,not_lpsm,858000.0,sb,pr,home,1U,8880.0,CIB,836,EXP,not_inst,71.85314685,North,direct,44.0,0.03455149382352829
cf,pre,type1,p1,l1,nopc,nob/c,456500,360.0,not_neg,not_int,not_lpsm,608000.0,sb,sr,home,1U,22800.0,CIB,613,CIB,not_inst,75.08223684,North,direct,38.0,0.03455149382352829
cf,nopre,type1,p3,l1,nopc,nob/c,426500,360.0,not_neg,not_int,not_lpsm,728000.0,sb,ir,home,1U,11760.0,EXP,886,CIB,not_inst,58.58516484,south,direct,32.0,0.06766917556524277
ncf,nopre,type1,p4,l1,nopc,nob/c,826500,360.0,not_neg,not_int,not_lpsm,1158000.0,sb,pr,home,1U,6120.0,CRIF,693,CIB,not_inst,71.37305699,North,direct,51.0,0.9869565367698669
cf,pre,type1,p3,l1,nopc,nob/c,136500,360.0,not_neg,not_int,not_lpsm,178000.0,sb,pr,home,1U,2040.0,CIB,660,CIB,to_inst,76.68539326,North,direct,43.0,0.11089865863323212
cf,nopre,type1,p3,l1,nopc,nob/c,366500,360.0,not_neg,not_int,not_lpsm,748000.0,sb,pr,home,1U,9060.0,CIB,619,CIB,to_inst,48.9973262,south,direct,23.0,0.06420404464006424
cf,nopre,type2,p3,l1,nopc,b/c,226500,360.0,not_neg,not_int,not_lpsm,278000.0,sb,pr,home,1U,3000.0,EXP,780,CIB,to_inst,81.47482014,North,direct,54.0,0.1839258074760437
cf,nopre,type1,p3,l1,nopc,nob/c,326500,360.0,not_neg,not_int,not_lpsm,418000.0,sb,pr,home,1U,7140.0,CRIF,794,EXP,to_inst,78.11004785,North,direct,47.0,0.10782501846551895
cf,nopre,type1,p1,l1,nopc,nob/c,686500,360.0,not_neg,not_int,not_lpsm,938000.0,sb,pr,home,1U,15000.0,CIB,758,CIB,not_inst,73.18763326,south,direct,26.0,0.03435804694890976
cf,nopre,type1,p3,l1,nopc,nob/c,166500,360.0,not_neg,int_only,not_lpsm,198000.0,sb,pr,home,1U,4860.0,CRIF,558,CIB,to_inst,84.09090909,south,direct,37.0,0.1839258074760437
cf,nopre,type1,p1,l1,nopc,nob/c,376500,360.0,not_neg,not_int,lpsm,398000.0,sb,pr,home,1U,4440.0,CRIF,514,EXP,not_inst,94.59798995,central,direct,45.0,0.4184100329875946
cf,nopre,type1,p4,l1,nopc,nob/c,146500,240.0,not_neg,not_int,not_lpsm,308000.0,sb,pr,home,1U,2760.0,EXP,644,CIB,to_inst,47.56493506,south,direct,40.0,0.10782501846551895
,nopre,type1,p4,l1,nopc,nob/c,486500,360.0,not_neg,not_int,not_lpsm,608000.0,sb,pr,home,1U,9960.0,CIB,694,EXP,not_inst,80.01644737,North,direct,34.0,0.02772643230855465
cf,nopre,type1,p2,l1,nopc,nob/c,106500,360.0,not_neg,not_int,not_lpsm,208000.0,sb,pr,home,1U,2100.0,CRIF,696,CIB,to_inst,51.20192308,south,direct,38.0,0.14369073510169983
cf,nopre,type1,p4,l1,nopc,nob/c,336500,360.0,not_neg,not_int,not_lpsm,1108000.0,sb,pr,home,1U,5100.0,CRIF,719,EXP,not_inst,30.3700361,North,direct,21.0,0.06420404464006424
cf,nopre,type2,p1,l1,nopc,b/c,286500,360.0,not_neg,not_int,not_lpsm,288000.0,sb,pr,home,1U,6960.0,CIB,536,CIB,to_inst,99.47916667,North,direct,24.0,0.24460431933403015
cf,nopre,type1,p3,l1,nopc,nob/c,256500,360.0,not_neg,not_int,not_lpsm,388000.0,sb,pr,home,1U,5340.0,EXP,570,CIB,to_inst,66.10824742,North,direct,36.0,0.059588298201560974
cf,nopre,type1,p4,l1,nopc,nob/c,306500,360.0,not_neg,not_int,not_lpsm,408000.0,sb,pr,home,1U,6300.0,CRIF,650,CIB,to_inst,75.12254902,North,direct,47.0,0.10782501846551895
cf,nopre,type2,p1,l1,nopc,b/c,146500,360.0,neg_amm,not_int,not_lpsm,158000.0,sb,pr,home,1U,3720.0,EXP,558,CIB,to_inst,92.72151899,North,direct,47.0,0.3913043439388275
cf,nopre,type1,p3,l1,nopc,nob/c,296500,360.0,not_neg,not_int,not_lpsm,378000.0,sb,pr,home,1U,4380.0,CIB,614,CIB,not_inst,78.43915344,south,direct,40.0,0.059588298201560974
cf,nopre,type1,p3,l1,nopc,nob/c,316500,180.0,neg_amm,not_int,not_lpsm,428000.0,sb,pr,home,1U,3960.0,EXP,514,EXP,to_inst,73.94859813,North,direct,48.0,0.3415384590625763
cf,nopre,type1,p1,l2,nopc,nob/c,106500,360.0,not_neg,not_int,not_lpsm,408000.0,sb,pr,home,1U,6360.0,EXP,547,CIB,to_inst,26.10294118,North,direct,20.0,0.05779334530234337
cf,pre,type3,p1,l1,nopc,nob/c,126500,360.0,not_neg,not_int,not_lpsm,128000.0,sb,pr,home,1U,1860.0,CRIF,680,CIB,not_inst,98.828125,North,direct,61.0,0.11276596039533615
cf,nopre,type1,p4,l1,nopc,nob/c,106500,360.0,not_neg,not_int,not_lpsm,208000.0,sb,pr,home,1U,600.0,EXP,792,CIB,to_inst,51.20192308,south,direct,13.0,0.9869565367698669
cf,pre,type2,p1,l1,nopc,b/c,176500,360.0,not_neg,not_int,not_lpsm,188000.0,sb,pr,home,1U,2100.0,EXP,859,CIB,not_inst,93.88297872,North,direct,53.0,0.1839258074760437
cf,nopre,type1,p1,l1,nopc,nob/c,406500,360.0,not_neg,not_int,not_lpsm,1078000.0,sb,pr,home,1U,25500.0,EXP,868,EXP,to_inst,37.70871985,south,direct,31.0,0.0861159935593605
cf,nopre,type2,p1,l1,nopc,b/c,146500,360.0,not_neg,not_int,not_lpsm,148000.0,sb,pr,home,1U,2760.0,CRIF,838,CIB,to_inst,98.98648649,North,direct,37.0,0.24460431933403015
cf,pre,type1,p1,l1,nopc,nob/c,406500,360.0,not_neg,not_int,not_lpsm,418000.0,sb,pr,home,1U,10380.0,EXP,878,CIB,to_inst,97.24880383,south,direct,23.0,0.10782501846551895
cf,nopre,type1,p1,l1,nopc,nob/c,106500,360.0,not_neg,not_int,not_lpsm,168000.0,sb,pr,home,1U,3120.0,CRIF,515,EXP,to_inst,63.39285714,south,direct,33.0,0.0861159935593605
cf,nopre,type1,p3,l1,nopc,nob/c,486500,360.0,not_neg,not_int,not_lpsm,908000.0,sb,pr,home,1U,3720.0,EXP,658,EXP,not_inst,53.57929515,North,direct,49.0,0.14369073510169983
cf,nopre,type1,p4,l2,nopc,nob/c,116500,360.0,not_neg,not_int,not_lpsm,168000.0,sb,ir,home,1U,7200.0,CRIF,509,CIB,to_inst,69.3452381,south,direct,41.0,0.11276596039533615
cf,nopre,type1,p3,l1,nopc,nob/c,326500,240.0,not_neg,not_int,not_lpsm,558000.0,sb,pr,home,1U,5880.0,CIB,658,CIB,to_inst,58.5125448,south,direct,44.0,0.0861159935593605
cf,nopre,type1,p3,l1,nopc,nob/c,166500,360.0,not_neg,not_int,not_lpsm,408000.0,sb,pr,home,1U,4860.0,CIB,722,EXP,to_inst,40.80882353,North,direct,43.0,0.055727552622556686
cf,nopre,type3,p3,l1,nopc,nob/c,426500,180.0,not_neg,not_int,not_lpsm,438000.0,sb,pr,home,1U,8940.0,CIB,595,CIB,to_inst,97.37442922,North,direct,57.0,0.1839258074760437
cf,nopre,type1,p1,l1,nopc,nob/c,326500,360.0,not_neg,not_int,not_lpsm,438000.0,sb,pr,home,1U,4380.0,EXP,863,EXP,not_inst,74.543379,North,direct,36.0,0.03455149382352829
cf,nopre,type1,p4,l1,nopc,nob/c,406500,360.0,not_neg,not_int,not_lpsm,1758000.0,sb,pr,home,1U,20580.0,EXP,869,EXP,not_inst,23.12286689,North,direct,19.0,0.03455149382352829
ncf,pre,type3,p1,l1,nopc,nob/c,556500,360.0,not_neg,not_int,not_lpsm,558000.0,sb,pr,home,1U,10140.0,CIB,693,EXP,not_inst,99.7311828,North,direct,30.0,0.0363101065158844
cf,nopre,type1,p3,l1,nopc,nob/c,366500,360.0,not_neg,not_int,not_lpsm,668000.0,sb,pr,home,1U,3540.0,EXP,539,CIB,to_inst,54.86526946,North,direct,37.0,0.10782501846551895
cf,nopre,type1,p4,l1,nopc,nob/c,206500,360.0,not_neg,not_int,not_lpsm,318000.0,sb,pr,home,1U,10980.0,CIB,506,CIB,to_inst,64.93710692,North,direct,5.0,0.04065827652812004
ncf,nopre,type1,p3,l1,nopc,nob/c,256500,360.0,not_neg,not_int,not_lpsm,348000.0,sb,pr,home,1U,5940.0,EXP,717,EXP,to_inst,73.70689655,central,direct,44.0,0.10782501846551895
cf,pre,type1,p1,l1,nopc,nob/c,466500,360.0,not_neg,not_int,not_lpsm,498000.0,sb,pr,home,1U,5100.0,CIB,536,CIB,to_inst,93.6746988,central,direct,49.0,0.06420404464006424
cf,pre,type1,p4,l1,nopc,nob/c,366500,180.0,not_neg,not_int,not_lpsm,508000.0,sb,pr,home,1U,10200.0,CRIF,582,EXP,to_inst,72.14566929,south,direct,37.0,0.059588298201560974
cf,nopre,type1,p3,l1,nopc,nob/c,166500,180.0,not_neg,not_int,not_lpsm,278000.0,sb,pr,home,1U,6180.0,CIB,559,EXP,to_inst,59.89208633,North,direct,21.0,0.04065827652812004
cf,nopre,type1,p1,l1,nopc,nob/c,166500,360.0,not_neg,not_int,not_lpsm,178000.0,sb,pr,home,1U,720.0,CIB,848,CIB,to_inst,93.53932584,North,direct,6.0,0.9869565367698669
cf,nopre,type1,p4,l1,nopc,nob/c,496500,360.0,neg_amm,not_int,not_lpsm,588000.0,sb,pr,home,1U,8880.0,CRIF,645,CIB,not_inst,84.43877551,North,direct,45.0,0.11089865863323212
cf,nopre,type2,p3,l1,nopc,b/c,276500,360.0,not_neg,not_int,not_lpsm,328000.0,sb,pr,home,1U,3060.0,CIB,583,EXP,to_inst,84.29878049,south,direct,59.0,0.27710843086242676
cf,nopre,type1,p1,l1,nopc,nob/c,266500,360.0,not_neg,not_int,not_lpsm,358000.0,sb,pr,home,1U,6960.0,EXP,713,EXP,to_inst,74.44134078,North,direct,44.0,0.05779334530234337
cf,nopre,type1,p3,l1,nopc,nob/c,326500,360.0,not_neg,not_int,not_lpsm,358000.0,sb,pr,home,1U,6660.0,CIB,714,EXP,not_inst,91.20111732,central,direct,41.0,0.41252896189689636
cf,nopre,type1,p1,l1,nopc,nob/c,206500,360.0,not_neg,not_int,not_lpsm,218000.0,sb,pr,home,1U,4080.0,CIB,735,EXP,not_inst,94.72477064,North,direct,40.0,0.04065827652812004
cf,nopre,type1,p3,l1,nopc,nob/c,206500,360.0,not_neg,not_int,not_lpsm,298000.0,sb,pr,home,1U,4200.0,CIB,691,CIB,to_inst,69.29530201,North,direct,21.0,0.059588298201560974
cf,nopre,type1,p4,l1,nopc,nob/c,446500,360.0,not_neg,not_int,not_lpsm,678000.0,sb,pr,home,1U,7740.0,CRIF,754,CIB,not_inst,65.85545723,North,direct,30.0,0.03435804694890976
cf,nopre,type2,p1,l1,nopc,b/c,236500,360.0,not_neg,not_int,not_lpsm,248000.0,sb,pr,home,1U,2820.0,CRIF,604,CIB,not_inst,95.36290323,central,direct,48.0,0.11089865863323212
cf,pre,type1,p4,l1,nopc,nob/c,446500,360.0,not_neg,not_int,not_lpsm,558000.0,sb,pr,home,1U,8280.0,EXP,539,EXP,not_inst,80.01792115,south,direct,39.0,0.03455149382352829
cf,nopre,type2,p1,l1,nopc,b/c,266500,360.0,not_neg,not_int,not_lpsm,278000.0,sb,pr,home,1U,4740.0,CRIF,524,EXP,to_inst,95.86330935,south,direct,37.0,0.19203747808933258
cf,nopre,type2,p1,l1,nopc,b/c,156500,360.0,not_neg,not_int,not_lpsm,168000.0,sb,pr,home,1U,4860.0,EXP,791,EXP,to_inst,93.1547619,south,direct,21.0,0.24460431933403015
cf,nopre,type1,p3,l1,nopc,nob/c,406500,180.0,not_neg,not_int,not_lpsm,908000.0,sb,pr,home,1U,13620.0,CIB,826,EXP,to_inst,44.76872247,south,direct,30.0,0.055727552622556686
cf,nopre,type1,p3,l1,nopc,nob/c,626500,360.0,not_neg,not_int,not_lpsm,1158000.0,sb,pr,home,1U,9360.0,EXP,688,CIB,not_inst,54.10189983,south,direct,47.0,0.059588298201560974
ncf,pre,type1,p4,l1,nopc,nob/c,146500,240.0,not_neg,not_int,not_lpsm,218000.0,sb,pr,home,1U,3300.0,EXP,553,CIB,to_inst,67.20183486,south,direct,37.0,0.10782501846551895
cf,nopre,type1,p3,l1,nopc,nob/c,486500,360.0,neg_amm,not_int,not_lpsm,768000.0,sb,pr,home,1U,5940.0,EXP,659,CIB,to_inst,63.34635417,North,direct,44.0,0.19203747808933258
cf,pre,type1,p1,l1,nopc,nob/c,86500,360.0,not_neg,not_int,not_lpsm,98000.0,sb,pr,home,1U,2220.0,CIB,653,CIB,to_inst,88.26530612,North,direct,35.0,0.10144927352666855
cf,,type1,p4,l1,nopc,nob/c,116500,360.0,not_neg,not_int,not_lpsm,158000.0,sb,ir,home,1U,7200.0,EXP,632,CIB,not_inst,73.73417722,North,direct,37.0,0.10782501846551895
cf,pre,type1,p3,l1,nopc,nob/c,186500,360.0,not_neg,not_int,not_lpsm,268000.0,sb,pr,home,1U,2460.0,CIB,548,CIB,to_inst,69.58955224,south,direct,28.0,0.14369073510169983
cf,nopre,type2,p4,l1,nopc,b/c,126500,360.0,not_neg,not_int,not_lpsm,168000.0,sb,pr,home,2U,660.0,CIB,669,CIB,not_inst,75.29761905,North,direct,47.0,0.7596899271011353
cf,nopre,type1,p3,l1,nopc,nob/c,296500,360.0,not_neg,not_int,not_lpsm,498000.0,sb,pr,home,1U,6660.0,CRIF,700,EXP,to_inst,59.53815261,North,direct,40.0,0.03455149382352829
cf,nopre,type1,p4,l1,nopc,nob/c,176500,156.0,not_neg,not_int,not_lpsm,258000.0,sb,pr,home,1U,5580.0,CIB,640,CIB,to_inst,68.41085271,North,direct,37.0,0.059588298201560974
cf,pre,type1,p3,l1,nopc,nob/c,206500,180.0,not_neg,not_int,not_lpsm,268000.0,sb,pr,home,1U,4320.0,EXP,808,EXP,to_inst,77.05223881,south,direct,39.0,0.10782501846551895
cf,pre,type3,p3,l1,nopc,nob/c,236500,360.0,not_neg,not_int,not_lpsm,248000.0,sb,pr,home,1U,2220.0,CRIF,863,CIB,to_inst,95.36290323,North,direct,56.0,0.19203747808933258
cf,nopre,type1,p3,l1,nopc,nob/c,406500,360.0,not_neg,not_int,not_lpsm,558000.0,sb,ir,home,1U,17220.0,CRIF,717,EXP,not_inst,72.84946237,south,direct,23.0,0.06420404464006424
cf,nopre,type1,p3,l1,nopc,nob/c,476500,360.0,not_neg,not_int,not_lpsm,608000.0,sb,pr,home,1U,9360.0,EXP,574,CIB,to_inst,78.37171053,south,direct,21.0,0.11089865863323212
cf,pre,type1,p1,l1,nopc,nob/c,176500,324.0,neg_amm,not_int,not_lpsm,208000.0,sb,pr,home,1U,4140.0,CIB,773,CIB,to_inst,84.85576923,North,direct,48.0,0.0363101065158844
cf,nopre,type1,p3,l1,nopc,nob/c,436500,360.0,not_neg,not_int,not_lpsm,638000.0,sb,pr,home,1U,9420.0,EXP,570,EXP,to_inst,68.4169279,North,direct,36.0,0.0363101065158844
cf,nopre,type1,p1,l1,nopc,nob/c,136500,360.0,not_neg,not_int,not_lpsm,148000.0,sb,pr,home,1U,3840.0,CIB,503,CIB,to_inst,92.22972973,North,direct,32.0,0.11276596039533615
ncf,pre,type2,p1,l1,nopc,b/c,326500,360.0,not_neg,not_int,not_lpsm,348000.0,sb,pr,home,1U,5040.0,EXP,794,EXP,not_inst,93.82183908,North,direct,41.0,0.059588298201560974
cf,nopre,type1,p3,l1,nopc,nob/c,496500,360.0,not_neg,not_int,not_lpsm,668000.0,sb,pr,home,1U,5400.0,CRIF,520,CIB,to_inst,74.32634731,south,direct,44.0,0.11089865863323212
cf,pre,type1,p1,l1,nopc,nob/c,476500,360.0,not_neg,not_int,not_lpsm,508000.0,sb,pr,home,1U,10800.0,CIB,668,CIB,not_inst,93.7992126,North,direct,40.0,0.03435804694890976
cf,nopre,type2,p1,l1,nopc,b/c,66500,360.0,not_neg,not_int,not_lpsm,68000.0,sb,pr,home,1U,1380.0,CRIF,562,CIB,to_inst,97.79411765,North,direct,44.0,0.3415384590625763
,nopre,type1,p1,l1,nopc,nob/c,316500,360.0,not_neg,not_int,not_lpsm,328000.0,sb,pr,home,1U,5280.0,CRIF,630,CIB,not_inst,96.49390244,North,direct,38.0,0.06420404464006424
cf,pre,type1,p4,l1,nopc,nob/c,426500,360.0,not_neg,not_int,not_lpsm,538000.0,sb,pr,home,1U,4200.0,EXP,700,CIB,not_inst,79.27509294,North,direct,45.0,0.059588298201560974
cf,nopre,type1,p3,l1,nopc,nob/c,126500,132.0,neg_amm,not_int,not_lpsm,148000.0,sb,pr,home,1U,3240.0,CRIF,508,CIB,to_inst,85.47297297,central,direct,41.0,0.5
cf,nopre,type2,p1,l1,nopc,b/c,216500,360.0,not_neg,not_int,not_lpsm,228000.0,sb,pr,home,1U,4680.0,EXP,540,CIB,to_inst,94.95614035,central,direct,47.0,0.19203747808933258
cf,pre,type3,p3,l1,nopc,nob/c,156500,360.0,not_neg,not_int,not_lpsm,498000.0,sb,pr,home,1U,2760.0,CIB,598,EXP,to_inst,31.42570281,North,direct,36.0,0.10782501846551895
cf,pre,type1,p1,l1,nopc,nob/c,246500,360.0,not_neg,not_int,not_lpsm,278000.0,sb,sr,home,1U,7680.0,EXP,719,EXP,to_inst,88.66906475,south,direct,38.0,0.06420404464006424
cf,pre,type1,p4,l1,nopc,nob/c,306500,360.0,not_neg,not_int,not_lpsm,398000.0,sb,pr,home,1U,6000.0,CIB,820,CIB,to_inst,77.01005025,North,direct,30.0,0.0861159935593605
cf,pre,type2,p1,l1,nopc,b/c,596500,360.0,not_neg,not_int,not_lpsm,618000.0,sb,pr,home,1U,7140.0,CRIF,627,CIB,not_inst,96.5210356,North,direct,53.0,0.10782501846551895
cf,nopre,type1,p4,l1,nopc,nob/c,476500,180.0,not_neg,not_int,not_lpsm,608000.0,sb,pr,home,1U,15240.0,CRIF,661,CIB,to_inst,78.37171053,North,direct,33.0,0.059588298201560974
cf,pre,type1,p2,l1,nopc,nob/c,136500,180.0,not_neg,not_int,not_lpsm,358000.0,sb,pr,home,1U,6900.0,EXP,719,CIB,to_inst,38.12849162,central,direct,38.0,0.11089865863323212
cf,nopre,type3,p4,l1,nopc,nob/c,436500,360.0,not_neg,not_int,not_lpsm,458000.0,sb,pr,home,1U,8640.0,CRIF,541,CIB,to_inst,95.30567686,south,direct,53.0,0.4184100329875946
cf,pre,type1,p3,l1,nopc,nob/c,276500,360.0,neg_amm,not_int,not_lpsm,458000.0,sb,pr,home,1U,6900.0,CIB,823,CIB,to_inst,60.37117904,south,direct,20.0,0.11089865863323212
cf,nopre,type1,p3,l1,nopc,nob/c,316500,360.0,not_neg,not_int,not_lpsm,518000.0,sb,sr,home,1U,7980.0,CRIF,776,EXP,not_inst,61.1003861,south,direct,57.0,0.7596899271011353
cf,nopre,type1,p4,l1,nopc,nob/c,526500,360.0,not_neg,not_int,not_lpsm,578000.0,sb,pr,home,1U,9480.0,EXP,858,CIB,not_inst,91.0899654,south,direct,26.0,0.04065827652812004
cf,pre,type1,p4,l1,nopc,nob/c,386500,360.0,not_neg,not_int,not_lpsm,498000.0,sb,pr,home,1U,9420.0,CRIF,798,EXP,not_inst,77.61044177,central,direct,30.0,0.03455149382352829
cf,nopre,type1,p3,l1,nopc,nob/c,246500,360.0,neg_amm,not_int,not_lpsm,338000.0,sb,pr,home,1U,5340.0,CIB,661,CIB,to_inst,72.92899408,North,direct,36.0,0.14369073510169983
cf,nopre,type1,p1,l1,nopc,nob/c,116500,360.0,not_neg,not_int,not_lpsm,148000.0,sb,pr,home,1U,2460.0,CRIF,888,EXP,not_inst,78.71621622,central,direct,33.0,0.11089865863323212
cf,pre,type3,p1,l1,nopc,nob/c,346500,360.0,not_neg,not_int,not_lpsm,348000.0,sb,pr,home,1U,4680.0,CIB,528,EXP,to_inst,99.56896552,central,direct,41.0,0.0363101065158844
cf,nopre,type1,p3,l1,nopc,nob/c,296500,360.0,not_neg,not_int,not_lpsm,388000.0,sb,pr,home,1U,4140.0,EXP,880,EXP,to_inst,76.41752577,south,direct,41.0,0.10782501846551895
cf,nopre,type1,p4,l1,nopc,nob/c,586500,360.0,not_neg,not_int,not_lpsm,788000.0,sb,pr,home,1U,7800.0,CRIF,520,EXP,to_inst,74.42893401,North,direct,41.0,0.05779334530234337
cf,nopre,type1,p3,l1,nopc,nob/c,396500,360.0,not_neg,not_int,not_lpsm,658000.0,sb,pr,home,1U,6420.0,CRIF,659,EXP,not_inst,60.25835866,south,direct,33.0,0.02772643230855465
cf,nopre,type1,p3,l1,nopc,nob/c,276500,360.0,not_neg,not_int,not_lpsm,358000.0,sb,ir,home,1U,5460.0,EXP,836,CIB,to_inst,77.23463687,south,direct,49.0,0.5
cf,nopre,type1,p4,l1,nopc,nob/c,286500,240.0,not_neg,not_int,not_lpsm,398000.0,sb,pr,home,1U,5520.0,EXP,670,CIB,not_inst,71.98492462,North,direct,40.0,0.03435804694890976
cf,nopre,type1,p4,l1,nopc,nob/c,336500,360.0,not_neg,not_int,not_lpsm,508000.0,sb,pr,home,1U,8220.0,CIB,511,CIB,to_inst,66.24015748,south,direct,47.0,0.0861159935593605
cf,pre,type1,p1,l1,nopc,nob/c,146500,180.0,not_neg,not_int,not_lpsm,178000.0,sb,pr,home,1U,13140.0,EXP,842,EXP,to_inst,82.30337079,North,direct,11.0,0.055727552622556686
cf,nopre,type1,p4,l1,nopc,nob/c,726500,180.0,not_neg,not_int,not_lpsm,998000.0,sb,pr,home,1U,34020.0,CIB,777,CIB,not_inst,72.79559118,North,direct,23.0,0.02772643230855465
cf,nopre,type2,p4,l2,nopc,b/c,146500,300.0,neg_amm,not_int,not_lpsm,168000.0,sb,pr,home,1U,4860.0,EXP,591,EXP,to_inst,87.20238095,south,direct,47.0,0.9899497628211975
cf,nopre,type1,p4,l1,nopc,nob/c,376500,360.0,neg_amm,not_int,not_lpsm,468000.0,sb,pr,home,1U,4860.0,CRIF,746,CIB,to_inst,80.44871795,south,direct,47.0,0.3913043439388275
cf,nopre,type1,p4,l1,nopc,nob/c,446500,360.0,not_neg,not_int,not_lpsm,1008000.0,sb,pr,home,1U,6360.0,CRIF,509,EXP,not_inst,44.29563492,North,direct,47.0,0.03455149382352829
cf,pre,type1,p3,l1,nopc,nob/c,136500,180.0,not_neg,not_int,not_lpsm,298000.0,sb,pr,home,1U,4680.0,CIB,563,EXP,to_inst,45.80536913,North,direct,41.0,0.06420404464006424
cf,nopre,type1,p4,l1,nopc,nob/c,436500,360.0,not_neg,not_int,not_lpsm,828000.0,sb,pr,home,1U,5160.0,CIB,638,EXP,not_inst,52.7173913,North,direct,39.0,0.03435804694890976
cf,pre,type2,p3,l1,nopc,b/c,556500,360.0,not_neg,not_int,not_lpsm,728000.0,sb,pr,home,1U,6720.0,EXP,885,EXP,not_inst,76.44230769,North,direct,60.0,0.11276596039533615
cf,nopre,type1,p4,l1,nopc,nob/c,196500,360.0,not_neg,not_int,not_lpsm,408000.0,sb,pr,home,1U,3780.0,CIB,677,CIB,to_inst,48.16176471,south,direct,37.0,0.10782501846551895
cf,nopre,type1,p3,l1,nopc,nob/c,76500,,neg_amm,not_int,not_lpsm,1528000.0,sb,pr,home,1U,8460.0,EXP,557,CIB,to_inst,5.006544503,south,direct,42.0,0.24460431933403015
cf,pre,type1,p1,l1,nopc,nob/c,186500,360.0,not_neg,not_int,not_lpsm,208000.0,sb,pr,home,1U,2940.0,CIB,820,EXP,to_inst,89.66346154,North,direct,44.0,0.06420404464006424
cf,nopre,type2,p3,l2,nopc,b/c,106500,360.0,not_neg,not_int,not_lpsm,128000.0,sb,pr,home,1U,5040.0,CRIF,890,EXP,to_inst,83.203125,North,direct,39.0,0.0861159935593605
cf,nopre,type1,p3,l1,nopc,nob/c,86500,180.0,not_neg,not_int,not_lpsm,168000.0,sb,pr,home,1U,4260.0,CRIF,599,EXP,to_inst,51.48809524,North,direct,19.0,0.10782501846551895
cf,pre,type1,p3,l1,nopc,nob/c,426500,360.0,not_neg,not_int,not_lpsm,508000.0,sb,pr,home,1U,7800.0,EXP,558,EXP,not_inst,83.95669291,North,direct,44.0,0.0861159935593605
cf,pre,type1,p3,l1,nopc,nob/c,206500,360.0,not_neg,not_int,not_lpsm,368000.0,sb,pr,home,1U,2520.0,CRIF,644,CIB,to_inst,56.11413043,south,direct,44.0,0.11089865863323212
cf,nopre,type1,p4,l1,nopc,nob/c,346500,360.0,not_neg,not_int,not_lpsm,408000.0,sb,pr,home,1U,7020.0,CRIF,530,CIB,not_inst,84.92647059,North,direct,31.0,0.0363101065158844
cf,nopre,type1,p3,l1,nopc,nob/c,466500,360.0,not_neg,not_int,not_lpsm,638000.0,sb,pr,home,1U,7200.0,CRIF,680,CIB,to_inst,73.11912226,south,direct,46.0,0.11089865863323212
ncf,nopre,type1,p4,l1,nopc,nob/c,1726500,324.0,neg_amm,not_int,not_lpsm,4058000.0,sb,pr,home,1U,28980.0,EXP,622,EXP,to_inst,42.54558896,south,direct,37.0,0.7596899271011353
cf,pre,type1,p3,l1,nopc,nob/c,256500,360.0,not_neg,not_int,not_lpsm,408000.0,sb,pr,home,1U,3720.0,CRIF,614,EXP,to_inst,62.86764706,south,direct,49.0,0.11089865863323212
cf,nopre,type1,p4,l1,nopc,nob/c,286500,360.0,not_neg,not_int,not_lpsm,338000.0,sb,pr,home,1U,8100.0,CIB,803,CIB,to_inst,84.76331361,North,direct,24.0,0.11089865863323212
cf,nopre,type1,p4,l1,nopc,nob/c,266500,360.0,not_neg,not_int,not_lpsm,928000.0,sb,pr,home,1U,9660.0,CIB,600,CIB,not_inst,28.71767241,south,direct,26.0,0.03435804694890976
cf,nopre,type1,p4,l1,nopc,nob/c,296500,360.0,not_neg,not_int,not_lpsm,418000.0,sb,pr,home,1U,10140.0,CIB,613,CIB,to_inst,70.93301435,south,direct,37.0,0.06420404464006424
cf,nopre,type1,p3,l1,nopc,nob/c,286500,156.0,not_neg,not_int,not_lpsm,358000.0,sb,pr,home,1U,13020.0,EXP,693,EXP,to_inst,80.02793296,North,direct,13.0,0.04065827652812004
ncf,nopre,type1,p4,l1,nopc,nob/c,206500,360.0,not_neg,not_int,not_lpsm,318000.0,sb,pr,home,1U,2820.0,CRIF,867,CIB,to_inst,64.93710692,North,direct,45.0,0.11089865863323212
cf,nopre,type1,p3,l1,nopc,nob/c,386500,360.0,not_neg,not_int,not_lpsm,548000.0,sb,pr,home,1U,7620.0,EXP,876,CIB,not_inst,70.52919708,central,direct,31.0,0.04065827652812004
cf,nopre,type1,p4,l1,nopc,nob/c,556500,360.0,not_neg,not_int,not_lpsm,798000.0,sb,pr,home,1U,16320.0,EXP,789,EXP,to_inst,69.73684211,south,direct,31.0,0.0363101065158844
cf,nopre,type1,p4,l1,nopc,nob/c,336500,180.0,not_neg,not_int,not_lpsm,388000.0,sb,pr,home,1U,2700.0,EXP,887,EXP,to_inst,86.72680412,North,direct,36.0,0.6186440587043762
cf,nopre,type1,p4,l1,nopc,nob/c,536500,360.0,not_neg,not_int,not_lpsm,1158000.0,sb,pr,home,1U,7500.0,CIB,886,EXP,to_inst,46.3298791,south,direct,44.0,0.10782501846551895
cf,nopre,type2,p1,l1,nopc,b/c,316500,360.0,neg_amm,not_int,not_lpsm,368000.0,sb,pr,home,1U,5100.0,CRIF,544,CIB,to_inst,86.00543478,North,direct,53.0,0.4184100329875946
cf,nopre,type1,p2,l1,nopc,nob/c,206500,360.0,not_neg,not_int,not_lpsm,778000.0,sb,pr,home,1U,10800.0,CRIF,881,EXP,not_inst,26.54241645,south,direct,44.0,0.05779334530234337
cf,nopre,type2,p3,l1,nopc,b/c,196500,360.0,not_neg,not_int,not_lpsm,228000.0,sb,pr,home,1U,3180.0,CIB,651,CIB,to_inst,86.18421053,south,direct,44.0,0.1839258074760437
cf,nopre,type1,p3,l1,nopc,nob/c,386500,360.0,neg_amm,not_int,not_lpsm,478000.0,sb,pr,home,1U,9300.0,CIB,861,CIB,to_inst,80.85774059,south,direct,44.0,0.3415384590625763
cf,nopre,type1,p1,l1,nopc,nob/c,296500,360.0,not_neg,not_int,not_lpsm,348000.0,sb,pr,home,1U,8520.0,EXP,616,EXP,not_inst,85.20114943,North,direct,31.0,0.02772643230855465
cf,nopre,type1,p3,l1,nopc,nob/c,96500,360.0,not_neg,not_int,not_lpsm,188000.0,sb,pr,home,1U,2880.0,CRIF,575,CIB,to_inst,51.32978723,south,direct,34.0,0.10782501846551895
cf,nopre,type1,p4,l1,nopc,nob/c,596500,360.0,not_neg,not_int,not_lpsm,828000.0,sb,pr,home,1U,11220.0,CRIF,687,EXP,to_inst,72.0410628,south,direct,31.0,0.05779334530234337
cf,nopre,type1,p1,l1,nopc,nob/c,476500,360.0,neg_amm,not_int,not_lpsm,498000.0,sb,pr,home,1U,7380.0,CIB,600,CIB,not_inst,95.68273092,south,direct,44.0,0.11089865863323212
ncf,pre,type1,p3,l1,nopc,nob/c,386500,240.0,not_neg,not_int,not_lpsm,838000.0,sb,pr,home,1U,13920.0,CIB,812,EXP,to_inst,46.12171838,North,direct,26.0,0.0363101065158844
cf,nopre,type1,p4,l1,nopc,nob/c,396500,360.0,not_neg,not_int,not_lpsm,568000.0,sb,pr,home,1U,9300.0,CIB,563,EXP,not_inst,69.80633803,North,direct,22.0,0.014285714365541935
cf,nopre,type3,p3,l1,nopc,nob/c,176500,360.0,not_neg,not_int,not_lpsm,248000.0,sb,pr,home,1U,4020.0,EXP,535,EXP,to_inst,71.16935484,North,direct,48.0,0.0861159935593605
cf,nopre,type1,p1,l1,nopc,nob/c,426500,360.0,not_neg,not_int,not_lpsm,808000.0,sb,pr,home,1U,6360.0,CRIF,592,CIB,not_inst,52.78465347,North,direct,34.0,0.03435804694890976
cf,nopre,type1,p4,l1,nopc,nob/c,346500,180.0,not_neg,not_int,not_lpsm,438000.0,sb,pr,home,1U,8880.0,CIB,836,EXP,to_inst,79.10958904,North,direct,20.0,0.06420404464006424
cf,nopre,type1,p1,l1,nopc,nob/c,166500,360.0,not_neg,not_int,not_lpsm,178000.0,sb,sr,home,1U,5280.0,CIB,629,EXP,to_inst,93.53932584,North,direct,56.0,0.7843137383460999
cf,nopre,type1,p4,l1,nopc,nob/c,606500,360.0,not_neg,not_int,not_lpsm,808000.0,sb,pr,home,1U,14760.0,EXP,563,EXP,not_inst,75.06188119,North,direct,22.0,0.02139037474989891
cf,nopre,type2,p4,l2,nopc,b/c,156500,300.0,neg_amm,not_int,not_lpsm,778000.0,sb,pr,home,1U,3180.0,CIB,800,CIB,to_inst,20.11568123,south,direct,53.0,0.9899497628211975
cf,nopre,type1,p3,l1,nopc,nob/c,216500,360.0,not_neg,not_int,not_lpsm,408000.0,sb,pr,home,1U,5280.0,CRIF,534,CIB,to_inst,53.06372549,south,direct,22.0,0.10782501846551895
cf,nopre,type1,p3,l1,nopc,nob/c,96500,96.0,not_neg,not_int,not_lpsm,228000.0,sb,pr,home,1U,3240.0,EXP,855,CIB,to_inst,42.3245614,North,direct,37.0,0.059588298201560974
cf,nopre,type1,p4,l1,nopc,nob/c,146500,360.0,not_neg,not_int,not_lpsm,318000.0,sb,pr,home,1U,3240.0,CRIF,673,EXP,to_inst,46.06918239,North,direct,24.0,0.06766917556524277
cf,nopre,type1,p4,l1,nopc,nob/c,446500,360.0,not_neg,not_int,not_lpsm,688000.0,sb,ir,home,1U,3000.0,CIB,559,CIB,not_inst,64.89825581,south,direct,37.0,0.11089865863323212
cf,nopre,type1,p3,l1,nopc,nob/c,206500,360.0,not_neg,not_int,not_lpsm,268000.0,sb,ir,home,1U,11700.0,CIB,539,CIB,not_inst,77.05223881,south,direct,33.0,0.17307692766189575
cf,nopre,type1,p3,l1,nopc,nob/c,226500,324.0,not_neg,not_int,not_lpsm,328000.0,sb,pr,home,1U,10020.0,CRIF,709,EXP,to_inst,69.05487805,south,direct,19.0,0.03455149382352829
cf,nopre,type2,p3,l1,nopc,b/c,256500,360.0,not_neg,not_int,not_lpsm,368000.0,sb,pr,home,1U,6420.0,CRIF,813,EXP,not_inst,69.70108696,south,direct,30.0,0.0861159935593605
cf,pre,type1,p3,l1,nopc,nob/c,376500,360.0,not_neg,not_int,not_lpsm,558000.0,sb,pr,home,1U,4800.0,CRIF,847,EXP,to_inst,67.47311828,south,direct,44.0,0.06420404464006424
cf,pre,type2,p1,l1,nopc,b/c,176500,360.0,not_neg,not_int,not_lpsm,178000.0,sb,pr,home,1U,4200.0,CIB,713,EXP,to_inst,99.15730337,North,direct,33.0,0.06766917556524277
cf,nopre,type2,p1,l1,nopc,b/c,296500,360.0,not_neg,not_int,not_lpsm,308000.0,sb,pr,home,1U,3600.0,CRIF,828,EXP,not_inst,96.26623377,south,direct,61.0,0.1839258074760437
cf,nopre,type1,p1,l1,nopc,nob/c,476500,360.0,not_neg,not_int,not_lpsm,528000.0,sb,pr,home,1U,5760.0,CIB,804,CIB,not_inst,90.24621212,North,direct,42.0,0.04065827652812004
cf,pre,type3,p1,l1,nopc,nob/c,266500,360.0,not_neg,not_int,not_lpsm,268000.0,sb,pr,home,1U,3960.0,CIB,562,CIB,to_inst,99.44029851,North,direct,57.0,0.05779334530234337
cf,nopre,type1,p1,l1,nopc,nob/c,176500,360.0,not_neg,not_int,lpsm,228000.0,sb,ir,home,1U,8880.0,EXP,511,CIB,to_inst,77.4122807,south,direct,36.0,0.7596899271011353
cf,nopre,type1,p1,l1,nopc,nob/c,486500,360.0,not_neg,not_int,not_lpsm,1208000.0,sb,pr,home,1U,5700.0,CRIF,789,CIB,not_inst,40.27317881,south,direct,46.0,0.059588298201560974
cf,,type1,p3,l1,nopc,nob/c,206500,360.0,not_neg,not_int,not_lpsm,248000.0,sb,pr,home,1U,5160.0,CIB,758,CIB,to_inst,83.26612903,North,direct,32.0,0.11276596039533615
cf,nopre,type1,p3,l1,nopc,nob/c,386500,360.0,not_neg,not_int,not_lpsm,548000.0,sb,pr,home,1U,6000.0,EXP,843,CIB,to_inst,70.52919708,North,direct,44.0,0.06420404464006424
cf,pre,type1,p4,l1,nopc,nob/c,466500,324.0,not_neg,not_int,not_lpsm,768000.0,sb,sr,home,1U,17760.0,CIB,840,EXP,to_inst,60.7421875,south,direct,23.0,0.05779334530234337
cf,nopre,type1,p3,l1,nopc,nob/c,236500,360.0,not_neg,not_int,not_lpsm,398000.0,sb,pr,home,1U,2700.0,CRIF,841,CIB,not_inst,59.42211055,North,direct,42.0,0.06766917556524277
cf,pre,type2,p4,l1,nopc,b/c,556500,360.0,not_neg,not_int,not_lpsm,568000.0,sb,pr,home,1U,17460.0,CIB,665,EXP,not_inst,97.97535211,central,direct,30.0,0.14369073510169983
cf,pre,type1,p4,l1,nopc,nob/c,216500,360.0,neg_amm,not_int,not_lpsm,228000.0,sb,pr,home,1U,4560.0,EXP,759,CIB,to_inst,94.95614035,south,direct,28.0,0.4184100329875946
cf,nopre,type1,p1,l1,nopc,nob/c,106500,360.0,not_neg,not_int,not_lpsm,108000.0,sb,pr,home,1U,3540.0,CIB,590,CIB,to_inst,98.61111111,North,direct,43.0,0.19203747808933258
cf,nopre,type3,p3,l1,nopc,nob/c,116500,360.0,neg_amm,not_int,not_lpsm,118000.0,sb,pr,home,1U,1380.0,CRIF,709,EXP,to_inst,98.72881356,North,direct,30.0,0.4184100329875946
cf,nopre,type1,p2,l1,nopc,nob/c,106500,360.0,not_neg,not_int,not_lpsm,478000.0,sb,pr,home,1U,6360.0,CIB,536,CIB,to_inst,22.28033473,North,direct,43.0,0.10782501846551895
cf,nopre,type1,p4,l1,nopc,nob/c,426500,360.0,not_neg,not_int,not_lpsm,728000.0,sb,pr,home,1U,4020.0,CRIF,818,EXP,to_inst,58.58516484,south,direct,49.0,0.14369073510169983
cf,nopre,type1,p3,l1,nopc,nob/c,356500,360.0,not_neg,not_int,not_lpsm,708000.0,sb,pr,home,1U,4620.0,CIB,734,CIB,to_inst,50.35310734,south,direct,44.0,0.10782501846551895
cf,nopre,type1,p4,l1,nopc,nob/c,336500,360.0,not_neg,not_int,not_lpsm,488000.0,sb,ir,home,1U,12480.0,EXP,900,CIB,not_inst,68.95491803,south,direct,30.0,0.06420404464006424
cf,nopre,type1,p4,l1,nopc,nob/c,236500,240.0,not_neg,not_int,not_lpsm,408000.0,sb,pr,home,1U,6480.0,CRIF,803,CIB,to_inst,57.96568627,south,direct,41.0,0.059588298201560974
cf,nopre,type1,p4,l1,nopc,nob/c,476500,360.0,not_neg,not_int,not_lpsm,858000.0,sb,pr,home,1U,7440.0,CRIF,621,EXP,not_inst,55.53613054,North,direct,39.0,0.03435804694890976
cf,nopre,type1,p1,l1,nopc,nob/c,726500,360.0,not_neg,not_int,not_lpsm,838000.0,sb,pr,home,1U,28140.0,CIB,636,EXP,not_inst,86.69451074,south,direct,30.0,0.05779334530234337
cf,nopre,type1,p4,l1,nopc,nob/c,416500,360.0,not_neg,not_int,not_lpsm,668000.0,sb,pr,home,1U,6900.0,CIB,820,EXP,not_inst,62.3502994,North,direct,36.0,0.02772643230855465
cf,nopre,type2,p3,l1,nopc,b/c,256500,360.0,not_neg,not_int,not_lpsm,328000.0,sb,pr,home,1U,6600.0,CRIF,578,EXP,to_inst,78.20121951,south,direct,57.0,0.13636364042758942
cf,nopre,type1,p3,l1,nopc,nob/c,226500,360.0,not_neg,not_int,not_lpsm,438000.0,sb,pr,home,1U,3060.0,EXP,840,EXP,to_inst,51.71232877,North,direct,37.0,0.06420404464006424
cf,nopre,type1,p3,l1,nopc,nob/c,316500,240.0,not_neg,not_int,not_lpsm,978000.0,sb,pr,home,3U,3300.0,EXP,772,CIB,to_inst,32.36196319,south,direct,47.0,0.1839258074760437
ncf,nopre,type1,p3,l1,nopc,nob/c,716500,180.0,not_neg,not_int,not_lpsm,1038000.0,sb,pr,home,1U,16200.0,CRIF,787,EXP,to_inst,69.02697495,south,direct,49.0,0.14369073510169983
ncf,nopre,type1,p1,l1,nopc,nob/c,386500,360.0,not_neg,not_int,not_lpsm,408000.0,sb,pr,home,1U,6600.0,CRIF,749,CIB,to_inst,94.73039216,south,direct,46.0,0.23026315867900848
cf,nopre,type1,p4,l1,nopc,nob/c,636500,360.0,not_neg,not_int,not_lpsm,1328000.0,sb,pr,home,1U,13260.0,CIB,798,EXP,not_inst,47.92921687,North,direct,20.0,0.03435804694890976
cf,nopre,type3,p4,l1,nopc,nob/c,196500,180.0,not_neg,not_int,not_lpsm,298000.0,sb,pr,home,1U,7620.0,EXP,831,EXP,to_inst,65.93959732,North,direct,20.0,0.06420404464006424
cf,nopre,type1,p3,l1,nopc,nob/c,116500,180.0,not_neg,not_int,not_lpsm,238000.0,sb,pr,home,1U,3600.0,CIB,703,EXP,to_inst,48.94957983,south,direct,37.0,0.0861159935593605
cf,nopre,type1,p3,l1,nopc,nob/c,156500,360.0,not_neg,not_int,not_lpsm,268000.0,sb,pr,home,1U,2580.0,CRIF,750,CIB,to_inst,58.39552239,south,direct,36.0,0.10782501846551895
cf,nopre,type2,p4,l1,nopc,b/c,96500,360.0,not_neg,not_int,not_lpsm,98000.0,sb,pr,home,1U,1440.0,EXP,563,CIB,to_inst,98.46938776,south,direct,47.0,0.6978417038917542
cf,nopre,type1,p1,l1,nopc,nob/c,186500,360.0,not_neg,not_int,not_lpsm,238000.0,sb,ir,home,1U,3060.0,CRIF,809,CIB,to_inst,78.36134454,south,direct,49.0,0.24460431933403015
cf,nopre,type1,p4,l1,nopc,nob/c,176500,180.0,not_neg,not_int,not_lpsm,238000.0,sb,pr,home,1U,7020.0,CRIF,740,EXP,to_inst,74.15966387,south,direct,46.0,0.10782501846551895
cf,pre,type1,p4,l1,nopc,nob/c,706500,360.0,not_neg,not_int,not_lpsm,748000.0,sb,pr,home,1U,11160.0,CIB,512,EXP,not_inst,94.45187166,south,direct,43.0,0.04065827652812004
cf,nopre,type1,p4,l1,nopc,nob/c,186500,360.0,not_neg,not_int,not_lpsm,278000.0,sb,pr,home,1U,3240.0,CIB,727,CIB,to_inst,67.08633094,North,direct,33.0,0.0861159935593605
cf,nopre,type1,p3,l1,nopc,nob/c,136500,360.0,not_neg,not_int,not_lpsm,178000.0,sb,pr,home,1U,2520.0,CIB,554,CIB,to_inst,76.68539326,south,direct,37.0,0.11089865863323212
cf,nopre,type1,p4,l1,nopc,nob/c,416500,360.0,not_neg,not_int,not_lpsm,528000.0,sb,pr,home,1U,7380.0,CRIF,886,EXP,not_inst,78.88257576,North,direct,39.0,0.03455149382352829
cf,nopre,type1,p3,l2,nopc,nob/c,676500,360.0,not_neg,not_int,not_lpsm,908000.0,sb,pr,home,1U,13260.0,CRIF,894,EXP,to_inst,74.50440529,central,direct,47.0,0.0861159935593605
cf,nopre,type2,p1,l1,nopc,b/c,276500,360.0,not_neg,not_int,not_lpsm,288000.0,sb,pr,home,1U,6300.0,CIB,653,EXP,to_inst,96.00694444,North,direct,49.0,0.16867469251155853
cf,nopre,type1,p1,l1,nopc,nob/c,326500,360.0,not_neg,not_int,not_lpsm,348000.0,sb,pr,home,1U,2880.0,CIB,717,CIB,not_inst,93.82183908,North,direct,6.0,0.9253731369972229
cf,pre,type1,p4,l1,nopc,nob/c,396500,240.0,not_neg,not_int,not_lpsm,618000.0,sb,ir,home,1U,11760.0,CIB,752,EXP,to_inst,64.15857605,south,direct,44.0,0.10782501846551895
cf,pre,type1,p4,l1,nopc,nob/c,176500,360.0,not_neg,not_int,not_lpsm,198000.0,sb,pr,home,1U,3300.0,EXP,661,CIB,to_inst,89.14141414,south,direct,47.0,0.3415384590625763
cf,nopre,type1,p1,l1,nopc,nob/c,196500,360.0,not_neg,not_int,not_lpsm,208000.0,sb,pr,home,1U,3300.0,EXP,700,EXP,to_inst,94.47115385,central,direct,44.0,0.14369073510169983
ncf,nopre,type1,p4,l1,nopc,nob/c,316500,360.0,not_neg,not_int,not_lpsm,608000.0,sb,pr,home,1U,4500.0,CIB,753,EXP,not_inst,52.05592105,North,direct,42.0,0.0363101065158844
cf,nopre,type1,p1,l1,nopc,nob/c,626500,360.0,not_neg,not_int,not_lpsm,808000.0,sb,pr,home,1U,6900.0,CIB,510,EXP,not_inst,77.53712871,North,direct,45.0,0.03455149382352829
cf,nopre,type1,p1,l1,nopc,nob/c,66500,360.0,not_neg,not_int,not_lpsm,68000.0,sb,pr,home,1U,1260.0,CIB,662,CIB,to_inst,97.79411765,south,direct,41.0,0.4184100329875946
ncf,nopre,type1,p4,l1,nopc,nob/c,956500,360.0,not_neg,not_int,not_lpsm,1338000.0,sb,pr,home,1U,41760.0,CIB,886,CIB,not_inst,71.48729447,south,direct,26.0,0.10782501846551895
cf,nopre,type1,p4,l1,nopc,nob/c,96500,180.0,not_neg,not_int,not_lpsm,148000.0,sb,pr,home,1U,6300.0,CRIF,652,CIB,to_inst,65.2027027,North,direct,19.0,0.10144927352666855
cf,nopre,type1,p3,l1,nopc,nob/c,356500,360.0,not_neg,not_int,not_lpsm,858000.0,sb,pr,home,1U,16740.0,CRIF,729,CIB,to_inst,41.55011655,North,direct,26.0,0.059588298201560974
cf,pre,type2,p1,l1,nopc,b/c,196500,360.0,not_neg,not_int,not_lpsm,198000.0,sb,pr,home,1U,2760.0,CIB,730,CIB,to_inst,99.24242424,south,direct,58.0,0.11089865863323212
cf,pre,type2,p3,l1,nopc,b/c,106500,360.0,not_neg,not_int,not_lpsm,128000.0,sb,pr,home,1U,2820.0,EXP,858,CIB,to_inst,83.203125,south,direct,43.0,0.24460431933403015
cf,nopre,type1,p4,l1,nopc,nob/c,516500,360.0,neg_amm,not_int,not_lpsm,618000.0,sb,pr,home,1U,6660.0,CIB,586,EXP,not_inst,83.57605178,south,direct,39.0,0.11089865863323212
cf,pre,type2,p1,l1,nopc,b/c,206500,360.0,not_neg,not_int,not_lpsm,208000.0,sb,pr,home,1U,3120.0,CIB,791,CIB,to_inst,99.27884615,North,direct,37.0,0.11089865863323212
cf,nopre,type1,p3,l1,nopc,nob/c,76500,360.0,not_neg,int_only,not_lpsm,308000.0,sb,pr,home,1U,1200.0,CIB,708,CIB,to_inst,24.83766234,North,direct,44.0,0.19203747808933258
ncf,nopre,type1,p1,l1,nopc,nob/c,666500,360.0,not_neg,not_int,not_lpsm,738000.0,sb,pr,home,1U,12600.0,CIB,646,CIB,to_inst,90.31165312,North,direct,31.0,0.3415384590625763
cf,pre,type1,p1,l1,nopc,nob/c,156500,360.0,not_neg,not_int,not_lpsm,178000.0,sb,sr,home,1U,9000.0,EXP,556,CIB,to_inst,87.92134831,North,direct,34.0,0.06420404464006424
cf,nopre,type1,p1,l1,nopc,nob/c,226500,180.0,not_neg,not_int,not_lpsm,438000.0,sb,pr,home,1U,5940.0,EXP,524,CIB,to_inst,51.71232877,North,direct,20.0,0.11276596039533615
cf,nopre,type1,p2,l1,opc,nob/c,106500,360.0,not_neg,int_only,not_lpsm,728000.0,sb,pr,home,1U,10080.0,EXP,891,EXP,to_inst,14.62912088,North,direct,37.0,0.04065827652812004
cf,nopre,type1,p3,l1,nopc,nob/c,486500,360.0,not_neg,not_int,not_lpsm,708000.0,sb,ir,home,1U,7140.0,EXP,592,CIB,not_inst,68.71468927,North,direct,49.0,0.0861159935593605
cf,nopre,type1,p3,l1,nopc,nob/c,196500,360.0,not_neg,not_int,not_lpsm,308000.0,sb,pr,home,1U,2520.0,CRIF,521,CIB,to_inst,63.7987013,south,direct,43.0,0.11089865863323212
cf,nopre,type1,p1,l1,nopc,nob/c,636500,360.0,not_neg,not_int,not_lpsm,708000.0,sb,pr,home,1U,10320.0,CIB,823,EXP,not_inst,89.90112994,south,direct,46.0,0.04065827652812004
cf,nopre,type1,p3,l1,nopc,nob/c,396500,360.0,neg_amm,not_int,not_lpsm,538000.0,sb,ir,home,1U,13620.0,EXP,771,EXP,not_inst,73.69888476,North,direct,39.0,0.11089865863323212
cf,nopre,type2,p3,l1,nopc,b/c,156500,360.0,not_neg,not_int,not_lpsm,198000.0,sb,pr,home,1U,1800.0,CRIF,679,CIB,to_inst,79.04040404,North,direct,48.0,0.1839258074760437
ncf,pre,type1,p1,l1,nopc,nob/c,216500,360.0,not_neg,not_int,not_lpsm,238000.0,sb,pr,home,1U,3960.0,CIB,693,CIB,to_inst,90.96638655,south,direct,20.0,0.10782501846551895
cf,pre,type1,p1,l1,nopc,nob/c,236500,360.0,not_neg,not_int,not_lpsm,308000.0,sb,pr,home,1U,5640.0,CIB,780,EXP,to_inst,76.78571429,North,direct,49.0,0.0363101065158844
cf,pre,type1,p4,l1,nopc,nob/c,266500,360.0,not_neg,not_int,not_lpsm,528000.0,sb,pr,home,1U,3900.0,CIB,727,EXP,to_inst,50.47348485,North,direct,36.0,0.06766917556524277
cf,pre,type1,p1,l1,nopc,nob/c,326500,360.0,not_neg,not_int,not_lpsm,348000.0,sb,pr,home,1U,3900.0,CRIF,523,CIB,to_inst,93.82183908,central,direct,44.0,0.0861159935593605
cf,nopre,type1,p4,l1,nopc,nob/c,156500,180.0,neg_amm,not_int,not_lpsm,358000.0,sb,pr,home,1U,8880.0,CRIF,712,CIB,to_inst,43.7150838,North,direct,21.0,0.14369073510169983
cf,nopre,type1,p4,l1,nopc,nob/c,436500,360.0,not_neg,not_int,not_lpsm,558000.0,sb,pr,home,1U,4980.0,CIB,630,CIB,to_inst,78.22580645,south,direct,37.0,0.10782501846551895
cf,pre,type1,p4,l1,nopc,nob/c,486500,360.0,not_neg,not_int,not_lpsm,608000.0,sb,pr,home,1U,7200.0,EXP,746,CIB,not_inst,80.01644737,south,direct,36.0,0.0363101065158844
cf,pre,type3,p3,l1,nopc,nob/c,336500,360.0,not_neg,not_int,not_lpsm,528000.0,sb,pr,home,1U,3240.0,EXP,825,CIB,to_inst,63.73106061,North-East,direct,45.0,0.1839258074760437
cf,nopre,type3,p1,l1,nopc,nob/c,306500,360.0,not_neg,not_int,not_lpsm,298000.0,sb,pr,home,1U,5340.0,CIB,702,CIB,to_inst,102.852349,south,direct,49.0,0.14369073510169983
cf,pre,type1,p1,l1,nopc,nob/c,156500,360.0,not_neg,not_int,not_lpsm,168000.0,sb,pr,home,1U,2340.0,CRIF,829,CIB,to_inst,93.1547619,south,direct,49.0,0.10782501846551895
cf,nopre,type1,p3,l1,nopc,nob/c,266500,360.0,not_neg,not_int,not_lpsm,398000.0,sb,pr,home,1U,3780.0,EXP,774,CIB,not_inst,66.95979899,North,direct,42.0,0.04065827652812004
cf,nopre,type1,p4,l1,nopc,nob/c,136500,144.0,not_neg,not_int,not_lpsm,228000.0,sb,pr,home,1U,2940.0,EXP,655,CIB,to_inst,59.86842105,North,direct,48.0,0.11089865863323212
ncf,nopre,type1,p3,l1,nopc,nob/c,536500,360.0,not_neg,int_only,not_lpsm,658000.0,sb,pr,home,1U,10320.0,CRIF,820,EXP,to_inst,81.53495441,North,direct,31.0,0.4184100329875946
cf,nopre,type2,p3,l1,nopc,b/c,156500,360.0,not_neg,not_int,not_lpsm,208000.0,sb,pr,home,1U,18840.0,EXP,742,EXP,to_inst,75.24038462,south,direct,18.0,0.14369073510169983
cf,nopre,type1,p4,l1,nopc,nob/c,306500,324.0,neg_amm,int_only,not_lpsm,398000.0,sb,pr,home,1U,5580.0,CRIF,899,CIB,to_inst,77.01005025,south,direct,43.0,0.14369073510169983
cf,nopre,type1,p4,l1,nopc,nob/c,426500,360.0,not_neg,not_int,not_lpsm,508000.0,sb,pr,home,1U,7680.0,CRIF,610,CIB,not_inst,83.95669291,North,direct,49.0,0.04065827652812004
cf,nopre,type1,p3,l1,nopc,nob/c,366500,360.0,not_neg,not_int,not_lpsm,538000.0,sb,pr,home,1U,4380.0,CRIF,871,EXP,to_inst,68.12267658,North,direct,46.0,0.0861159935593605
cf,nopre,type1,p1,l1,nopc,nob/c,416500,360.0,not_neg,not_int,not_lpsm,428000.0,sb,pr,home,1U,7080.0,CIB,849,CIB,not_inst,97.31308411,North,direct,41.0,0.10782501846551895
cf,pre,type1,p1,l1,nopc,nob/c,96500,360.0,not_neg,not_int,not_lpsm,98000.0,sb,pr,home,1U,2160.0,CRIF,824,CIB,to_inst,98.46938776,North,direct,45.0,0.10782501846551895
cf,nopre,type1,p3,l1,nopc,nob/c,546500,360.0,not_neg,not_int,not_lpsm,778000.0,sb,pr,home,1U,9720.0,EXP,666,EXP,not_inst,70.24421594,North,direct,33.0,0.02772643230855465
cf,nopre,type2,p3,l1,nopc,b/c,106500,180.0,not_neg,not_int,not_lpsm,128000.0,sb,pr,home,1U,4200.0,CRIF,673,EXP,to_inst,83.203125,North,direct,35.0,0.11276596039533615
cf,nopre,type1,p4,l1,nopc,nob/c,316500,360.0,neg_amm,not_int,not_lpsm,638000.0,sb,pr,home,1U,8880.0,CRIF,900,EXP,to_inst,49.60815047,North,direct,32.0,0.11089865863323212
cf,nopre,type1,p4,l1,nopc,nob/c,716500,180.0,not_neg,not_int,not_lpsm,1258000.0,sb,pr,home,1U,14160.0,CIB,664,EXP,to_inst,56.9554849,south,direct,39.0,0.055727552622556686
cf,nopre,type1,p4,l1,nopc,nob/c,206500,180.0,not_neg,not_int,not_lpsm,388000.0,sb,pr,home,1U,9780.0,CRIF,754,CIB,to_inst,53.22164948,south,direct,15.0,0.10782501846551895
cf,nopre,type1,p4,l1,nopc,nob/c,336500,360.0,not_neg,int_only,not_lpsm,478000.0,sb,pr,home,1U,8340.0,CRIF,827,CIB,not_inst,70.39748954,North,direct,22.0,0.03455149382352829
cf,nopre,type1,p4,l1,nopc,nob/c,246500,360.0,not_neg,not_int,not_lpsm,268000.0,sb,pr,home,1U,8100.0,CRIF,641,EXP,to_inst,91.97761194,North,direct,17.0,0.14369073510169983
cf,nopre,type1,p1,l1,nopc,nob/c,336500,360.0,not_neg,not_int,not_lpsm,418000.0,sb,pr,home,1U,4380.0,EXP,720,CIB,not_inst,80.50239234,North,direct,47.0,0.04065827652812004
cf,nopre,type1,p1,l1,nopc,nob/c,416500,360.0,not_neg,int_only,not_lpsm,528000.0,sb,pr,home,1U,6240.0,CIB,528,CIB,not_inst,78.88257576,North,direct,35.0,0.0363101065158844
cf,nopre,type1,p2,l1,nopc,nob/c,256500,360.0,not_neg,int_only,not_lpsm,338000.0,sb,pr,home,1U,4320.0,CRIF,614,CIB,to_inst,75.88757396,south,direct,49.0,0.24460431933403015
ncf,nopre,type1,p3,l1,nopc,nob/c,106500,180.0,not_neg,not_int,not_lpsm,228000.0,sb,pr,home,1U,1860.0,CRIF,514,CIB,to_inst,46.71052632,North,direct,10.0,0.6186440587043762
cf,nopre,type1,p3,l1,nopc,nob/c,116500,360.0,not_neg,not_int,not_lpsm,238000.0,sb,pr,home,1U,1920.0,EXP,827,CIB,to_inst,48.94957983,North,direct,39.0,0.10782501846551895
cf,pre,type1,p4,l1,nopc,nob/c,456500,360.0,not_neg,not_int,not_lpsm,528000.0,sb,pr,home,1U,8760.0,CIB,562,EXP,not_inst,86.45833333,central,direct,38.0,0.0363101065158844
cf,nopre,type1,p4,l1,nopc,nob/c,286500,360.0,not_neg,not_int,not_lpsm,438000.0,sb,pr,home,1U,4980.0,CIB,647,CIB,not_inst,65.4109589,south,direct,47.0,0.04065827652812004
cf,nopre,type1,p4,l1,nopc,nob/c,466500,360.0,not_neg,not_int,not_lpsm,628000.0,sb,pr,home,1U,20220.0,EXP,538,EXP,to_inst,74.28343949,North,direct,25.0,0.03455149382352829
cf,nopre,type1,p3,l1,nopc,nob/c,456500,360.0,not_neg,not_int,not_lpsm,848000.0,sb,pr,home,1U,5100.0,CRIF,798,CIB,to_inst,53.83254717,central,direct,44.0,0.10782501846551895
cf,nopre,type2,p1,l1,nopc,b/c,296500,360.0,not_neg,int_only,not_lpsm,278000.0,sb,pr,home,1U,6600.0,CIB,844,CIB,to_inst,106.6546763,North,direct,21.0,0.9869565367698669
cf,nopre,type1,p3,l1,nopc,nob/c,166500,360.0,not_neg,not_int,not_lpsm,308000.0,sb,pr,home,1U,1800.0,CIB,734,CIB,to_inst,54.05844156,south,direct,44.0,0.11089865863323212
cf,nopre,type1,p3,l1,nopc,nob/c,246500,360.0,neg_amm,not_int,not_lpsm,458000.0,sb,pr,home,1U,16320.0,EXP,866,EXP,to_inst,53.8209607,south,direct,26.0,0.11089865863323212
cf,nopre,type1,p3,l1,nopc,nob/c,146500,360.0,not_neg,int_only,not_lpsm,198000.0,sb,ir,home,1U,3120.0,CIB,674,CIB,to_inst,73.98989899,central,direct,17.0,0.6186440587043762
cf,nopre,type1,p1,l1,nopc,nob/c,466500,360.0,not_neg,not_int,not_lpsm,518000.0,sb,pr,home,1U,11640.0,EXP,748,EXP,to_inst,90.05791506,North,direct,36.0,0.11089865863323212
cf,nopre,type1,p1,l1,nopc,nob/c,266500,360.0,neg_amm,not_int,not_lpsm,338000.0,sb,pr,home,1U,2700.0,CRIF,678,CIB,to_inst,78.84615385,south,direct,43.0,0.4184100329875946
cf,nopre,type1,p4,l1,nopc,nob/c,486500,360.0,not_neg,not_int,not_lpsm,558000.0,sb,pr,home,1U,10380.0,EXP,863,EXP,to_inst,87.18637993,North,direct,33.0,0.14369073510169983
ncf,nopre,type2,p3,l1,nopc,b/c,66500,360.0,not_neg,not_int,not_lpsm,308000.0,sb,pr,home,1U,2220.0,CIB,669,CIB,to_inst,21.59090909,south,direct,49.0,0.14369073510169983
cf,nopre,type1,p4,l1,nopc,nob/c,336500,240.0,not_neg,not_int,not_lpsm,418000.0,sb,pr,home,1U,8880.0,CIB,691,CIB,not_inst,80.50239234,North,direct,21.0,0.02772643230855465
cf,nopre,type3,p1,l1,nopc,nob/c,156500,360.0,not_neg,not_int,not_lpsm,158000.0,sb,pr,home,1U,4680.0,CRIF,530,CIB,to_inst,99.05063291,North,direct,57.0,0.14369073510169983
cf,nopre,type1,p4,l1,nopc,nob/c,516500,360.0,not_neg,not_int,not_lpsm,698000.0,sb,pr,home,1U,10080.0,CIB,503,CIB,not_inst,73.99713467,North,direct,30.0,0.014285714365541935
cf,nopre,type1,p3,l1,nopc,nob/c,376500,360.0,not_neg,not_int,not_lpsm,688000.0,sb,pr,home,1U,4080.0,EXP,632,EXP,to_inst,54.72383721,North,direct,41.0,0.06420404464006424
cf,nopre,type1,p3,l1,nopc,nob/c,106500,360.0,not_neg,not_int,not_lpsm,308000.0,sb,pr,home,1U,3840.0,EXP,576,EXP,to_inst,34.57792208,central,direct,21.0,0.11089865863323212
cf,pre,type1,p3,l1,nopc,nob/c,176500,180.0,not_neg,not_int,not_lpsm,258000.0,sb,pr,home,1U,3720.0,CIB,645,CIB,to_inst,68.41085271,North,direct,37.0,0.06420404464006424
cf,,type1,p1,l1,nopc,nob/c,556500,180.0,not_neg,not_int,not_lpsm,738000.0,sb,pr,home,1U,16680.0,EXP,522,EXP,not_inst,75.40650407,south,direct,37.0,0.03455149382352829
cf,nopre,type1,p2,l1,nopc,nob/c,76500,240.0,not_neg,not_int,not_lpsm,268000.0,sb,pr,home,1U,2040.0,CIB,626,CIB,to_inst,28.54477612,North,direct,29.0,0.1839258074760437
cf,nopre,type1,p4,l1,nopc,nob/c,256500,180.0,not_neg,not_int,not_lpsm,348000.0,sb,pr,home,1U,9540.0,CIB,599,EXP,not_inst,73.70689655,North,direct,37.0,0.02139037474989891
cf,nopre,type2,p1,l1,nopc,b/c,86500,180.0,not_neg,int_only,not_lpsm,88000.0,sb,pr,home,1U,2760.0,CRIF,606,CIB,to_inst,98.29545455,North,direct,35.0,0.24460431933403015
cf,nopre,type1,p3,l1,nopc,nob/c,596500,360.0,not_neg,not_int,not_lpsm,908000.0,sb,pr,home,1U,13380.0,CRIF,798,EXP,to_inst,65.6938326,North,direct,29.0,0.05779334530234337
cf,nopre,type1,p4,l1,nopc,nob/c,396500,360.0,not_neg,not_int,not_lpsm,728000.0,sb,pr,home,1U,10020.0,EXP,581,EXP,not_inst,54.46428571,North,direct,21.0,0.02772643230855465
cf,nopre,type2,p3,l1,nopc,b/c,316500,360.0,not_neg,not_int,not_lpsm,368000.0,sb,pr,home,1U,4320.0,CRIF,549,EXP,to_inst,86.00543478,south,direct,31.0,0.17307692766189575
cf,pre,type1,p1,l1,nopc,nob/c,346500,360.0,not_neg,int_only,not_lpsm,408000.0,sb,pr,home,1U,6660.0,CIB,711,EXP,to_inst,84.92647059,south,direct,31.0,0.05779334530234337
cf,nopre,type1,p1,l1,nopc,nob/c,156500,360.0,not_neg,not_int,not_lpsm,168000.0,sb,pr,home,1U,4080.0,CIB,855,CIB,to_inst,93.1547619,North,direct,30.0,0.14369073510169983
cf,nopre,type1,p1,l1,nopc,nob/c,386500,360.0,not_neg,not_int,not_lpsm,458000.0,sb,pr,home,1U,8100.0,CRIF,781,EXP,not_inst,84.38864629,North,direct,43.0,0.03455149382352829
cf,nopre,type1,p4,l1,nopc,nob/c,176500,360.0,not_neg,not_int,not_lpsm,378000.0,sb,pr,home,1U,4260.0,CIB,571,CIB,to_inst,46.69312169,south,direct,49.0,0.14369073510169983
cf,nopre,type1,p4,l1,nopc,nob/c,206500,324.0,not_neg,not_int,not_lpsm,278000.0,sb,pr,home,1U,5040.0,CIB,687,EXP,to_inst,74.28057554,south,direct,42.0,0.04065827652812004
cf,nopre,type1,p4,l1,nopc,nob/c,466500,360.0,not_neg,not_int,not_lpsm,528000.0,sb,pr,home,1U,8640.0,CIB,874,EXP,to_inst,88.35227273,North,direct,27.0,0.11089865863323212
cf,nopre,type1,p1,l1,nopc,nob/c,406500,360.0,not_neg,not_int,not_lpsm,508000.0,sb,pr,home,1U,4800.0,CIB,778,CIB,not_inst,80.01968504,North,direct,45.0,0.0363101065158844
cf,pre,type1,p3,l1,nopc,nob/c,596500,360.0,not_neg,not_int,not_lpsm,788000.0,sb,pr,home,1U,5580.0,CIB,891,EXP,not_inst,75.69796954,south,direct,49.0,0.11276596039533615
cf,nopre,type1,p1,l1,nopc,nob/c,406500,360.0,neg_amm,not_int,not_lpsm,598000.0,sb,pr,home,1U,5760.0,EXP,745,CIB,not_inst,67.97658863,North,direct,48.0,0.10782501846551895
cf,nopre,type1,p4,l1,nopc,nob/c,406500,180.0,not_neg,not_int,not_lpsm,908000.0,sb,pr,home,1U,28200.0,CIB,702,CIB,not_inst,44.76872247,south,direct,12.0,0.03455149382352829
cf,nopre,type1,p1,l1,nopc,nob/c,86500,360.0,not_neg,not_int,not_lpsm,98000.0,sb,pr,home,1U,2460.0,EXP,673,EXP,to_inst,88.26530612,south,direct,41.0,0.17307692766189575
,nopre,type1,p3,l1,nopc,nob/c,646500,360.0,not_neg,not_int,not_lpsm,898000.0,sb,pr,home,1U,7140.0,CIB,529,CIB,to_inst,71.99331849,south,direct,44.0,0.14369073510169983
cf,nopre,type1,p1,l1,nopc,nob/c,666500,360.0,not_neg,not_int,not_lpsm,1158000.0,sb,pr,home,1U,11040.0,EXP,665,EXP,not_inst,57.55613126,central,direct,37.0,0.03435804694890976
cf,nopre,type1,p3,l1,nopc,nob/c,346500,240.0,not_neg,int_only,not_lpsm,468000.0,sb,pr,home,1U,4980.0,CIB,781,CIB,not_inst,74.03846154,North,direct,42.0,0.0363101065158844
cf,nopre,type2,p1,l1,nopc,b/c,586500,360.0,not_neg,not_int,not_lpsm,608000.0,sb,pr,home,1U,14460.0,CIB,522,EXP,not_inst,96.46381579,North,direct,47.0,0.05779334530234337
cf,nopre,type1,p4,l1,nopc,nob/c,706500,360.0,not_neg,not_int,not_lpsm,848000.0,sb,pr,home,1U,16200.0,CRIF,596,CIB,to_inst,83.31367925,south,direct,40.0,0.19203747808933258
cf,nopre,type2,p2,l1,nopc,b/c,66500,360.0,not_neg,not_int,not_lpsm,228000.0,sb,pr,home,1U,2340.0,CIB,787,CIB,to_inst,29.16666667,central,direct,28.0,0.24460431933403015
cf,nopre,type1,p4,l1,nopc,nob/c,426500,360.0,not_neg,not_int,not_lpsm,918000.0,sb,pr,home,1U,15120.0,EXP,795,EXP,not_inst,46.45969499,south,direct,37.0,0.02772643230855465
cf,nopre,type1,p3,l1,nopc,nob/c,86500,180.0,not_neg,not_int,not_lpsm,158000.0,sb,pr,home,1U,4080.0,CIB,616,CIB,to_inst,54.74683544,south,direct,21.0,0.0861159935593605
cf,nopre,type2,p1,l1,nopc,b/c,126500,360.0,not_neg,not_int,not_lpsm,128000.0,sb,pr,home,1U,3540.0,CIB,647,CIB,to_inst,98.828125,south,direct,36.0,0.1839258074760437
cf,nopre,type1,p3,l1,nopc,nob/c,156500,360.0,not_neg,not_int,not_lpsm,258000.0,sb,pr,home,1U,2640.0,CRIF,513,CIB,to_inst,60.65891473,North,direct,23.0,0.10782501846551895
cf,nopre,type1,p4,l1,nopc,nob/c,146500,240.0,not_neg,not_int,not_lpsm,168000.0,sb,pr,home,1U,2160.0,CIB,856,CIB,to_inst,87.20238095,south,direct,41.0,0.19203747808933258
cf,nopre,type3,p3,l1,nopc,nob/c,96500,360.0,not_neg,not_int,not_lpsm,158000.0,sb,pr,home,1U,1380.0,CRIF,545,EXP,to_inst,61.07594937,North,direct,38.0,0.14369073510169983
cf,nopre,type1,p3,l1,nopc,nob/c,306500,180.0,not_neg,not_int,not_lpsm,558000.0,sb,pr,home,1U,7860.0,CRIF,854,CIB,to_inst,54.92831541,south,direct,48.0,0.11089865863323212
cf,nopre,type1,p3,l1,nopc,nob/c,606500,360.0,not_neg,not_int,not_lpsm,758000.0,sb,pr,home,1U,10800.0,EXP,616,CIB,to_inst,80.01319261,south,direct,33.0,0.16867469251155853
cf,nopre,type1,p3,l1,nopc,nob/c,136500,360.0,not_neg,not_int,not_lpsm,258000.0,sb,pr,home,1U,2940.0,CRIF,794,CIB,to_inst,52.90697674,south,direct,32.0,0.0861159935593605
cf,nopre,type1,p4,l1,nopc,nob/c,216500,360.0,neg_amm,not_int,not_lpsm,258000.0,sb,pr,home,1U,5520.0,CRIF,823,EXP,not_inst,83.91472868,North,direct,47.0,0.14369073510169983
cf,nopre,type2,p3,l1,nopc,b/c,356500,360.0,not_neg,not_int,not_lpsm,408000.0,sb,pr,home,1U,9060.0,EXP,688,CIB,not_inst,87.37745098,North,direct,20.0,0.10782501846551895
cf,nopre,type1,p4,l1,nopc,nob/c,676500,360.0,not_neg,not_int,not_lpsm,718000.0,sb,pr,home,1U,14100.0,CRIF,625,EXP,not_inst,94.22005571,North,direct,24.0,0.03455149382352829
cf,pre,type2,p1,l1,nopc,b/c,166500,360.0,not_neg,not_int,not_lpsm,188000.0,sb,pr,home,1U,2760.0,CRIF,809,CIB,not_inst,88.56382979,south,direct,61.0,0.14369073510169983
cf,nopre,type3,p3,l1,nopc,nob/c,496500,360.0,not_neg,not_int,not_lpsm,598000.0,sb,pr,home,1U,5700.0,EXP,882,CIB,not_inst,83.02675585,North,direct,43.0,0.06766917556524277
cf,pre,type1,p3,l1,nopc,nob/c,216500,180.0,not_neg,not_int,not_lpsm,348000.0,sb,pr,home,1U,10860.0,CIB,863,CIB,to_inst,62.21264368,North,direct,14.0,0.05779334530234337
cf,nopre,type1,p1,l1,nopc,nob/c,546500,360.0,not_neg,not_int,not_lpsm,578000.0,sb,pr,home,1U,8280.0,EXP,782,CIB,not_inst,94.55017301,south,direct,31.0,0.03455149382352829
cf,pre,type1,p3,l1,nopc,nob/c,106500,360.0,not_neg,not_int,not_lpsm,488000.0,sb,pr,home,1U,2400.0,EXP,566,CIB,to_inst,21.82377049,south,direct,43.0,0.11276596039533615
,nopre,type1,p1,l1,nopc,nob/c,346500,360.0,not_neg,not_int,not_lpsm,438000.0,sb,ir,home,1U,5640.0,CIB,615,CIB,to_inst,79.10958904,south,direct,32.0,0.1839258074760437
cf,pre,type1,p3,l1,nopc,nob/c,476500,360.0,not_neg,not_int,not_lpsm,598000.0,sb,pr,home,1U,7920.0,CRIF,552,EXP,not_inst,79.68227425,North,direct,38.0,0.03455149382352829
cf,pre,type1,p4,l1,nopc,nob/c,236500,360.0,not_neg,not_int,not_lpsm,298000.0,sb,ir,home,1U,34380.0,CRIF,664,EXP,not_inst,79.36241611,south,direct,16.0,0.23026315867900848
cf,nopre,type1,p4,l1,nopc,nob/c,346500,360.0,not_neg,not_int,not_lpsm,508000.0,sb,ir,home,1U,4980.0,CRIF,502,CIB,not_inst,68.20866142,south,direct,46.0,0.10144927352666855
cf,nopre,type1,p3,l1,nopc,nob/c,206500,360.0,not_neg,not_int,not_lpsm,458000.0,sb,pr,home,1U,1920.0,CIB,552,CIB,to_inst,45.08733624,North,direct,44.0,0.11089865863323212
cf,nopre,type1,p3,l1,nopc,nob/c,166500,360.0,not_neg,not_int,not_lpsm,348000.0,sb,pr,home,1U,2520.0,CIB,648,EXP,to_inst,47.84482759,North,direct,42.0,0.06420404464006424
cf,nopre,type1,p1,l1,nopc,nob/c,576500,360.0,neg_amm,not_int,not_lpsm,608000.0,sb,pr,home,1U,6840.0,EXP,871,CIB,not_inst,94.81907895,North,direct,48.0,0.10782501846551895
cf,nopre,type2,p1,l1,nopc,b/c,56500,360.0,neg_amm,not_int,not_lpsm,58000.0,sb,pr,home,1U,1980.0,EXP,829,CIB,to_inst,97.4137931,North,direct,34.0,0.6666666865348816
cf,nopre,type1,p4,l1,nopc,nob/c,256500,180.0,not_neg,not_int,not_lpsm,328000.0,sb,ir,home,1U,13440.0,CIB,807,EXP,not_inst,78.20121951,North,direct,22.0,0.11089865863323212
cf,pre,type1,p1,l1,nopc,nob/c,376500,324.0,neg_amm,not_int,not_lpsm,478000.0,sb,pr,home,1U,3960.0,CIB,559,CIB,to_inst,78.76569038,south,direct,49.0,0.04065827652812004
cf,pre,type1,p3,l1,nopc,nob/c,226500,360.0,not_neg,not_int,not_lpsm,308000.0,sb,pr,home,1U,2700.0,CRIF,633,EXP,to_inst,73.53896104,south,direct,42.0,0.10782501846551895
cf,nopre,type1,p1,l1,nopc,nob/c,686500,360.0,neg_amm,not_int,not_lpsm,758000.0,sb,pr,home,1U,1560.0,EXP,614,EXP,not_inst,90.56728232,central,direct,15.0,1.0
cf,nopre,type1,p1,l1,nopc,nob/c,176500,360.0,neg_amm,not_int,not_lpsm,208000.0,sb,pr,home,1U,5040.0,EXP,898,CIB,to_inst,84.85576923,south,direct,47.0,0.4184100329875946
cf,nopre,type1,p4,l1,nopc,nob/c,106500,360.0,not_neg,not_int,not_lpsm,138000.0,sb,pr,home,1U,2280.0,EXP,502,EXP,to_inst,77.17391304,North,direct,38.0,0.10144927352666855
cf,pre,type2,p1,l1,nopc,b/c,426500,360.0,not_neg,not_int,not_lpsm,438000.0,sb,pr,home,1U,,EXP,609,EXP,to_inst,97.37442922,North,direct,39.0,0.0861159935593605
,nopre,type3,p3,l1,nopc,nob/c,586500,360.0,not_neg,not_int,not_lpsm,708000.0,sb,pr,home,1U,6420.0,CRIF,606,EXP,to_inst,82.83898305,North,direct,41.0,0.11276596039533615
cf,nopre,type1,p3,l1,nopc,nob/c,126500,360.0,not_neg,not_int,not_lpsm,198000.0,sb,pr,home,1U,2280.0,CIB,701,CIB,to_inst,63.88888889,North,direct,31.0,0.06420404464006424
ncf,nopre,type1,p1,l1,nopc,nob/c,1276500,360.0,not_neg,not_int,not_lpsm,1598000.0,sb,pr,home,1U,23040.0,CIB,595,EXP,not_inst,79.88110138,south,direct,33.0,0.0861159935593605
ncf,pre,type1,p4,l1,nopc,nob/c,186500,360.0,not_neg,not_int,not_lpsm,258000.0,sb,sr,home,1U,14760.0,CIB,769,CIB,to_inst,72.28682171,south,direct,31.0,0.11089865863323212
ncf,nopre,type2,p3,l1,nopc,b/c,226500,360.0,not_neg,not_int,not_lpsm,258000.0,sb,pr,home,1U,2760.0,CRIF,570,CIB,to_inst,87.79069767,south,direct,53.0,0.24460431933403015
cf,nopre,type1,p1,l1,nopc,nob/c,156500,360.0,not_neg,not_int,not_lpsm,158000.0,sb,ir,home,2U,2340.0,EXP,630,CIB,to_inst,99.05063291,south,direct,15.0,0.9869565367698669
cf,nopre,type1,p3,l1,nopc,nob/c,76500,360.0,not_neg,not_int,not_lpsm,168000.0,sb,pr,home,1U,3300.0,CRIF,865,EXP,to_inst,45.53571429,North,direct,20.0,0.06766917556524277
cf,nopre,type1,p4,l1,nopc,nob/c,206500,360.0,not_neg,not_int,not_lpsm,258000.0,sb,pr,home,1U,5400.0,EXP,706,CIB,not_inst,80.03875969,North,direct,17.0,0.14369073510169983
cf,nopre,type1,p3,l1,nopc,nob/c,406500,360.0,not_neg,int_only,not_lpsm,508000.0,sb,pr,home,1U,5700.0,CIB,652,CIB,not_inst,80.01968504,North,direct,40.0,0.059588298201560974
cf,nopre,type1,p4,l1,nopc,nob/c,406500,360.0,not_neg,not_int,not_lpsm,458000.0,sb,pr,home,1U,6540.0,EXP,559,CIB,not_inst,88.75545852,central,direct,25.0,0.055727552622556686
cf,nopre,type2,p1,l1,nopc,b/c,296500,360.0,not_neg,not_int,lpsm,308000.0,sb,pr,home,1U,4440.0,EXP,891,EXP,not_inst,96.26623377,south,direct,57.0,0.5
cf,nopre,type1,p1,l1,nopc,nob/c,446500,360.0,not_neg,not_int,not_lpsm,748000.0,sb,sr,home,1U,25500.0,CRIF,589,EXP,not_inst,59.69251337,North,direct,26.0,0.04065827652812004
cf,nopre,type1,p4,l1,nopc,nob/c,516500,360.0,not_neg,not_int,not_lpsm,628000.0,sb,pr,home,1U,7500.0,EXP,631,CIB,to_inst,82.24522293,south,direct,38.0,0.1839258074760437
cf,nopre,type1,p4,l1,nopc,nob/c,316500,360.0,not_neg,not_int,not_lpsm,398000.0,sb,pr,home,1U,5880.0,EXP,829,CIB,not_inst,79.52261307,North,direct,44.0,0.0363101065158844
cf,nopre,type1,p4,l1,nopc,nob/c,506500,360.0,not_neg,not_int,not_lpsm,728000.0,sb,pr,home,1U,7140.0,CRIF,824,CIB,not_inst,69.57417582,south,direct,40.0,0.03455149382352829
cf,pre,type1,p3,l1,nopc,nob/c,76500,360.0,not_neg,not_int,not_lpsm,158000.0,sb,pr,home,1U,2820.0,EXP,878,EXP,to_inst,48.41772152,North,direct,6.0,0.14369073510169983
cf,nopre,type1,p3,l1,nopc,nob/c,206500,360.0,not_neg,not_int,not_lpsm,318000.0,sb,pr,home,1U,4260.0,EXP,616,EXP,to_inst,64.93710692,North,direct,37.0,0.04065827652812004
cf,nopre,type1,p3,l1,nopc,nob/c,186500,348.0,not_neg,not_int,not_lpsm,268000.0,sb,pr,home,1U,3360.0,EXP,687,CIB,to_inst,69.58955224,North,direct,42.0,0.059588298201560974
cf,nopre,type1,p3,l2,nopc,nob/c,156500,360.0,not_neg,not_int,not_lpsm,308000.0,sb,pr,home,1U,2400.0,CRIF,801,CIB,to_inst,50.81168831,south,direct,37.0,0.06420404464006424
cf,nopre,type1,p4,l1,nopc,nob/c,666500,360.0,not_neg,not_int,not_lpsm,958000.0,sb,pr,home,1U,12000.0,CRIF,647,CIB,not_inst,69.57202505,south,direct,45.0,0.0363101065158844
cf,nopre,type1,p4,l2,nopc,nob/c,516500,360.0,not_neg,not_int,not_lpsm,908000.0,sb,pr,home,1U,11280.0,EXP,709,CIB,not_inst,56.88325991,North,direct,33.0,0.03455149382352829
cf,nopre,type3,p3,l1,nopc,nob/c,226500,360.0,not_neg,not_int,not_lpsm,218000.0,sb,pr,home,1U,3960.0,EXP,885,CIB,to_inst,103.8990826,south,direct,50.0,0.7596899271011353
cf,nopre,type1,p4,l1,nopc,nob/c,416500,240.0,not_neg,not_int,not_lpsm,788000.0,sb,pr,home,1U,15000.0,CIB,691,EXP,to_inst,52.85532995,south,direct,42.0,0.0363101065158844
cf,pre,type2,p2,l1,nopc,b/c,106500,240.0,not_neg,not_int,not_lpsm,128000.0,sb,pr,home,1U,5220.0,CIB,573,EXP,to_inst,83.203125,south,direct,47.0,0.19203747808933258
cf,nopre,type1,p4,l1,nopc,nob/c,506500,360.0,not_neg,not_int,not_lpsm,1508000.0,sb,pr,home,1U,16500.0,CIB,696,EXP,not_inst,33.58753316,south,direct,28.0,0.02139037474989891
cf,nopre,type3,p3,l1,nopc,nob/c,286500,300.0,not_neg,not_int,not_lpsm,388000.0,sb,pr,home,1U,4020.0,EXP,678,EXP,to_inst,73.84020619,south,direct,39.0,0.04065827652812004
ncf,nopre,type1,p3,l1,nopc,nob/c,736500,360.0,not_neg,not_int,not_lpsm,898000.0,sb,pr,home,1U,9720.0,CIB,880,EXP,not_inst,82.0155902,North,direct,33.0,0.3415384590625763
cf,nopre,type1,p4,l1,nopc,nob/c,316500,240.0,not_neg,not_int,not_lpsm,558000.0,sb,pr,home,1U,9000.0,CRIF,841,EXP,to_inst,56.72043011,North,direct,38.0,0.03455149382352829
cf,nopre,type1,p3,l1,nopc,nob/c,256500,360.0,not_neg,not_int,not_lpsm,418000.0,sb,pr,home,1U,2760.0,CIB,820,CIB,to_inst,61.36363636,south,direct,48.0,0.14369073510169983
cf,nopre,type1,p4,l1,nopc,nob/c,416500,360.0,not_neg,not_int,not_lpsm,698000.0,sb,pr,home,1U,8580.0,CIB,644,EXP,not_inst,59.67048711,North,direct,46.0,0.03435804694890976
cf,nopre,type2,p1,l1,nopc,b/c,86500,360.0,not_neg,not_int,not_lpsm,88000.0,sb,pr,home,1U,2400.0,EXP,581,CIB,to_inst,98.29545455,North,direct,35.0,0.24460431933403015
cf,nopre,type1,p4,l1,nopc,nob/c,436500,180.0,not_neg,not_int,not_lpsm,738000.0,sb,pr,home,1U,10380.0,EXP,793,CIB,not_inst,59.14634146,south,direct,30.0,0.02772643230855465
cf,nopre,type1,p3,l2,opc,nob/c,416500,360.0,not_neg,int_only,not_lpsm,598000.0,sb,pr,home,1U,7620.0,CIB,629,EXP,to_inst,69.64882943,North,direct,46.0,0.03455149382352829
cf,nopre,type1,p3,l1,nopc,nob/c,446500,240.0,not_neg,not_int,not_lpsm,668000.0,sb,pr,home,1U,5040.0,EXP,769,CIB,not_inst,66.84131737,North,direct,40.0,0.03455149382352829
cf,pre,type1,p3,l1,nopc,nob/c,106500,96.0,neg_amm,not_int,not_lpsm,648000.0,sb,pr,home,1U,15780.0,CRIF,797,CIB,to_inst,16.43518519,south,direct,8.0,0.16867469251155853
cf,nopre,type1,p4,l1,nopc,nob/c,706500,360.0,not_neg,not_int,not_lpsm,818000.0,sb,pr,home,1U,8640.0,EXP,575,CIB,not_inst,86.36919315,south,direct,39.0,0.0363101065158844
cf,nopre,type1,p4,l1,nopc,nob/c,166500,360.0,not_neg,not_int,not_lpsm,518000.0,sb,pr,home,1U,16920.0,EXP,641,CIB,to_inst,32.14285714,south,direct,21.0,0.10782501846551895
cf,nopre,type3,p3,l1,nopc,nob/c,426500,360.0,neg_amm,not_int,not_lpsm,428000.0,sb,pr,home,1U,7920.0,CIB,801,EXP,to_inst,99.64953271,North,direct,30.0,0.1839258074760437
,nopre,type1,p3,l1,nopc,nob/c,436500,360.0,not_neg,not_int,not_lpsm,1138000.0,sb,ir,home,1U,13680.0,CRIF,606,EXP,to_inst,38.35676626,south,direct,49.0,0.14369073510169983
cf,nopre,type1,p3,l1,nopc,nob/c,456500,360.0,not_neg,not_int,not_lpsm,908000.0,sb,pr,home,1U,5700.0,EXP,583,EXP,not_inst,50.2753304,south,direct,43.0,0.04065827652812004
cf,nopre,type1,p3,l1,nopc,nob/c,206500,360.0,not_neg,not_int,not_lpsm,328000.0,sb,ir,home,1U,3120.0,CIB,608,CIB,not_inst,62.95731707,North,direct,45.0,0.10782501846551895
cf,nopre,type1,p3,l1,nopc,nob/c,326500,360.0,not_neg,not_int,not_lpsm,468000.0,sb,pr,home,1U,5400.0,CRIF,892,CIB,to_inst,69.76495726,North,direct,20.0,0.0861159935593605
cf,nopre,type3,p1,l1,nopc,nob/c,366500,360.0,not_neg,not_int,not_lpsm,368000.0,sb,pr,home,1U,8520.0,CIB,651,EXP,to_inst,99.5923913,south,direct,59.0,0.14369073510169983
ncf,nopre,type1,p4,l1,nopc,nob/c,1056500,360.0,not_neg,not_int,not_lpsm,1328000.0,sb,pr,home,1U,12960.0,EXP,713,EXP,not_inst,79.55572289,North,direct,42.0,0.14369073510169983
cf,nopre,type1,p3,l2,nopc,nob/c,336500,360.0,not_neg,not_int,not_lpsm,428000.0,sb,pr,home,1U,9180.0,EXP,743,EXP,not_inst,78.62149533,North,direct,23.0,0.02772643230855465
cf,nopre,type2,p3,l1,nopc,b/c,136500,360.0,not_neg,not_int,not_lpsm,168000.0,sb,pr,home,1U,2100.0,CRIF,651,EXP,to_inst,81.25,North,direct,31.0,0.14369073510169983
cf,nopre,type2,p1,l1,nopc,b/c,466500,360.0,not_neg,not_int,not_lpsm,578000.0,sb,pr,home,1U,5160.0,EXP,827,EXP,not_inst,80.70934256,North,direct,60.0,0.10782501846551895
cf,nopre,type1,p4,l1,nopc,nob/c,106500,180.0,not_neg,not_int,not_lpsm,148000.0,sb,pr,home,1U,4020.0,CIB,891,CIB,to_inst,71.95945946,south,direct,26.0,0.11089865863323212
cf,nopre,type1,p4,l1,nopc,nob/c,576500,360.0,not_neg,not_int,not_lpsm,1008000.0,sb,pr,home,1U,10860.0,CIB,830,CIB,to_inst,57.19246032,south,direct,39.0,0.10782501846551895
cf,nopre,type1,p3,l1,nopc,nob/c,456500,360.0,not_neg,not_int,not_lpsm,568000.0,sb,pr,home,1U,6300.0,CRIF,505,CIB,to_inst,80.36971831,North,direct,44.0,0.11089865863323212
cf,nopre,type2,p3,l1,nopc,b/c,86500,360.0,not_neg,not_int,not_lpsm,128000.0,sb,pr,home,1U,5100.0,CIB,724,CIB,to_inst,67.578125,south,direct,22.0,0.11089865863323212
cf,nopre,type1,p3,l1,nopc,nob/c,166500,360.0,not_neg,not_int,not_lpsm,228000.0,sb,pr,home,1U,3660.0,CIB,707,CIB,to_inst,73.02631579,North,direct,37.0,0.059588298201560974
cf,nopre,type2,p1,l2,nopc,b/c,116500,240.0,not_neg,not_int,not_lpsm,118000.0,sb,pr,home,1U,1620.0,EXP,763,CIB,to_inst,98.72881356,south,direct,44.0,0.11276596039533615
cf,nopre,type3,p3,l1,nopc,nob/c,66500,180.0,not_neg,not_int,not_lpsm,188000.0,sb,pr,home,1U,2220.0,CIB,610,CIB,to_inst,35.37234043,south,direct,23.0,0.24460431933403015
cf,nopre,type1,p4,l1,nopc,nob/c,216500,360.0,not_neg,not_int,not_lpsm,288000.0,sb,sr,home,1U,13200.0,EXP,838,EXP,not_inst,75.17361111,North,direct,32.0,0.04065827652812004
cf,nopre,type1,p3,l1,nopc,nob/c,176500,360.0,not_neg,not_int,not_lpsm,608000.0,sb,pr,home,1U,5520.0,CRIF,895,CIB,to_inst,29.02960526,North,direct,30.0,0.04065827652812004
cf,nopre,type1,p3,l1,nopc,nob/c,466500,240.0,not_neg,not_int,not_lpsm,588000.0,sb,pr,home,1U,8040.0,CRIF,818,EXP,to_inst,79.33673469,south,direct,46.0,0.11089865863323212
cf,nopre,type3,p3,l1,nopc,nob/c,456500,360.0,not_neg,not_int,not_lpsm,728000.0,sb,pr,home,1U,7920.0,CRIF,591,CIB,to_inst,62.70604396,south,direct,38.0,0.10782501846551895
cf,nopre,type1,p4,l1,nopc,nob/c,576500,360.0,not_neg,not_int,not_lpsm,838000.0,sb,pr,home,1U,12780.0,EXP,677,CIB,not_inst,68.7947494,North,direct,21.0,0.02772643230855465
cf,nopre,type2,p3,l1,nopc,b/c,586500,360.0,not_neg,not_int,not_lpsm,788000.0,sb,pr,home,1U,7800.0,CRIF,517,EXP,to_inst,74.42893401,North,direct,47.0,0.14369073510169983
cf,nopre,type1,p1,l1,nopc,nob/c,236500,360.0,neg_amm,not_int,not_lpsm,288000.0,sb,pr,home,1U,5400.0,CIB,720,EXP,to_inst,82.11805556,North,direct,59.0,0.6978417038917542
cf,nopre,type1,p1,l1,nopc,nob/c,456500,360.0,not_neg,not_int,not_lpsm,578000.0,sb,pr,home,1U,7020.0,CRIF,580,CIB,not_inst,78.97923875,central,direct,36.0,0.0363101065158844
cf,nopre,type3,p3,l1,nopc,nob/c,226500,360.0,not_neg,not_int,not_lpsm,228000.0,sb,pr,home,1U,2580.0,EXP,532,CIB,to_inst,99.34210526,south,direct,46.0,0.14369073510169983
cf,nopre,type1,p4,l1,nopc,nob/c,156500,240.0,not_neg,not_int,not_lpsm,208000.0,sb,pr,home,1U,4620.0,CIB,730,CIB,to_inst,75.24038462,south,direct,30.0,0.06420404464006424
cf,nopre,type1,p1,l1,nopc,nob/c,486500,360.0,not_neg,not_int,not_lpsm,648000.0,sb,pr,home,1U,5640.0,EXP,892,CIB,not_inst,75.07716049,North,direct,39.0,0.0363101065158844
cf,nopre,type1,p3,l1,nopc,nob/c,356500,240.0,not_neg,not_int,not_lpsm,518000.0,sb,pr,home,1U,5580.0,CIB,741,EXP,not_inst,68.82239382,south,direct,31.0,0.02772643230855465
cf,pre,type1,p1,l1,nopc,nob/c,436500,360.0,not_neg,not_int,not_lpsm,668000.0,sb,pr,home,1U,8340.0,CRIF,656,CIB,not_inst,65.34431138,North,direct,44.0,0.02772643230855465
cf,nopre,type1,p3,l1,nopc,nob/c,436500,360.0,not_neg,not_int,not_lpsm,858000.0,sb,pr,home,1U,5580.0,CIB,827,EXP,not_inst,50.87412587,North,direct,43.0,0.03455149382352829
cf,nopre,type1,p4,l1,nopc,nob/c,566500,360.0,not_neg,not_int,lpsm,588000.0,sb,pr,home,1U,8880.0,EXP,766,CIB,to_inst,96.34353741,south,direct,46.0,0.9869565367698669
ncf,nopre,type1,p4,l1,nopc,nob/c,846500,360.0,not_neg,not_int,not_lpsm,1058000.0,sb,pr,home,1U,10200.0,EXP,892,EXP,to_inst,80.0094518,North,direct,46.0,0.6666666865348816
cf,nopre,type1,p3,l1,nopc,nob/c,266500,360.0,not_neg,not_int,not_lpsm,338000.0,sb,pr,home,1U,3660.0,EXP,835,CIB,to_inst,78.84615385,south,direct,36.0,0.11089865863323212
cf,pre,type1,p1,l1,nopc,nob/c,106500,360.0,not_neg,not_int,not_lpsm,168000.0,sb,pr,home,1U,1320.0,CRIF,881,CIB,to_inst,63.39285714,south,direct,49.0,0.11089865863323212
cf,nopre,type1,p3,l1,nopc,nob/c,136500,360.0,not_neg,not_int,not_lpsm,238000.0,sb,pr,home,1U,1500.0,CIB,572,CIB,to_inst,57.35294118,south,direct,45.0,0.14369073510169983
cf,nopre,type1,p4,l1,nopc,nob/c,446500,360.0,not_neg,not_int,not_lpsm,608000.0,sb,pr,home,1U,6960.0,EXP,834,EXP,not_inst,73.4375,North,direct,36.0,0.02772643230855465
cf,pre,type1,p3,l1,nopc,nob/c,226500,180.0,not_neg,not_int,not_lpsm,348000.0,sb,pr,home,1U,6900.0,CIB,767,EXP,to_inst,65.0862069,south,direct,30.0,0.04065827652812004
cf,nopre,type3,p3,l1,nopc,nob/c,296500,324.0,neg_amm,not_int,not_lpsm,308000.0,sb,pr,home,1U,3900.0,CIB,820,EXP,not_inst,96.26623377,North,direct,45.0,0.19203747808933258
cf,nopre,type1,p1,l1,nopc,nob/c,66500,360.0,not_neg,not_int,not_lpsm,88000.0,sb,pr,home,1U,1200.0,CIB,629,CIB,to_inst,75.56818182,North,direct,47.0,0.23026315867900848
cf,nopre,type1,p4,l1,nopc,nob/c,396500,360.0,not_neg,not_int,not_lpsm,558000.0,sb,pr,home,1U,3900.0,EXP,763,CIB,not_inst,71.05734767,North,direct,45.0,0.059588298201560974
cf,nopre,type1,p4,l1,nopc,nob/c,276500,360.0,not_neg,not_int,not_lpsm,398000.0,sb,pr,home,1U,2040.0,CRIF,849,CIB,not_inst,69.47236181,North,direct,50.0,0.9253731369972229
cf,nopre,type2,p1,l1,nopc,b/c,236500,360.0,not_neg,not_int,not_lpsm,308000.0,sb,pr,home,1U,4320.0,CRIF,866,CIB,not_inst,76.78571429,south,direct,41.0,0.10782501846551895
cf,nopre,type1,p4,l1,nopc,nob/c,346500,360.0,not_neg,not_int,not_lpsm,1028000.0,sb,pr,home,1U,5580.0,CIB,623,EXP,not_inst,33.70622568,North,direct,44.0,0.0363101065158844
ncf,nopre,type1,p1,l1,nopc,nob/c,646500,360.0,not_neg,not_int,not_lpsm,808000.0,sb,pr,home,1U,17940.0,CIB,685,EXP,to_inst,80.01237624,North,direct,42.0,0.11089865863323212
cf,nopre,type1,p4,l1,nopc,nob/c,646500,360.0,not_neg,not_int,not_lpsm,858000.0,sb,pr,home,1U,9960.0,CIB,812,CIB,to_inst,75.34965035,south,direct,43.0,0.11089865863323212
cf,nopre,type2,p3,l1,nopc,b/c,276500,180.0,not_neg,not_int,not_lpsm,338000.0,sb,pr,home,1U,8460.0,CIB,787,EXP,to_inst,81.80473373,North,direct,52.0,0.14369073510169983
cf,pre,type1,p1,l1,nopc,nob/c,326500,360.0,not_neg,not_int,not_lpsm,338000.0,sb,pr,home,1U,3000.0,CIB,868,CIB,not_inst,96.59763314,North,direct,49.0,0.10782501846551895
cf,nopre,type1,p3,l1,nopc,nob/c,146500,240.0,not_neg,not_int,not_lpsm,408000.0,sb,pr,home,1U,3240.0,EXP,597,CIB,to_inst,35.90686275,south,direct,37.0,0.0861159935593605
cf,pre,type2,p1,l1,nopc,b/c,446500,240.0,not_neg,not_int,not_lpsm,458000.0,sb,pr,home,1U,7200.0,EXP,696,CIB,to_inst,97.48908297,south,direct,54.0,0.06766917556524277
cf,nopre,type1,p3,l1,nopc,nob/c,456500,216.0,neg_amm,not_int,not_lpsm,878000.0,sb,pr,home,1U,8580.0,CIB,531,CIB,to_inst,51.99316629,North,direct,49.0,0.27710843086242676
cf,nopre,type1,p4,l1,nopc,nob/c,686500,360.0,not_neg,not_int,not_lpsm,1008000.0,sb,pr,home,1U,0.0,CIB,566,CIB,not_inst,68.10515873,North,direct,5.0,1.0
ncf,pre,type1,p3,l1,nopc,nob/c,106500,360.0,not_neg,not_int,not_lpsm,188000.0,sb,pr,home,1U,2100.0,CIB,716,CIB,to_inst,56.64893617,south,direct,30.0,0.11089865863323212
cf,nopre,type1,p4,l1,nopc,nob/c,486500,324.0,neg_amm,not_int,not_lpsm,708000.0,sb,pr,home,1U,8040.0,EXP,770,CIB,not_inst,68.71468927,south,direct,30.0,0.06420404464006424
cf,nopre,type1,p2,l1,nopc,nob/c,486500,360.0,neg_amm,not_int,not_lpsm,758000.0,sb,ir,home,4U,5400.0,EXP,525,CIB,not_inst,64.18205805,North,direct,38.0,0.3415384590625763
cf,nopre,type1,p3,l1,nopc,nob/c,216500,360.0,neg_amm,not_int,not_lpsm,318000.0,sb,pr,home,1U,3660.0,CIB,609,CIB,to_inst,68.08176101,North,direct,39.0,0.14369073510169983
cf,nopre,type1,p3,l1,nopc,nob/c,416500,360.0,not_neg,not_int,not_lpsm,628000.0,sb,pr,home,1U,9960.0,CRIF,583,EXP,to_inst,66.32165605,North,direct,39.0,0.04065827652812004
cf,pre,type1,p4,l1,nopc,nob/c,76500,180.0,not_neg,not_int,not_lpsm,158000.0,sb,pr,home,1U,3540.0,EXP,781,EXP,to_inst,48.41772152,North,direct,28.0,0.10782501846551895
cf,nopre,type1,p3,l1,nopc,nob/c,286500,360.0,not_neg,not_int,not_lpsm,408000.0,sb,pr,home,1U,9660.0,CRIF,808,EXP,to_inst,70.22058824,south,direct,22.0,0.04065827652812004
cf,nopre,type1,p3,l1,nopc,nob/c,466500,360.0,not_neg,not_int,not_lpsm,708000.0,sb,pr,home,1U,6960.0,EXP,775,CIB,to_inst,65.88983051,central,direct,23.0,0.10782501846551895
cf,nopre,type2,p3,l1,nopc,b/c,106500,180.0,not_neg,not_int,not_lpsm,88000.0,sb,pr,home,1U,2040.0,CRIF,674,CIB,to_inst,121.0227273,central,direct,24.0,0.9899497628211975
cf,nopre,type1,p4,l1,nopc,nob/c,336500,360.0,not_neg,not_int,not_lpsm,528000.0,sb,pr,home,1U,7560.0,EXP,834,EXP,to_inst,63.73106061,south,direct,37.0,0.055727552622556686
cf,pre,type1,p3,l1,nopc,nob/c,526500,360.0,not_neg,not_int,not_lpsm,708000.0,sb,ir,home,1U,11580.0,EXP,878,EXP,not_inst,74.36440678,North,direct,39.0,0.06420404464006424
cf,nopre,type2,p4,l2,nopc,b/c,76500,300.0,neg_amm,not_int,not_lpsm,168000.0,sb,pr,home,1U,1080.0,EXP,591,CIB,to_inst,45.53571429,south,direct,43.0,0.9899497628211975
cf,nopre,type2,p1,l1,nopc,b/c,146500,360.0,neg_amm,not_int,not_lpsm,148000.0,sb,pr,home,1U,1500.0,EXP,759,EXP,to_inst,98.98648649,North,direct,31.0,0.5465116500854492
cf,pre,type1,p1,l1,nopc,nob/c,126500,360.0,not_neg,not_int,not_lpsm,218000.0,sb,pr,home,1U,2760.0,CIB,787,EXP,to_inst,58.02752294,south,direct,48.0,0.06420404464006424
cf,nopre,type1,p3,l1,nopc,nob/c,356500,180.0,not_neg,not_int,not_lpsm,668000.0,sb,pr,home,1U,7980.0,EXP,801,EXP,to_inst,53.36826347,south,direct,43.0,0.06420404464006424
cf,nopre,type1,p3,l1,nopc,nob/c,426500,180.0,not_neg,not_int,not_lpsm,848000.0,sb,pr,home,1U,8940.0,CIB,792,CIB,not_inst,50.29481132,south,direct,39.0,0.03455149382352829
cf,nopre,type1,p3,l1,nopc,nob/c,376500,180.0,not_neg,not_int,not_lpsm,568000.0,sb,pr,home,1U,10800.0,EXP,753,EXP,to_inst,66.28521127,North,direct,31.0,0.03455149382352829
cf,nopre,type1,p4,l1,nopc,nob/c,316500,360.0,not_neg,not_int,not_lpsm,388000.0,sb,pr,home,1U,3780.0,CRIF,890,CIB,not_inst,81.57216495,south,direct,48.0,0.0861159935593605
cf,nopre,type1,p4,l1,nopc,nob/c,486500,360.0,neg_amm,not_int,not_lpsm,1218000.0,sb,ir,home,1U,5940.0,CIB,810,EXP,not_inst,39.94252874,central,direct,42.0,0.16867469251155853
ncf,pre,type1,p3,l1,nopc,nob/c,236500,360.0,not_neg,not_int,not_lpsm,258000.0,sb,pr,home,1U,5460.0,EXP,546,CIB,to_inst,91.66666667,North,direct,36.0,0.6666666865348816
cf,nopre,type1,p1,l1,nopc,nob/c,606500,360.0,not_neg,not_int,not_lpsm,808000.0,sb,ir,home,1U,24960.0,CRIF,757,CIB,not_inst,75.06188119,North,direct,40.0,0.04065827652812004
cf,pre,type2,p3,l1,nopc,b/c,166500,360.0,not_neg,not_int,not_lpsm,188000.0,sb,pr,home,1U,3840.0,CIB,798,CIB,to_inst,88.56382979,North,direct,60.0,0.4184100329875946
cf,nopre,type1,p4,l1,nopc,nob/c,446500,240.0,not_neg,not_int,not_lpsm,1268000.0,sb,pr,home,1U,10380.0,CRIF,682,CIB,not_inst,35.21293375,North,direct,34.0,0.02772643230855465
cf,,type1,p3,l1,nopc,nob/c,276500,180.0,not_neg,int_only,not_lpsm,398000.0,sb,pr,home,1U,4500.0,CRIF,762,CIB,to_inst,69.47236181,North,direct,37.0,0.10782501846551895
cf,nopre,type3,p3,l1,nopc,nob/c,126500,360.0,not_neg,not_int,not_lpsm,158000.0,sb,pr,home,1U,3180.0,CIB,680,CIB,to_inst,80.06329114,south,direct,51.0,0.17307692766189575
cf,pre,type1,p4,l1,nopc,nob/c,766500,180.0,not_neg,not_int,not_lpsm,1288000.0,sb,ir,home,3U,58140.0,EXP,630,EXP,not_inst,59.51086957,south,direct,30.0,0.06420404464006424
cf,nopre,type2,p1,l2,nopc,b/c,246500,300.0,neg_amm,not_int,not_lpsm,248000.0,sb,pr,home,1U,4740.0,CRIF,840,CIB,to_inst,99.39516129,North,direct,34.0,0.9869565367698669
cf,nopre,type1,p4,l1,nopc,nob/c,586500,360.0,not_neg,not_int,not_lpsm,598000.0,sb,pr,home,1U,7320.0,CIB,660,CIB,not_inst,98.07692308,North,direct,41.0,0.3913043439388275
cf,nopre,type2,p3,l1,nopc,b/c,76500,360.0,not_neg,not_int,not_lpsm,98000.0,sb,pr,home,1U,1080.0,CRIF,812,CIB,to_inst,78.06122449,North,direct,39.0,0.3913043439388275
cf,nopre,type1,p3,l1,nopc,nob/c,206500,360.0,not_neg,not_int,not_lpsm,258000.0,sb,pr,home,1U,4200.0,CIB,546,CIB,not_inst,80.03875969,central,direct,24.0,0.11276596039533615
cf,nopre,type1,p4,l1,nopc,nob/c,376500,360.0,not_neg,not_int,not_lpsm,548000.0,sb,pr,home,1U,10140.0,CIB,810,EXP,not_inst,68.70437956,North,direct,26.0,0.014285714365541935
cf,pre,type1,p1,l1,nopc,nob/c,106500,360.0,not_neg,not_int,not_lpsm,108000.0,sb,pr,home,1U,3420.0,CRIF,714,CIB,to_inst,98.61111111,North,direct,35.0,0.0861159935593605
cf,nopre,type1,p3,l1,nopc,nob/c,226500,360.0,not_neg,not_int,not_lpsm,308000.0,sb,pr,home,1U,7440.0,EXP,590,EXP,to_inst,73.53896104,south,direct,31.0,0.059588298201560974
cf,nopre,type1,p3,l1,nopc,nob/c,486500,360.0,not_neg,not_int,not_lpsm,648000.0,sb,pr,home,1U,10080.0,CIB,841,EXP,not_inst,75.07716049,south,direct,43.0,0.03455149382352829
cf,nopre,type1,p1,l1,nopc,nob/c,216500,360.0,not_neg,not_int,not_lpsm,248000.0,sb,sr,home,1U,10200.0,CRIF,646,CIB,not_inst,87.2983871,North,direct,39.0,0.05779334530234337
cf,pre,type1,p3,l1,nopc,nob/c,396500,360.0,not_neg,not_int,not_lpsm,738000.0,sb,pr,home,1U,5460.0,EXP,565,EXP,to_inst,53.72628726,south,direct,38.0,0.059588298201560974
cf,nopre,type1,p3,l1,nopc,nob/c,276500,360.0,not_neg,not_int,not_lpsm,928000.0,sb,pr,home,1U,4020.0,CIB,537,EXP,not_inst,29.79525862,North,direct,46.0,0.05779334530234337
cf,nopre,type1,p4,l1,nopc,nob/c,306500,360.0,neg_amm,not_int,not_lpsm,478000.0,sb,ir,home,1U,14820.0,CRIF,683,CIB,not_inst,64.12133891,North,direct,35.0,0.11089865863323212
cf,nopre,type2,p1,l1,nopc,b/c,206500,360.0,not_neg,not_int,not_lpsm,218000.0,sb,pr,home,1U,5640.0,CRIF,619,CIB,to_inst,94.72477064,North,direct,22.0,0.19203747808933258
cf,nopre,type1,p4,l1,nopc,nob/c,286500,360.0,not_neg,not_int,not_lpsm,488000.0,sb,pr,home,1U,7080.0,CIB,626,CIB,to_inst,58.70901639,North,direct,29.0,0.055727552622556686
cf,nopre,type1,p1,l1,nopc,nob/c,566500,360.0,not_neg,int_only,not_lpsm,948000.0,sb,pr,home,1U,14400.0,EXP,614,EXP,not_inst,59.75738397,North,direct,41.0,0.03455149382352829
cf,nopre,type1,p4,l1,nopc,nob/c,406500,180.0,not_neg,not_int,not_lpsm,778000.0,sb,pr,home,1U,17640.0,CIB,897,EXP,to_inst,52.24935733,North,direct,21.0,0.03455149382352829
cf,nopre,type1,p4,l1,nopc,nob/c,596500,360.0,not_neg,not_int,not_lpsm,998000.0,sb,pr,home,1U,9240.0,EXP,871,CIB,not_inst,59.76953908,south,direct,39.0,0.03455149382352829
cf,pre,type1,p3,l1,nopc,nob/c,286500,360.0,not_neg,not_int,not_lpsm,418000.0,sb,pr,home,1U,4380.0,CRIF,873,CIB,to_inst,68.54066986,North,direct,22.0,0.06420404464006424
cf,nopre,type2,p1,l1,nopc,b/c,576500,360.0,not_neg,not_int,not_lpsm,588000.0,sb,pr,home,1U,6600.0,CRIF,576,EXP,not_inst,98.04421769,North,direct,52.0,0.10782501846551895
cf,pre,type1,p1,l1,nopc,nob/c,106500,360.0,not_neg,not_int,not_lpsm,168000.0,sb,pr,home,1U,1440.0,EXP,719,CIB,to_inst,63.39285714,North,direct,48.0,0.11089865863323212
ncf,nopre,type1,p1,l1,nopc,nob/c,446500,180.0,not_neg,not_int,not_lpsm,558000.0,sb,pr,home,1U,31020.0,CRIF,716,CIB,to_inst,80.01792115,south,direct,35.0,0.11089865863323212
cf,nopre,type1,p3,l1,nopc,nob/c,466500,360.0,not_neg,not_int,lpsm,588000.0,sb,pr,home,1U,4800.0,CIB,668,EXP,to_inst,79.33673469,North,direct,49.0,0.7142857313156128
ncf,nopre,type1,p3,l1,nopc,nob/c,636500,360.0,not_neg,not_int,not_lpsm,798000.0,sb,pr,home,1U,16620.0,CRIF,836,CIB,to_inst,79.76190476,south,direct,58.0,0.9869565367698669
cf,nopre,type1,p4,l1,nopc,nob/c,256500,360.0,neg_amm,not_int,not_lpsm,308000.0,sb,ir,home,1U,4500.0,CRIF,683,CIB,not_inst,83.27922078,central,direct,34.0,0.7142857313156128
cf,pre,type3,p1,l1,nopc,nob/c,346500,360.0,not_neg,not_int,not_lpsm,348000.0,sb,pr,home,1U,4800.0,EXP,831,EXP,not_inst,99.56896552,North,direct,46.0,0.059588298201560974
cf,pre,type2,p3,l1,nopc,b/c,236500,360.0,not_neg,not_int,not_lpsm,278000.0,sb,pr,home,1U,2760.0,EXP,759,EXP,to_inst,85.07194245,south,direct,43.0,0.24460431933403015
cf,nopre,type1,p4,l1,nopc,nob/c,386500,360.0,not_neg,not_int,not_lpsm,538000.0,sb,pr,home,1U,5640.0,CIB,851,EXP,not_inst,71.8401487,North,direct,48.0,0.0363101065158844
cf,pre,type1,p3,l1,nopc,nob/c,376500,360.0,not_neg,not_int,not_lpsm,468000.0,sb,pr,home,1U,6660.0,CRIF,717,CIB,to_inst,80.44871795,south,direct,47.0,0.14369073510169983
cf,nopre,type1,p3,l1,nopc,nob/c,456500,360.0,not_neg,not_int,not_lpsm,608000.0,sb,pr,home,1U,5820.0,CRIF,578,CIB,to_inst,75.08223684,south,direct,37.0,0.1034482792019844
ncf,nopre,type2,p3,l1,nopc,b/c,216500,324.0,neg_amm,not_int,not_lpsm,248000.0,sb,pr,home,1U,3720.0,CIB,781,CIB,to_inst,87.2983871,south,direct,60.0,0.4883720874786377
cf,nopre,type1,p4,l1,nopc,nob/c,136500,180.0,not_neg,not_int,not_lpsm,168000.0,sb,pr,home,1U,14520.0,CRIF,814,CIB,to_inst,81.25,south,direct,11.0,0.1839258074760437
cf,,type3,p3,l1,nopc,nob/c,346500,360.0,not_neg,int_only,not_lpsm,358000.0,sb,pr,home,1U,6120.0,CRIF,533,CIB,to_inst,96.7877095,central,direct,48.0,0.24460431933403015
cf,pre,type1,p1,l1,nopc,nob/c,266500,240.0,not_neg,not_int,not_lpsm,328000.0,sb,pr,home,1U,10620.0,CIB,834,CIB,to_inst,81.25,south,direct,45.0,0.04065827652812004
cf,nopre,type1,p1,l1,nopc,nob/c,166500,180.0,not_neg,not_int,not_lpsm,218000.0,sb,ir,home,1U,9180.0,CRIF,731,CIB,not_inst,76.37614679,south,direct,26.0,0.10782501846551895
cf,nopre,type1,p1,l1,nopc,nob/c,386500,360.0,not_neg,not_int,not_lpsm,398000.0,sb,pr,home,1U,4800.0,CIB,681,CIB,not_inst,97.11055276,North,direct,48.0,0.10782501846551895
cf,nopre,type1,p3,l1,nopc,nob/c,166500,240.0,not_neg,not_int,not_lpsm,278000.0,sb,pr,home,1U,10380.0,EXP,785,EXP,to_inst,59.89208633,North,direct,30.0,0.02772643230855465
cf,nopre,type1,p1,l1,nopc,nob/c,296500,360.0,neg_amm,not_int,not_lpsm,368000.0,sb,pr,home,1U,5400.0,EXP,641,CIB,to_inst,80.57065217,North,direct,37.0,0.19203747808933258
cf,pre,type1,p1,l1,nopc,nob/c,266500,360.0,not_neg,not_int,not_lpsm,278000.0,sb,pr,home,1U,7500.0,CIB,777,CIB,to_inst,95.86330935,south,direct,33.0,0.059588298201560974
cf,nopre,type1,p3,l1,nopc,nob/c,486500,360.0,not_neg,not_int,not_lpsm,798000.0,sb,pr,home,1U,12240.0,CIB,544,EXP,not_inst,60.96491228,North,direct,22.0,0.02772643230855465
cf,nopre,type2,p1,l1,nopc,b/c,76500,360.0,not_neg,not_int,not_lpsm,88000.0,sb,pr,home,1U,1680.0,EXP,648,CIB,to_inst,86.93181818,south,direct,60.0,0.3913043439388275
cf,nopre,type1,p1,l2,nopc,nob/c,526500,360.0,not_neg,not_int,not_lpsm,628000.0,sb,pr,home,1U,8700.0,CRIF,864,EXP,not_inst,83.83757962,North,direct,37.0,0.02772643230855465
cf,nopre,type2,p3,l1,nopc,b/c,216500,360.0,not_neg,not_int,not_lpsm,318000.0,sb,pr,home,1U,2220.0,CRIF,676,EXP,to_inst,68.08176101,North,direct,46.0,0.17307692766189575
cf,nopre,type1,p4,l1,nopc,nob/c,486500,360.0,not_neg,not_int,not_lpsm,608000.0,sb,pr,home,1U,15840.0,CRIF,657,EXP,not_inst,80.01644737,North,direct,30.0,0.02139037474989891
cf,nopre,type1,p4,l1,nopc,nob/c,176500,180.0,not_neg,not_int,not_lpsm,358000.0,sb,pr,home,1U,3720.0,EXP,646,CIB,to_inst,49.30167598,North,direct,40.0,0.10782501846551895
cf,nopre,type1,p1,l2,nopc,nob/c,726500,360.0,not_neg,not_int,not_lpsm,1178000.0,sb,pr,home,1U,22440.0,EXP,626,CIB,not_inst,61.67232598,south,direct,22.0,0.02139037474989891
cf,pre,type1,p1,l1,nopc,nob/c,726500,360.0,not_neg,int_only,not_lpsm,988000.0,sb,pr,home,1U,8100.0,CIB,724,CIB,to_inst,73.53238866,North,direct,45.0,0.10782501846551895
cf,nopre,type1,p4,l1,nopc,nob/c,506500,360.0,not_neg,not_int,not_lpsm,1248000.0,sb,pr,home,1U,9660.0,CRIF,605,EXP,not_inst,40.5849359,North,direct,21.0,0.02772643230855465
cf,nopre,type1,p4,l1,nopc,nob/c,636500,360.0,not_neg,not_int,lpsm,1088000.0,sb,pr,home,3U,10740.0,CIB,862,CIB,not_inst,58.50183824,south,direct,37.0,0.5465116500854492
cf,pre,type1,p1,l1,nopc,nob/c,216500,180.0,not_neg,not_int,not_lpsm,268000.0,sb,pr,home,1U,8280.0,CRIF,839,CIB,to_inst,80.78358209,North,direct,18.0,0.05779334530234337
cf,nopre,type2,p1,l1,nopc,b/c,556500,360.0,not_neg,not_int,not_lpsm,568000.0,sb,pr,home,1U,7560.0,CIB,806,EXP,not_inst,97.97535211,North,direct,55.0,0.11089865863323212
cf,nopre,type1,p4,l1,nopc,nob/c,426500,180.0,neg_amm,not_int,not_lpsm,558000.0,sb,pr,home,1U,7200.0,CIB,624,CIB,to_inst,76.43369176,south,direct,47.0,0.24460431933403015
cf,nopre,type1,p4,l1,nopc,nob/c,346500,360.0,not_neg,not_int,not_lpsm,458000.0,sb,ir,home,1U,12900.0,CRIF,664,EXP,not_inst,75.65502183,North,direct,56.0,0.9253731369972229
cf,nopre,type1,p3,l1,nopc,nob/c,446500,360.0,neg_amm,not_int,not_lpsm,598000.0,sb,sr,home,1U,29940.0,CIB,889,EXP,not_inst,74.66555184,North,direct,20.0,0.17307692766189575
cf,nopre,type1,p2,l1,nopc,nob/c,166500,360.0,not_neg,not_int,not_lpsm,368000.0,sb,pr,home,1U,4920.0,CIB,898,CIB,to_inst,45.24456522,North,direct,7.0,0.24460431933403015
cf,nopre,type1,p3,l1,nopc,nob/c,266500,360.0,not_neg,not_int,not_lpsm,528000.0,sb,pr,home,1U,3300.0,EXP,505,CIB,to_inst,50.47348485,North,direct,36.0,0.0861159935593605
cf,nopre,type2,p3,l1,nopc,b/c,66500,360.0,not_neg,not_int,lpsm,88000.0,sb,pr,home,1U,1980.0,EXP,591,CIB,to_inst,75.56818182,North,direct,60.0,0.7435897588729858
cf,nopre,type1,p2,l1,nopc,nob/c,356500,360.0,not_neg,not_int,lpsm,608000.0,sb,pr,home,1U,9180.0,CRIF,617,CIB,not_inst,58.63486842,North,direct,34.0,0.4184100329875946
cf,pre,type1,p1,l1,nopc,nob/c,346500,360.0,not_neg,not_int,not_lpsm,648000.0,sb,pr,home,1U,8580.0,CRIF,804,EXP,to_inst,53.47222222,North,direct,33.0,0.03455149382352829
cf,nopre,type1,p4,l1,nopc,nob/c,346500,360.0,not_neg,int_only,not_lpsm,808000.0,sb,pr,home,1U,5940.0,CRIF,713,EXP,not_inst,42.88366337,central,direct,38.0,0.03455149382352829
cf,pre,type1,p3,l1,nopc,nob/c,76500,360.0,not_neg,not_int,not_lpsm,88000.0,sb,pr,home,1U,1920.0,EXP,711,CIB,to_inst,86.93181818,south,direct,31.0,0.5
cf,nopre,type1,p4,l1,nopc,nob/c,456500,180.0,not_neg,not_int,not_lpsm,698000.0,sb,pr,home,1U,15000.0,CRIF,788,CIB,to_inst,65.40114613,south,direct,24.0,0.05779334530234337
cf,pre,type2,p1,l1,nopc,b/c,296500,360.0,not_neg,not_int,not_lpsm,308000.0,sb,pr,home,1U,4020.0,EXP,687,EXP,to_inst,96.26623377,south,direct,57.0,0.10782501846551895
ncf,nopre,type1,p3,l1,nopc,nob/c,286500,360.0,not_neg,not_int,not_lpsm,558000.0,sb,pr,home,1U,5700.0,CIB,591,CIB,to_inst,51.34408602,North,direct,32.0,0.059588298201560974
cf,nopre,type1,p1,l1,nopc,nob/c,326500,180.0,not_neg,not_int,not_lpsm,438000.0,sb,pr,home,1U,25560.0,CRIF,858,CIB,to_inst,74.543379,North,direct,10.0,0.10782501846551895
cf,nopre,type1,p3,l2,nopc,nob/c,136500,360.0,not_neg,not_int,not_lpsm,208000.0,sb,pr,home,1U,5280.0,CIB,769,EXP,to_inst,65.625,North,direct,28.0,0.02772643230855465
ncf,pre,type1,p1,l1,nopc,nob/c,256500,360.0,not_neg,not_int,not_lpsm,268000.0,sb,pr,home,1U,3600.0,EXP,569,CIB,not_inst,95.70895522,central,direct,43.0,0.0861159935593605
cf,nopre,type1,p3,l1,nopc,nob/c,176500,240.0,not_neg,not_int,not_lpsm,358000.0,sb,pr,home,1U,8580.0,EXP,690,CIB,to_inst,49.30167598,south,direct,26.0,0.04065827652812004
cf,nopre,type1,p3,l2,opc,nob/c,76500,360.0,not_neg,int_only,not_lpsm,628000.0,sb,pr,home,1U,7080.0,CRIF,587,CIB,to_inst,12.18152866,south,direct,31.0,0.03435804694890976
cf,nopre,type1,p4,l1,nopc,nob/c,226500,240.0,not_neg,not_int,not_lpsm,308000.0,sb,pr,home,1U,7500.0,EXP,521,EXP,to_inst,73.53896104,south,direct,21.0,0.055727552622556686
cf,nopre,type1,p4,l1,nopc,nob/c,166500,360.0,not_neg,not_int,not_lpsm,358000.0,sb,pr,home,1U,5160.0,CRIF,526,EXP,not_inst,46.50837989,south,direct,30.0,0.0363101065158844
cf,nopre,type1,p3,l1,nopc,nob/c,126500,360.0,not_neg,not_int,not_lpsm,198000.0,sb,pr,home,1U,1320.0,CIB,510,CIB,to_inst,63.88888889,south,direct,44.0,0.14369073510169983
cf,nopre,type1,p1,l1,nopc,nob/c,576500,360.0,not_neg,not_int,not_lpsm,768000.0,sb,ir,home,1U,9000.0,CRIF,538,EXP,not_inst,75.06510417,south,direct,40.0,0.04065827652812004
cf,nopre,type1,p3,l2,nopc,nob/c,206500,240.0,not_neg,not_int,not_lpsm,428000.0,sb,pr,home,1U,7200.0,CIB,522,EXP,to_inst,48.24766355,south,direct,29.0,0.03455149382352829
cf,nopre,type1,p1,l1,nopc,nob/c,426500,360.0,not_neg,not_int,not_lpsm,508000.0,sb,pr,home,1U,5160.0,CRIF,665,CIB,to_inst,83.95669291,south,direct,44.0,0.14369073510169983
cf,pre,type1,p4,l1,nopc,nob/c,436500,360.0,not_neg,not_int,not_lpsm,658000.0,sb,pr,home,1U,9840.0,CRIF,660,EXP,to_inst,66.33738602,North,direct,28.0,0.03455149382352829
cf,pre,type1,p4,l1,nopc,nob/c,236500,360.0,not_neg,not_int,not_lpsm,288000.0,sb,pr,home,1U,5580.0,CIB,695,EXP,to_inst,82.11805556,south,direct,48.0,0.14369073510169983
cf,pre,type1,p4,l1,nopc,nob/c,496500,360.0,not_neg,not_int,not_lpsm,618000.0,sb,pr,home,1U,6300.0,CRIF,645,EXP,not_inst,80.33980583,North,direct,43.0,0.03435804694890976
cf,nopre,type1,p4,l1,nopc,nob/c,256500,324.0,not_neg,not_int,not_lpsm,438000.0,sb,pr,home,1U,3180.0,CIB,658,CIB,to_inst,58.56164384,North,direct,41.0,0.059588298201560974
cf,nopre,type1,p4,l1,nopc,nob/c,286500,360.0,not_neg,not_int,not_lpsm,368000.0,sb,pr,home,1U,5340.0,CIB,656,CIB,to_inst,77.85326087,south,direct,39.0,0.10782501846551895
cf,pre,type1,p3,l1,nopc,nob/c,416500,360.0,not_neg,not_int,not_lpsm,508000.0,sb,pr,home,1U,9180.0,CIB,744,CIB,to_inst,81.98818898,south,direct,44.0,0.19203747808933258
cf,nopre,type1,p4,l1,nopc,nob/c,306500,360.0,not_neg,not_int,not_lpsm,448000.0,sb,pr,home,1U,6660.0,EXP,577,CIB,to_inst,68.41517857,south,direct,43.0,0.06766917556524277
ncf,pre,type3,p1,l1,nopc,nob/c,576500,360.0,not_neg,not_int,not_lpsm,608000.0,sb,pr,home,1U,13020.0,CRIF,573,EXP,to_inst,94.81907895,North,direct,38.0,0.04065827652812004
cf,nopre,type1,p4,l1,nopc,nob/c,406500,360.0,not_neg,not_int,not_lpsm,428000.0,sb,pr,home,1U,5400.0,EXP,673,CIB,not_inst,94.97663551,North,direct,40.0,0.05779334530234337
cf,nopre,type1,p3,l1,nopc,nob/c,586500,360.0,not_neg,not_int,not_lpsm,788000.0,sb,pr,home,1U,10740.0,EXP,823,CIB,not_inst,74.42893401,central,direct,23.0,0.059588298201560974
cf,nopre,type1,p2,l1,nopc,nob/c,296500,360.0,not_neg,not_int,not_lpsm,378000.0,sb,pr,home,1U,9420.0,CIB,677,EXP,to_inst,78.43915344,south,direct,16.0,0.1034482792019844
cf,nopre,type1,p3,l1,nopc,nob/c,476500,360.0,not_neg,not_int,not_lpsm,648000.0,sb,pr,home,1U,8220.0,CIB,533,EXP,to_inst,73.53395062,North,direct,48.0,0.0861159935593605
cf,pre,type1,p1,l1,nopc,nob/c,206500,360.0,not_neg,not_int,not_lpsm,218000.0,sb,pr,home,1U,5400.0,EXP,636,CIB,to_inst,94.72477064,south,direct,36.0,0.059588298201560974
cf,nopre,type1,p1,l1,nopc,nob/c,666500,360.0,not_neg,not_int,not_lpsm,1008000.0,sb,pr,home,1U,8280.0,CIB,609,CIB,not_inst,66.12103175,North,direct,44.0,0.03455149382352829
cf,nopre,type1,p1,l1,nopc,nob/c,166500,180.0,not_neg,not_int,not_lpsm,188000.0,sb,pr,home,1U,6120.0,CRIF,849,CIB,not_inst,88.56382979,North,direct,24.0,0.06420404464006424
cf,nopre,type2,p1,l1,nopc,b/c,96500,360.0,neg_amm,not_int,not_lpsm,98000.0,sb,pr,home,1U,3660.0,CRIF,595,EXP,to_inst,98.46938776,south,direct,24.0,0.4184100329875946
cf,nopre,type1,p2,l1,nopc,nob/c,116500,180.0,not_neg,not_int,not_lpsm,248000.0,sb,pr,home,1U,4440.0,CIB,743,EXP,to_inst,46.97580645,North,direct,42.0,0.10782501846551895
cf,nopre,type1,p3,l1,nopc,nob/c,106500,120.0,not_neg,not_int,not_lpsm,288000.0,sb,pr,home,1U,2640.0,CIB,715,CIB,to_inst,36.97916667,south,direct,48.0,0.14369073510169983
cf,pre,type1,p4,l1,nopc,nob/c,466500,360.0,not_neg,not_int,not_lpsm,758000.0,sb,pr,home,1U,13500.0,CIB,857,CIB,to_inst,61.54353562,North,direct,16.0,0.06420404464006424
cf,nopre,type1,p1,l1,nopc,nob/c,676500,360.0,not_neg,not_int,not_lpsm,998000.0,sb,pr,home,1U,13740.0,CRIF,811,EXP,not_inst,67.78557114,North,direct,47.0,0.03455149382352829
cf,nopre,type3,p3,l2,nopc,nob/c,166500,360.0,not_neg,not_int,not_lpsm,218000.0,sb,pr,home,1U,3660.0,EXP,506,EXP,to_inst,76.37614679,south,direct,34.0,0.03455149382352829
cf,nopre,type2,p3,l1,nopc,b/c,106500,360.0,not_neg,not_int,not_lpsm,198000.0,sb,pr,home,1U,1440.0,CRIF,805,CIB,to_inst,53.78787879,North,direct,50.0,0.4184100329875946
cf,nopre,type1,p3,l1,nopc,nob/c,306500,360.0,not_neg,not_int,not_lpsm,438000.0,sb,pr,home,1U,5400.0,CIB,757,EXP,not_inst,69.97716895,south,direct,37.0,0.03435804694890976
cf,pre,type1,p1,l2,nopc,nob/c,306500,360.0,not_neg,not_int,not_lpsm,498000.0,sb,sr,home,1U,12180.0,CIB,617,CIB,to_inst,61.54618474,south,direct,37.0,0.03455149382352829
ncf,nopre,type1,p3,l1,nopc,nob/c,186500,360.0,not_neg,not_int,not_lpsm,458000.0,sb,pr,home,1U,2460.0,CIB,515,EXP,not_inst,40.72052402,south,direct,37.0,0.10782501846551895
cf,pre,type1,p1,l1,nopc,nob/c,146500,360.0,not_neg,not_int,not_lpsm,158000.0,sb,pr,home,1U,4500.0,CRIF,737,CIB,to_inst,92.72151899,south,direct,41.0,0.06420404464006424
cf,nopre,type3,p1,l1,nopc,nob/c,226500,360.0,not_neg,int_only,not_lpsm,218000.0,sb,pr,home,1U,7200.0,CRIF,500,CIB,to_inst,103.8990826,central,direct,28.0,0.3415384590625763
,nopre,type1,p1,l1,nopc,nob/c,506500,360.0,not_neg,not_int,not_lpsm,628000.0,sb,pr,home,1U,7380.0,EXP,734,EXP,not_inst,80.65286624,North,direct,38.0,0.03435804694890976
ncf,nopre,type1,p4,l1,nopc,nob/c,2926500,360.0,neg_amm,not_int,not_lpsm,4878000.0,sb,pr,home,1U,64020.0,CRIF,663,EXP,not_inst,59.99384994,North,direct,17.0,0.6666666865348816
cf,nopre,type1,p4,l1,nopc,nob/c,176500,360.0,not_neg,not_int,not_lpsm,258000.0,sb,pr,home,1U,3240.0,CIB,871,EXP,to_inst,68.41085271,south,direct,32.0,0.06420404464006424
cf,nopre,type1,p1,l1,nopc,nob/c,236500,360.0,not_neg,not_int,not_lpsm,238000.0,sb,pr,home,1U,3300.0,CIB,596,EXP,to_inst,99.3697479,North,direct,49.0,0.24460431933403015
cf,nopre,type1,p4,l1,nopc,nob/c,246500,360.0,not_neg,not_int,not_lpsm,268000.0,sb,pr,home,1U,4980.0,CIB,684,CIB,to_inst,91.97761194,North,direct,31.0,0.1839258074760437
cf,pre,type1,p1,l1,nopc,nob/c,246500,360.0,not_neg,not_int,not_lpsm,268000.0,sb,pr,home,1U,9540.0,CIB,711,CIB,to_inst,91.97761194,south,direct,40.0,0.04065827652812004
cf,nopre,type2,p4,l1,nopc,b/c,226500,360.0,not_neg,not_int,not_lpsm,218000.0,sb,pr,home,1U,4320.0,EXP,637,CIB,not_inst,103.8990826,North,direct,53.0,0.9899497628211975
cf,nopre,type3,p1,l1,nopc,nob/c,266500,360.0,not_neg,not_int,not_lpsm,258000.0,sb,pr,home,1U,4380.0,CIB,570,CIB,not_inst,103.2945736,North,direct,39.0,0.059588298201560974
cf,nopre,type1,p1,l1,nopc,nob/c,576500,360.0,not_neg,not_int,not_lpsm,798000.0,sb,pr,home,1U,8640.0,EXP,555,CIB,not_inst,72.24310777,North,direct,34.0,0.02772643230855465
cf,nopre,type2,p3,l1,nopc,b/c,346500,360.0,not_neg,not_int,not_lpsm,378000.0,sb,pr,home,1U,4740.0,EXP,735,CIB,not_inst,91.66666667,North,direct,54.0,0.6186440587043762
cf,nopre,type2,p3,l1,nopc,b/c,266500,360.0,not_neg,not_int,lpsm,338000.0,sb,pr,home,1U,4320.0,CIB,533,CIB,to_inst,78.84615385,south,direct,61.0,0.6978417038917542
cf,nopre,type1,p3,l1,nopc,nob/c,206500,312.0,not_neg,not_int,not_lpsm,258000.0,sb,pr,home,1U,5580.0,EXP,719,EXP,to_inst,80.03875969,North,direct,31.0,0.05779334530234337
cf,nopre,type1,p2,l1,nopc,nob/c,236500,360.0,not_neg,not_int,not_lpsm,308000.0,sb,pr,home,1U,3360.0,CIB,879,EXP,to_inst,76.78571429,south,direct,36.0,0.14369073510169983
cf,nopre,type1,p1,l1,nopc,nob/c,496500,360.0,not_neg,not_int,not_lpsm,628000.0,sb,pr,home,1U,6720.0,EXP,850,CIB,not_inst,79.06050955,North,direct,30.0,0.0363101065158844
cf,nopre,type1,p4,l1,nopc,nob/c,326500,360.0,not_neg,not_int,not_lpsm,458000.0,sb,pr,home,1U,4260.0,CRIF,724,EXP,not_inst,71.28820961,North,direct,37.0,0.03455149382352829
cf,nopre,type1,p3,l1,nopc,nob/c,286500,360.0,not_neg,int_only,not_lpsm,358000.0,sb,pr,home,1U,2760.0,CIB,777,CIB,to_inst,80.02793296,south,direct,43.0,0.24460431933403015
cf,nopre,type1,p4,l1,nopc,nob/c,376500,360.0,not_neg,not_int,not_lpsm,538000.0,sb,pr,home,1U,5640.0,EXP,691,EXP,to_inst,69.98141264,North,direct,43.0,0.04065827652812004
cf,nopre,type1,p1,l1,nopc,nob/c,656500,360.0,not_neg,not_int,not_lpsm,958000.0,sb,pr,home,1U,7800.0,CRIF,554,CIB,not_inst,68.52818372,south,direct,39.0,0.04065827652812004
cf,pre,type1,p1,l1,nopc,nob/c,176500,360.0,not_neg,not_int,not_lpsm,228000.0,sb,ir,home,1U,6060.0,EXP,647,EXP,to_inst,77.4122807,south,direct,43.0,0.10782501846551895
cf,nopre,type1,p1,l2,nopc,nob/c,186500,300.0,neg_amm,not_int,not_lpsm,228000.0,sb,pr,home,1U,4560.0,CRIF,867,EXP,to_inst,81.79824561,North,direct,37.0,0.9869565367698669
cf,nopre,type1,p4,l1,nopc,nob/c,206500,240.0,not_neg,not_int,not_lpsm,448000.0,sb,pr,home,1U,2280.0,EXP,822,CIB,to_inst,46.09375,south,direct,49.0,0.14369073510169983
ncf,nopre,type1,p4,l1,nopc,nob/c,616500,360.0,not_neg,not_int,not_lpsm,748000.0,sb,pr,home,1U,7200.0,EXP,661,EXP,to_inst,82.4197861,south,direct,49.0,0.6186440587043762
cf,nopre,type1,p4,l1,nopc,nob/c,86500,360.0,not_neg,not_int,not_lpsm,118000.0,sb,pr,home,1U,2580.0,EXP,580,EXP,to_inst,73.30508475,North,direct,31.0,0.10782501846551895
cf,nopre,type1,p3,l1,nopc,nob/c,106500,360.0,not_neg,not_int,not_lpsm,158000.0,sb,ir,home,4U,1620.0,CRIF,812,CIB,to_inst,67.40506329,south,direct,21.0,0.3415384590625763
cf,nopre,type1,p1,l1,nopc,nob/c,346500,360.0,not_neg,not_int,not_lpsm,368000.0,sb,pr,home,1U,8700.0,EXP,826,CIB,not_inst,94.1576087,North,direct,31.0,0.03455149382352829
cf,nopre,type2,p3,l1,nopc,b/c,296500,360.0,not_neg,not_int,not_lpsm,348000.0,sb,pr,home,1U,5040.0,CRIF,553,EXP,to_inst,85.20114943,south,direct,61.0,0.16867469251155853
cf,nopre,type1,p3,l1,nopc,nob/c,376500,240.0,not_neg,int_only,not_lpsm,768000.0,sb,pr,home,1U,16080.0,CIB,534,CIB,not_inst,49.0234375,North,direct,31.0,0.03455149382352829
cf,nopre,type1,p4,l1,nopc,nob/c,146500,360.0,neg_amm,not_int,not_lpsm,228000.0,sb,ir,home,1U,6840.0,CRIF,620,EXP,to_inst,64.25438596,central,direct,33.0,0.24460431933403015
cf,nopre,type1,p4,l1,nopc,nob/c,206500,324.0,not_neg,not_int,not_lpsm,238000.0,sb,pr,home,1U,3720.0,CIB,805,EXP,to_inst,86.76470588,south,direct,46.0,0.1839258074760437
cf,nopre,type1,p4,l1,nopc,nob/c,526500,360.0,not_neg,not_int,not_lpsm,608000.0,sb,pr,home,1U,10200.0,CIB,778,EXP,not_inst,86.59539474,North,direct,20.0,0.03455149382352829
cf,nopre,type1,p1,l1,nopc,nob/c,486500,360.0,not_neg,int_only,not_lpsm,658000.0,sb,sr,home,1U,14340.0,CRIF,645,EXP,not_inst,73.93617021,North,direct,47.0,0.055727552622556686
cf,nopre,type1,p3,l1,nopc,nob/c,206500,360.0,not_neg,not_int,not_lpsm,258000.0,sb,pr,home,1U,5100.0,EXP,621,EXP,to_inst,80.03875969,south,direct,43.0,0.0861159935593605
cf,nopre,type1,p3,l1,nopc,nob/c,206500,156.0,not_neg,not_int,not_lpsm,328000.0,sb,pr,home,1U,3780.0,EXP,517,CIB,to_inst,62.95731707,North,direct,47.0,0.11089865863323212
cf,pre,type1,p3,l1,nopc,nob/c,326500,360.0,not_neg,not_int,not_lpsm,478000.0,sb,pr,home,1U,6600.0,CIB,603,CIB,to_inst,68.30543933,North,direct,31.0,0.05000000074505806
cf,nopre,type1,p4,l1,nopc,nob/c,256500,228.0,not_neg,not_int,not_lpsm,558000.0,sb,pr,home,1U,7200.0,CRIF,896,EXP,to_inst,45.96774194,North,direct,24.0,0.03455149382352829
cf,nopre,type3,p3,l1,nopc,nob/c,346500,360.0,not_neg,not_int,not_lpsm,458000.0,sb,pr,home,1U,3960.0,CRIF,766,CIB,to_inst,75.65502183,central,direct,39.0,0.11089865863323212
cf,nopre,type1,p1,l1,nopc,nob/c,256500,360.0,not_neg,not_int,not_lpsm,268000.0,sb,pr,home,1U,6360.0,CIB,771,CIB,to_inst,95.70895522,North,direct,33.0,0.14369073510169983
cf,pre,type1,p3,l1,nopc,nob/c,316500,360.0,not_neg,not_int,not_lpsm,438000.0,sb,pr,home,1U,3840.0,CIB,501,EXP,not_inst,72.26027397,south,direct,42.0,0.04065827652812004
cf,nopre,type1,p4,l1,nopc,nob/c,376500,240.0,not_neg,not_int,not_lpsm,658000.0,sb,pr,home,2U,13980.0,CIB,871,EXP,to_inst,57.21884498,North,direct,58.0,0.7368420958518982
cf,nopre,type1,p4,l1,nopc,nob/c,696500,360.0,not_neg,not_int,not_lpsm,1208000.0,sb,pr,home,1U,11340.0,CIB,558,CIB,not_inst,57.65728477,North,direct,23.0,0.03455149382352829
cf,pre,type1,p4,l1,nopc,nob/c,556500,360.0,not_neg,not_int,not_lpsm,668000.0,sb,pr,home,1U,9900.0,CIB,716,EXP,not_inst,83.30838323,North,direct,28.0,0.03435804694890976
cf,nopre,type1,p4,l1,nopc,nob/c,486500,360.0,not_neg,not_int,not_lpsm,568000.0,sb,pr,home,1U,7020.0,CIB,700,EXP,not_inst,85.65140845,North,direct,40.0,0.03455149382352829
ncf,nopre,type1,p1,l1,nopc,nob/c,286500,240.0,not_neg,not_int,not_lpsm,388000.0,sb,ir,home,3U,5040.0,CIB,830,CIB,not_inst,73.84020619,south,direct,6.0,0.4184100329875946
cf,nopre,type1,p4,l1,nopc,nob/c,536500,360.0,not_neg,not_int,not_lpsm,628000.0,sb,pr,home,1U,7920.0,CRIF,863,CIB,to_inst,85.42993631,North,direct,36.0,0.19203747808933258
cf,nopre,type1,p3,l1,nopc,nob/c,136500,360.0,not_neg,not_int,not_lpsm,178000.0,sb,pr,home,1U,1980.0,CIB,865,CIB,to_inst,76.68539326,North,direct,45.0,0.13636364042758942
cf,pre,type1,p3,l1,nopc,nob/c,486500,360.0,not_neg,not_int,not_lpsm,658000.0,sb,pr,home,1U,6780.0,EXP,705,CIB,not_inst,73.93617021,south,direct,37.0,0.0363101065158844
cf,nopre,type2,p3,l1,nopc,b/c,126500,360.0,not_neg,not_int,not_lpsm,148000.0,sb,pr,home,1U,1740.0,EXP,522,CIB,to_inst,85.47297297,North,direct,54.0,0.27710843086242676
cf,nopre,type1,p4,l1,nopc,nob/c,476500,360.0,neg_amm,not_int,not_lpsm,508000.0,sb,pr,home,1U,5640.0,CRIF,807,CIB,to_inst,93.7992126,south,direct,38.0,0.4883720874786377
cf,nopre,type1,p3,l1,nopc,nob/c,396500,360.0,not_neg,not_int,not_lpsm,578000.0,sb,pr,home,1U,9240.0,CIB,579,CIB,to_inst,68.59861592,North,direct,21.0,0.05779334530234337
cf,nopre,type2,p1,l1,nopc,b/c,516500,360.0,not_neg,not_int,not_lpsm,538000.0,sb,pr,home,1U,6660.0,CRIF,582,CIB,not_inst,96.00371747,North,direct,47.0,0.06420404464006424
ncf,nopre,type1,p4,l1,nopc,nob/c,896500,180.0,not_neg,not_int,not_lpsm,1118000.0,sb,pr,home,1U,15060.0,CRIF,893,EXP,to_inst,80.18783542,south,direct,39.0,0.3415384590625763
cf,nopre,type1,p3,l1,nopc,nob/c,676500,360.0,not_neg,not_int,not_lpsm,978000.0,sb,pr,home,1U,7320.0,EXP,693,CIB,to_inst,69.17177914,south,direct,45.0,0.14369073510169983
cf,nopre,type1,p3,l1,nopc,nob/c,516500,360.0,not_neg,not_int,not_lpsm,708000.0,sb,pr,home,1U,6180.0,EXP,716,CIB,to_inst,72.9519774,south,direct,43.0,0.11089865863323212
cf,nopre,type1,p3,l1,nopc,nob/c,246500,360.0,not_neg,not_int,not_lpsm,328000.0,sb,pr,home,1U,5460.0,CIB,736,CIB,to_inst,75.15243902,North,direct,25.0,0.0861159935593605
ncf,pre,type1,p4,l1,nopc,nob/c,606500,360.0,not_neg,not_int,not_lpsm,768000.0,sb,pr,home,1U,8940.0,EXP,797,EXP,not_inst,78.97135417,North,direct,37.0,0.059588298201560974
cf,nopre,type1,p4,l1,nopc,nob/c,606500,360.0,not_neg,not_int,not_lpsm,778000.0,sb,pr,home,1U,9120.0,CIB,526,CIB,not_inst,77.9562982,North,direct,46.0,0.03455149382352829
cf,,type1,p4,l1,nopc,nob/c,266500,360.0,not_neg,int_only,not_lpsm,408000.0,sb,pr,home,1U,6420.0,EXP,531,EXP,to_inst,65.31862745,North,direct,6.0,0.14369073510169983
cf,nopre,type1,p3,l2,nopc,nob/c,206500,360.0,not_neg,not_int,not_lpsm,348000.0,sb,pr,home,1U,4020.0,CRIF,535,EXP,to_inst,59.33908046,North,direct,30.0,0.03455149382352829
cf,nopre,type1,p1,l1,nopc,nob/c,196500,180.0,not_neg,not_int,not_lpsm,258000.0,sb,pr,home,1U,20340.0,CRIF,778,EXP,to_inst,76.1627907,North,direct,12.0,0.059588298201560974
cf,pre,type1,p3,l1,nopc,nob/c,416500,180.0,not_neg,not_int,not_lpsm,858000.0,sb,pr,home,1U,7020.0,CRIF,632,CIB,to_inst,48.54312354,North,direct,49.0,0.14369073510169983
cf,nopre,type1,p3,l2,nopc,nob/c,106500,360.0,not_neg,not_int,not_lpsm,308000.0,sb,pr,home,1U,1800.0,EXP,769,CIB,not_inst,34.57792208,North,direct,47.0,0.059588298201560974
cf,nopre,type2,p1,l1,nopc,b/c,326500,360.0,not_neg,not_int,not_lpsm,348000.0,sb,pr,home,1U,3480.0,CIB,560,CIB,not_inst,93.82183908,North,direct,47.0,0.0861159935593605
cf,nopre,type1,p4,l1,nopc,nob/c,156500,360.0,not_neg,not_int,not_lpsm,258000.0,sb,pr,home,1U,1860.0,CRIF,796,CIB,to_inst,60.65891473,south,direct,37.0,0.14369073510169983
cf,nopre,type1,p3,l1,nopc,nob/c,326500,360.0,not_neg,not_int,not_lpsm,668000.0,sb,pr,home,1U,4560.0,CRIF,732,CIB,not_inst,48.87724551,south,direct,42.0,0.05779334530234337
cf,nopre,type1,p1,l1,nopc,nob/c,186500,324.0,neg_amm,not_int,not_lpsm,208000.0,sb,pr,home,1U,2580.0,CIB,717,EXP,to_inst,89.66346154,south,direct,43.0,0.3913043439388275
cf,pre,type1,p4,l1,nopc,nob/c,216500,360.0,not_neg,not_int,not_lpsm,318000.0,sb,pr,home,1U,4440.0,CIB,519,EXP,to_inst,68.08176101,south,direct,33.0,0.06420404464006424
cf,nopre,type2,p4,l1,nopc,b/c,326500,360.0,not_neg,not_int,not_lpsm,368000.0,sb,pr,home,1U,3780.0,CIB,546,EXP,not_inst,88.72282609,North,direct,61.0,0.24460431933403015
cf,nopre,type1,p3,l1,nopc,nob/c,456500,360.0,not_neg,not_int,not_lpsm,618000.0,sb,pr,home,1U,8580.0,EXP,797,EXP,not_inst,73.86731392,south,direct,34.0,0.03455149382352829
cf,nopre,type1,p3,l1,nopc,nob/c,206500,132.0,not_neg,not_int,not_lpsm,328000.0,sb,pr,home,1U,5760.0,CIB,881,CIB,to_inst,62.95731707,south,direct,33.0,0.06420404464006424
cf,nopre,type1,p4,l1,nopc,nob/c,406500,360.0,not_neg,not_int,not_lpsm,958000.0,sb,pr,home,1U,14280.0,EXP,555,CIB,not_inst,42.43215031,south,direct,23.0,0.03455149382352829
cf,nopre,type1,p4,l1,nopc,nob/c,446500,360.0,not_neg,not_int,not_lpsm,778000.0,sb,pr,home,1U,6240.0,CIB,639,EXP,to_inst,57.3907455,North,direct,37.0,0.04065827652812004
cf,nopre,type1,p1,l1,nopc,nob/c,576500,360.0,not_neg,not_int,not_lpsm,608000.0,sb,pr,home,1U,7560.0,CIB,884,EXP,not_inst,94.81907895,south,direct,42.0,0.04065827652812004
cf,nopre,type1,p4,l1,nopc,nob/c,406500,360.0,not_neg,not_int,not_lpsm,998000.0,sb,pr,home,1U,7500.0,CRIF,635,CIB,not_inst,40.73146293,south,direct,46.0,0.04065827652812004
cf,nopre,type1,p4,l1,nopc,nob/c,306500,360.0,not_neg,not_int,not_lpsm,348000.0,sb,pr,home,1U,3120.0,CIB,527,CIB,to_inst,88.07471264,central,direct,44.0,0.24460431933403015
cf,nopre,type1,p3,l1,nopc,nob/c,226500,240.0,not_neg,not_int,not_lpsm,338000.0,sb,pr,home,1U,4740.0,EXP,706,EXP,to_inst,67.01183432,North,direct,22.0,0.0363101065158844
cf,pre,type2,p1,l1,nopc,b/c,36500,360.0,not_neg,not_int,not_lpsm,38000.0,sb,pr,home,1U,1440.0,CRIF,694,CIB,to_inst,96.05263158,south,direct,43.0,0.24460431933403015
cf,pre,type1,p4,l1,nopc,nob/c,226500,360.0,not_neg,not_int,not_lpsm,378000.0,sb,ir,home,1U,3120.0,CRIF,860,CIB,to_inst,59.92063492,North,direct,49.0,0.19203747808933258
cf,nopre,type2,p1,l1,nopc,b/c,366500,360.0,not_neg,not_int,not_lpsm,378000.0,sb,pr,home,1U,4740.0,CIB,615,EXP,not_inst,96.95767196,North,direct,37.0,0.10782501846551895
cf,nopre,type1,p4,l1,nopc,nob/c,116500,300.0,not_neg,not_int,not_lpsm,178000.0,sb,pr,home,1U,3000.0,CRIF,569,CIB,to_inst,65.4494382,North,direct,36.0,0.06420404464006424
cf,nopre,type1,p4,l2,nopc,nob/c,316500,360.0,not_neg,not_int,not_lpsm,428000.0,sb,pr,home,1U,8760.0,EXP,644,EXP,to_inst,73.94859813,south,direct,45.0,0.0861159935593605
cf,nopre,type1,p3,l1,nopc,nob/c,186500,360.0,not_neg,not_int,not_lpsm,268000.0,sb,pr,home,1U,8040.0,EXP,830,CIB,to_inst,69.58955224,south,direct,11.0,0.06420404464006424
cf,nopre,type1,p3,l1,nopc,nob/c,456500,360.0,not_neg,int_only,not_lpsm,568000.0,sb,pr,home,1U,19080.0,EXP,765,EXP,to_inst,80.36971831,North,direct,19.0,0.11089865863323212
cf,,type2,p3,l1,nopc,b/c,276500,360.0,not_neg,not_int,not_lpsm,338000.0,sb,pr,home,1U,5040.0,CRIF,616,EXP,to_inst,81.80473373,south,direct,53.0,0.17307692766189575
cf,nopre,type2,p1,l1,nopc,b/c,256500,360.0,not_neg,not_int,not_lpsm,258000.0,sb,pr,home,1U,4680.0,CRIF,509,EXP,not_inst,99.41860465,North,direct,46.0,0.10144927352666855
cf,pre,type1,p4,l1,nopc,nob/c,206500,300.0,not_neg,not_int,not_lpsm,268000.0,sb,pr,home,1U,4020.0,EXP,609,CIB,to_inst,77.05223881,south,direct,30.0,0.10782501846551895
cf,nopre,type1,p4,l1,nopc,nob/c,96500,288.0,neg_amm,not_int,not_lpsm,158000.0,sb,pr,home,1U,3120.0,CIB,827,CIB,to_inst,61.07594937,North,direct,29.0,0.1839258074760437
cf,nopre,type1,p3,l1,nopc,nob/c,236500,360.0,not_neg,not_int,not_lpsm,298000.0,sb,pr,home,1U,2340.0,CIB,631,CIB,to_inst,79.36241611,south,direct,45.0,0.14369073510169983
cf,nopre,type1,p3,l1,nopc,nob/c,86500,240.0,not_neg,not_int,not_lpsm,128000.0,sb,pr,home,1U,1740.0,EXP,510,CIB,to_inst,67.578125,North,direct,35.0,0.10782501846551895
cf,nopre,type1,p3,l1,nopc,nob/c,356500,360.0,not_neg,not_int,not_lpsm,458000.0,sb,pr,home,1U,3780.0,CIB,738,CIB,not_inst,77.83842795,North,direct,49.0,0.11089865863323212
cf,nopre,type1,p4,l1,nopc,nob/c,326500,360.0,not_neg,not_int,not_lpsm,808000.0,sb,pr,home,1U,4260.0,CRIF,634,CIB,to_inst,40.40841584,North,direct,42.0,0.10782501846551895
cf,nopre,type1,p3,l1,nopc,nob/c,436500,360.0,not_neg,not_int,not_lpsm,548000.0,sb,pr,home,1U,5040.0,CRIF,764,CIB,to_inst,79.65328467,south,direct,47.0,0.14369073510169983
cf,nopre,type1,p4,l1,nopc,nob/c,636500,360.0,not_neg,not_int,not_lpsm,808000.0,sb,pr,home,1U,8100.0,CRIF,562,EXP,not_inst,78.77475248,central,direct,36.0,0.03455149382352829
cf,nopre,type2,p3,l1,nopc,b/c,316500,360.0,neg_amm,not_int,not_lpsm,358000.0,sb,pr,home,1U,5040.0,CIB,679,CIB,to_inst,88.40782123,south,direct,56.0,0.6666666865348816
cf,nopre,type1,p3,l1,nopc,nob/c,186500,180.0,not_neg,not_int,not_lpsm,258000.0,sb,pr,home,1U,7320.0,CRIF,709,CIB,to_inst,72.28682171,south,direct,20.0,0.059588298201560974
cf,nopre,type1,p3,l1,nopc,nob/c,686500,360.0,not_neg,not_int,not_lpsm,1628000.0,sb,pr,home,1U,130140.0,EXP,534,EXP,not_inst,42.16830467,North,direct,16.0,0.055727552622556686
cf,nopre,type1,p4,l1,nopc,nob/c,706500,360.0,not_neg,not_int,not_lpsm,898000.0,sb,pr,home,1U,15240.0,CRIF,815,CIB,not_inst,78.67483296,North,direct,27.0,0.03455149382352829
ncf,nopre,type3,p1,l1,nopc,nob/c,646500,360.0,neg_amm,not_int,not_lpsm,748000.0,sb,pr,home,1U,19080.0,CRIF,574,EXP,not_inst,86.43048128,North,direct,24.0,0.11089865863323212
cf,nopre,type1,p3,l1,nopc,nob/c,186500,360.0,not_neg,not_int,not_lpsm,228000.0,sb,pr,home,1U,4560.0,CRIF,698,EXP,to_inst,81.79824561,south,direct,42.0,0.11089865863323212
cf,nopre,type1,p4,l1,nopc,nob/c,356500,240.0,not_neg,not_int,lpsm,398000.0,sb,pr,home,1U,8580.0,CIB,817,EXP,not_inst,89.57286432,North,direct,51.0,0.9869565367698669
cf,nopre,type1,p4,l1,nopc,nob/c,416500,360.0,not_neg,not_int,not_lpsm,628000.0,sb,pr,home,1U,7740.0,CIB,710,CIB,to_inst,66.32165605,south,direct,36.0,0.059588298201560974
cf,pre,type1,p4,l1,nopc,nob/c,186500,240.0,not_neg,not_int,not_lpsm,228000.0,sb,pr,home,1U,3600.0,CRIF,892,CIB,to_inst,81.79824561,south,direct,38.0,0.11089865863323212
cf,nopre,type2,p1,l1,nopc,b/c,216500,360.0,not_neg,not_int,not_lpsm,228000.0,sb,pr,home,1U,3480.0,EXP,704,CIB,to_inst,94.95614035,North,direct,44.0,0.14369073510169983
cf,nopre,type2,p3,l1,nopc,b/c,126500,360.0,not_neg,not_int,not_lpsm,158000.0,sb,pr,home,1U,3060.0,CRIF,606,CIB,to_inst,80.06329114,central,direct,45.0,0.14369073510169983
cf,pre,type1,p1,l1,nopc,nob/c,326500,360.0,not_neg,not_int,not_lpsm,408000.0,sb,pr,home,1U,12060.0,CRIF,851,EXP,to_inst,80.0245098,south,direct,14.0,0.055727552622556686
cf,pre,type1,p4,l1,nopc,nob/c,506500,360.0,not_neg,not_int,not_lpsm,728000.0,sb,pr,home,1U,15480.0,CIB,774,EXP,not_inst,69.57417582,central,direct,25.0,0.02139037474989891
cf,pre,type1,p1,l1,nopc,nob/c,316500,360.0,not_neg,not_int,not_lpsm,618000.0,sb,pr,home,1U,7260.0,CRIF,854,EXP,to_inst,51.21359223,North,direct,43.0,0.0363101065158844
cf,nopre,type2,p1,l1,nopc,b/c,196500,360.0,not_neg,not_int,not_lpsm,238000.0,sb,pr,home,1U,2580.0,CIB,679,CIB,to_inst,82.56302521,south,direct,60.0,0.24460431933403015
cf,pre,type1,p3,l1,nopc,nob/c,136500,360.0,not_neg,not_int,not_lpsm,178000.0,sb,pr,home,1U,2220.0,CIB,799,CIB,to_inst,76.68539326,North,direct,45.0,0.11276596039533615
cf,nopre,type1,p2,l1,nopc,nob/c,76500,360.0,not_neg,not_int,not_lpsm,198000.0,sb,pr,home,1U,3960.0,CRIF,687,CIB,to_inst,38.63636364,North,direct,35.0,0.14369073510169983
cf,nopre,type1,p3,l1,nopc,nob/c,506500,360.0,not_neg,not_int,not_lpsm,748000.0,sb,ir,home,1U,14640.0,EXP,527,CIB,not_inst,67.71390374,North,direct,38.0,0.06420404464006424
cf,nopre,type1,p4,l1,nopc,nob/c,486500,360.0,neg_amm,not_int,not_lpsm,1328000.0,sb,pr,home,1U,6840.0,CRIF,744,CIB,not_inst,36.63403614,North,direct,37.0,0.10782501846551895
cf,pre,type1,p3,l1,nopc,nob/c,356500,360.0,not_neg,not_int,not_lpsm,488000.0,sb,pr,home,2U,4260.0,CRIF,733,CIB,not_inst,73.05327869,south,direct,44.0,0.11089865863323212
cf,pre,type2,p1,l2,nopc,b/c,66500,360.0,not_neg,not_int,not_lpsm,68000.0,sb,pr,home,1U,1860.0,CRIF,609,CIB,to_inst,97.79411765,south,direct,25.0,0.11089865863323212
cf,nopre,type2,p2,l1,nopc,b/c,186500,360.0,neg_amm,not_int,not_lpsm,248000.0,sb,pr,home,1U,3960.0,CIB,818,EXP,to_inst,75.2016129,North,direct,35.0,0.4184100329875946
cf,nopre,type1,p3,l1,nopc,nob/c,126500,180.0,neg_amm,not_int,not_lpsm,218000.0,sb,pr,home,1U,3360.0,CIB,649,CIB,to_inst,58.02752294,North,direct,43.0,0.1839258074760437
cf,pre,type1,p1,l1,nopc,nob/c,526500,360.0,not_neg,not_int,not_lpsm,558000.0,sb,pr,home,1U,8160.0,EXP,666,CIB,to_inst,94.35483871,North,direct,31.0,0.04065827652812004
cf,pre,type1,p3,l1,nopc,nob/c,186500,360.0,not_neg,not_int,not_lpsm,268000.0,sb,pr,home,1U,4680.0,CIB,764,CIB,to_inst,69.58955224,south,direct,28.0,0.0861159935593605
cf,nopre,type1,p4,l1,nopc,nob/c,486500,360.0,not_neg,not_int,not_lpsm,528000.0,sb,pr,home,1U,9180.0,CRIF,506,CIB,not_inst,92.14015152,south,direct,38.0,0.04065827652812004
cf,nopre,type1,p3,l1,nopc,nob/c,206500,240.0,not_neg,not_int,not_lpsm,508000.0,sb,pr,home,1U,1560.0,CRIF,751,CIB,to_inst,40.6496063,south,direct,59.0,0.7843137383460999
cf,nopre,type1,p1,l1,nopc,nob/c,696500,360.0,not_neg,not_int,not_lpsm,1058000.0,sb,pr,home,1U,9660.0,EXP,583,EXP,not_inst,65.83175803,south,direct,36.0,0.03455149382352829
cf,nopre,type1,p4,l1,nopc,nob/c,306500,360.0,not_neg,not_int,not_lpsm,388000.0,sb,pr,home,1U,2760.0,CIB,557,CIB,not_inst,78.99484536,south,direct,49.0,0.14369073510169983
cf,nopre,type1,p4,l1,nopc,nob/c,466500,360.0,not_neg,not_int,not_lpsm,778000.0,sb,pr,home,1U,12300.0,CRIF,692,CIB,not_inst,59.96143959,North,direct,29.0,0.02139037474989891
cf,nopre,type2,p1,l1,nopc,b/c,276500,360.0,neg_amm,not_int,not_lpsm,278000.0,sb,pr,home,1U,2940.0,CRIF,675,EXP,to_inst,99.46043165,North,direct,10.0,0.9869565367698669
cf,nopre,type1,p3,l1,nopc,nob/c,136500,360.0,not_neg,not_int,not_lpsm,188000.0,sb,ir,home,1U,5160.0,CRIF,702,CIB,to_inst,72.60638298,south,direct,34.0,0.14369073510169983
cf,,type1,p3,l1,nopc,nob/c,316500,360.0,not_neg,not_int,not_lpsm,398000.0,sb,pr,home,1U,9360.0,CRIF,875,CIB,to_inst,79.52261307,south,direct,22.0,0.10144927352666855
cf,nopre,type1,p1,l2,nopc,nob/c,376500,360.0,not_neg,not_int,not_lpsm,398000.0,sb,pr,home,1U,5160.0,CRIF,885,CIB,not_inst,94.59798995,North,direct,45.0,0.03435804694890976
cf,nopre,type1,p4,l1,nopc,nob/c,146500,360.0,not_neg,not_int,not_lpsm,208000.0,sb,pr,home,1U,4980.0,EXP,703,EXP,to_inst,70.43269231,North,direct,35.0,0.04065827652812004
cf,nopre,type3,p3,l1,nopc,nob/c,76500,360.0,not_neg,not_int,not_lpsm,88000.0,sb,pr,home,1U,2100.0,CIB,615,CIB,to_inst,86.93181818,south,direct,61.0,0.24460431933403015
cf,nopre,type1,p3,l1,nopc,nob/c,296500,360.0,not_neg,not_int,not_lpsm,398000.0,sb,pr,home,1U,3900.0,EXP,523,CIB,to_inst,74.49748744,central,direct,43.0,0.10782501846551895
cf,nopre,type2,p3,l1,nopc,b/c,126500,360.0,neg_amm,not_int,not_lpsm,148000.0,sb,pr,home,1U,2100.0,CIB,508,CIB,to_inst,85.47297297,North,direct,43.0,0.3913043439388275
cf,nopre,type1,p3,l1,nopc,nob/c,216500,360.0,not_neg,not_int,not_lpsm,458000.0,sb,pr,home,1U,3120.0,CIB,521,EXP,to_inst,47.27074236,south,direct,33.0,0.10782501846551895
cf,nopre,type1,p3,l1,nopc,nob/c,106500,180.0,not_neg,not_int,not_lpsm,278000.0,sb,pr,home,1U,1920.0,EXP,838,CIB,to_inst,38.30935252,south,direct,42.0,0.16867469251155853
ncf,nopre,type1,p1,l1,nopc,nob/c,586500,360.0,not_neg,not_int,not_lpsm,658000.0,sb,pr,home,1U,10740.0,CIB,897,EXP,not_inst,89.1337386,North,direct,39.0,0.0861159935593605
cf,nopre,type1,p3,l1,nopc,nob/c,356500,360.0,not_neg,not_int,not_lpsm,598000.0,sb,pr,home,1U,4440.0,CIB,869,CIB,to_inst,59.61538462,North,direct,37.0,0.06766917556524277
ncf,nopre,type2,p1,l1,nopc,b/c,196500,360.0,not_neg,not_int,not_lpsm,198000.0,sb,pr,home,1U,5460.0,CIB,870,CIB,to_inst,99.24242424,North,direct,49.0,0.24460431933403015
cf,nopre,type1,p3,l1,nopc,nob/c,166500,360.0,not_neg,not_int,not_lpsm,308000.0,sb,pr,home,1U,2280.0,CRIF,654,EXP,to_inst,54.05844156,North,direct,49.0,0.11089865863323212
cf,nopre,type1,p3,l1,nopc,nob/c,286500,240.0,not_neg,not_int,not_lpsm,358000.0,sb,pr,home,1U,5760.0,CIB,547,EXP,to_inst,80.02793296,south,direct,37.0,0.06766917556524277
cf,nopre,type1,p1,l1,nopc,nob/c,266500,360.0,not_neg,not_int,not_lpsm,338000.0,sb,pr,home,1U,3000.0,CIB,669,CIB,not_inst,78.84615385,North,direct,49.0,0.06420404464006424
cf,nopre,type1,p3,l1,nopc,nob/c,226500,360.0,not_neg,not_int,not_lpsm,388000.0,sb,pr,home,1U,4440.0,EXP,790,CIB,to_inst,58.37628866,North,direct,45.0,0.0861159935593605
cf,nopre,type1,p3,l1,nopc,nob/c,366500,360.0,not_neg,not_int,not_lpsm,458000.0,sb,pr,home,1U,4560.0,EXP,554,CIB,not_inst,80.02183406,North,direct,36.0,0.06766917556524277
cf,nopre,type2,p3,l1,nopc,b/c,256500,360.0,not_neg,not_int,not_lpsm,318000.0,sb,pr,home,1U,7200.0,CRIF,657,EXP,to_inst,80.66037736,south,direct,30.0,0.10782501846551895
cf,nopre,type3,p1,l1,nopc,nob/c,196500,360.0,not_neg,int_only,not_lpsm,158000.0,sb,pr,home,1U,4680.0,CIB,707,EXP,to_inst,124.3670886,south,direct,37.0,0.7435897588729858
cf,nopre,type1,p3,l1,nopc,nob/c,166500,360.0,not_neg,not_int,not_lpsm,288000.0,sb,pr,home,1U,3780.0,EXP,773,EXP,to_inst,57.8125,south,direct,33.0,0.059588298201560974
cf,nopre,type1,p2,l1,nopc,nob/c,486500,360.0,not_neg,int_only,not_lpsm,888000.0,sb,pr,home,1U,5040.0,EXP,717,CIB,not_inst,54.78603604,North,direct,38.0,0.11089865863323212
cf,pre,type1,p4,l1,nopc,nob/c,66500,,neg_amm,not_int,not_lpsm,208000.0,sb,pr,home,1U,2880.0,CIB,598,CIB,to_inst,31.97115385,North,direct,37.0,0.14369073510169983
cf,nopre,type1,p1,l1,nopc,nob/c,176500,360.0,not_neg,not_int,not_lpsm,198000.0,sb,pr,home,1U,3660.0,CRIF,641,EXP,to_inst,89.14141414,North,direct,35.0,0.14369073510169983
cf,nopre,type1,p3,l1,nopc,nob/c,106500,360.0,neg_amm,not_int,not_lpsm,178000.0,sb,ir,home,1U,7560.0,CIB,640,EXP,to_inst,59.83146067,south,direct,49.0,0.3913043439388275
cf,nopre,type1,p4,l1,nopc,nob/c,286500,360.0,not_neg,not_int,not_lpsm,398000.0,sb,pr,home,1U,4080.0,CIB,506,CIB,to_inst,71.98492462,North,direct,40.0,0.06766917556524277
cf,pre,type2,p3,l1,nopc,b/c,456500,360.0,not_neg,not_int,not_lpsm,558000.0,sb,pr,home,1U,6900.0,CRIF,704,EXP,not_inst,81.81003584,North,direct,44.0,0.06420404464006424
cf,nopre,type1,p4,l1,nopc,nob/c,316500,360.0,not_neg,not_int,not_lpsm,608000.0,sb,pr,home,1U,7380.0,CIB,886,CIB,to_inst,52.05592105,south,direct,23.0,0.06420404464006424
cf,nopre,type1,p3,l2,nopc,nob/c,516500,240.0,not_neg,not_int,not_lpsm,778000.0,sb,pr,home,1U,7200.0,EXP,613,EXP,to_inst,66.38817481,North,direct,39.0,0.03455149382352829
cf,nopre,type1,p4,l1,nopc,nob/c,536500,360.0,not_neg,not_int,not_lpsm,1518000.0,sb,ir,home,1U,11160.0,CRIF,888,CIB,not_inst,35.34255599,south,direct,48.0,0.10782501846551895
cf,nopre,type1,p1,l1,nopc,nob/c,726500,360.0,not_neg,not_int,not_lpsm,828000.0,sb,pr,home,1U,12960.0,CIB,742,CIB,not_inst,87.74154589,south,direct,48.0,0.0363101065158844
ncf,nopre,type1,p3,l1,nopc,nob/c,546500,360.0,not_neg,not_int,not_lpsm,698000.0,sb,pr,home,1U,8460.0,CIB,664,CIB,not_inst,78.29512894,south,direct,42.0,0.10782501846551895
cf,nopre,type2,p3,l1,nopc,b/c,86500,360.0,not_neg,not_int,not_lpsm,108000.0,sb,pr,home,1U,4380.0,EXP,830,CIB,to_inst,80.09259259,North,direct,38.0,0.14369073510169983
cf,nopre,type1,p3,l2,nopc,nob/c,256500,360.0,not_neg,not_int,not_lpsm,328000.0,sb,pr,home,1U,2820.0,CIB,736,CIB,to_inst,78.20121951,North,direct,44.0,0.10782501846551895
cf,nopre,type1,p3,l1,nopc,nob/c,266500,360.0,not_neg,not_int,not_lpsm,458000.0,sb,pr,home,1U,2940.0,EXP,542,EXP,not_inst,58.18777293,North,direct,43.0,0.059588298201560974
cf,nopre,type1,p3,l1,nopc,nob/c,376500,360.0,not_neg,not_int,not_lpsm,478000.0,sb,pr,home,1U,10320.0,CIB,831,EXP,not_inst,78.76569038,North,direct,22.0,0.03455149382352829
cf,,type1,p1,l1,nopc,nob/c,156500,360.0,not_neg,not_int,not_lpsm,178000.0,sb,pr,home,1U,2100.0,CRIF,829,CIB,to_inst,87.92134831,south,direct,43.0,0.24460431933403015
cf,nopre,type1,p4,l1,nopc,nob/c,136500,360.0,neg_amm,not_int,not_lpsm,398000.0,sb,pr,home,1U,2220.0,EXP,540,CIB,to_inst,34.29648241,North,direct,31.0,0.4184100329875946
cf,pre,type1,p3,l1,nopc,nob/c,406500,360.0,neg_amm,not_int,not_lpsm,548000.0,sb,pr,home,1U,10860.0,CRIF,743,EXP,to_inst,74.17883212,North,direct,27.0,0.0861159935593605
cf,nopre,type1,p3,l1,nopc,nob/c,346500,240.0,not_neg,not_int,not_lpsm,438000.0,sb,pr,home,1U,8220.0,CIB,742,CIB,to_inst,79.10958904,North,direct,38.0,0.06766917556524277
cf,nopre,type1,p3,l1,nopc,nob/c,206500,360.0,not_neg,not_int,not_lpsm,358000.0,sb,pr,home,1U,3600.0,CIB,897,CIB,to_inst,57.68156425,south,direct,49.0,0.11089865863323212
cf,nopre,type1,p3,l2,nopc,nob/c,176500,360.0,not_neg,not_int,not_lpsm,298000.0,sb,pr,home,1U,3000.0,CRIF,528,CIB,to_inst,59.22818792,south,direct,42.0,0.04065827652812004
cf,nopre,type1,p3,l1,nopc,nob/c,306500,360.0,not_neg,not_int,not_lpsm,398000.0,sb,pr,home,1U,7260.0,EXP,737,EXP,to_inst,77.01005025,North,direct,37.0,0.059588298201560974
cf,nopre,type2,p3,l1,nopc,b/c,286500,360.0,not_neg,not_int,not_lpsm,348000.0,sb,pr,home,1U,3780.0,CIB,824,EXP,to_inst,82.32758621,North,direct,48.0,0.14369073510169983
cf,nopre,type1,p4,l1,nopc,nob/c,156500,360.0,not_neg,not_int,not_lpsm,218000.0,sb,pr,home,1U,3660.0,EXP,686,CIB,to_inst,71.78899083,south,direct,35.0,0.10782501846551895
cf,nopre,type1,p3,l1,nopc,nob/c,446500,360.0,not_neg,int_only,not_lpsm,688000.0,sb,pr,home,1U,4140.0,CRIF,646,EXP,not_inst,64.89825581,south,direct,49.0,0.11089865863323212
cf,nopre,type2,p3,l1,nopc,b/c,116500,360.0,neg_amm,not_int,not_lpsm,138000.0,sb,pr,home,1U,2820.0,CRIF,632,CIB,to_inst,84.42028986,central,direct,30.0,0.4184100329875946
,nopre,type1,p3,l1,nopc,nob/c,126500,180.0,not_neg,not_int,not_lpsm,168000.0,sb,pr,home,1U,6960.0,EXP,540,EXP,to_inst,75.29761905,North,direct,25.0,0.059588298201560974
cf,nopre,type1,p3,l1,nopc,nob/c,236500,360.0,not_neg,not_int,not_lpsm,298000.0,sb,pr,home,1U,3060.0,CIB,648,CIB,to_inst,79.36241611,North,direct,41.0,0.10782501846551895
cf,nopre,type1,p3,l1,nopc,nob/c,296500,240.0,not_neg,not_int,not_lpsm,508000.0,sb,pr,home,1U,9540.0,CRIF,852,CIB,to_inst,58.36614173,central,direct,31.0,0.03455149382352829
cf,nopre,type1,p1,l2,nopc,nob/c,456500,360.0,not_neg,not_int,not_lpsm,568000.0,sb,pr,home,1U,7740.0,CIB,787,CIB,not_inst,80.36971831,North,direct,30.0,0.02139037474989891
cf,pre,type1,p3,l1,nopc,nob/c,166500,360.0,not_neg,not_int,not_lpsm,278000.0,sb,pr,home,1U,2280.0,EXP,869,CIB,to_inst,59.89208633,south,direct,42.0,0.11089865863323212
cf,nopre,type1,p1,l1,nopc,nob/c,486500,360.0,not_neg,not_int,not_lpsm,508000.0,sb,pr,home,1U,6180.0,CIB,798,EXP,not_inst,95.76771654,south,direct,49.0,0.06420404464006424
cf,nopre,type1,p1,l1,nopc,nob/c,416500,360.0,not_neg,not_int,not_lpsm,438000.0,sb,pr,home,1U,5400.0,CRIF,557,EXP,not_inst,95.0913242,North,direct,48.0,0.0363101065158844
cf,nopre,type1,p3,l1,nopc,nob/c,336500,180.0,not_neg,not_int,not_lpsm,458000.0,sb,ir,home,1U,2340.0,CIB,527,CIB,not_inst,73.47161572,south,direct,19.0,0.7596899271011353
cf,nopre,type2,p4,l1,nopc,b/c,116500,360.0,not_neg,not_int,not_lpsm,108000.0,sb,pr,home,1U,2940.0,CIB,809,CIB,to_inst,107.8703704,central,direct,46.0,0.9899497628211975
cf,nopre,type1,p3,l1,nopc,nob/c,556500,180.0,not_neg,not_int,not_lpsm,688000.0,sb,pr,home,1U,9420.0,CRIF,600,CIB,to_inst,80.88662791,south,direct,59.0,0.9612932801246643
cf,nopre,type2,p3,l1,nopc,b/c,306500,360.0,neg_amm,not_int,not_lpsm,428000.0,sb,pr,home,1U,4500.0,EXP,681,EXP,to_inst,71.61214953,south,direct,39.0,0.4184100329875946
cf,nopre,type2,p3,l1,nopc,b/c,126500,360.0,not_neg,not_int,not_lpsm,148000.0,sb,pr,home,1U,4680.0,CRIF,657,EXP,to_inst,85.47297297,south,direct,49.0,0.17307692766189575
cf,pre,type1,p3,l1,nopc,nob/c,206500,360.0,not_neg,not_int,not_lpsm,358000.0,sb,pr,home,1U,6840.0,CRIF,816,EXP,to_inst,57.68156425,south,direct,31.0,0.04065827652812004
cf,nopre,type3,p3,l1,nopc,nob/c,106500,180.0,not_neg,not_int,not_lpsm,158000.0,sb,pr,home,1U,2400.0,EXP,749,CIB,to_inst,67.40506329,south,direct,22.0,0.19203747808933258
cf,nopre,type1,p4,l1,nopc,nob/c,716500,360.0,not_neg,not_int,not_lpsm,1088000.0,sb,pr,home,1U,9000.0,CRIF,794,CIB,not_inst,65.85477941,North,direct,44.0,0.0363101065158844
cf,nopre,type1,p3,l2,nopc,nob/c,106500,360.0,not_neg,not_int,not_lpsm,138000.0,sb,pr,home,1U,2040.0,EXP,641,CIB,to_inst,77.17391304,North,direct,42.0,0.055727552622556686
cf,nopre,type1,p1,l1,nopc,nob/c,286500,360.0,neg_amm,int_only,not_lpsm,308000.0,sb,pr,home,1U,6000.0,CIB,844,CIB,not_inst,93.01948052,North,direct,30.0,0.0363101065158844
cf,nopre,type1,p4,l1,nopc,nob/c,446500,360.0,not_neg,not_int,not_lpsm,908000.0,sb,pr,home,1U,7860.0,EXP,811,EXP,not_inst,49.17400881,North,direct,37.0,0.03455149382352829
cf,nopre,type2,p3,l1,nopc,b/c,176500,180.0,neg_amm,not_int,not_lpsm,218000.0,sb,pr,home,1U,3060.0,CIB,770,EXP,to_inst,80.96330275,North,direct,48.0,0.3415384590625763
cf,nopre,type1,p2,l1,nopc,nob/c,216500,360.0,not_neg,not_int,not_lpsm,418000.0,sb,pr,home,1U,3360.0,CRIF,714,CIB,to_inst,51.79425837,south,direct,34.0,0.16867469251155853
cf,nopre,type2,p3,l2,nopc,b/c,266500,360.0,not_neg,not_int,not_lpsm,308000.0,sb,pr,home,1U,3900.0,CIB,765,EXP,to_inst,86.52597403,central,direct,54.0,0.14369073510169983
cf,nopre,type1,p2,l1,nopc,nob/c,76500,360.0,neg_amm,not_int,not_lpsm,138000.0,sb,pr,home,1U,4260.0,CIB,757,CIB,to_inst,55.43478261,North,direct,6.0,0.3415384590625763
cf,nopre,type1,p4,l1,nopc,nob/c,486500,360.0,not_neg,not_int,not_lpsm,1008000.0,sb,pr,home,1U,7020.0,CRIF,668,EXP,not_inst,48.26388889,south,direct,36.0,0.03455149382352829
cf,pre,type1,p1,l1,nopc,nob/c,246500,360.0,not_neg,not_int,not_lpsm,328000.0,sb,pr,home,1U,5460.0,CIB,720,EXP,to_inst,75.15243902,south,direct,38.0,0.04065827652812004
cf,nopre,type1,p4,l1,nopc,nob/c,256500,240.0,not_neg,not_int,not_lpsm,398000.0,sb,pr,home,1U,6000.0,CRIF,669,CIB,to_inst,64.44723618,south,direct,32.0,0.05779334530234337
cf,pre,type2,p3,l1,nopc,b/c,436500,360.0,not_neg,not_int,not_lpsm,518000.0,sb,pr,home,1U,6180.0,CRIF,780,EXP,to_inst,84.26640927,south,direct,58.0,0.1839258074760437
cf,nopre,type1,p3,l1,nopc,nob/c,296500,360.0,not_neg,not_int,not_lpsm,368000.0,sb,pr,home,1U,6000.0,EXP,533,CIB,not_inst,80.57065217,south,direct,35.0,0.059588298201560974
cf,nopre,type1,p3,l1,nopc,nob/c,306500,360.0,not_neg,not_int,not_lpsm,608000.0,sb,pr,home,1U,12360.0,CIB,520,CIB,to_inst,50.41118421,North,direct,15.0,0.059588298201560974
cf,nopre,type1,p4,l1,nopc,nob/c,266500,360.0,not_neg,not_int,not_lpsm,448000.0,sb,pr,home,1U,6480.0,CRIF,894,CIB,to_inst,59.48660714,south,direct,31.0,0.055727552622556686
cf,pre,type1,p4,l1,nopc,nob/c,406500,360.0,not_neg,not_int,not_lpsm,508000.0,sb,pr,home,1U,6900.0,CRIF,746,EXP,not_inst,80.01968504,North,direct,24.0,0.03435804694890976
cf,nopre,type1,p1,l1,nopc,nob/c,186500,360.0,not_neg,not_int,not_lpsm,198000.0,sb,pr,home,1U,2580.0,CRIF,671,CIB,to_inst,94.19191919,south,direct,48.0,0.24460431933403015
cf,nopre,type1,p1,l1,nopc,nob/c,436500,360.0,not_neg,not_int,not_lpsm,668000.0,sb,pr,home,1U,10320.0,CRIF,886,EXP,to_inst,65.34431138,south,direct,47.0,0.10782501846551895
cf,nopre,type3,p3,l1,nopc,nob/c,186500,360.0,not_neg,not_int,not_lpsm,188000.0,sb,pr,home,1U,5640.0,CIB,678,EXP,to_inst,99.20212766,south,direct,52.0,0.10782501846551895
cf,pre,type1,p1,l1,nopc,nob/c,176500,360.0,not_neg,not_int,not_lpsm,198000.0,sb,sr,home,1U,5520.0,CRIF,807,EXP,to_inst,89.14141414,North,direct,49.0,0.06420404464006424
cf,nopre,type1,p3,l1,nopc,nob/c,176500,180.0,not_neg,not_int,not_lpsm,308000.0,sb,pr,home,1U,3720.0,CIB,659,EXP,to_inst,57.30519481,south,direct,40.0,0.06420404464006424
cf,nopre,type3,p1,l1,nopc,nob/c,436500,360.0,not_neg,not_int,not_lpsm,438000.0,sb,pr,home,1U,6000.0,CIB,849,CIB,not_inst,99.65753425,south,direct,34.0,0.06420404464006424
ncf,nopre,type1,p4,l1,nopc,nob/c,356500,360.0,not_neg,not_int,not_lpsm,508000.0,sb,pr,home,1U,4500.0,CIB,804,CIB,not_inst,70.17716535,North,direct,48.0,0.06420404464006424
cf,nopre,type3,p1,l2,nopc,nob/c,296500,360.0,not_neg,not_int,not_lpsm,288000.0,sb,pr,home,1U,5700.0,CIB,770,CIB,not_inst,102.9513889,North,direct,60.0,0.03455149382352829
cf,nopre,type1,p1,l1,nopc,nob/c,356500,360.0,not_neg,not_int,not_lpsm,398000.0,sb,pr,home,1U,6060.0,CIB,858,CIB,not_inst,89.57286432,North,direct,48.0,0.0363101065158844
cf,pre,type1,p3,l1,nopc,nob/c,436500,360.0,not_neg,not_int,not_lpsm,618000.0,sb,pr,home,1U,4260.0,EXP,895,EXP,to_inst,70.63106796,North,direct,43.0,0.06766917556524277
cf,nopre,type1,p4,l1,nopc,nob/c,476500,360.0,not_neg,not_int,not_lpsm,588000.0,sb,pr,home,1U,7980.0,EXP,815,CIB,to_inst,81.03741497,south,direct,37.0,0.14369073510169983
cf,nopre,type1,p4,l1,nopc,nob/c,306500,360.0,not_neg,not_int,not_lpsm,388000.0,sb,pr,home,1U,6000.0,CIB,662,CIB,to_inst,78.99484536,south,direct,30.0,0.0861159935593605
cf,nopre,type1,p1,l1,nopc,nob/c,116500,360.0,not_neg,not_int,not_lpsm,98000.0,sb,pr,home,1U,1920.0,CIB,511,CIB,to_inst,118.877551,south,direct,41.0,0.9899497628211975
cf,nopre,type1,p1,l1,nopc,nob/c,486500,360.0,not_neg,not_int,not_lpsm,518000.0,sb,pr,home,1U,8580.0,CRIF,687,CIB,not_inst,93.91891892,North,direct,47.0,0.03455149382352829
cf,pre,type1,p4,l1,nopc,nob/c,486500,360.0,not_neg,not_int,not_lpsm,528000.0,sb,pr,home,1U,7320.0,CRIF,836,CIB,not_inst,92.14015152,south,direct,40.0,0.06420404464006424
cf,nopre,type3,p3,l1,nopc,nob/c,336500,240.0,not_neg,not_int,not_lpsm,348000.0,sb,pr,home,1U,4380.0,EXP,761,CIB,to_inst,96.6954023,North,direct,48.0,0.16867469251155853
cf,nopre,type1,p1,l2,nopc,nob/c,66500,300.0,neg_amm,not_int,not_lpsm,68000.0,sb,pr,home,1U,1440.0,EXP,742,CIB,to_inst,97.79411765,North,direct,47.0,0.9898629188537598
cf,nopre,type1,p3,l1,nopc,nob/c,156500,360.0,not_neg,not_int,not_lpsm,328000.0,sb,pr,home,1U,3840.0,CRIF,519,CIB,to_inst,47.71341463,south,direct,36.0,0.0861159935593605
ncf,pre,type1,p3,l1,nopc,nob/c,136500,180.0,not_neg,not_int,not_lpsm,358000.0,sb,pr,home,1U,8040.0,EXP,571,CIB,to_inst,38.12849162,North,direct,20.0,0.10782501846551895
cf,pre,type1,p1,l1,nopc,nob/c,266500,360.0,not_neg,not_int,not_lpsm,388000.0,sb,pr,home,1U,5700.0,CIB,823,EXP,to_inst,68.68556701,North,direct,28.0,0.03455149382352829
cf,pre,type1,p1,l2,nopc,nob/c,366500,360.0,not_neg,not_int,not_lpsm,388000.0,sb,pr,home,1U,5040.0,CIB,721,EXP,to_inst,94.45876289,North,direct,41.0,0.02772643230855465
cf,nopre,type3,p3,l1,nopc,nob/c,226500,360.0,not_neg,not_int,not_lpsm,228000.0,sb,pr,home,1U,2940.0,CRIF,795,CIB,to_inst,99.34210526,North,direct,52.0,0.11089865863323212
cf,nopre,type1,p1,l1,nopc,nob/c,466500,360.0,not_neg,not_int,not_lpsm,488000.0,sb,pr,home,1U,5160.0,EXP,561,CIB,not_inst,95.5942623,North,direct,45.0,0.05779334530234337
cf,nopre,type1,p1,l1,nopc,nob/c,356500,360.0,not_neg,not_int,not_lpsm,448000.0,sb,sr,home,1U,13380.0,CIB,715,EXP,to_inst,79.57589286,North,direct,38.0,0.059588298201560974
cf,nopre,type3,p3,l2,nopc,nob/c,96500,360.0,not_neg,not_int,not_lpsm,108000.0,sb,pr,home,1U,1680.0,CIB,606,CIB,to_inst,89.35185185,North,direct,49.0,0.14369073510169983
cf,pre,type1,p4,l1,nopc,nob/c,426500,360.0,not_neg,not_int,not_lpsm,498000.0,sb,pr,home,1U,4980.0,CIB,539,CIB,to_inst,85.64257028,south,direct,49.0,0.19203747808933258
cf,nopre,type1,p4,l1,nopc,nob/c,366500,360.0,not_neg,not_int,not_lpsm,508000.0,sb,pr,home,1U,6540.0,CIB,824,EXP,to_inst,72.14566929,North,direct,44.0,0.059588298201560974
cf,pre,type1,p1,l1,nopc,nob/c,86500,360.0,neg_amm,not_int,not_lpsm,428000.0,sb,pr,home,1U,2460.0,CIB,807,EXP,to_inst,20.21028037,North,direct,37.0,0.06420404464006424
,nopre,type1,p4,l1,nopc,nob/c,356500,324.0,not_neg,not_int,not_lpsm,378000.0,sb,pr,home,1U,12120.0,CRIF,552,EXP,to_inst,94.31216931,central,direct,30.0,0.14369073510169983
cf,pre,type1,p4,l1,nopc,nob/c,536500,360.0,not_neg,not_int,not_lpsm,688000.0,sb,pr,home,1U,7980.0,CIB,831,EXP,not_inst,77.97965116,North,direct,37.0,0.03455149382352829
cf,nopre,type1,p4,l1,nopc,nob/c,106500,360.0,not_neg,not_int,not_lpsm,128000.0,sb,pr,home,1U,2040.0,CIB,619,CIB,to_inst,83.203125,south,direct,40.0,0.19203747808933258
cf,nopre,type1,p4,l1,nopc,nob/c,436500,360.0,not_neg,not_int,not_lpsm,658000.0,sb,pr,home,1U,4800.0,CRIF,735,EXP,to_inst,66.33738602,south,direct,49.0,0.11089865863323212
cf,nopre,type1,p4,l1,nopc,nob/c,446500,360.0,not_neg,int_only,not_lpsm,758000.0,sb,pr,home,1U,7860.0,CIB,666,EXP,not_inst,58.90501319,North,direct,39.0,0.03435804694890976
cf,nopre,type1,p4,l1,nopc,nob/c,486500,360.0,neg_amm,not_int,not_lpsm,618000.0,sb,pr,home,1U,6720.0,EXP,718,CIB,not_inst,78.72168285,south,direct,36.0,0.10782501846551895
cf,nopre,type1,p4,l1,nopc,nob/c,546500,360.0,not_neg,not_int,not_lpsm,738000.0,sb,pr,home,1U,14040.0,CRIF,795,EXP,to_inst,74.05149051,south,direct,38.0,0.059588298201560974
cf,nopre,type1,p2,l1,nopc,nob/c,306500,360.0,not_neg,not_int,not_lpsm,768000.0,sb,pr,home,1U,10440.0,CRIF,559,EXP,not_inst,39.90885417,North,direct,27.0,0.04065827652812004
cf,nopre,type1,p4,l1,nopc,nob/c,386500,360.0,not_neg,not_int,not_lpsm,548000.0,sb,ir,home,1U,12000.0,EXP,715,CIB,not_inst,70.52919708,south,direct,36.0,0.059588298201560974
cf,nopre,type1,p1,l1,nopc,nob/c,726500,360.0,not_neg,not_int,not_lpsm,1008000.0,sb,pr,home,1U,17460.0,CRIF,656,EXP,not_inst,72.0734127,south,direct,36.0,0.02772643230855465
cf,nopre,type1,p4,l1,nopc,nob/c,446500,360.0,not_neg,not_int,not_lpsm,1748000.0,sb,pr,home,1U,8640.0,CIB,824,EXP,to_inst,25.54347826,North,direct,38.0,0.04065827652812004
cf,nopre,type3,p3,l1,nopc,nob/c,526500,360.0,not_neg,not_int,not_lpsm,628000.0,sb,pr,home,1U,9420.0,CIB,529,CIB,not_inst,83.83757962,North,direct,40.0,0.04065827652812004
cf,nopre,type1,p1,l1,nopc,nob/c,116500,360.0,not_neg,not_int,not_lpsm,158000.0,sb,pr,home,1U,2580.0,CIB,705,CIB,not_inst,73.73417722,central,direct,41.0,0.0861159935593605
cf,nopre,type1,p1,l1,nopc,nob/c,496500,360.0,not_neg,not_int,not_lpsm,528000.0,sb,pr,home,1U,5580.0,EXP,720,CIB,to_inst,94.03409091,North,direct,49.0,0.19203747808933258
cf,nopre,type1,p4,l1,nopc,nob/c,286500,360.0,not_neg,not_int,not_lpsm,298000.0,sb,pr,home,1U,8940.0,CRIF,538,CIB,to_inst,96.1409396,south,direct,28.0,0.4883720874786377
cf,pre,type1,p1,l1,nopc,nob/c,116500,360.0,not_neg,not_int,not_lpsm,258000.0,sb,ir,home,1U,2940.0,EXP,830,CIB,to_inst,45.15503876,North,direct,49.0,0.10782501846551895
cf,nopre,type1,p3,l1,nopc,nob/c,206500,360.0,neg_amm,not_int,not_lpsm,358000.0,sb,pr,home,1U,1980.0,EXP,756,CIB,to_inst,57.68156425,North,direct,45.0,0.4184100329875946
cf,nopre,type2,p1,l1,nopc,b/c,196500,360.0,not_neg,int_only,not_lpsm,208000.0,sb,pr,home,1U,3300.0,CIB,811,EXP,to_inst,94.47115385,central,direct,51.0,0.24460431933403015
ncf,nopre,type1,p4,l1,nopc,nob/c,1036500,360.0,neg_amm,not_int,not_lpsm,1298000.0,sb,pr,home,1U,21120.0,CRIF,718,CIB,to_inst,79.85362096,North,direct,28.0,0.6186440587043762
cf,nopre,type1,p4,l1,nopc,nob/c,676500,360.0,not_neg,not_int,not_lpsm,788000.0,sb,pr,home,1U,8640.0,CIB,700,CIB,not_inst,85.85025381,North,direct,32.0,0.03455149382352829
cf,nopre,type2,p1,l1,nopc,b/c,146500,360.0,not_neg,int_only,not_lpsm,148000.0,sb,pr,home,1U,4140.0,CRIF,874,CIB,to_inst,98.98648649,North,direct,32.0,0.1839258074760437
cf,nopre,type2,p3,l2,nopc,b/c,266500,300.0,neg_amm,not_int,not_lpsm,258000.0,sb,pr,home,1U,3300.0,EXP,769,EXP,to_inst,103.2945736,south,direct,22.0,1.0
cf,nopre,type1,p1,l1,nopc,nob/c,286500,360.0,not_neg,not_int,not_lpsm,358000.0,sb,sr,home,1U,13800.0,CRIF,528,CIB,not_inst,80.02793296,south,direct,49.0,0.059588298201560974
cf,nopre,type1,p4,l1,nopc,nob/c,326500,360.0,not_neg,not_int,not_lpsm,408000.0,sb,pr,home,1U,6600.0,CRIF,687,CIB,not_inst,80.0245098,North,direct,32.0,0.03455149382352829
cf,nopre,type2,p1,l1,nopc,b/c,106500,360.0,not_neg,not_int,not_lpsm,118000.0,sb,pr,home,1U,5220.0,CRIF,536,EXP,not_inst,90.25423729,south,direct,30.0,0.0861159935593605
cf,nopre,type1,p4,l1,nopc,nob/c,256500,144.0,not_neg,not_int,not_lpsm,328000.0,sb,pr,home,1U,6420.0,EXP,579,CIB,to_inst,78.20121951,south,direct,33.0,0.10782501846551895
cf,nopre,type1,p4,l1,nopc,nob/c,546500,360.0,neg_amm,not_int,not_lpsm,788000.0,sb,pr,home,1U,17100.0,CRIF,808,EXP,not_inst,69.35279188,south,direct,34.0,0.06420404464006424
cf,nopre,type1,p3,l1,nopc,nob/c,486500,360.0,not_neg,not_int,not_lpsm,858000.0,sb,pr,home,1U,5820.0,CRIF,773,EXP,not_inst,56.7016317,central,direct,49.0,0.06766917556524277
cf,nopre,type1,p1,l1,nopc,nob/c,726500,360.0,not_neg,not_int,not_lpsm,818000.0,sb,pr,home,1U,9480.0,CIB,532,EXP,not_inst,88.81418093,North,direct,30.0,0.03455149382352829
cf,nopre,type3,p3,l1,nopc,nob/c,286500,360.0,neg_amm,not_int,not_lpsm,328000.0,sb,pr,home,1U,3660.0,CRIF,874,EXP,to_inst,87.34756098,North,direct,38.0,0.23026315867900848
cf,nopre,type2,p3,l1,nopc,b/c,186500,360.0,not_neg,int_only,not_lpsm,228000.0,sb,pr,home,1U,1980.0,CRIF,657,EXP,to_inst,81.79824561,south,direct,46.0,0.24460431933403015
cf,pre,type1,p1,l1,nopc,nob/c,256500,360.0,not_neg,not_int,not_lpsm,278000.0,sb,pr,home,1U,4560.0,CRIF,721,CIB,to_inst,92.26618705,North,direct,39.0,0.05779334530234337
cf,nopre,type1,p1,l1,nopc,nob/c,96500,360.0,not_neg,not_int,not_lpsm,138000.0,sb,pr,home,1U,1320.0,CIB,704,CIB,to_inst,69.92753623,North,direct,49.0,0.19203747808933258
cf,nopre,type2,p1,l1,nopc,b/c,156500,360.0,not_neg,not_int,not_lpsm,168000.0,sb,pr,home,1U,2340.0,CIB,600,CIB,to_inst,93.1547619,south,direct,52.0,0.24460431933403015
cf,nopre,type1,p3,l1,nopc,nob/c,286500,360.0,not_neg,not_int,not_lpsm,388000.0,sb,sr,home,1U,7440.0,EXP,832,CIB,to_inst,73.84020619,south,direct,44.0,0.11089865863323212
cf,nopre,type1,p3,l1,nopc,nob/c,196500,360.0,not_neg,not_int,not_lpsm,228000.0,sb,pr,home,1U,5280.0,CIB,708,EXP,to_inst,86.18421053,North,direct,43.0,0.14369073510169983
cf,nopre,type2,p1,l1,nopc,b/c,406500,360.0,not_neg,int_only,not_lpsm,428000.0,sb,pr,home,1U,5880.0,CRIF,731,CIB,not_inst,94.97663551,North,direct,61.0,0.10782501846551895
,nopre,type1,p3,l1,nopc,nob/c,136500,180.0,not_neg,not_int,not_lpsm,188000.0,sb,pr,home,1U,2760.0,CIB,729,CIB,to_inst,72.60638298,south,direct,42.0,0.11089865863323212
cf,nopre,type3,p3,l1,nopc,nob/c,586500,360.0,not_neg,not_int,not_lpsm,588000.0,sb,pr,home,1U,9780.0,EXP,535,EXP,not_inst,99.74489796,North,direct,40.0,0.059588298201560974
cf,nopre,type1,p4,l2,nopc,nob/c,296500,360.0,not_neg,not_int,not_lpsm,608000.0,sb,ir,home,1U,6780.0,EXP,638,CIB,to_inst,48.76644737,south,direct,44.0,0.16867469251155853
cf,nopre,type2,p3,l1,nopc,b/c,126500,360.0,not_neg,not_int,not_lpsm,128000.0,sb,pr,home,1U,1800.0,EXP,732,CIB,to_inst,98.828125,North,direct,18.0,0.9869565367698669
cf,nopre,type2,p1,l1,nopc,b/c,346500,360.0,not_neg,not_int,not_lpsm,358000.0,sb,pr,home,1U,6660.0,EXP,871,EXP,not_inst,96.7877095,North,direct,31.0,0.10144927352666855
cf,pre,type1,p3,l1,nopc,nob/c,386500,360.0,not_neg,not_int,not_lpsm,688000.0,sb,pr,home,1U,6960.0,CIB,826,CIB,to_inst,56.17732558,North,direct,36.0,0.06420404464006424
cf,pre,type2,p1,l1,nopc,b/c,56500,360.0,not_neg,not_int,not_lpsm,108000.0,sb,pr,home,1U,1860.0,EXP,801,CIB,to_inst,52.31481481,south,direct,24.0,0.24460431933403015
cf,nopre,type1,p3,l1,nopc,nob/c,186500,360.0,not_neg,not_int,not_lpsm,258000.0,sb,pr,home,1U,3420.0,EXP,766,CIB,to_inst,72.28682171,south,direct,37.0,0.0861159935593605
cf,nopre,type1,p3,l1,nopc,nob/c,446500,360.0,not_neg,not_int,not_lpsm,758000.0,sb,pr,home,1U,6420.0,CRIF,539,EXP,not_inst,58.90501319,North,direct,49.0,0.04065827652812004
cf,nopre,type1,p4,l1,nopc,nob/c,336500,180.0,not_neg,not_int,not_lpsm,918000.0,sb,pr,home,1U,9600.0,EXP,843,CIB,not_inst,36.65577342,south,direct,24.0,0.0363101065158844
cf,nopre,type1,p4,l1,nopc,nob/c,216500,300.0,not_neg,not_int,lpsm,278000.0,sb,pr,home,1U,5520.0,EXP,741,CIB,to_inst,77.87769784,south,direct,30.0,0.6666666865348816
cf,nopre,type2,p1,l1,nopc,b/c,316500,360.0,not_neg,int_only,not_lpsm,368000.0,sb,pr,home,1U,11220.0,CIB,740,EXP,to_inst,86.00543478,North,direct,34.0,0.14369073510169983
cf,nopre,type1,p4,l1,nopc,nob/c,296500,360.0,not_neg,not_int,not_lpsm,438000.0,sb,pr,home,1U,4140.0,CRIF,670,EXP,to_inst,67.69406393,North,direct,44.0,0.059588298201560974
cf,nopre,type1,p3,l1,nopc,nob/c,386500,360.0,not_neg,not_int,not_lpsm,488000.0,sb,pr,home,1U,5280.0,CIB,668,CIB,not_inst,79.20081967,North,direct,34.0,0.04065827652812004
cf,nopre,type1,p1,l1,nopc,nob/c,376500,180.0,not_neg,not_int,not_lpsm,478000.0,sb,sr,home,1U,15780.0,CIB,844,EXP,not_inst,78.76569038,North,direct,42.0,0.04065827652812004
cf,nopre,type2,p3,l1,nopc,b/c,376500,360.0,not_neg,not_int,not_lpsm,448000.0,sb,pr,home,1U,7140.0,CIB,804,EXP,to_inst,84.04017857,central,direct,39.0,0.1839258074760437
cf,nopre,type1,p1,l1,nopc,nob/c,286500,360.0,not_neg,not_int,not_lpsm,308000.0,sb,pr,home,1U,7860.0,CIB,890,CIB,to_inst,93.01948052,south,direct,31.0,0.11276596039533615
cf,nopre,type3,p3,l1,nopc,nob/c,306500,360.0,not_neg,not_int,not_lpsm,388000.0,sb,pr,home,1U,11400.0,CIB,817,EXP,to_inst,78.99484536,south,direct,27.0,0.03455149382352829
cf,nopre,type1,p4,l1,nopc,nob/c,606500,360.0,not_neg,not_int,not_lpsm,1108000.0,sb,pr,home,1U,13860.0,CRIF,838,EXP,not_inst,54.73826715,North,direct,31.0,0.03435804694890976
cf,pre,type1,p4,l1,nopc,nob/c,286500,348.0,not_neg,not_int,not_lpsm,418000.0,sb,pr,home,1U,6420.0,EXP,595,EXP,to_inst,68.54066986,North,direct,38.0,0.03455149382352829
cf,nopre,type1,p2,l1,nopc,nob/c,486500,360.0,not_neg,not_int,not_lpsm,638000.0,sb,pr,home,1U,5220.0,CRIF,869,CIB,not_inst,76.2539185,North,direct,39.0,0.10782501846551895
cf,nopre,type1,p3,l1,nopc,nob/c,456500,360.0,not_neg,not_int,not_lpsm,698000.0,sb,pr,home,1U,6000.0,CRIF,658,EXP,to_inst,65.40114613,south,direct,44.0,0.06420404464006424
cf,pre,type1,p3,l1,nopc,nob/c,436500,360.0,not_neg,not_int,not_lpsm,658000.0,sb,pr,home,1U,4980.0,CRIF,746,CIB,to_inst,66.33738602,North,direct,39.0,0.0861159935593605
cf,nopre,type1,p2,l1,nopc,nob/c,156500,240.0,not_neg,not_int,not_lpsm,258000.0,sb,pr,home,1U,1740.0,CRIF,635,CIB,to_inst,60.65891473,North,direct,60.0,0.7596899271011353
cf,nopre,type1,p4,l1,nopc,nob/c,156500,180.0,not_neg,not_int,not_lpsm,168000.0,sb,pr,home,1U,5520.0,EXP,796,CIB,to_inst,93.1547619,south,direct,35.0,0.27710843086242676
,nopre,type3,p3,l1,nopc,nob/c,136500,180.0,not_neg,not_int,not_lpsm,158000.0,sb,pr,home,1U,6840.0,CIB,807,CIB,to_inst,86.39240506,North,direct,31.0,0.11089865863323212
cf,nopre,type1,p3,l1,nopc,nob/c,106500,180.0,not_neg,int_only,not_lpsm,1108000.0,sb,pr,home,1U,4320.0,CIB,796,CIB,not_inst,9.611913357,south,direct,23.0,0.11089865863323212
cf,nopre,type3,p3,l1,nopc,nob/c,366500,360.0,neg_amm,not_int,not_lpsm,518000.0,sb,pr,home,1U,3240.0,CIB,725,CIB,to_inst,70.75289575,central,direct,43.0,0.4184100329875946
cf,nopre,type1,p4,l1,nopc,nob/c,646500,360.0,not_neg,not_int,not_lpsm,928000.0,sb,pr,home,1U,9720.0,EXP,827,CIB,not_inst,69.66594828,south,direct,20.0,0.059588298201560974
cf,nopre,type1,p3,l1,nopc,nob/c,186500,180.0,not_neg,not_int,not_lpsm,328000.0,sb,pr,home,1U,4320.0,CRIF,771,CIB,not_inst,56.8597561,North,direct,37.0,0.0363101065158844
cf,nopre,type3,p1,l1,nopc,nob/c,186500,360.0,neg_amm,not_int,not_lpsm,188000.0,sb,pr,home,1U,3660.0,CIB,710,EXP,not_inst,99.20212766,North,direct,32.0,0.11276596039533615
cf,nopre,type1,p1,l1,nopc,nob/c,546500,360.0,not_neg,not_int,not_lpsm,608000.0,sb,pr,home,1U,6900.0,CRIF,556,CIB,not_inst,89.88486842,south,direct,47.0,0.0363101065158844
ncf,nopre,type1,p4,l1,nopc,nob/c,436500,360.0,not_neg,not_int,not_lpsm,488000.0,sb,pr,home,1U,6540.0,CRIF,679,CIB,not_inst,89.44672131,south,direct,47.0,0.06766917556524277
cf,pre,type1,p4,l1,nopc,nob/c,206500,360.0,not_neg,not_int,not_lpsm,1508000.0,sb,pr,home,1U,12660.0,CRIF,661,EXP,to_inst,13.69363395,North,direct,46.0,0.06420404464006424
cf,pre,type1,p1,l1,nopc,nob/c,646500,360.0,not_neg,not_int,not_lpsm,718000.0,sb,pr,home,1U,6900.0,EXP,503,CIB,not_inst,90.04178273,North,direct,60.0,0.6186440587043762
cf,nopre,type1,p1,l1,nopc,nob/c,306500,360.0,neg_amm,not_int,not_lpsm,318000.0,sb,pr,home,1U,5700.0,CIB,539,CIB,to_inst,96.3836478,North,direct,44.0,0.27710843086242676
cf,nopre,type1,p3,l1,nopc,nob/c,156500,360.0,not_neg,int_only,not_lpsm,228000.0,sb,ir,home,1U,4860.0,CIB,693,CIB,to_inst,68.64035088,south,direct,46.0,0.16867469251155853
cf,nopre,type2,p4,l1,nopc,b/c,376500,360.0,neg_amm,not_int,not_lpsm,508000.0,sb,pr,home,1U,11040.0,CIB,876,EXP,to_inst,74.11417323,south,direct,44.0,0.4184100329875946
cf,nopre,type1,p3,l1,nopc,nob/c,116500,360.0,neg_amm,not_int,not_lpsm,178000.0,sb,pr,home,1U,1320.0,CIB,777,CIB,to_inst,65.4494382,North,direct,43.0,0.27710843086242676
cf,pre,type1,p1,l1,nopc,nob/c,466500,360.0,not_neg,not_int,not_lpsm,568000.0,sb,sr,home,1U,10260.0,EXP,743,CIB,to_inst,82.13028169,south,direct,44.0,0.0861159935593605
cf,nopre,type1,p1,l1,nopc,nob/c,376500,360.0,not_neg,not_int,not_lpsm,398000.0,sb,pr,home,1U,5760.0,CRIF,773,CIB,not_inst,94.59798995,North,direct,40.0,0.0363101065158844
cf,nopre,type2,p3,l1,nopc,b/c,96500,360.0,neg_amm,not_int,not_lpsm,118000.0,sb,pr,home,1U,1680.0,CIB,523,EXP,to_inst,81.77966102,south,direct,40.0,0.4184100329875946
cf,nopre,type1,p4,l1,nopc,nob/c,446500,360.0,not_neg,not_int,not_lpsm,628000.0,sb,ir,home,1U,2520.0,CIB,547,CIB,not_inst,71.09872611,North,direct,49.0,0.24460431933403015
cf,nopre,type1,p3,l1,nopc,nob/c,76500,360.0,not_neg,not_int,not_lpsm,368000.0,sb,pr,home,1U,1860.0,CIB,751,CIB,to_inst,20.78804348,North,direct,37.0,0.10782501846551895
cf,pre,type2,p3,l1,nopc,b/c,86500,360.0,not_neg,not_int,not_lpsm,118000.0,sb,pr,home,1U,2700.0,CIB,527,CIB,to_inst,73.30508475,North,direct,20.0,0.16867469251155853
cf,nopre,type1,p4,l1,nopc,nob/c,216500,180.0,not_neg,not_int,not_lpsm,288000.0,sb,pr,home,1U,5100.0,EXP,522,CIB,to_inst,75.17361111,North,direct,25.0,0.11089865863323212
cf,nopre,type1,p3,l1,nopc,nob/c,606500,360.0,neg_amm,not_int,not_lpsm,958000.0,sb,pr,home,1U,13560.0,CIB,725,CIB,not_inst,63.30897704,North,direct,49.0,0.14369073510169983
cf,nopre,type1,p4,l1,nopc,nob/c,666500,360.0,not_neg,not_int,not_lpsm,778000.0,sb,pr,home,1U,10920.0,CRIF,871,EXP,not_inst,85.66838046,North,direct,38.0,0.03455149382352829
cf,nopre,type1,p3,l1,nopc,nob/c,416500,360.0,not_neg,not_int,not_lpsm,688000.0,sb,pr,home,1U,15720.0,CIB,544,EXP,not_inst,60.5377907,North,direct,35.0,0.02139037474989891
cf,nopre,type2,p3,l1,nopc,b/c,126500,360.0,not_neg,not_int,not_lpsm,158000.0,sb,pr,home,1U,4740.0,EXP,510,EXP,to_inst,80.06329114,south,direct,22.0,0.16867469251155853
cf,nopre,type1,p4,l1,nopc,nob/c,156500,240.0,not_neg,not_int,not_lpsm,228000.0,sb,pr,home,1U,3600.0,CIB,503,EXP,to_inst,68.64035088,south,direct,47.0,0.0861159935593605
cf,nopre,type1,p3,l1,nopc,nob/c,216500,360.0,not_neg,not_int,not_lpsm,278000.0,sb,pr,home,1U,7800.0,CRIF,699,CIB,not_inst,77.87769784,North,direct,30.0,0.03455149382352829
cf,nopre,type1,p1,l1,nopc,nob/c,556500,360.0,not_neg,not_int,not_lpsm,608000.0,sb,pr,home,1U,5100.0,CIB,527,CIB,not_inst,91.52960526,North,direct,48.0,0.059588298201560974
cf,nopre,type1,p4,l1,nopc,nob/c,466500,360.0,not_neg,not_int,not_lpsm,708000.0,sb,pr,home,1U,10740.0,CRIF,601,CIB,to_inst,65.88983051,south,direct,30.0,0.059588298201560974
cf,pre,type1,p4,l1,nopc,nob/c,466500,360.0,not_neg,not_int,not_lpsm,738000.0,sb,pr,home,1U,9420.0,CIB,585,EXP,not_inst,63.21138211,North,direct,29.0,0.02139037474989891
cf,nopre,type1,p4,l1,nopc,nob/c,676500,360.0,not_neg,not_int,not_lpsm,908000.0,sb,pr,home,1U,5340.0,CIB,542,CIB,not_inst,74.50440529,North,direct,38.0,0.10144927352666855
cf,nopre,type1,p4,l1,nopc,nob/c,456500,360.0,not_neg,not_int,not_lpsm,828000.0,sb,pr,home,1U,15780.0,CIB,851,EXP,not_inst,55.13285024,south,direct,31.0,0.02772643230855465
cf,nopre,type1,p3,l1,nopc,nob/c,456500,360.0,not_neg,not_int,not_lpsm,588000.0,sb,pr,home,1U,13140.0,CIB,560,EXP,to_inst,77.63605442,south,direct,27.0,0.0861159935593605
cf,nopre,type2,p4,l1,nopc,b/c,146500,300.0,not_neg,not_int,not_lpsm,188000.0,sb,pr,home,1U,3480.0,CIB,898,CIB,to_inst,77.92553191,south,direct,42.0,0.19203747808933258
cf,nopre,type1,p4,l1,nopc,nob/c,366500,360.0,not_neg,not_int,not_lpsm,438000.0,sb,pr,home,1U,4260.0,CIB,514,CIB,to_inst,83.67579909,North,direct,47.0,0.17307692766189575
cf,nopre,type1,p4,l1,nopc,nob/c,256500,360.0,not_neg,not_int,not_lpsm,358000.0,sb,pr,home,1U,6960.0,EXP,731,EXP,to_inst,71.64804469,North,direct,30.0,0.04065827652812004
cf,nopre,type2,p1,l1,nopc,b/c,166500,360.0,not_neg,not_int,not_lpsm,178000.0,sb,pr,home,1U,2160.0,CRIF,729,CIB,not_inst,93.53932584,North,direct,44.0,0.11089865863323212
cf,nopre,type1,p3,l1,nopc,nob/c,366500,360.0,not_neg,not_int,not_lpsm,528000.0,sb,pr,home,1U,7620.0,CRIF,841,EXP,not_inst,69.41287879,North,direct,34.0,0.02772643230855465
cf,nopre,type1,p4,l1,nopc,nob/c,236500,360.0,not_neg,int_only,not_lpsm,398000.0,sb,pr,home,1U,2700.0,CRIF,876,CIB,to_inst,59.42211055,North,direct,47.0,0.14369073510169983
cf,nopre,type2,p3,l1,nopc,b/c,706500,360.0,not_neg,not_int,not_lpsm,1008000.0,sb,pr,home,1U,9000.0,CRIF,663,CIB,to_inst,70.08928571,North,direct,41.0,0.4184100329875946
cf,nopre,type1,p4,l1,nopc,nob/c,446500,360.0,not_neg,not_int,not_lpsm,768000.0,sb,pr,home,1U,8940.0,EXP,868,CIB,to_inst,58.13802083,south,direct,30.0,0.059588298201560974
cf,pre,type1,p1,l1,nopc,nob/c,726500,360.0,not_neg,not_int,not_lpsm,808000.0,sb,pr,home,1U,8160.0,EXP,859,CIB,not_inst,89.91336634,south,direct,44.0,0.03455149382352829
cf,nopre,type2,p1,l1,nopc,b/c,256500,360.0,not_neg,not_int,not_lpsm,258000.0,sb,pr,home,1U,8520.0,CIB,709,EXP,to_inst,99.41860465,North,direct,36.0,0.14369073510169983
cf,nopre,type1,p3,l1,nopc,nob/c,166500,360.0,neg_amm,not_int,not_lpsm,208000.0,sb,pr,home,1U,2040.0,CRIF,562,CIB,to_inst,80.04807692,North,direct,49.0,0.4184100329875946
cf,nopre,type1,p1,l1,nopc,nob/c,146500,360.0,not_neg,not_int,not_lpsm,168000.0,sb,pr,home,1U,3780.0,CIB,601,EXP,not_inst,87.20238095,south,direct,33.0,0.06420404464006424
ncf,nopre,type1,p4,l1,nopc,nob/c,766500,360.0,not_neg,not_int,not_lpsm,1258000.0,sb,pr,home,1U,17220.0,CIB,500,EXP,to_inst,60.93004769,North,direct,27.0,0.11089865863323212
cf,nopre,type3,p1,l1,nopc,nob/c,396500,360.0,not_neg,not_int,not_lpsm,388000.0,sb,pr,home,1U,8220.0,EXP,717,CIB,to_inst,102.1907216,south,direct,23.0,0.16867469251155853
cf,nopre,type1,p3,l1,nopc,nob/c,296500,360.0,not_neg,not_int,not_lpsm,2088000.0,sb,sr,home,1U,12120.0,CRIF,600,CIB,not_inst,14.20019157,North,direct,35.0,0.0363101065158844
cf,pre,type1,p4,l1,nopc,nob/c,376500,360.0,not_neg,not_int,not_lpsm,998000.0,sb,pr,home,1U,12780.0,EXP,747,EXP,not_inst,37.7254509,south,direct,38.0,0.0363101065158844
cf,nopre,type1,p3,l1,nopc,nob/c,456500,360.0,not_neg,not_int,not_lpsm,598000.0,sb,pr,home,1U,10380.0,CIB,694,EXP,to_inst,76.33779264,North,direct,43.0,0.059588298201560974
cf,nopre,type1,p4,l1,nopc,nob/c,316500,360.0,not_neg,not_int,not_lpsm,378000.0,sb,pr,home,1U,8760.0,EXP,577,EXP,to_inst,83.73015873,south,direct,28.0,0.11089865863323212
cf,nopre,type1,p3,l1,nopc,nob/c,376500,360.0,not_neg,not_int,not_lpsm,468000.0,sb,pr,home,1U,4920.0,EXP,849,CIB,not_inst,80.44871795,North,direct,42.0,0.059588298201560974
cf,nopre,type1,p4,l1,nopc,nob/c,306500,360.0,neg_amm,not_int,not_lpsm,958000.0,sb,pr,home,1U,16080.0,EXP,877,CIB,to_inst,31.99373695,south,direct,29.0,0.24460431933403015
cf,nopre,type1,p3,l1,nopc,nob/c,176500,360.0,not_neg,int_only,not_lpsm,218000.0,sb,pr,home,1U,6240.0,CIB,630,CIB,to_inst,80.96330275,south,direct,25.0,0.11089865863323212
cf,nopre,type1,p4,l1,nopc,nob/c,246500,360.0,not_neg,not_int,not_lpsm,378000.0,sb,pr,home,1U,7500.0,EXP,825,CIB,to_inst,65.21164021,south,direct,26.0,0.06420404464006424
cf,nopre,type1,p1,l1,nopc,nob/c,486500,360.0,not_neg,not_int,not_lpsm,668000.0,sb,pr,home,1U,5940.0,CRIF,619,EXP,not_inst,72.82934132,south,direct,32.0,0.03455149382352829
cf,nopre,type3,p3,l1,nopc,nob/c,166500,360.0,not_neg,not_int,not_lpsm,208000.0,sb,pr,home,1U,1920.0,CRIF,609,CIB,to_inst,80.04807692,south,direct,43.0,0.14369073510169983
cf,nopre,type1,p4,l1,nopc,nob/c,196500,180.0,not_neg,not_int,not_lpsm,268000.0,sb,pr,home,1U,,CRIF,858,EXP,to_inst,73.32089552,North,direct,38.0,0.059588298201560974
cf,nopre,type2,p4,l1,nopc,b/c,116500,180.0,not_neg,not_int,not_lpsm,148000.0,sb,pr,home,1U,4800.0,CRIF,725,CIB,to_inst,78.71621622,North,direct,47.0,0.19203747808933258
cf,nopre,type1,p3,l1,nopc,nob/c,296500,360.0,neg_amm,not_int,not_lpsm,438000.0,sb,ir,home,1U,1740.0,EXP,606,CIB,not_inst,67.69406393,central,direct,43.0,0.24460431933403015
cf,nopre,type3,p1,l1,nopc,nob/c,306500,360.0,not_neg,not_int,not_lpsm,478000.0,sb,pr,home,1U,3660.0,CIB,837,EXP,to_inst,64.12133891,North,direct,42.0,0.10782501846551895
ncf,nopre,type1,p2,l1,nopc,nob/c,346500,360.0,not_neg,not_int,not_lpsm,458000.0,sb,ir,home,1U,7800.0,EXP,502,CIB,not_inst,75.65502183,North,direct,43.0,0.10782501846551895
cf,nopre,type1,p4,l1,nopc,nob/c,606500,180.0,not_neg,not_int,not_lpsm,2938000.0,sb,pr,home,1U,23700.0,CRIF,856,EXP,not_inst,20.64329476,North,direct,20.0,0.04065827652812004
cf,nopre,type1,p1,l1,nopc,nob/c,306500,360.0,not_neg,int_only,not_lpsm,428000.0,sb,pr,home,1U,5160.0,EXP,515,CIB,to_inst,71.61214953,North,direct,36.0,0.0861159935593605
cf,pre,type3,p1,l1,nopc,nob/c,66500,360.0,not_neg,not_int,not_lpsm,68000.0,sb,pr,home,1U,2820.0,CRIF,599,CIB,to_inst,97.79411765,south,direct,37.0,0.11089865863323212
cf,nopre,type1,p3,l1,nopc,nob/c,156500,180.0,not_neg,not_int,not_lpsm,628000.0,sb,ir,home,1U,8460.0,CRIF,649,CIB,to_inst,24.92038217,south,direct,53.0,0.6666666865348816
cf,nopre,type2,p3,l1,nopc,b/c,116500,360.0,not_neg,not_int,not_lpsm,408000.0,sb,pr,home,1U,3000.0,CIB,532,CIB,to_inst,28.55392157,south,direct,43.0,0.3415384590625763
cf,nopre,type1,p4,l1,nopc,nob/c,376500,360.0,not_neg,not_int,not_lpsm,508000.0,sb,pr,home,1U,5400.0,EXP,768,CIB,to_inst,74.11417323,south,direct,39.0,0.06766917556524277
cf,nopre,type2,p3,l1,nopc,b/c,276500,360.0,not_neg,not_int,not_lpsm,418000.0,sb,pr,home,1U,3720.0,CRIF,864,CIB,to_inst,66.14832536,south,direct,49.0,0.3415384590625763
cf,nopre,type1,p1,l1,nopc,nob/c,146500,360.0,not_neg,not_int,not_lpsm,168000.0,sb,pr,home,1U,4140.0,CIB,672,CIB,not_inst,87.20238095,south,direct,49.0,0.059588298201560974
cf,nopre,type1,p4,l1,nopc,nob/c,166500,180.0,not_neg,not_int,not_lpsm,238000.0,sb,pr,home,1U,4500.0,CRIF,894,CIB,to_inst,69.95798319,south,direct,20.0,0.11089865863323212
cf,pre,type1,p1,l1,nopc,nob/c,186500,360.0,neg_amm,not_int,not_lpsm,248000.0,sb,pr,home,1U,9000.0,CIB,823,CIB,to_inst,75.2016129,south,direct,20.0,0.0363101065158844
cf,nopre,type1,p4,l1,nopc,nob/c,386500,300.0,not_neg,not_int,not_lpsm,858000.0,sb,pr,home,1U,8340.0,EXP,782,CIB,not_inst,45.04662005,North,direct,35.0,0.02772643230855465
cf,pre,type1,p1,l1,nopc,nob/c,196500,360.0,not_neg,not_int,not_lpsm,238000.0,sb,ir,home,1U,5940.0,EXP,576,CIB,to_inst,82.56302521,south,direct,9.0,0.24460431933403015
cf,nopre,type1,p3,l1,nopc,nob/c,166500,180.0,not_neg,not_int,not_lpsm,188000.0,sb,pr,home,1U,4260.0,CRIF,791,EXP,to_inst,88.56382979,central,direct,47.0,0.6186440587043762
cf,nopre,type1,p1,l1,nopc,nob/c,296500,360.0,not_neg,not_int,not_lpsm,378000.0,sb,sr,home,1U,20460.0,CRIF,562,EXP,not_inst,78.43915344,North,direct,36.0,0.04065827652812004
cf,nopre,type1,p4,l1,nopc,nob/c,226500,324.0,not_neg,not_int,not_lpsm,298000.0,sb,pr,home,1U,4980.0,EXP,848,CIB,to_inst,76.00671141,North,direct,24.0,0.06766917556524277
cf,nopre,type1,p4,l1,nopc,nob/c,326500,360.0,not_neg,not_int,not_lpsm,508000.0,sb,pr,home,1U,4560.0,CIB,740,CIB,not_inst,64.27165354,North,direct,39.0,0.03455149382352829
cf,pre,type3,p3,l1,nopc,nob/c,246500,360.0,not_neg,not_int,not_lpsm,248000.0,sb,pr,home,1U,4260.0,EXP,521,EXP,to_inst,99.39516129,North,direct,48.0,0.10782501846551895
cf,nopre,type1,p3,l1,nopc,nob/c,236500,360.0,not_neg,not_int,not_lpsm,708000.0,sb,pr,home,1U,6780.0,CIB,759,CIB,not_inst,33.4039548,North,direct,45.0,0.04065827652812004
cf,nopre,type1,p4,l1,nopc,nob/c,246500,360.0,not_neg,not_int,not_lpsm,408000.0,sb,pr,home,1U,5220.0,CIB,848,EXP,to_inst,60.41666667,south,direct,42.0,0.06766917556524277
cf,nopre,type1,p3,l1,nopc,nob/c,616500,360.0,not_neg,not_int,not_lpsm,798000.0,sb,pr,home,1U,10200.0,EXP,588,CIB,to_inst,77.2556391,North,direct,38.0,0.14369073510169983
cf,nopre,type1,p3,l1,nopc,nob/c,256500,360.0,not_neg,not_int,not_lpsm,368000.0,sb,pr,home,1U,3060.0,EXP,802,CIB,to_inst,69.70108696,south,direct,38.0,0.11089865863323212
cf,nopre,type1,p3,l1,nopc,nob/c,376500,360.0,not_neg,not_int,not_lpsm,708000.0,sb,pr,home,1U,9660.0,EXP,883,CIB,to_inst,53.1779661,central,direct,21.0,0.0861159935593605
ncf,pre,type1,p3,l1,nopc,nob/c,406500,360.0,not_neg,not_int,not_lpsm,508000.0,sb,pr,home,1U,6360.0,EXP,711,CIB,not_inst,80.01968504,North,direct,48.0,0.06420404464006424
cf,pre,type1,p1,l1,nopc,nob/c,486500,360.0,not_neg,not_int,not_lpsm,658000.0,sb,ir,home,1U,8760.0,CRIF,886,EXP,not_inst,73.93617021,south,direct,40.0,0.05779334530234337
cf,nopre,type1,p4,l1,nopc,nob/c,206500,360.0,not_neg,not_int,not_lpsm,398000.0,sb,pr,home,1U,4920.0,CRIF,769,EXP,to_inst,51.88442211,North,direct,34.0,0.05779334530234337
cf,nopre,type1,p1,l1,nopc,nob/c,156500,360.0,not_neg,not_int,not_lpsm,198000.0,sb,ir,home,1U,8820.0,CIB,826,EXP,to_inst,79.04040404,south,direct,20.0,0.16867469251155853
cf,nopre,type1,p3,l1,nopc,nob/c,156500,360.0,not_neg,not_int,not_lpsm,328000.0,sb,pr,home,1U,2160.0,EXP,814,CIB,to_inst,47.71341463,south,direct,44.0,0.11089865863323212
cf,pre,type1,p1,l1,nopc,nob/c,216500,360.0,not_neg,not_int,not_lpsm,278000.0,sb,pr,home,1U,7620.0,EXP,506,CIB,to_inst,77.87769784,south,direct,33.0,0.055727552622556686
cf,nopre,type1,p3,l1,nopc,nob/c,206500,360.0,not_neg,not_int,not_lpsm,268000.0,sb,pr,home,1U,4380.0,CRIF,662,EXP,to_inst,77.05223881,North,direct,33.0,0.06420404464006424
cf,nopre,type1,p4,l1,nopc,nob/c,366500,300.0,not_neg,not_int,not_lpsm,488000.0,sb,pr,home,1U,5400.0,EXP,540,CIB,to_inst,75.10245902,North,direct,48.0,0.11089865863323212
cf,nopre,type1,p4,l1,nopc,nob/c,396500,360.0,not_neg,not_int,not_lpsm,508000.0,sb,pr,home,1U,5700.0,CIB,698,CIB,not_inst,78.0511811,North,direct,36.0,0.03455149382352829
cf,nopre,type1,p4,l1,nopc,nob/c,356500,360.0,not_neg,not_int,not_lpsm,488000.0,sb,pr,home,1U,11100.0,CRIF,895,EXP,not_inst,73.05327869,North,direct,6.0,0.055727552622556686
cf,nopre,type1,p3,l1,nopc,nob/c,486500,360.0,not_neg,not_int,not_lpsm,728000.0,sb,pr,home,1U,5220.0,CIB,536,CIB,not_inst,66.82692308,south,direct,49.0,0.0861159935593605
cf,nopre,type1,p4,l1,nopc,nob/c,136500,300.0,not_neg,not_int,not_lpsm,158000.0,sb,pr,home,1U,3540.0,CRIF,840,CIB,to_inst,86.39240506,south,direct,34.0,0.14369073510169983
cf,pre,type1,p1,l1,nopc,nob/c,266500,360.0,not_neg,not_int,not_lpsm,338000.0,sb,pr,home,1U,6000.0,CIB,572,EXP,to_inst,78.84615385,North,direct,36.0,0.03455149382352829
cf,nopre,type1,p4,l1,nopc,nob/c,196500,360.0,not_neg,not_int,lpsm,248000.0,sb,pr,home,1U,6420.0,CIB,606,EXP,to_inst,79.23387097,North,direct,51.0,0.9869565367698669
cf,nopre,type1,p3,l1,nopc,nob/c,466500,360.0,not_neg,int_only,not_lpsm,638000.0,sb,pr,home,1U,4680.0,CRIF,826,CIB,to_inst,73.11912226,south,direct,48.0,0.23026315867900848
ncf,pre,type1,p4,l1,nopc,nob/c,1156500,360.0,not_neg,not_int,not_lpsm,2268000.0,sb,pr,home,1U,13620.0,CIB,715,EXP,to_inst,50.99206349,North,direct,58.0,0.9869565367698669
cf,nopre,type1,p3,l1,nopc,nob/c,326500,240.0,not_neg,not_int,lpsm,428000.0,sb,pr,home,1U,8460.0,CIB,821,EXP,to_inst,76.28504673,south,direct,46.0,0.6666666865348816
ncf,nopre,type1,p3,l1,nopc,nob/c,166500,360.0,not_neg,not_int,not_lpsm,238000.0,sb,pr,home,1U,1680.0,CIB,891,CIB,to_inst,69.95798319,North,direct,44.0,0.14369073510169983
cf,nopre,type1,p3,l1,nopc,nob/c,246500,360.0,not_neg,not_int,not_lpsm,348000.0,sb,pr,home,1U,4260.0,CRIF,611,EXP,not_inst,70.83333333,south,direct,25.0,0.06420404464006424
cf,nopre,type2,p1,l2,nopc,b/c,216500,360.0,not_neg,not_int,not_lpsm,228000.0,sb,pr,home,1U,3120.0,CIB,722,EXP,not_inst,94.95614035,North,direct,47.0,0.04065827652812004
cf,nopre,type2,p3,l1,nopc,b/c,56500,360.0,not_neg,not_int,not_lpsm,118000.0,sb,pr,home,1U,4800.0,EXP,620,CIB,to_inst,47.88135593,south,direct,27.0,0.14369073510169983
cf,nopre,type1,p3,l1,nopc,nob/c,336500,360.0,not_neg,not_int,not_lpsm,468000.0,sb,pr,home,1U,7080.0,CIB,849,CIB,to_inst,71.9017094,south,direct,13.0,0.1839258074760437
cf,nopre,type1,p4,l1,nopc,nob/c,376500,360.0,not_neg,not_int,not_lpsm,998000.0,sb,pr,home,1U,13380.0,CIB,594,EXP,not_inst,37.7254509,south,direct,46.0,0.03455149382352829
cf,nopre,type1,p3,l1,nopc,nob/c,126500,180.0,not_neg,not_int,not_lpsm,188000.0,sb,pr,home,1U,4140.0,CRIF,887,CIB,to_inst,67.28723404,North,direct,19.0,0.11276596039533615
cf,nopre,type1,p4,l2,nopc,nob/c,506500,360.0,not_neg,not_int,not_lpsm,658000.0,sb,pr,home,1U,11700.0,CIB,644,EXP,not_inst,76.97568389,central,direct,44.0,0.04065827652812004
cf,nopre,type3,p3,l1,nopc,nob/c,596500,360.0,not_neg,not_int,not_lpsm,778000.0,sb,pr,home,1U,3180.0,EXP,709,EXP,to_inst,76.67095116,south,direct,31.0,0.6666666865348816
cf,nopre,type2,p4,l1,nopc,b/c,206500,360.0,not_neg,not_int,not_lpsm,268000.0,sb,pr,home,1U,2160.0,EXP,520,CIB,not_inst,77.05223881,central,direct,55.0,0.5465116500854492
cf,nopre,type1,p3,l1,nopc,nob/c,256500,360.0,not_neg,int_only,not_lpsm,328000.0,sb,pr,home,1U,4560.0,CRIF,881,CIB,to_inst,78.20121951,south,direct,25.0,0.19203747808933258
cf,nopre,type1,p3,l1,nopc,nob/c,356500,360.0,not_neg,not_int,not_lpsm,538000.0,sb,pr,home,1U,3600.0,EXP,746,EXP,to_inst,66.26394052,central,direct,43.0,0.0861159935593605
cf,nopre,type1,p3,l1,nopc,nob/c,296500,360.0,neg_amm,not_int,not_lpsm,1268000.0,sb,ir,home,1U,7440.0,EXP,783,EXP,not_inst,23.38328076,North,direct,36.0,0.10782501846551895
cf,nopre,type1,p4,l1,nopc,nob/c,226500,360.0,not_neg,not_int,not_lpsm,328000.0,sb,pr,home,1U,3480.0,CRIF,745,CIB,to_inst,69.05487805,North,direct,42.0,0.0861159935593605
cf,nopre,type1,p3,l1,nopc,nob/c,146500,360.0,not_neg,not_int,not_lpsm,278000.0,sb,pr,home,1U,1620.0,CIB,581,CIB,to_inst,52.69784173,south,direct,42.0,0.14369073510169983
,nopre,type1,p4,l1,nopc,nob/c,416500,360.0,neg_amm,not_int,not_lpsm,428000.0,sb,pr,home,1U,6240.0,EXP,895,EXP,not_inst,97.31308411,North,direct,43.0,0.6666666865348816
cf,nopre,type1,p4,l1,nopc,nob/c,136500,324.0,not_neg,not_int,not_lpsm,198000.0,sb,pr,home,1U,1980.0,EXP,763,CIB,to_inst,68.93939394,North,direct,36.0,0.0861159935593605
cf,nopre,type1,p4,l1,nopc,nob/c,526500,360.0,not_neg,not_int,not_lpsm,778000.0,sb,pr,home,1U,6900.0,CIB,652,EXP,not_inst,67.67352185,central,direct,37.0,0.02772643230855465
cf,nopre,type1,p3,l1,nopc,nob/c,726500,360.0,not_neg,not_int,not_lpsm,1308000.0,sb,pr,home,1U,12720.0,CIB,587,EXP,to_inst,55.54281346,south,direct,34.0,0.06420404464006424
cf,nopre,type1,p1,l2,nopc,nob/c,146500,180.0,not_neg,not_int,not_lpsm,188000.0,sb,ir,home,1U,6600.0,CIB,898,CIB,to_inst,77.92553191,south,direct,21.0,0.11089865863323212
cf,nopre,type1,p4,l1,nopc,nob/c,456500,324.0,neg_amm,not_int,not_lpsm,498000.0,sb,pr,home,1U,7020.0,CIB,795,CIB,not_inst,91.66666667,south,direct,25.0,0.14369073510169983
ncf,nopre,type3,p3,l1,nopc,nob/c,676500,360.0,not_neg,not_int,not_lpsm,758000.0,sb,pr,home,1U,8880.0,EXP,535,EXP,to_inst,89.24802111,North,direct,39.0,0.16867469251155853
cf,nopre,type3,p1,l1,nopc,nob/c,296500,360.0,not_neg,not_int,not_lpsm,288000.0,sb,pr,home,1U,4380.0,CIB,648,EXP,to_inst,102.9513889,south,direct,50.0,0.19203747808933258
cf,nopre,type1,p1,l1,nopc,nob/c,216500,360.0,neg_amm,not_int,not_lpsm,268000.0,sb,pr,home,1U,6720.0,CRIF,548,CIB,not_inst,80.78358209,south,direct,7.0,0.1839258074760437
,nopre,type1,p1,l1,nopc,nob/c,486500,360.0,not_neg,not_int,not_lpsm,608000.0,sb,pr,home,1U,7320.0,EXP,716,CIB,not_inst,80.01644737,North,direct,40.0,0.03455149382352829
cf,nopre,type1,p3,l1,nopc,nob/c,156500,360.0,not_neg,not_int,not_lpsm,228000.0,sb,ir,home,1U,5880.0,EXP,531,EXP,to_inst,68.64035088,North,direct,36.0,0.0861159935593605
cf,pre,type1,p3,l1,nopc,nob/c,156500,360.0,not_neg,not_int,not_lpsm,228000.0,sb,ir,home,1U,5580.0,EXP,777,EXP,to_inst,68.64035088,south,direct,45.0,0.11089865863323212
cf,nopre,type1,p2,l1,nopc,nob/c,226500,360.0,not_neg,not_int,not_lpsm,328000.0,sb,ir,home,3U,1200.0,EXP,574,CIB,not_inst,69.05487805,North,direct,34.0,0.5465116500854492
cf,nopre,type1,p4,l1,nopc,nob/c,276500,180.0,not_neg,not_int,not_lpsm,658000.0,sb,pr,home,1U,1800.0,CRIF,654,CIB,not_inst,42.0212766,south,direct,17.0,0.9899497628211975
ncf,nopre,type1,p3,l1,nopc,nob/c,616500,180.0,not_neg,not_int,not_lpsm,778000.0,sb,pr,home,1U,32820.0,CRIF,645,CIB,to_inst,79.24164524,south,direct,45.0,0.3913043439388275
cf,nopre,type1,p3,l1,nopc,nob/c,616500,360.0,not_neg,not_int,not_lpsm,1308000.0,sb,pr,home,1U,3180.0,CIB,824,CIB,to_inst,47.13302752,North,direct,9.0,0.9899497628211975
cf,nopre,type3,p3,l1,nopc,nob/c,56500,360.0,neg_amm,not_int,not_lpsm,58000.0,sb,pr,home,1U,2040.0,CRIF,775,CIB,to_inst,97.4137931,south,direct,34.0,0.6666666865348816
cf,nopre,type1,p4,l1,nopc,nob/c,286500,132.0,neg_amm,not_int,not_lpsm,758000.0,sb,pr,home,1U,15180.0,CRIF,802,CIB,to_inst,37.79683377,North,direct,12.0,0.16867469251155853
cf,pre,type2,p4,l1,nopc,b/c,136500,360.0,not_neg,not_int,not_lpsm,178000.0,sb,pr,home,1U,5100.0,CRIF,618,EXP,to_inst,76.68539326,south,direct,46.0,0.1839258074760437
cf,nopre,type1,p4,l1,nopc,nob/c,446500,180.0,not_neg,not_int,not_lpsm,1358000.0,sb,pr,home,1U,10740.0,EXP,680,EXP,not_inst,32.87923417,North,direct,36.0,0.02772643230855465
cf,nopre,type1,p3,l1,nopc,nob/c,106500,360.0,not_neg,not_int,not_lpsm,168000.0,sb,ir,home,1U,6060.0,CIB,542,CIB,to_inst,63.39285714,North,direct,27.0,0.11089865863323212
cf,pre,type1,p1,l1,nopc,nob/c,356500,360.0,not_neg,not_int,not_lpsm,508000.0,sb,pr,home,1U,5040.0,CRIF,502,EXP,to_inst,70.17716535,south,direct,43.0,0.05779334530234337
cf,nopre,type1,p4,l1,nopc,nob/c,586500,240.0,not_neg,not_int,not_lpsm,838000.0,sb,pr,home,1U,18240.0,CRIF,659,EXP,not_inst,69.98806683,central,direct,25.0,0.014285714365541935
cf,nopre,type3,p3,l1,nopc,nob/c,286500,360.0,not_neg,not_int,not_lpsm,588000.0,sb,pr,home,1U,6240.0,EXP,808,EXP,to_inst,48.7244898,North,direct,24.0,0.04065827652812004
cf,pre,type1,p4,l1,nopc,nob/c,276500,300.0,not_neg,not_int,not_lpsm,378000.0,sb,pr,home,1U,5820.0,CRIF,757,CIB,to_inst,73.14814815,North,direct,48.0,0.10782501846551895
cf,nopre,type1,p3,l2,nopc,nob/c,296500,360.0,not_neg,not_int,not_lpsm,1188000.0,sb,pr,home,1U,4560.0,EXP,680,EXP,to_inst,24.95791246,North,direct,43.0,0.04065827652812004
cf,nopre,type1,p4,l1,nopc,nob/c,506500,360.0,not_neg,int_only,not_lpsm,818000.0,sb,pr,home,1U,,CIB,581,EXP,to_inst,61.9193154,south,direct,43.0,0.1034482792019844
cf,nopre,type1,p1,l1,nopc,nob/c,366500,360.0,not_neg,not_int,not_lpsm,458000.0,sb,pr,home,1U,5520.0,EXP,799,EXP,not_inst,80.02183406,central,direct,46.0,0.0363101065158844
cf,nopre,type1,p3,l1,nopc,nob/c,346500,264.0,not_neg,not_int,not_lpsm,388000.0,sb,pr,home,1U,6420.0,EXP,719,EXP,to_inst,89.30412371,south,direct,36.0,0.5465116500854492
cf,nopre,type1,p3,l1,nopc,nob/c,306500,180.0,not_neg,not_int,not_lpsm,538000.0,sb,pr,home,1U,6720.0,CIB,804,EXP,to_inst,56.97026022,south,direct,38.0,0.055727552622556686
cf,nopre,type1,p4,l2,nopc,nob/c,166500,300.0,not_neg,not_int,not_lpsm,218000.0,sb,pr,home,1U,2100.0,CRIF,802,CIB,to_inst,76.37614679,south,direct,48.0,0.19203747808933258
cf,nopre,type1,p4,l1,nopc,nob/c,256500,360.0,not_neg,not_int,lpsm,2508000.0,sb,pr,home,1U,4920.0,EXP,702,EXP,to_inst,10.22727273,south,direct,49.0,0.7596899271011353
cf,pre,type2,p1,l1,nopc,b/c,226500,360.0,not_neg,not_int,not_lpsm,228000.0,sb,pr,home,1U,2580.0,CRIF,685,CIB,to_inst,99.34210526,North,direct,51.0,0.11089865863323212
cf,nopre,type2,p1,l1,nopc,b/c,536500,360.0,not_neg,not_int,not_lpsm,548000.0,sb,pr,home,1U,4980.0,EXP,586,CIB,not_inst,97.90145985,North,direct,47.0,0.10782501846551895
cf,nopre,type1,p1,l1,nopc,nob/c,406500,360.0,not_neg,not_int,not_lpsm,678000.0,sb,pr,home,1U,7080.0,EXP,707,EXP,not_inst,59.95575221,south,direct,29.0,0.02772643230855465
cf,nopre,type3,p1,l1,nopc,nob/c,86500,360.0,not_neg,not_int,not_lpsm,88000.0,sb,pr,home,1U,1620.0,CRIF,527,CIB,to_inst,98.29545455,North,direct,40.0,0.1839258074760437
cf,nopre,type1,p3,l1,nopc,nob/c,376500,336.0,not_neg,int_only,not_lpsm,538000.0,sb,pr,home,1U,8820.0,EXP,799,EXP,not_inst,69.98141264,North,direct,30.0,0.02772643230855465
ncf,pre,type3,p3,l1,nopc,nob/c,156500,360.0,not_neg,not_int,not_lpsm,178000.0,sb,pr,home,1U,1800.0,CIB,655,EXP,to_inst,87.92134831,south,direct,58.0,0.19203747808933258
cf,nopre,type1,p1,l1,nopc,nob/c,126500,360.0,not_neg,not_int,not_lpsm,128000.0,sb,pr,home,1U,2580.0,EXP,882,CIB,to_inst,98.828125,North,direct,46.0,0.24460431933403015
cf,nopre,type1,p1,l2,nopc,nob/c,216500,360.0,not_neg,not_int,not_lpsm,288000.0,sb,sr,home,1U,9120.0,CRIF,581,EXP,not_inst,75.17361111,North,direct,43.0,0.03435804694890976
cf,nopre,type1,p2,l1,nopc,nob/c,156500,360.0,not_neg,not_int,not_lpsm,988000.0,sb,pr,home,1U,2700.0,CIB,678,CIB,not_inst,15.84008097,North,direct,41.0,0.0861159935593605
cf,nopre,type2,p1,l1,nopc,b/c,226500,360.0,neg_amm,not_int,not_lpsm,238000.0,sb,pr,home,1U,5040.0,CRIF,500,CIB,not_inst,95.16806723,central,direct,56.0,0.3415384590625763
cf,nopre,type1,p1,l1,nopc,nob/c,406500,360.0,not_neg,not_int,not_lpsm,518000.0,sb,pr,home,1U,7320.0,EXP,570,CIB,not_inst,78.47490347,south,direct,33.0,0.03455149382352829
cf,nopre,type3,p3,l1,nopc,nob/c,166500,360.0,not_neg,not_int,not_lpsm,198000.0,sb,pr,home,1U,3900.0,EXP,879,CIB,to_inst,84.09090909,south,direct,44.0,0.14369073510169983
,nopre,type1,p3,l1,nopc,nob/c,356500,240.0,not_neg,not_int,not_lpsm,608000.0,sb,pr,home,1U,9420.0,CIB,830,EXP,to_inst,58.63486842,North,direct,40.0,0.03455149382352829
cf,nopre,type1,p3,l1,nopc,nob/c,336500,360.0,not_neg,not_int,not_lpsm,488000.0,sb,pr,home,1U,4980.0,CRIF,810,CIB,not_inst,68.95491803,North,direct,31.0,0.03435804694890976
cf,nopre,type1,p4,l2,nopc,nob/c,356500,360.0,not_neg,not_int,not_lpsm,608000.0,sb,pr,home,1U,7800.0,CRIF,525,EXP,not_inst,58.63486842,North,direct,23.0,0.03435804694890976
cf,nopre,type1,p4,l1,nopc,nob/c,446500,360.0,not_neg,not_int,not_lpsm,898000.0,sb,pr,home,1U,7500.0,CIB,627,CIB,to_inst,49.72160356,North,direct,32.0,0.06766917556524277
cf,nopre,type1,p3,l1,nopc,nob/c,306500,360.0,not_neg,not_int,not_lpsm,458000.0,sb,pr,home,1U,7680.0,CRIF,740,EXP,to_inst,66.92139738,North,direct,24.0,0.03455149382352829
cf,nopre,type2,p2,l1,nopc,b/c,46500,300.0,neg_amm,not_int,not_lpsm,188000.0,sb,pr,home,1U,4440.0,EXP,889,EXP,not_inst,24.73404255,North,direct,20.0,0.4184100329875946
cf,nopre,type1,p4,l1,nopc,nob/c,446500,360.0,not_neg,not_int,not_lpsm,858000.0,sb,pr,home,1U,4500.0,CIB,631,EXP,not_inst,52.03962704,south,direct,43.0,0.05779334530234337
cf,nopre,type3,p1,l1,nopc,nob/c,406500,300.0,neg_amm,not_int,not_lpsm,398000.0,sb,pr,home,1U,7980.0,EXP,704,EXP,to_inst,102.1356784,south,direct,56.0,0.6666666865348816
cf,nopre,type3,p3,l1,nopc,nob/c,256500,360.0,not_neg,not_int,not_lpsm,288000.0,sb,pr,home,1U,2940.0,CIB,677,EXP,to_inst,89.0625,south,direct,35.0,0.24460431933403015
cf,nopre,type3,p3,l1,nopc,nob/c,286500,360.0,not_neg,not_int,not_lpsm,288000.0,sb,pr,home,1U,4440.0,EXP,695,EXP,to_inst,99.47916667,North,direct,53.0,0.10782501846551895
cf,nopre,type1,p3,l1,nopc,nob/c,386500,240.0,not_neg,not_int,not_lpsm,738000.0,sb,pr,home,2U,6600.0,CIB,614,EXP,to_inst,52.37127371,North,direct,38.0,0.06420404464006424
cf,nopre,type1,p1,l1,nopc,nob/c,316500,360.0,not_neg,not_int,not_lpsm,398000.0,sb,pr,home,1U,11820.0,EXP,747,CIB,to_inst,79.52261307,North,direct,30.0,0.0861159935593605
ncf,nopre,type1,p4,l1,nopc,nob/c,1806500,360.0,not_neg,not_int,lpsm,2238000.0,sb,pr,home,1U,37560.0,CIB,560,EXP,to_inst,80.71939231,central,direct,28.0,0.9869565367698669
cf,nopre,type1,p4,l1,nopc,nob/c,156500,180.0,not_neg,not_int,not_lpsm,208000.0,sb,pr,home,1U,6600.0,EXP,547,CIB,to_inst,75.24038462,south,direct,28.0,0.10782501846551895
cf,pre,type2,p3,l1,nopc,b/c,246500,360.0,not_neg,not_int,not_lpsm,278000.0,sb,pr,home,1U,6000.0,CIB,518,CIB,to_inst,88.66906475,south,direct,49.0,0.4184100329875946
cf,nopre,type2,p3,l1,nopc,b/c,96500,360.0,not_neg,not_int,not_lpsm,158000.0,sb,pr,home,1U,2100.0,CIB,622,CIB,to_inst,61.07594937,North,direct,31.0,0.11276596039533615
cf,nopre,type1,p4,l1,nopc,nob/c,336500,360.0,not_neg,not_int,not_lpsm,488000.0,sb,pr,home,1U,3060.0,EXP,655,CIB,not_inst,68.95491803,North,direct,48.0,0.06420404464006424
cf,nopre,type1,p4,l1,nopc,nob/c,436500,360.0,not_neg,not_int,not_lpsm,608000.0,sb,pr,home,1U,6480.0,CRIF,720,CIB,to_inst,71.79276316,south,direct,49.0,0.11089865863323212
cf,nopre,type1,p4,l1,nopc,nob/c,86500,360.0,not_neg,not_int,not_lpsm,158000.0,sb,pr,home,1U,2280.0,EXP,886,CIB,to_inst,54.74683544,North,direct,13.0,0.3913043439388275
cf,pre,type1,p3,l1,nopc,nob/c,306500,360.0,not_neg,not_int,not_lpsm,378000.0,sb,pr,home,1U,3540.0,EXP,827,CIB,to_inst,81.08465608,south,direct,46.0,0.1839258074760437
ncf,nopre,type1,p4,l1,nopc,nob/c,106500,180.0,not_neg,not_int,not_lpsm,158000.0,sb,pr,home,1U,3120.0,CIB,861,EXP,to_inst,67.40506329,south,direct,36.0,0.10782501846551895
cf,nopre,type1,p1,l1,nopc,nob/c,306500,360.0,not_neg,not_int,not_lpsm,1298000.0,sb,pr,home,1U,7200.0,CRIF,644,CIB,not_inst,23.61325116,North,direct,32.0,0.03455149382352829
cf,nopre,type1,p3,l1,nopc,nob/c,546500,360.0,not_neg,not_int,not_lpsm,688000.0,sb,pr,home,1U,7620.0,CIB,667,CIB,to_inst,79.43313953,North,direct,45.0,0.11089865863323212
cf,nopre,type1,p3,l1,nopc,nob/c,206500,276.0,not_neg,not_int,not_lpsm,268000.0,sb,pr,home,1U,8040.0,CRIF,585,EXP,to_inst,77.05223881,south,direct,30.0,0.06420404464006424
cf,nopre,type2,p3,l1,nopc,b/c,116500,180.0,not_neg,not_int,not_lpsm,208000.0,sb,pr,home,1U,3780.0,CIB,609,CIB,to_inst,56.00961538,south,direct,25.0,0.1839258074760437
cf,nopre,type1,p1,l1,nopc,nob/c,536500,360.0,not_neg,not_int,not_lpsm,598000.0,sb,pr,home,1U,6060.0,CRIF,780,EXP,not_inst,89.71571906,south,direct,40.0,0.0363101065158844
cf,nopre,type1,p4,l1,nopc,nob/c,486500,360.0,not_neg,not_int,not_lpsm,578000.0,sb,pr,home,1U,7980.0,CIB,632,EXP,to_inst,84.16955017,south,direct,36.0,0.14369073510169983
cf,pre,type1,p4,l1,nopc,nob/c,176500,180.0,not_neg,not_int,not_lpsm,258000.0,sb,pr,home,1U,4380.0,EXP,815,CIB,to_inst,68.41085271,North,direct,43.0,0.0861159935593605
cf,pre,type2,p3,l1,nopc,b/c,346500,360.0,not_neg,not_int,not_lpsm,408000.0,sb,pr,home,1U,6840.0,CRIF,896,EXP,to_inst,84.92647059,south,direct,37.0,0.14369073510169983
cf,nopre,type1,p4,l1,nopc,nob/c,526500,360.0,not_neg,int_only,not_lpsm,598000.0,sb,pr,home,1U,9960.0,CIB,743,EXP,not_inst,88.04347826,North,direct,34.0,0.0363101065158844
cf,nopre,type2,p4,l1,nopc,b/c,386500,360.0,not_neg,not_int,lpsm,408000.0,sb,pr,home,1U,9840.0,CIB,794,EXP,to_inst,94.73039216,south,direct,44.0,0.9253731369972229
ncf,nopre,type1,p3,l1,nopc,nob/c,906500,360.0,not_neg,int_only,not_lpsm,2708000.0,sb,pr,home,1U,34980.0,EXP,847,EXP,not_inst,33.47488922,North,direct,36.0,0.1839258074760437
cf,nopre,type1,p1,l1,nopc,nob/c,606500,360.0,not_neg,not_int,not_lpsm,808000.0,sb,pr,home,1U,7200.0,CRIF,750,CIB,not_inst,75.06188119,south,direct,47.0,0.0363101065158844
cf,nopre,type1,p4,l1,nopc,nob/c,416500,324.0,not_neg,not_int,not_lpsm,498000.0,sb,pr,home,1U,12900.0,CRIF,873,CIB,to_inst,83.63453815,North,direct,29.0,0.11089865863323212
cf,pre,type2,p1,l1,nopc,b/c,156500,360.0,not_neg,not_int,not_lpsm,158000.0,sb,pr,home,1U,2580.0,EXP,547,EXP,not_inst,99.05063291,North,direct,58.0,0.17307692766189575
cf,nopre,type1,p4,l1,nopc,nob/c,116500,360.0,not_neg,not_int,not_lpsm,348000.0,sb,sr,home,1U,7440.0,CRIF,722,EXP,to_inst,33.47701149,south,direct,38.0,0.11089865863323212
ncf,nopre,type3,p1,l1,nopc,nob/c,536500,360.0,not_neg,not_int,not_lpsm,538000.0,sb,pr,home,1U,11160.0,CIB,841,EXP,not_inst,99.72118959,south,direct,45.0,0.06766917556524277
cf,nopre,type3,p3,l1,nopc,nob/c,116500,360.0,not_neg,not_int,not_lpsm,358000.0,sb,pr,home,1U,3060.0,CIB,696,CIB,to_inst,32.54189944,North,direct,48.0,0.17307692766189575
,nopre,type1,p4,l1,nopc,nob/c,166500,240.0,neg_amm,not_int,not_lpsm,218000.0,sb,sr,home,1U,11220.0,CRIF,652,CIB,to_inst,76.37614679,south,direct,28.0,0.2857142984867096
cf,pre,type1,p3,l1,nopc,nob/c,486500,360.0,not_neg,not_int,not_lpsm,648000.0,sb,pr,home,1U,4200.0,CRIF,752,CIB,to_inst,75.07716049,south,direct,61.0,0.8414633870124817
cf,nopre,type1,p3,l1,nopc,nob/c,236500,360.0,not_neg,not_int,not_lpsm,448000.0,sb,pr,home,1U,5100.0,CRIF,713,EXP,to_inst,52.79017857,south,direct,44.0,0.059588298201560974
cf,nopre,type1,p3,l1,nopc,nob/c,286500,360.0,not_neg,not_int,not_lpsm,328000.0,sb,pr,home,1U,9360.0,EXP,814,CIB,to_inst,87.34756098,south,direct,45.0,0.4184100329875946
cf,nopre,type1,p4,l1,nopc,nob/c,656500,360.0,not_neg,not_int,not_lpsm,1228000.0,sb,pr,home,1U,9060.0,CRIF,579,EXP,not_inst,53.46091205,south,direct,48.0,0.059588298201560974
cf,nopre,type1,p3,l1,nopc,nob/c,166500,228.0,not_neg,not_int,not_lpsm,258000.0,sb,pr,home,1U,3360.0,EXP,893,CIB,to_inst,64.53488372,North,direct,36.0,0.05779334530234337
cf,nopre,type1,p3,l1,nopc,nob/c,306500,360.0,neg_amm,not_int,not_lpsm,758000.0,sb,pr,home,1U,7380.0,CIB,557,EXP,to_inst,40.4353562,south,direct,22.0,0.14369073510169983
cf,nopre,type1,p1,l1,nopc,nob/c,726500,360.0,not_neg,int_only,not_lpsm,1148000.0,sb,pr,home,1U,15780.0,CRIF,668,EXP,not_inst,63.28397213,North,direct,42.0,0.03455149382352829
cf,nopre,type2,p2,l1,nopc,b/c,56500,360.0,not_neg,not_int,lpsm,298000.0,sb,pr,home,1U,3420.0,CIB,753,CIB,to_inst,18.95973154,North,direct,7.0,0.8353275656700134
cf,nopre,type1,p4,l1,nopc,nob/c,606500,360.0,not_neg,not_int,not_lpsm,818000.0,sb,pr,home,1U,7860.0,CRIF,624,CIB,not_inst,74.14425428,south,direct,48.0,0.04065827652812004
cf,nopre,type1,p3,l1,nopc,nob/c,126500,180.0,not_neg,not_int,not_lpsm,168000.0,sb,pr,home,1U,6840.0,EXP,867,EXP,to_inst,75.29761905,North,direct,30.0,0.06420404464006424
cf,nopre,type1,p4,l1,nopc,nob/c,526500,360.0,not_neg,not_int,not_lpsm,808000.0,sb,pr,home,1U,13680.0,CIB,798,CIB,not_inst,65.16089109,south,direct,20.0,0.03435804694890976
ncf,pre,type1,p1,l1,nopc,nob/c,266500,360.0,not_neg,not_int,not_lpsm,368000.0,sb,pr,home,1U,7380.0,CIB,802,CIB,not_inst,72.41847826,North,direct,16.0,0.06766917556524277
cf,nopre,type1,p3,l1,nopc,nob/c,156500,180.0,not_neg,not_int,not_lpsm,198000.0,sb,pr,home,1U,3900.0,CRIF,519,EXP,to_inst,79.04040404,south,direct,46.0,0.11089865863323212
cf,nopre,type1,p3,l1,nopc,nob/c,76500,360.0,not_neg,not_int,not_lpsm,138000.0,sb,pr,home,1U,1680.0,CIB,528,CIB,to_inst,55.43478261,south,direct,37.0,0.14369073510169983
cf,pre,type1,p1,l1,nopc,nob/c,466500,360.0,not_neg,not_int,not_lpsm,498000.0,sb,pr,home,1U,12300.0,CIB,696,CIB,to_inst,93.6746988,North,direct,30.0,0.03455149382352829
cf,nopre,type1,p4,l1,nopc,nob/c,176500,180.0,not_neg,not_int,not_lpsm,328000.0,sb,pr,home,1U,10680.0,CIB,856,CIB,to_inst,53.81097561,south,direct,28.0,0.06420404464006424
cf,nopre,type1,p1,l1,nopc,nob/c,266500,360.0,not_neg,not_int,not_lpsm,328000.0,sb,pr,home,1U,5700.0,CIB,503,CIB,not_inst,81.25,North-East,direct,20.0,0.06420404464006424
cf,pre,type2,p3,l1,nopc,b/c,126500,360.0,not_neg,not_int,not_lpsm,98000.0,sb,pr,home,1U,2700.0,CRIF,897,CIB,to_inst,129.0816327,south,direct,40.0,0.9899497628211975
cf,nopre,type1,p3,l1,nopc,nob/c,266500,360.0,neg_amm,not_int,not_lpsm,338000.0,sb,pr,home,1U,6600.0,CRIF,624,EXP,to_inst,78.84615385,south,direct,34.0,0.17307692766189575
cf,nopre,type3,p3,l1,nopc,nob/c,216500,360.0,not_neg,not_int,not_lpsm,238000.0,sb,pr,home,1U,4500.0,CRIF,514,EXP,to_inst,90.96638655,south,direct,38.0,0.14369073510169983
cf,nopre,type2,p1,l1,nopc,b/c,186500,360.0,not_neg,not_int,not_lpsm,188000.0,sb,pr,home,1U,3540.0,EXP,805,CIB,to_inst,99.20212766,south,direct,46.0,0.19203747808933258
cf,nopre,type1,p1,l1,nopc,nob/c,556500,360.0,not_neg,not_int,not_lpsm,588000.0,sb,pr,home,1U,7140.0,CRIF,588,CIB,not_inst,94.64285714,North,direct,49.0,0.03455149382352829
cf,nopre,type1,p4,l1,nopc,nob/c,276500,360.0,not_neg,not_int,not_lpsm,638000.0,sb,ir,home,1U,4380.0,CRIF,659,CIB,not_inst,43.33855799,south,direct,36.0,0.10782501846551895
cf,nopre,type1,p1,l2,nopc,nob/c,516500,360.0,not_neg,not_int,not_lpsm,688000.0,sb,ir,home,1U,9900.0,CIB,555,CIB,not_inst,75.07267442,south,direct,39.0,0.03455149382352829
ncf,nopre,type1,p3,l1,nopc,nob/c,206500,108.0,not_neg,not_int,not_lpsm,1078000.0,sb,pr,home,1U,12600.0,CIB,606,CIB,to_inst,19.15584416,North,direct,31.0,0.0363101065158844
cf,nopre,type1,p3,l1,nopc,nob/c,106500,180.0,not_neg,not_int,not_lpsm,128000.0,sb,pr,home,1U,4140.0,EXP,836,CIB,to_inst,83.203125,North,direct,38.0,0.14369073510169983
cf,nopre,type1,p1,l1,nopc,nob/c,726500,360.0,not_neg,not_int,not_lpsm,1008000.0,sb,pr,home,1U,17820.0,EXP,739,EXP,not_inst,72.0734127,central,direct,34.0,0.03435804694890976
cf,nopre,type1,p3,l1,nopc,nob/c,486500,300.0,not_neg,not_int,not_lpsm,678000.0,sb,pr,home,1U,12960.0,CRIF,835,CIB,to_inst,71.75516224,south,direct,11.0,0.14369073510169983
cf,nopre,type1,p3,l1,nopc,nob/c,536500,360.0,not_neg,not_int,not_lpsm,768000.0,sb,pr,home,1U,6360.0,CIB,556,CIB,not_inst,69.85677083,south,direct,43.0,0.03455149382352829
cf,nopre,type2,p4,l1,nopc,b/c,76500,360.0,not_neg,not_int,not_lpsm,128000.0,sb,pr,home,1U,2400.0,EXP,800,CIB,to_inst,59.765625,North,direct,34.0,0.24460431933403015
cf,nopre,type1,p3,l1,nopc,nob/c,306500,360.0,not_neg,not_int,not_lpsm,438000.0,sb,sr,home,1U,6480.0,CIB,582,EXP,to_inst,69.97716895,North,direct,49.0,0.11089865863323212
cf,nopre,type1,p3,l1,nopc,nob/c,456500,360.0,not_neg,not_int,not_lpsm,648000.0,sb,pr,home,1U,9180.0,CRIF,819,EXP,not_inst,70.44753086,central,direct,25.0,0.04065827652812004
cf,nopre,type1,p4,l1,nopc,nob/c,186500,324.0,not_neg,not_int,not_lpsm,238000.0,sb,pr,home,1U,6240.0,EXP,867,CIB,to_inst,78.36134454,south,direct,21.0,0.06420404464006424
cf,nopre,type1,p4,l1,nopc,nob/c,226500,360.0,not_neg,not_int,not_lpsm,328000.0,sb,pr,home,1U,4500.0,CIB,663,CIB,to_inst,69.05487805,central,direct,28.0,0.0861159935593605
cf,nopre,type1,p3,l1,nopc,nob/c,366500,360.0,not_neg,not_int,not_lpsm,468000.0,sb,pr,home,1U,4020.0,CRIF,833,EXP,not_inst,78.31196581,North,direct,44.0,0.06420404464006424
cf,nopre,type1,p3,l1,nopc,nob/c,466500,360.0,not_neg,not_int,not_lpsm,628000.0,sb,pr,home,1U,6840.0,CIB,698,CIB,to_inst,74.28343949,south,direct,37.0,0.06766917556524277
cf,nopre,type1,p1,l1,nopc,nob/c,276500,360.0,not_neg,not_int,not_lpsm,318000.0,sb,pr,home,1U,2640.0,CIB,767,CIB,not_inst,86.94968553,North,direct,49.0,0.0861159935593605
cf,nopre,type3,p1,l1,nopc,nob/c,286500,360.0,not_neg,not_int,not_lpsm,288000.0,sb,pr,home,1U,4080.0,CRIF,890,CIB,not_inst,99.47916667,North,direct,49.0,0.05779334530234337
cf,nopre,type2,p3,l1,nopc,b/c,356500,360.0,not_neg,not_int,not_lpsm,468000.0,sb,pr,home,1U,5580.0,CIB,509,EXP,not_inst,76.17521368,North,direct,44.0,0.059588298201560974
cf,nopre,type1,p4,l1,nopc,nob/c,256500,180.0,not_neg,not_int,not_lpsm,408000.0,sb,pr,home,1U,6840.0,EXP,793,CIB,to_inst,62.86764706,North,direct,31.0,0.06420404464006424
cf,nopre,type2,p3,l1,nopc,b/c,116500,360.0,not_neg,not_int,not_lpsm,128000.0,sb,pr,home,1U,3360.0,CRIF,578,CIB,to_inst,91.015625,North,direct,15.0,0.7435897588729858
cf,nopre,type1,p3,l2,nopc,nob/c,366500,240.0,neg_amm,not_int,not_lpsm,538000.0,sb,pr,home,1U,7380.0,EXP,554,EXP,to_inst,68.12267658,south,direct,40.0,0.9869565367698669
cf,nopre,type3,p3,l1,nopc,nob/c,166500,360.0,not_neg,not_int,not_lpsm,218000.0,sb,pr,home,1U,2520.0,EXP,558,CIB,to_inst,76.37614679,North,direct,34.0,0.11089865863323212
cf,nopre,type1,p1,l1,nopc,nob/c,286500,360.0,not_neg,not_int,not_lpsm,318000.0,sb,pr,home,1U,5820.0,EXP,783,EXP,to_inst,90.09433962,south,direct,37.0,0.11276596039533615
cf,nopre,type1,p3,l1,nopc,nob/c,316500,360.0,not_neg,not_int,not_lpsm,398000.0,sb,pr,home,1U,5880.0,EXP,871,CIB,to_inst,79.52261307,south,direct,47.0,0.11089865863323212
cf,pre,type3,p1,l1,nopc,nob/c,306500,360.0,not_neg,not_int,not_lpsm,458000.0,sb,pr,home,1U,11280.0,EXP,697,EXP,to_inst,66.92139738,North,direct,6.0,0.03435804694890976
cf,nopre,type1,p1,l1,nopc,nob/c,386500,360.0,not_neg,not_int,not_lpsm,398000.0,sb,pr,home,1U,3840.0,CIB,773,CIB,not_inst,97.11055276,North,direct,42.0,0.11089865863323212
cf,nopre,type1,p4,l1,nopc,nob/c,446500,360.0,not_neg,not_int,not_lpsm,688000.0,sb,pr,home,1U,13680.0,CRIF,593,CIB,not_inst,64.89825581,North,direct,23.0,0.02139037474989891
cf,nopre,type1,p3,l2,nopc,nob/c,106500,360.0,not_neg,not_int,not_lpsm,208000.0,sb,pr,home,1U,2040.0,CIB,560,CIB,to_inst,51.20192308,south,direct,49.0,0.0861159935593605
ncf,nopre,type1,p4,l1,nopc,nob/c,426500,288.0,not_neg,not_int,not_lpsm,728000.0,sb,pr,home,1U,6900.0,CRIF,827,EXP,to_inst,58.58516484,south,direct,32.0,0.06420404464006424
cf,nopre,type1,p3,l1,nopc,nob/c,86500,360.0,not_neg,not_int,not_lpsm,208000.0,sb,pr,home,1U,3060.0,EXP,891,EXP,to_inst,41.58653846,south,direct,38.0,0.06420404464006424
cf,nopre,type1,p4,l1,nopc,nob/c,446500,360.0,not_neg,not_int,not_lpsm,3508000.0,sb,pr,home,1U,8160.0,CIB,513,EXP,to_inst,12.72805017,North,direct,39.0,0.10782501846551895
cf,nopre,type1,p1,l1,nopc,nob/c,356500,360.0,not_neg,not_int,not_lpsm,518000.0,sb,pr,home,1U,3600.0,EXP,680,EXP,not_inst,68.82239382,North,direct,5.0,0.8414633870124817
cf,nopre,type1,p4,l1,nopc,nob/c,466500,360.0,not_neg,not_int,not_lpsm,498000.0,sb,pr,home,1U,6720.0,CRIF,864,EXP,not_inst,93.6746988,North,direct,49.0,0.06766917556524277
cf,pre,type1,p1,l1,nopc,nob/c,226500,360.0,not_neg,not_int,not_lpsm,348000.0,sb,pr,home,1U,2700.0,CRIF,856,CIB,to_inst,65.0862069,central,direct,48.0,0.06766917556524277
cf,nopre,type1,p4,l1,nopc,nob/c,356500,360.0,not_neg,not_int,not_lpsm,998000.0,sb,pr,home,1U,10620.0,EXP,507,CIB,not_inst,35.72144289,south,direct,12.0,0.0861159935593605
cf,nopre,type1,p3,l1,nopc,nob/c,486500,360.0,not_neg,not_int,not_lpsm,678000.0,sb,pr,home,1U,4920.0,EXP,687,EXP,not_inst,71.75516224,south,direct,43.0,0.0363101065158844
cf,nopre,type1,p4,l1,nopc,nob/c,356500,324.0,not_neg,not_int,not_lpsm,488000.0,sb,pr,home,1U,5100.0,CRIF,885,EXP,to_inst,73.05327869,south,direct,37.0,0.059588298201560974
cf,nopre,type1,p4,l1,nopc,nob/c,446500,360.0,neg_amm,not_int,not_lpsm,498000.0,sb,pr,home,1U,6360.0,CRIF,507,CIB,not_inst,89.65863454,North,direct,47.0,0.11089865863323212
cf,nopre,type1,p4,l1,nopc,nob/c,446500,360.0,not_neg,not_int,not_lpsm,508000.0,sb,ir,home,1U,12780.0,EXP,890,EXP,to_inst,87.89370079,south,direct,35.0,0.7843137383460999
cf,pre,type1,p4,l1,nopc,nob/c,486500,360.0,not_neg,not_int,not_lpsm,1108000.0,sb,pr,home,1U,11700.0,EXP,658,CIB,not_inst,43.90794224,south,direct,25.0,0.0363101065158844
cf,nopre,type1,p1,l1,nopc,nob/c,46500,360.0,not_neg,not_int,not_lpsm,58000.0,sb,sr,home,1U,,CRIF,629,EXP,to_inst,80.17241379,North,direct,9.0,0.1839258074760437
cf,nopre,type1,p4,l1,nopc,nob/c,306500,360.0,not_neg,not_int,not_lpsm,448000.0,sb,pr,home,1U,7320.0,CIB,515,EXP,to_inst,68.41517857,North,direct,44.0,0.04065827652812004
ncf,nopre,type1,p1,l1,nopc,nob/c,376500,360.0,not_neg,not_int,not_lpsm,388000.0,sb,pr,home,1U,9120.0,EXP,767,EXP,not_inst,97.03608247,North,direct,37.0,0.0861159935593605
ncf,pre,type1,p1,l1,nopc,nob/c,206500,324.0,neg_amm,not_int,not_lpsm,718000.0,sb,pr,home,1U,6540.0,CIB,570,EXP,to_inst,28.76044568,North,direct,26.0,0.04065827652812004
cf,nopre,type1,p4,l1,nopc,nob/c,316500,360.0,not_neg,not_int,not_lpsm,398000.0,sb,pr,home,1U,7200.0,EXP,754,EXP,to_inst,79.52261307,North,direct,46.0,0.0861159935593605
cf,nopre,type1,p4,l1,nopc,nob/c,376500,360.0,neg_amm,not_int,not_lpsm,578000.0,sb,pr,home,1U,9180.0,EXP,530,CIB,to_inst,65.1384083,south,direct,36.0,0.17307692766189575
cf,nopre,type1,p3,l2,opc,nob/c,256500,360.0,not_neg,int_only,not_lpsm,2808000.0,sb,pr,home,1U,14280.0,CIB,735,EXP,to_inst,9.134615385,North,direct,40.0,0.05779334530234337
cf,nopre,type1,p4,l1,nopc,nob/c,636500,360.0,not_neg,not_int,not_lpsm,708000.0,sb,pr,home,1U,8580.0,CIB,606,CIB,to_inst,89.90112994,North,direct,43.0,0.24460431933403015
cf,nopre,type1,p4,l1,nopc,nob/c,426500,360.0,not_neg,not_int,not_lpsm,658000.0,sb,pr,home,1U,8400.0,CIB,899,CIB,not_inst,64.81762918,North,direct,29.0,0.03435804694890976
cf,nopre,type2,p1,l1,nopc,b/c,206500,360.0,not_neg,not_int,not_lpsm,208000.0,sb,pr,home,1U,2160.0,CIB,563,CIB,to_inst,99.27884615,central,direct,55.0,0.3415384590625763
cf,pre,type1,p4,l1,nopc,nob/c,176500,360.0,not_neg,not_int,not_lpsm,238000.0,sb,pr,home,1U,6060.0,EXP,572,CIB,to_inst,74.15966387,south,direct,30.0,0.0861159935593605
cf,pre,type1,p1,l1,nopc,nob/c,296500,360.0,not_neg,not_int,not_lpsm,368000.0,sb,pr,home,1U,3660.0,CRIF,557,EXP,to_inst,80.57065217,south,direct,49.0,0.06420404464006424
cf,nopre,type1,p1,l1,nopc,nob/c,236500,360.0,not_neg,not_int,not_lpsm,318000.0,sb,ir,home,1U,3600.0,EXP,754,EXP,not_inst,74.37106918,south,direct,44.0,0.0861159935593605
,nopre,type1,p3,l1,nopc,nob/c,236500,360.0,not_neg,not_int,not_lpsm,398000.0,sb,pr,home,1U,3660.0,CIB,738,CIB,to_inst,59.42211055,south,direct,34.0,0.0861159935593605
,nopre,type1,p3,l1,nopc,nob/c,76500,360.0,not_neg,not_int,not_lpsm,358000.0,sb,pr,home,1U,4500.0,CRIF,667,EXP,to_inst,21.36871508,south,direct,38.0,0.059588298201560974
cf,nopre,type1,p3,l1,nopc,nob/c,536500,180.0,not_neg,not_int,not_lpsm,768000.0,sb,pr,home,1U,7320.0,CIB,637,CIB,to_inst,69.85677083,North,direct,49.0,0.11089865863323212
cf,pre,type1,p4,l1,nopc,nob/c,396500,360.0,not_neg,not_int,not_lpsm,848000.0,sb,pr,home,1U,12900.0,CRIF,541,CIB,not_inst,46.75707547,North,direct,29.0,0.03435804694890976
cf,nopre,type1,p3,l1,nopc,nob/c,296500,360.0,not_neg,not_int,not_lpsm,738000.0,sb,pr,home,1U,5520.0,CRIF,686,EXP,not_inst,40.17615176,North,direct,34.0,0.03435804694890976
cf,nopre,type1,p4,l1,nopc,nob/c,396500,360.0,neg_amm,int_only,not_lpsm,558000.0,sb,pr,home,1U,5700.0,CRIF,728,CIB,to_inst,71.05734767,south,direct,35.0,0.06766917556524277
ncf,nopre,type1,p1,l1,nopc,nob/c,346500,360.0,not_neg,not_int,not_lpsm,438000.0,sb,pr,home,1U,5520.0,EXP,700,EXP,not_inst,79.10958904,North,direct,45.0,0.03455149382352829
cf,nopre,type1,p3,l1,nopc,nob/c,486500,360.0,not_neg,not_int,not_lpsm,858000.0,sb,pr,home,1U,13380.0,CIB,546,CIB,to_inst,56.7016317,south,direct,40.0,0.10782501846551895
cf,nopre,type2,p1,l1,nopc,b/c,336500,360.0,not_neg,not_int,not_lpsm,348000.0,sb,pr,home,1U,4920.0,EXP,672,CIB,not_inst,96.6954023,central,direct,60.0,0.11089865863323212
cf,nopre,type1,p4,l1,nopc,nob/c,336500,360.0,not_neg,not_int,not_lpsm,488000.0,sb,pr,home,1U,6120.0,EXP,681,EXP,to_inst,68.95491803,south,direct,24.0,0.05779334530234337
cf,nopre,type1,p4,l1,nopc,nob/c,436500,360.0,not_neg,not_int,not_lpsm,608000.0,sb,pr,home,1U,7500.0,EXP,710,EXP,not_inst,71.79276316,south,direct,44.0,0.03455149382352829
cf,nopre,type2,p3,l1,nopc,b/c,286500,360.0,not_neg,not_int,not_lpsm,658000.0,sb,pr,home,1U,1920.0,CRIF,822,EXP,to_inst,43.54103343,North,direct,6.0,0.9899497628211975
cf,pre,type2,p1,l1,nopc,b/c,216500,360.0,not_neg,not_int,not_lpsm,218000.0,sb,pr,home,1U,3960.0,CIB,604,CIB,to_inst,99.31192661,south,direct,58.0,0.10782501846551895
cf,pre,type1,p1,l2,nopc,nob/c,416500,360.0,not_neg,not_int,not_lpsm,428000.0,sb,pr,home,1U,7320.0,CIB,505,EXP,to_inst,97.31308411,North,direct,33.0,0.03455149382352829
cf,nopre,type1,p4,l1,nopc,nob/c,366500,240.0,not_neg,not_int,not_lpsm,458000.0,sb,pr,home,1U,9480.0,EXP,582,CIB,to_inst,80.02183406,south,direct,23.0,0.06766917556524277
cf,nopre,type1,p3,l1,nopc,nob/c,176500,360.0,not_neg,not_int,not_lpsm,258000.0,sb,pr,home,1U,2880.0,CRIF,502,CIB,to_inst,68.41085271,North,direct,40.0,0.06766917556524277
ncf,pre,type1,p1,l1,nopc,nob/c,546500,360.0,not_neg,not_int,not_lpsm,608000.0,sb,pr,home,1U,9360.0,CIB,789,CIB,not_inst,89.88486842,south,direct,35.0,0.059588298201560974
cf,nopre,type1,p4,l1,nopc,nob/c,476500,360.0,not_neg,not_int,not_lpsm,538000.0,sb,pr,home,1U,7680.0,CIB,575,CIB,not_inst,88.56877323,south,direct,42.0,0.0363101065158844
cf,nopre,type1,p1,l1,nopc,nob/c,416500,360.0,not_neg,not_int,not_lpsm,518000.0,sb,pr,home,1U,7980.0,CRIF,818,EXP,not_inst,80.40540541,central,direct,21.0,0.04065827652812004
cf,nopre,type1,p3,l1,nopc,nob/c,206500,360.0,not_neg,not_int,not_lpsm,308000.0,sb,pr,home,1U,8760.0,CIB,856,EXP,to_inst,67.04545455,south,direct,13.0,0.0363101065158844
cf,nopre,type1,p3,l1,nopc,nob/c,436500,360.0,not_neg,not_int,not_lpsm,828000.0,sb,pr,home,1U,5880.0,EXP,880,EXP,to_inst,52.7173913,North,direct,33.0,0.0363101065158844
cf,nopre,type1,p3,l2,nopc,nob/c,286500,360.0,not_neg,not_int,not_lpsm,358000.0,sb,pr,home,1U,6120.0,CIB,820,EXP,not_inst,80.02793296,North,direct,28.0,0.03435804694890976
cf,nopre,type1,p4,l1,nopc,nob/c,576500,360.0,not_neg,not_int,not_lpsm,628000.0,sb,pr,home,1U,7920.0,EXP,542,CIB,not_inst,91.79936306,south,direct,37.0,0.04065827652812004
cf,nopre,type1,p4,l1,nopc,nob/c,286500,120.0,not_neg,not_int,not_lpsm,418000.0,sb,pr,home,1U,7980.0,CIB,746,EXP,to_inst,68.54066986,North,direct,43.0,0.0363101065158844
cf,nopre,type3,p1,l1,nopc,nob/c,336500,360.0,not_neg,not_int,not_lpsm,328000.0,sb,pr,home,1U,3720.0,EXP,549,CIB,not_inst,102.5914634,North-East,direct,43.0,0.06420404464006424
cf,nopre,type1,p3,l1,nopc,nob/c,176500,180.0,neg_amm,not_int,not_lpsm,278000.0,sb,pr,home,1U,2340.0,CRIF,873,CIB,to_inst,63.48920863,North,direct,45.0,0.3415384590625763
cf,nopre,type1,p3,l1,nopc,nob/c,386500,360.0,neg_amm,not_int,not_lpsm,518000.0,sb,pr,home,1U,7680.0,CRIF,550,EXP,to_inst,74.61389961,North,direct,21.0,0.11089865863323212
cf,pre,type1,p3,l1,nopc,nob/c,336500,360.0,not_neg,not_int,not_lpsm,488000.0,sb,pr,home,1U,4440.0,CRIF,556,EXP,not_inst,68.95491803,North,direct,42.0,0.03455149382352829
cf,nopre,type1,p4,l1,nopc,nob/c,876500,360.0,not_neg,not_int,not_lpsm,1228000.0,sb,pr,home,2U,10200.0,CIB,786,CIB,not_inst,71.3762215,south,direct,47.0,0.24460431933403015
cf,nopre,type1,p3,l1,nopc,nob/c,466500,360.0,not_neg,not_int,not_lpsm,588000.0,sb,pr,home,1U,10980.0,EXP,885,EXP,not_inst,79.33673469,North,direct,35.0,0.03455149382352829
cf,pre,type1,p3,l1,nopc,nob/c,226500,360.0,not_neg,not_int,not_lpsm,378000.0,sb,ir,home,1U,10200.0,CIB,684,CIB,to_inst,59.92063492,south,direct,33.0,0.10782501846551895
cf,nopre,type1,p4,l1,nopc,nob/c,336500,324.0,not_neg,not_int,not_lpsm,388000.0,sb,pr,home,1U,5700.0,CIB,891,EXP,to_inst,86.72680412,south,direct,20.0,0.14369073510169983
cf,nopre,type2,p3,l1,nopc,b/c,276500,360.0,not_neg,not_int,not_lpsm,328000.0,sb,pr,home,1U,6660.0,EXP,671,EXP,to_inst,84.29878049,south,direct,48.0,0.14369073510169983
cf,nopre,type1,p4,l1,nopc,nob/c,406500,360.0,not_neg,not_int,not_lpsm,538000.0,sb,pr,home,1U,7980.0,CIB,582,EXP,not_inst,75.55762082,North,direct,35.0,0.03435804694890976
cf,nopre,type1,p3,l1,nopc,nob/c,636500,360.0,not_neg,not_int,not_lpsm,908000.0,sb,pr,home,1U,12540.0,CRIF,704,CIB,not_inst,70.09911894,North,direct,43.0,0.03455149382352829
cf,nopre,type1,p4,l1,nopc,nob/c,576500,180.0,not_neg,not_int,not_lpsm,968000.0,sb,ir,home,1U,19860.0,EXP,684,EXP,not_inst,59.55578512,south,direct,47.0,0.0861159935593605
cf,nopre,type2,p3,l1,nopc,b/c,96500,360.0,not_neg,not_int,not_lpsm,108000.0,sb,pr,home,1U,2400.0,CIB,792,CIB,to_inst,89.35185185,south,direct,48.0,0.5
cf,nopre,type1,p3,l1,nopc,nob/c,266500,360.0,not_neg,not_int,not_lpsm,478000.0,sb,pr,home,1U,4980.0,CIB,686,EXP,to_inst,55.75313808,North,direct,43.0,0.04065827652812004
cf,nopre,type1,p4,l1,nopc,nob/c,376500,360.0,not_neg,not_int,not_lpsm,1178000.0,sb,pr,home,1U,5400.0,CIB,709,EXP,to_inst,31.96095076,south,direct,48.0,0.11089865863323212
cf,nopre,type1,p3,l2,nopc,nob/c,256500,180.0,not_neg,not_int,not_lpsm,428000.0,sb,pr,home,1U,4560.0,CRIF,570,EXP,to_inst,59.92990654,south,direct,44.0,0.059588298201560974
cf,pre,type1,p1,l1,nopc,nob/c,376500,360.0,not_neg,not_int,not_lpsm,628000.0,sb,ir,home,1U,4920.0,CRIF,775,EXP,to_inst,59.9522293,North,direct,44.0,0.06766917556524277
cf,nopre,type3,p3,l1,nopc,nob/c,466500,360.0,not_neg,not_int,not_lpsm,618000.0,sb,pr,home,1U,4080.0,CRIF,704,EXP,to_inst,75.48543689,North,direct,44.0,0.06766917556524277
cf,nopre,type1,p3,l1,nopc,nob/c,116500,360.0,not_neg,not_int,not_lpsm,158000.0,sb,pr,home,1U,2640.0,CRIF,603,CIB,to_inst,73.73417722,North,direct,21.0,0.10782501846551895
cf,nopre,type1,p3,l1,nopc,nob/c,306500,360.0,not_neg,not_int,not_lpsm,428000.0,sb,pr,home,1U,4380.0,CRIF,857,CIB,to_inst,71.61214953,south,direct,36.0,0.10144927352666855
cf,pre,type1,p4,l1,nopc,nob/c,326500,360.0,not_neg,not_int,not_lpsm,388000.0,sb,pr,home,1U,7800.0,CRIF,621,CIB,to_inst,84.14948454,North,direct,37.0,0.11276596039533615
cf,nopre,type1,p3,l2,nopc,nob/c,256500,360.0,not_neg,not_int,not_lpsm,368000.0,sb,pr,home,1U,7680.0,CIB,555,EXP,not_inst,69.70108696,central,direct,31.0,0.02772643230855465
ncf,nopre,type1,p4,l1,nopc,nob/c,756500,360.0,not_neg,not_int,not_lpsm,1678000.0,sb,pr,home,1U,9120.0,EXP,733,CIB,not_inst,45.08343266,south,direct,38.0,0.14369073510169983
cf,nopre,type1,p3,l1,nopc,nob/c,436500,360.0,not_neg,not_int,not_lpsm,648000.0,sb,pr,home,1U,5100.0,CRIF,548,CIB,to_inst,67.36111111,south,direct,40.0,0.0861159935593605
cf,nopre,type1,p4,l1,nopc,nob/c,366500,360.0,not_neg,not_int,lpsm,638000.0,sb,pr,home,1U,3060.0,CIB,503,CIB,not_inst,57.44514107,North,direct,49.0,0.7596899271011353
cf,nopre,type1,p4,l1,nopc,nob/c,446500,360.0,not_neg,not_int,not_lpsm,608000.0,sb,ir,home,1U,7560.0,CIB,741,CIB,not_inst,73.4375,south,direct,39.0,0.06420404464006424
cf,nopre,type1,p3,l1,nopc,nob/c,76500,180.0,not_neg,not_int,not_lpsm,148000.0,sb,pr,home,1U,2700.0,CIB,543,CIB,to_inst,51.68918919,North,direct,44.0,0.10782501846551895
ncf,nopre,type1,p4,l1,nopc,nob/c,426500,360.0,not_neg,not_int,not_lpsm,568000.0,sb,pr,home,1U,8400.0,EXP,805,CIB,to_inst,75.08802817,south,direct,42.0,0.10782501846551895
cf,nopre,type2,p1,l1,nopc,b/c,126500,360.0,not_neg,not_int,not_lpsm,128000.0,sb,pr,home,1U,4320.0,CIB,800,CIB,to_inst,98.828125,North,direct,37.0,0.1839258074760437
cf,nopre,type1,p3,l1,nopc,nob/c,236500,180.0,not_neg,not_int,not_lpsm,348000.0,sb,pr,home,1U,9060.0,EXP,746,EXP,to_inst,67.95977011,North,direct,23.0,0.03455149382352829
cf,nopre,type1,p1,l1,nopc,nob/c,216500,360.0,not_neg,not_int,lpsm,368000.0,sb,pr,home,1U,3060.0,EXP,623,CIB,not_inst,58.83152174,North,direct,43.0,0.4883720874786377
cf,nopre,type3,p3,l1,nopc,nob/c,586500,360.0,not_neg,int_only,not_lpsm,658000.0,sb,pr,home,1U,8520.0,CIB,567,EXP,to_inst,89.1337386,south,direct,37.0,0.23026315867900848
cf,nopre,type1,p3,l1,nopc,nob/c,186500,360.0,not_neg,not_int,not_lpsm,238000.0,sb,pr,home,1U,4440.0,CIB,542,EXP,to_inst,78.36134454,south,direct,31.0,0.10782501846551895
cf,pre,type1,p4,l1,nopc,nob/c,326500,360.0,not_neg,not_int,not_lpsm,358000.0,sb,pr,home,1U,9300.0,EXP,535,EXP,to_inst,91.20111732,central,direct,39.0,0.19203747808933258
cf,nopre,type1,p3,l1,nopc,nob/c,446500,360.0,not_neg,not_int,not_lpsm,568000.0,sb,pr,home,1U,6480.0,EXP,623,CIB,not_inst,78.60915493,North,direct,30.0,0.0363101065158844
cf,nopre,type2,p3,l1,nopc,b/c,436500,360.0,not_neg,not_int,not_lpsm,518000.0,sb,pr,home,1U,9720.0,CIB,508,EXP,not_inst,84.26640927,North,direct,60.0,0.11089865863323212
cf,pre,type1,p4,l1,nopc,nob/c,126500,240.0,not_neg,not_int,not_lpsm,178000.0,sb,pr,home,1U,3720.0,CRIF,551,CIB,to_inst,71.06741573,North,direct,31.0,0.0861159935593605
cf,nopre,type1,p3,l1,nopc,nob/c,386500,360.0,neg_amm,not_int,not_lpsm,608000.0,sb,pr,home,1U,9720.0,CIB,861,EXP,to_inst,63.56907895,North,direct,22.0,0.10782501846551895
cf,nopre,type3,p1,l1,nopc,nob/c,556500,360.0,not_neg,not_int,not_lpsm,548000.0,sb,pr,home,1U,5940.0,CIB,753,EXP,not_inst,101.5510949,south,direct,56.0,0.10782501846551895
cf,nopre,type1,p4,l1,nopc,nob/c,146500,240.0,not_neg,not_int,not_lpsm,208000.0,sb,pr,home,1U,5760.0,EXP,814,CIB,to_inst,70.43269231,North,direct,28.0,0.059588298201560974
cf,nopre,type1,p4,l1,nopc,nob/c,76500,180.0,not_neg,not_int,not_lpsm,138000.0,sb,pr,home,1U,1680.0,EXP,738,CIB,to_inst,55.43478261,south,direct,47.0,0.19203747808933258
cf,nopre,type1,p4,l1,nopc,nob/c,96500,180.0,not_neg,not_int,not_lpsm,158000.0,sb,pr,home,1U,4800.0,CIB,893,EXP,to_inst,61.07594937,south,direct,27.0,0.0861159935593605
cf,nopre,type1,p2,l1,nopc,nob/c,86500,360.0,neg_amm,not_int,not_lpsm,148000.0,sb,pr,home,1U,8580.0,CIB,882,EXP,to_inst,58.44594595,south,direct,38.0,0.2857142984867096
cf,pre,type1,p1,l1,nopc,nob/c,266500,360.0,not_neg,not_int,not_lpsm,368000.0,sb,pr,home,1U,2760.0,CRIF,846,EXP,to_inst,72.41847826,central,direct,48.0,0.10782501846551895
cf,nopre,type1,p1,l1,nopc,nob/c,626500,360.0,not_neg,not_int,not_lpsm,728000.0,sb,pr,home,1U,7740.0,CIB,874,EXP,not_inst,86.05769231,North,direct,47.0,0.0363101065158844
cf,nopre,type1,p4,l1,nopc,nob/c,196500,360.0,not_neg,not_int,not_lpsm,758000.0,sb,pr,home,1U,3360.0,CRIF,663,CIB,to_inst,25.92348285,south,direct,41.0,0.10782501846551895
cf,nopre,type1,p4,l1,nopc,nob/c,156500,360.0,neg_amm,not_int,not_lpsm,128000.0,sb,pr,home,1U,1980.0,CRIF,841,CIB,to_inst,122.265625,North,direct,48.0,0.9899497628211975
cf,nopre,type2,p1,l1,nopc,b/c,306500,360.0,not_neg,int_only,not_lpsm,308000.0,sb,pr,home,1U,4680.0,CIB,852,EXP,not_inst,99.51298701,North,direct,42.0,0.10782501846551895
ncf,nopre,type1,p4,l1,nopc,nob/c,356500,360.0,not_neg,not_int,not_lpsm,388000.0,sb,pr,home,1U,6180.0,CRIF,565,EXP,not_inst,91.8814433,North,direct,61.0,0.7596899271011353
cf,nopre,type1,p3,l1,nopc,nob/c,306500,240.0,not_neg,not_int,not_lpsm,348000.0,sb,sr,home,1U,10440.0,CRIF,561,EXP,to_inst,88.07471264,North,direct,54.0,0.9869565367698669
cf,nopre,type1,p4,l1,nopc,nob/c,366500,360.0,neg_amm,not_int,not_lpsm,568000.0,sb,sr,home,1U,48300.0,CRIF,732,CIB,to_inst,64.52464789,North,direct,16.0,0.4184100329875946
cf,nopre,type1,p4,l1,nopc,nob/c,336500,360.0,not_neg,int_only,not_lpsm,398000.0,sb,pr,home,1U,9720.0,CRIF,566,CIB,to_inst,84.54773869,south,direct,24.0,0.1839258074760437
cf,pre,type1,p1,l1,nopc,nob/c,466500,360.0,not_neg,not_int,not_lpsm,518000.0,sb,pr,home,1U,9480.0,CIB,724,CIB,to_inst,90.05791506,North,direct,31.0,0.03455149382352829
cf,nopre,type1,p4,l1,nopc,nob/c,206500,360.0,neg_amm,not_int,not_lpsm,268000.0,sb,pr,home,1U,8040.0,CRIF,856,EXP,to_inst,77.05223881,south,direct,25.0,0.19203747808933258
cf,nopre,type1,p4,l1,nopc,nob/c,296500,360.0,not_neg,not_int,not_lpsm,438000.0,sb,ir,home,2U,9120.0,CRIF,556,CIB,not_inst,67.69406393,North,direct,46.0,0.11089865863323212
cf,nopre,type3,p3,l2,nopc,nob/c,86500,360.0,not_neg,not_int,not_lpsm,138000.0,sb,pr,home,2U,1560.0,CRIF,629,EXP,to_inst,62.68115942,south,direct,44.0,0.059588298201560974
cf,nopre,type1,p4,l1,nopc,nob/c,326500,360.0,not_neg,not_int,not_lpsm,2408000.0,sb,pr,home,1U,14940.0,CRIF,853,EXP,to_inst,13.5589701,south,direct,20.0,0.06766917556524277
cf,pre,type1,p3,l1,nopc,nob/c,146500,360.0,not_neg,not_int,not_lpsm,318000.0,sb,pr,home,1U,5400.0,CIB,650,CIB,to_inst,46.06918239,south,direct,11.0,0.11089865863323212
cf,nopre,type1,p1,l1,nopc,nob/c,226500,360.0,not_neg,not_int,not_lpsm,528000.0,sb,pr,home,1U,3840.0,CIB,580,CIB,not_inst,42.89772727,North,direct,39.0,0.0363101065158844
cf,nopre,type1,p1,l1,nopc,nob/c,626500,360.0,not_neg,not_int,not_lpsm,778000.0,sb,pr,home,1U,7260.0,CRIF,883,EXP,not_inst,80.52699229,south,direct,39.0,0.0363101065158844
cf,nopre,type2,p3,l1,nopc,b/c,256500,360.0,not_neg,not_int,not_lpsm,328000.0,sb,pr,home,3U,7560.0,EXP,550,CIB,to_inst,78.20121951,south,direct,49.0,0.4184100329875946
cf,pre,type1,p3,l1,nopc,nob/c,546500,360.0,not_neg,not_int,not_lpsm,738000.0,sb,ir,home,1U,12720.0,EXP,776,EXP,to_inst,74.05149051,North,direct,49.0,0.14369073510169983
cf,nopre,type1,p4,l1,nopc,nob/c,336500,360.0,not_neg,not_int,not_lpsm,428000.0,sb,pr,home,1U,6060.0,CRIF,726,CIB,to_inst,78.62149533,south,direct,26.0,0.10782501846551895
cf,nopre,type1,p1,l1,nopc,nob/c,366500,360.0,not_neg,not_int,not_lpsm,388000.0,sb,pr,home,1U,6180.0,CIB,674,CIB,not_inst,94.45876289,North,direct,37.0,0.03455149382352829
cf,nopre,type1,p4,l1,nopc,nob/c,636500,360.0,not_neg,int_only,not_lpsm,1248000.0,sb,pr,home,1U,8940.0,EXP,515,CIB,not_inst,51.00160256,south,direct,37.0,0.04065827652812004
cf,nopre,type1,p4,l1,nopc,nob/c,186500,360.0,not_neg,not_int,not_lpsm,278000.0,sb,pr,home,1U,5340.0,CRIF,854,CIB,to_inst,67.08633094,North,direct,10.0,0.11276596039533615
cf,nopre,type1,p3,l1,nopc,nob/c,336500,336.0,not_neg,not_int,not_lpsm,498000.0,sb,pr,home,1U,10800.0,CRIF,633,CIB,not_inst,67.57028112,North,direct,28.0,0.02772643230855465
cf,nopre,type1,p3,l1,nopc,nob/c,126500,360.0,not_neg,not_int,not_lpsm,508000.0,sb,pr,home,1U,1260.0,CRIF,523,CIB,to_inst,24.9015748,south,direct,49.0,0.2857142984867096
cf,nopre,type1,p4,l1,nopc,nob/c,466500,360.0,not_neg,not_int,not_lpsm,598000.0,sb,pr,home,1U,6000.0,CIB,587,EXP,not_inst,78.01003344,south,direct,45.0,0.04065827652812004
cf,nopre,type1,p3,l1,nopc,nob/c,166500,360.0,not_neg,not_int,not_lpsm,208000.0,sb,pr,home,1U,2880.0,CIB,779,CIB,to_inst,80.04807692,North,direct,31.0,0.11089865863323212
cf,nopre,type1,p3,l1,nopc,nob/c,676500,360.0,neg_amm,not_int,not_lpsm,908000.0,sb,ir,home,1U,11700.0,CRIF,683,CIB,not_inst,74.50440529,south,direct,25.0,0.24460431933403015
cf,nopre,type1,p1,l2,nopc,nob/c,306500,360.0,not_neg,not_int,not_lpsm,328000.0,sb,pr,home,1U,6000.0,EXP,727,CIB,to_inst,93.44512195,North,direct,49.0,0.10782501846551895
cf,nopre,type1,p4,l1,nopc,nob/c,416500,360.0,not_neg,not_int,not_lpsm,528000.0,sb,pr,home,1U,6780.0,CRIF,816,CIB,not_inst,78.88257576,North,direct,39.0,0.03455149382352829
cf,pre,type1,p4,l1,nopc,nob/c,116500,180.0,not_neg,not_int,not_lpsm,168000.0,sb,pr,home,1U,2520.0,EXP,834,CIB,to_inst,69.3452381,south,direct,37.0,0.14369073510169983
cf,nopre,type3,p1,l1,nopc,nob/c,386500,360.0,not_neg,not_int,not_lpsm,378000.0,sb,pr,home,1U,6420.0,CIB,509,EXP,not_inst,102.2486772,North,direct,41.0,0.04065827652812004
cf,nopre,type1,p4,l1,nopc,nob/c,446500,360.0,not_neg,not_int,not_lpsm,678000.0,sb,pr,home,1U,11280.0,CIB,829,EXP,to_inst,65.85545723,south,direct,29.0,0.04065827652812004
cf,nopre,type1,p3,l1,nopc,nob/c,486500,360.0,not_neg,not_int,not_lpsm,708000.0,sb,pr,home,1U,7500.0,CRIF,810,EXP,not_inst,68.71468927,North,direct,39.0,0.03435804694890976
cf,nopre,type1,p4,l1,nopc,nob/c,286500,360.0,not_neg,not_int,not_lpsm,368000.0,sb,pr,home,1U,5700.0,CRIF,723,EXP,not_inst,77.85326087,North,direct,26.0,0.0363101065158844
cf,nopre,type1,p4,l1,nopc,nob/c,356500,360.0,not_neg,not_int,not_lpsm,858000.0,sb,pr,home,1U,8220.0,CRIF,609,CIB,not_inst,41.55011655,North,direct,30.0,0.02772643230855465
cf,nopre,type1,p3,l1,nopc,nob/c,366500,360.0,not_neg,not_int,not_lpsm,418000.0,sb,pr,home,1U,3240.0,CRIF,657,CIB,to_inst,87.67942584,south,direct,47.0,0.6186440587043762
cf,nopre,type1,p4,l1,nopc,nob/c,506500,360.0,not_neg,not_int,not_lpsm,688000.0,sb,pr,home,1U,6300.0,CRIF,617,CIB,not_inst,73.61918605,south,direct,41.0,0.03455149382352829
cf,nopre,type2,p3,l1,nopc,b/c,216500,360.0,not_neg,not_int,not_lpsm,238000.0,sb,pr,home,1U,3600.0,CRIF,847,EXP,to_inst,90.96638655,North,direct,8.0,0.9869565367698669
cf,nopre,type1,p1,l1,nopc,nob/c,286500,360.0,not_neg,int_only,not_lpsm,298000.0,sb,pr,home,1U,5100.0,CIB,832,EXP,to_inst,96.1409396,south,direct,30.0,0.19203747808933258
cf,nopre,type1,p3,l1,nopc,nob/c,76500,360.0,not_neg,not_int,not_lpsm,138000.0,sb,ir,home,1U,1800.0,EXP,680,CIB,not_inst,55.43478261,North,direct,29.0,0.3913043439388275
ncf,nopre,type2,p1,l1,nopc,b/c,256500,360.0,not_neg,not_int,not_lpsm,258000.0,sb,pr,home,1U,3360.0,EXP,580,CIB,to_inst,99.41860465,south,direct,57.0,0.24460431933403015
cf,nopre,type1,p3,l1,nopc,nob/c,306500,360.0,not_neg,not_int,not_lpsm,468000.0,sb,pr,home,1U,5880.0,CIB,760,EXP,to_inst,65.49145299,North,direct,20.0,0.04065827652812004
cf,nopre,type1,p1,l1,nopc,nob/c,166500,360.0,not_neg,not_int,not_lpsm,178000.0,sb,pr,home,1U,3120.0,EXP,714,CIB,to_inst,93.53932584,North,direct,39.0,0.14369073510169983
cf,nopre,type3,p3,l1,nopc,nob/c,266500,360.0,not_neg,not_int,not_lpsm,288000.0,sb,pr,home,1U,2520.0,CRIF,777,EXP,to_inst,92.53472222,south,direct,43.0,0.24460431933403015
cf,nopre,type1,p3,l1,nopc,nob/c,296500,360.0,neg_amm,not_int,not_lpsm,428000.0,sb,pr,home,1U,5820.0,EXP,565,EXP,to_inst,69.27570093,south,direct,43.0,0.14369073510169983
cf,nopre,type1,p4,l1,nopc,nob/c,276500,360.0,not_neg,not_int,not_lpsm,468000.0,sb,pr,home,1U,3600.0,CRIF,817,EXP,to_inst,59.08119658,North,direct,37.0,0.06420404464006424
cf,nopre,type3,p3,l1,nopc,nob/c,456500,360.0,not_neg,not_int,not_lpsm,738000.0,sb,pr,home,2U,3420.0,CRIF,852,EXP,to_inst,61.85636856,North,direct,51.0,0.3913043439388275
cf,nopre,type2,p3,l1,nopc,b/c,156500,360.0,not_neg,not_int,not_lpsm,178000.0,sb,pr,home,1U,3120.0,EXP,508,CIB,to_inst,87.92134831,North,direct,40.0,0.19203747808933258
cf,nopre,type2,p4,l1,nopc,b/c,356500,360.0,not_neg,not_int,not_lpsm,388000.0,sb,pr,home,1U,11760.0,EXP,750,EXP,to_inst,91.8814433,south,direct,38.0,0.24460431933403015
cf,nopre,type1,p3,l1,nopc,nob/c,306500,360.0,not_neg,not_int,not_lpsm,508000.0,sb,pr,home,1U,8340.0,CRIF,762,CIB,to_inst,60.33464567,North,direct,16.0,0.06420404464006424
cf,nopre,type1,p3,l1,nopc,nob/c,116500,360.0,not_neg,not_int,not_lpsm,198000.0,sb,pr,home,1U,2400.0,EXP,591,EXP,to_inst,58.83838384,North,direct,30.0,0.05779334530234337
cf,nopre,type2,p1,l1,nopc,b/c,436500,360.0,not_neg,not_int,not_lpsm,448000.0,sb,pr,home,1U,7200.0,CIB,683,CIB,not_inst,97.43303571,south,direct,58.0,0.11089865863323212
cf,nopre,type1,p1,l1,nopc,nob/c,276500,360.0,not_neg,not_int,not_lpsm,348000.0,sb,ir,home,1U,0.0,CIB,813,CIB,not_inst,79.45402299,central,direct,17.0,0.9869565367698669
cf,nopre,type1,p4,l1,nopc,nob/c,306500,288.0,not_neg,not_int,not_lpsm,428000.0,sb,pr,home,1U,4440.0,CRIF,771,EXP,to_inst,71.61214953,south,direct,44.0,0.059588298201560974
cf,nopre,type1,p4,l1,nopc,nob/c,396500,360.0,not_neg,not_int,not_lpsm,658000.0,sb,pr,home,1U,10620.0,CRIF,693,CIB,not_inst,60.25835866,south,direct,10.0,0.05779334530234337
cf,pre,type2,p3,l1,nopc,b/c,136500,360.0,not_neg,not_int,not_lpsm,158000.0,sb,pr,home,1U,2940.0,CIB,850,EXP,to_inst,86.39240506,North,direct,41.0,0.1839258074760437
cf,nopre,type1,p4,l1,nopc,nob/c,496500,360.0,not_neg,not_int,not_lpsm,578000.0,sb,pr,home,1U,6240.0,EXP,705,CIB,not_inst,85.89965398,North,direct,46.0,0.0363101065158844
cf,nopre,type1,p4,l1,nopc,nob/c,446500,360.0,not_neg,int_only,not_lpsm,518000.0,sb,pr,home,1U,6660.0,CRIF,578,CIB,not_inst,86.1969112,south,direct,37.0,0.05779334530234337
cf,nopre,type2,p1,l1,nopc,b/c,116500,360.0,not_neg,not_int,not_lpsm,138000.0,sb,pr,home,1U,1800.0,EXP,591,CIB,to_inst,84.42028986,North,direct,33.0,0.1839258074760437
cf,nopre,type1,p3,l1,nopc,nob/c,106500,240.0,not_neg,not_int,not_lpsm,208000.0,sb,pr,home,1U,1740.0,CRIF,721,CIB,to_inst,51.20192308,North,direct,38.0,0.10782501846551895
cf,nopre,type1,p3,l1,nopc,nob/c,296500,360.0,not_neg,not_int,not_lpsm,378000.0,sb,pr,home,1U,3000.0,CRIF,642,CIB,to_inst,78.43915344,south,direct,42.0,0.14369073510169983
cf,nopre,type1,p1,l1,nopc,nob/c,86500,180.0,not_neg,not_int,not_lpsm,118000.0,sb,ir,home,1U,3420.0,CRIF,663,CIB,to_inst,73.30508475,south,direct,46.0,0.3415384590625763
cf,nopre,type1,p2,l1,nopc,nob/c,246500,360.0,not_neg,not_int,not_lpsm,318000.0,sb,pr,home,1U,7980.0,CIB,783,CIB,to_inst,77.51572327,south,direct,15.0,0.11276596039533615
cf,nopre,type1,p4,l1,nopc,nob/c,396500,360.0,not_neg,not_int,not_lpsm,618000.0,sb,pr,home,1U,6120.0,CRIF,548,CIB,not_inst,64.15857605,south,direct,37.0,0.03455149382352829
cf,nopre,type1,p1,l1,nopc,nob/c,426500,360.0,not_neg,not_int,not_lpsm,528000.0,sb,pr,home,1U,5640.0,CIB,699,EXP,not_inst,80.77651515,North,direct,30.0,0.03455149382352829
cf,pre,type1,p3,l1,nopc,nob/c,266500,360.0,not_neg,not_int,not_lpsm,358000.0,sb,pr,home,1U,4140.0,EXP,663,CIB,not_inst,74.44134078,North,direct,46.0,0.05779334530234337
cf,nopre,type1,p3,l1,nopc,nob/c,356500,360.0,not_neg,int_only,not_lpsm,658000.0,sb,pr,home,1U,3540.0,EXP,749,EXP,to_inst,54.17933131,south,direct,40.0,0.11089865863323212
cf,nopre,type1,p3,l1,nopc,nob/c,176500,180.0,not_neg,not_int,not_lpsm,218000.0,sb,pr,home,1U,5280.0,CRIF,784,EXP,to_inst,80.96330275,North,direct,37.0,0.10782501846551895
cf,nopre,type1,p4,l1,nopc,nob/c,216500,300.0,not_neg,not_int,not_lpsm,328000.0,sb,pr,home,1U,3720.0,CIB,615,EXP,to_inst,66.00609756,south,direct,26.0,0.10782501846551895
cf,nopre,type1,p1,l1,nopc,nob/c,456500,360.0,not_neg,not_int,not_lpsm,568000.0,sb,pr,home,1U,9660.0,CRIF,839,EXP,not_inst,80.36971831,North,direct,40.0,0.03435804694890976
cf,nopre,type1,p4,l1,nopc,nob/c,236500,360.0,not_neg,not_int,not_lpsm,318000.0,sb,pr,home,1U,2520.0,CRIF,787,EXP,to_inst,74.37106918,south,direct,43.0,0.11089865863323212
ncf,nopre,type1,p1,l1,nopc,nob/c,336500,324.0,neg_amm,not_int,not_lpsm,348000.0,sb,pr,home,1U,3720.0,CRIF,804,CIB,to_inst,96.6954023,North-East,direct,48.0,0.5
cf,pre,type1,p3,l1,nopc,nob/c,416500,360.0,not_neg,not_int,not_lpsm,558000.0,sb,pr,home,1U,5880.0,CIB,598,EXP,not_inst,74.64157706,North,direct,44.0,0.03455149382352829
cf,nopre,type1,p3,l1,nopc,nob/c,206500,360.0,not_neg,not_int,not_lpsm,428000.0,sb,pr,home,1U,2820.0,CIB,505,CIB,not_inst,48.24766355,North,direct,42.0,0.059588298201560974
cf,nopre,type1,p4,l1,nopc,nob/c,126500,324.0,not_neg,not_int,not_lpsm,148000.0,sb,pr,home,1U,2880.0,CIB,893,CIB,to_inst,85.47297297,south,direct,33.0,0.14369073510169983
cf,nopre,type1,p4,l1,nopc,nob/c,326500,360.0,not_neg,not_int,not_lpsm,448000.0,sb,pr,home,1U,6720.0,CIB,604,EXP,not_inst,72.87946429,North,direct,37.0,0.02139037474989891
cf,nopre,type1,p4,l1,nopc,nob/c,306500,360.0,not_neg,not_int,not_lpsm,408000.0,sb,pr,home,1U,6120.0,CRIF,875,EXP,not_inst,75.12254902,North,direct,34.0,0.03455149382352829
cf,pre,type1,p1,l1,nopc,nob/c,346500,360.0,not_neg,not_int,not_lpsm,368000.0,sb,pr,home,1U,10560.0,CRIF,664,EXP,to_inst,94.1576087,North,direct,20.0,0.0363101065158844
cf,nopre,type2,p3,l1,nopc,b/c,296500,360.0,not_neg,not_int,not_lpsm,448000.0,sb,pr,home,1U,4440.0,EXP,878,CIB,to_inst,66.18303571,North,direct,42.0,0.23026315867900848
cf,pre,type1,p1,l1,nopc,nob/c,526500,360.0,not_neg,not_int,not_lpsm,548000.0,sb,pr,home,1U,7080.0,CIB,524,CIB,not_inst,96.07664234,North,direct,43.0,0.0363101065158844
ncf,nopre,type3,p3,l1,nopc,nob/c,96500,180.0,neg_amm,not_int,not_lpsm,118000.0,sb,pr,home,1U,1980.0,CRIF,715,CIB,to_inst,81.77966102,North,direct,31.0,0.3415384590625763
cf,nopre,type1,p4,l1,nopc,nob/c,476500,360.0,not_neg,not_int,not_lpsm,578000.0,sb,pr,home,1U,7440.0,EXP,550,CIB,not_inst,82.43944637,central,direct,47.0,0.05779334530234337
cf,nopre,type1,p4,l1,nopc,nob/c,326500,360.0,not_neg,not_int,not_lpsm,718000.0,sb,pr,home,1U,5400.0,CIB,717,EXP,to_inst,45.4735376,North,direct,36.0,0.04227083548903465
cf,nopre,type1,p3,l1,nopc,nob/c,226500,360.0,neg_amm,not_int,not_lpsm,378000.0,sb,pr,home,1U,4920.0,CIB,510,CIB,to_inst,59.92063492,south,direct,30.0,0.17307692766189575
cf,nopre,type1,p3,l1,nopc,nob/c,406500,360.0,not_neg,not_int,not_lpsm,678000.0,sb,pr,home,1U,4800.0,CRIF,667,CIB,not_inst,59.95575221,North,direct,45.0,0.04065827652812004
cf,nopre,type1,p3,l1,nopc,nob/c,336500,324.0,not_neg,int_only,not_lpsm,438000.0,sb,pr,home,1U,10320.0,EXP,657,EXP,to_inst,76.82648402,North,direct,31.0,0.0861159935593605
cf,nopre,type1,p4,l2,nopc,nob/c,416500,240.0,not_neg,not_int,not_lpsm,478000.0,sb,pr,home,1U,5160.0,EXP,675,CIB,to_inst,87.13389121,North,direct,48.0,0.1839258074760437
cf,nopre,type3,p3,l1,nopc,nob/c,176500,360.0,not_neg,not_int,not_lpsm,198000.0,sb,pr,home,1U,900.0,CIB,883,CIB,to_inst,89.14141414,North,direct,10.0,0.9869565367698669
ncf,nopre,type1,p3,l1,nopc,nob/c,266500,360.0,not_neg,not_int,not_lpsm,458000.0,sb,pr,home,1U,5220.0,CRIF,702,CIB,to_inst,58.18777293,south,direct,38.0,0.06766917556524277
cf,pre,type1,p4,l1,nopc,nob/c,566500,360.0,not_neg,not_int,not_lpsm,658000.0,sb,pr,home,1U,8400.0,CIB,597,CIB,to_inst,86.09422492,North,direct,38.0,0.14369073510169983
cf,pre,type1,p1,l1,nopc,nob/c,226500,360.0,not_neg,not_int,not_lpsm,288000.0,sb,pr,home,1U,4800.0,CRIF,590,CIB,to_inst,78.64583333,south,direct,22.0,0.0861159935593605
ncf,pre,type1,p3,l1,nopc,nob/c,356500,324.0,not_neg,not_int,not_lpsm,508000.0,sb,pr,home,1U,6300.0,CRIF,830,EXP,to_inst,70.17716535,North,direct,36.0,0.04065827652812004
cf,pre,type2,p3,l1,nopc,b/c,236500,360.0,not_neg,not_int,not_lpsm,298000.0,sb,pr,home,1U,2520.0,CRIF,661,CIB,to_inst,79.36241611,North,direct,52.0,0.24460431933403015
cf,nopre,type1,p4,l1,nopc,nob/c,186500,360.0,not_neg,not_int,lpsm,348000.0,sb,pr,home,1U,2520.0,CRIF,837,CIB,to_inst,53.59195402,central,direct,38.0,0.7435897588729858
,nopre,type1,p3,l1,nopc,nob/c,276500,360.0,not_neg,not_int,not_lpsm,408000.0,sb,pr,home,1U,6300.0,CRIF,729,CIB,not_inst,67.76960784,south,direct,35.0,0.03455149382352829
cf,nopre,type1,p3,l1,nopc,nob/c,696500,360.0,neg_amm,not_int,not_lpsm,998000.0,sb,pr,home,1U,11880.0,EXP,784,EXP,not_inst,69.78957916,North,direct,32.0,0.10782501846551895
cf,nopre,type2,p1,l1,nopc,b/c,256500,360.0,not_neg,not_int,not_lpsm,278000.0,sb,pr,home,1U,12000.0,CIB,644,EXP,not_inst,92.26618705,North,direct,30.0,0.0363101065158844
cf,nopre,type1,p3,l1,nopc,nob/c,206500,360.0,not_neg,not_int,not_lpsm,248000.0,sb,pr,home,1U,6900.0,CIB,516,EXP,to_inst,83.26612903,south,direct,29.0,0.11089865863323212
cf,nopre,type1,p4,l1,nopc,nob/c,186500,360.0,not_neg,not_int,not_lpsm,338000.0,sb,pr,home,1U,5400.0,CIB,503,CIB,to_inst,55.17751479,North,direct,21.0,0.06766917556524277
cf,pre,type1,p1,l1,nopc,nob/c,366500,360.0,not_neg,not_int,not_lpsm,458000.0,sb,pr,home,1U,8460.0,EXP,753,EXP,to_inst,80.02183406,North,direct,24.0,0.03455149382352829
cf,nopre,type1,p4,l1,nopc,nob/c,306500,240.0,not_neg,not_int,not_lpsm,448000.0,sb,pr,home,1U,4800.0,EXP,711,CIB,to_inst,68.41517857,North,direct,33.0,0.0363101065158844
cf,nopre,type1,p3,l1,nopc,nob/c,526500,360.0,not_neg,not_int,not_lpsm,998000.0,sb,pr,home,1U,12060.0,EXP,722,CIB,not_inst,52.75551102,North,direct,20.0,0.03455149382352829
cf,nopre,type1,p4,l1,nopc,nob/c,576500,360.0,not_neg,not_int,not_lpsm,958000.0,sb,pr,home,1U,7260.0,EXP,776,CIB,not_inst,60.17745303,south,direct,41.0,0.03455149382352829
cf,nopre,type1,p4,l1,nopc,nob/c,576500,360.0,not_neg,not_int,not_lpsm,628000.0,sb,pr,home,1U,8160.0,EXP,817,CIB,not_inst,91.79936306,North,direct,41.0,0.04065827652812004
cf,nopre,type1,p1,l1,nopc,nob/c,376500,360.0,not_neg,not_int,not_lpsm,428000.0,sb,pr,home,1U,9900.0,CIB,884,EXP,not_inst,87.96728972,North,direct,36.0,0.03455149382352829
cf,nopre,type1,p1,l1,nopc,nob/c,426500,360.0,not_neg,not_int,not_lpsm,468000.0,sb,pr,home,1U,4800.0,EXP,874,CIB,not_inst,91.13247863,North,direct,52.0,0.6186440587043762
cf,pre,type1,p1,l1,nopc,nob/c,166500,360.0,not_neg,not_int,not_lpsm,178000.0,sb,pr,home,1U,2460.0,CRIF,509,CIB,to_inst,93.53932584,North,direct,46.0,0.06420404464006424
cf,nopre,type1,p3,l1,nopc,nob/c,216500,180.0,not_neg,not_int,not_lpsm,318000.0,sb,pr,home,1U,7920.0,EXP,629,EXP,not_inst,68.08176101,North,direct,7.0,0.03435804694890976
cf,pre,type1,p3,l1,nopc,nob/c,696500,360.0,not_neg,not_int,not_lpsm,1708000.0,sb,pr,home,1U,8820.0,CRIF,830,EXP,not_inst,40.77868852,central,direct,42.0,0.0363101065158844
cf,nopre,type2,p4,l1,nopc,b/c,236500,360.0,not_neg,not_int,not_lpsm,268000.0,sb,pr,home,1U,4920.0,EXP,852,CIB,not_inst,88.24626866,central,direct,31.0,0.11089865863323212
cf,nopre,type1,p4,l1,nopc,nob/c,126500,240.0,not_neg,not_int,not_lpsm,218000.0,sb,pr,home,1U,3540.0,CRIF,669,CIB,to_inst,58.02752294,North,direct,21.0,0.06420404464006424
cf,nopre,type2,p1,l2,nopc,b/c,456500,360.0,not_neg,not_int,not_lpsm,468000.0,sb,pr,home,1U,10320.0,CRIF,780,EXP,not_inst,97.54273504,North,direct,56.0,0.06420404464006424
cf,nopre,type1,p1,l1,nopc,nob/c,86500,360.0,not_neg,not_int,not_lpsm,88000.0,sb,pr,home,1U,1140.0,EXP,587,CIB,to_inst,98.29545455,south,direct,43.0,0.4184100329875946
cf,nopre,type1,p3,l1,nopc,nob/c,406500,180.0,not_neg,not_int,not_lpsm,638000.0,sb,pr,home,1U,6720.0,CRIF,859,CIB,to_inst,63.71473354,south,direct,39.0,0.0861159935593605
cf,nopre,type1,p3,l1,nopc,nob/c,306500,360.0,not_neg,not_int,not_lpsm,388000.0,sb,pr,home,1U,7200.0,EXP,684,EXP,to_inst,78.99484536,North,direct,43.0,0.059588298201560974
cf,pre,type1,p3,l1,nopc,nob/c,386500,360.0,not_neg,not_int,not_lpsm,628000.0,sb,pr,home,1U,9360.0,EXP,829,EXP,not_inst,61.54458599,North,direct,5.0,0.03455149382352829
cf,nopre,type1,p2,l1,nopc,nob/c,306500,360.0,neg_amm,not_int,not_lpsm,878000.0,sb,ir,home,1U,3420.0,CRIF,516,EXP,not_inst,34.90888383,south,direct,20.0,0.4883720874786377
cf,nopre,type1,p3,l1,nopc,nob/c,206500,360.0,not_neg,not_int,not_lpsm,288000.0,sb,pr,home,1U,4140.0,CIB,637,CIB,to_inst,71.70138889,North,direct,44.0,0.06420404464006424
cf,nopre,type1,p1,l1,nopc,nob/c,386500,360.0,not_neg,not_int,not_lpsm,408000.0,sb,pr,home,1U,3360.0,CRIF,578,CIB,not_inst,94.73039216,North,direct,44.0,0.10782501846551895
cf,nopre,type1,p1,l1,nopc,nob/c,606500,360.0,not_neg,not_int,not_lpsm,638000.0,sb,pr,home,1U,9000.0,EXP,793,EXP,not_inst,95.06269592,south,direct,40.0,0.03455149382352829
cf,nopre,type1,p4,l1,nopc,nob/c,256500,360.0,not_neg,not_int,not_lpsm,288000.0,sb,pr,home,1U,4260.0,CIB,881,EXP,to_inst,89.0625,North,direct,35.0,0.1839258074760437
cf,nopre,type1,p1,l1,nopc,nob/c,686500,360.0,not_neg,not_int,not_lpsm,818000.0,sb,pr,home,1U,18720.0,CRIF,707,CIB,not_inst,83.92420538,North,direct,28.0,0.03455149382352829
cf,nopre,type1,p1,l1,nopc,nob/c,366500,360.0,not_neg,not_int,not_lpsm,458000.0,sb,pr,home,1U,3720.0,CIB,675,CIB,not_inst,80.02183406,south,direct,39.0,0.059588298201560974
cf,nopre,type2,p3,l1,nopc,b/c,86500,360.0,not_neg,not_int,not_lpsm,218000.0,sb,pr,home,1U,2460.0,EXP,749,CIB,to_inst,39.67889908,North,direct,42.0,0.1839258074760437
cf,nopre,type1,p4,l1,nopc,nob/c,196500,324.0,not_neg,not_int,not_lpsm,268000.0,sb,pr,home,1U,2820.0,CRIF,792,EXP,to_inst,73.32089552,North,direct,49.0,0.11089865863323212
cf,nopre,type1,p1,l1,nopc,nob/c,136500,360.0,not_neg,not_int,lpsm,148000.0,sb,pr,home,1U,2160.0,EXP,833,CIB,to_inst,92.22972973,North,direct,43.0,0.6666666865348816
cf,nopre,type1,p3,l1,nopc,nob/c,146500,180.0,not_neg,not_int,not_lpsm,188000.0,sb,pr,home,1U,5940.0,CRIF,687,EXP,to_inst,77.92553191,North,direct,49.0,0.10782501846551895
cf,pre,type1,p3,l1,nopc,nob/c,206500,360.0,not_neg,not_int,not_lpsm,348000.0,sb,pr,home,1U,2640.0,CRIF,823,CIB,to_inst,59.33908046,North,direct,39.0,0.1034482792019844
ncf,pre,type1,p1,l1,nopc,nob/c,546500,360.0,not_neg,not_int,not_lpsm,778000.0,sb,ir,home,1U,32820.0,CIB,900,EXP,to_inst,70.24421594,south,direct,48.0,0.14369073510169983
cf,nopre,type1,p3,l1,nopc,nob/c,386500,360.0,not_neg,not_int,not_lpsm,458000.0,sb,pr,home,1U,11460.0,CIB,721,CIB,not_inst,84.38864629,North,direct,30.0,0.06766917556524277
ncf,nopre,type1,p3,l1,nopc,nob/c,446500,360.0,not_neg,not_int,not_lpsm,628000.0,sb,pr,home,1U,4800.0,CRIF,704,EXP,to_inst,71.09872611,south,direct,60.0,0.7435897588729858
cf,pre,type1,p3,l1,nopc,nob/c,286500,360.0,not_neg,not_int,not_lpsm,428000.0,sb,pr,home,1U,5940.0,CIB,891,CIB,to_inst,66.93925234,south,direct,26.0,0.059588298201560974
cf,nopre,type1,p1,l1,nopc,nob/c,136500,360.0,not_neg,not_int,not_lpsm,168000.0,sb,sr,home,1U,10560.0,CRIF,882,CIB,not_inst,81.25,North,direct,41.0,0.10782501846551895
cf,nopre,type2,p1,l1,nopc,b/c,246500,360.0,not_neg,not_int,not_lpsm,258000.0,sb,pr,home,1U,2400.0,CIB,778,CIB,not_inst,95.54263566,North,direct,56.0,0.1839258074760437
cf,pre,type1,p4,l1,nopc,nob/c,76500,360.0,not_neg,not_int,not_lpsm,308000.0,sb,pr,home,1U,2520.0,EXP,810,CIB,to_inst,24.83766234,North,direct,26.0,0.1839258074760437
cf,nopre,type1,p3,l1,nopc,nob/c,456500,360.0,not_neg,not_int,not_lpsm,728000.0,sb,pr,home,1U,6420.0,CRIF,583,CIB,to_inst,62.70604396,North,direct,41.0,0.0861159935593605
cf,nopre,type1,p1,l1,nopc,nob/c,136500,360.0,not_neg,not_int,not_lpsm,168000.0,sb,pr,home,1U,9540.0,CIB,809,EXP,to_inst,81.25,North,direct,13.0,0.10782501846551895
cf,nopre,type1,p4,l1,nopc,nob/c,246500,360.0,not_neg,not_int,not_lpsm,298000.0,sb,pr,home,1U,6240.0,EXP,692,CIB,to_inst,82.71812081,North,direct,44.0,0.11089865863323212
cf,nopre,type1,p3,l1,nopc,nob/c,106500,360.0,not_neg,not_int,not_lpsm,278000.0,sb,pr,home,1U,3240.0,CRIF,876,CIB,to_inst,38.30935252,south,direct,9.0,0.19203747808933258
,nopre,type1,p1,l1,nopc,nob/c,146500,360.0,not_neg,not_int,not_lpsm,168000.0,sb,sr,home,1U,2460.0,CRIF,864,EXP,not_inst,87.20238095,North,direct,6.0,0.7435897588729858
cf,nopre,type1,p4,l1,nopc,nob/c,416500,360.0,not_neg,not_int,not_lpsm,528000.0,sb,pr,home,1U,5040.0,CIB,878,CIB,not_inst,78.88257576,south,direct,45.0,0.055727552622556686
ncf,nopre,type1,p1,l1,nopc,nob/c,776500,360.0,not_neg,not_int,not_lpsm,1108000.0,sb,pr,home,1U,40320.0,EXP,526,CIB,not_inst,70.08122744,North,direct,20.0,0.14369073510169983
cf,nopre,type3,p3,l1,nopc,nob/c,76500,360.0,not_neg,not_int,not_lpsm,88000.0,sb,pr,home,1U,2100.0,EXP,732,EXP,to_inst,86.93181818,south,direct,57.0,0.1839258074760437
cf,nopre,type1,p4,l1,nopc,nob/c,426500,360.0,not_neg,not_int,not_lpsm,578000.0,sb,pr,home,1U,7560.0,CIB,535,CIB,not_inst,73.78892734,south,direct,43.0,0.03455149382352829
cf,nopre,type1,p4,l1,nopc,nob/c,266500,240.0,not_neg,not_int,not_lpsm,298000.0,sb,pr,home,1U,12240.0,CRIF,854,CIB,to_inst,89.4295302,North,direct,39.0,0.16867469251155853
cf,nopre,type1,p4,l1,nopc,nob/c,376500,360.0,not_neg,not_int,lpsm,478000.0,sb,pr,home,1U,5160.0,CRIF,727,EXP,to_inst,78.76569038,North,direct,31.0,0.4184100329875946
,nopre,type1,p3,l1,nopc,nob/c,316500,360.0,not_neg,not_int,not_lpsm,408000.0,sb,pr,home,1U,6780.0,EXP,611,CIB,not_inst,77.57352941,North,direct,20.0,0.04065827652812004
cf,nopre,type1,p4,l1,nopc,nob/c,306500,360.0,not_neg,not_int,not_lpsm,338000.0,sb,pr,home,1U,3720.0,CRIF,636,CIB,not_inst,90.68047337,south,direct,36.0,0.06766917556524277
cf,nopre,type1,p1,l1,nopc,nob/c,336500,180.0,not_neg,not_int,not_lpsm,568000.0,sb,pr,home,1U,17760.0,CIB,533,CIB,to_inst,59.24295775,south,direct,16.0,0.10782501846551895
cf,nopre,type2,p3,l1,nopc,b/c,276500,360.0,not_neg,not_int,not_lpsm,318000.0,sb,pr,home,1U,12060.0,CIB,682,CIB,to_inst,86.94968553,south,direct,37.0,0.14369073510169983
ncf,nopre,type1,p4,l1,nopc,nob/c,826500,360.0,not_neg,not_int,not_lpsm,1158000.0,sb,pr,home,1U,15960.0,CIB,501,CIB,not_inst,71.37305699,south,direct,39.0,0.0861159935593605
cf,pre,type1,p4,l1,nopc,nob/c,356500,180.0,not_neg,not_int,not_lpsm,518000.0,sb,pr,home,1U,12900.0,CRIF,556,EXP,to_inst,68.82239382,south,direct,24.0,0.0363101065158844
cf,nopre,type1,p1,l1,nopc,nob/c,406500,360.0,not_neg,not_int,not_lpsm,458000.0,sb,pr,home,1U,8520.0,CRIF,528,EXP,not_inst,88.75545852,North,direct,28.0,0.03455149382352829
cf,nopre,type2,p1,l1,nopc,b/c,206500,360.0,not_neg,not_int,not_lpsm,218000.0,sb,pr,home,1U,4980.0,CRIF,549,CIB,to_inst,94.72477064,North,direct,48.0,0.1839258074760437
cf,nopre,type1,p4,l1,nopc,nob/c,436500,360.0,not_neg,not_int,not_lpsm,658000.0,sb,pr,home,1U,7380.0,CRIF,680,EXP,not_inst,66.33738602,North,direct,40.0,0.02772643230855465
cf,nopre,type1,p4,l1,nopc,nob/c,136500,180.0,not_neg,not_int,not_lpsm,218000.0,sb,ir,home,1U,7380.0,CIB,700,CIB,to_inst,62.6146789,south,direct,32.0,0.11276596039533615
cf,nopre,type1,p4,l1,nopc,nob/c,526500,360.0,not_neg,not_int,not_lpsm,658000.0,sb,pr,home,1U,6420.0,CIB,510,CIB,not_inst,80.01519757,North,direct,32.0,0.03435804694890976
ncf,nopre,type1,p3,l1,nopc,nob/c,156500,360.0,not_neg,not_int,not_lpsm,548000.0,sb,pr,home,1U,5280.0,CIB,689,EXP,not_inst,28.55839416,south,direct,37.0,0.03455149382352829
cf,nopre,type1,p1,l1,nopc,nob/c,216500,360.0,not_neg,not_int,not_lpsm,228000.0,sb,pr,home,1U,3120.0,CIB,719,CIB,to_inst,94.95614035,central,direct,41.0,0.1839258074760437
cf,nopre,type1,p4,l1,nopc,nob/c,216500,360.0,not_neg,not_int,not_lpsm,238000.0,sb,pr,home,1U,2820.0,CIB,796,CIB,to_inst,90.96638655,North,direct,47.0,0.24460431933403015
cf,nopre,type1,p3,l1,nopc,nob/c,286500,360.0,not_neg,int_only,not_lpsm,418000.0,sb,pr,home,1U,4140.0,CIB,679,EXP,to_inst,68.54066986,North,direct,45.0,0.10782501846551895
cf,nopre,type1,p3,l1,nopc,nob/c,216500,360.0,not_neg,not_int,not_lpsm,258000.0,sb,pr,home,1U,11220.0,CIB,885,EXP,to_inst,83.91472868,North,direct,42.0,0.11089865863323212
cf,nopre,type1,p3,l1,nopc,nob/c,126500,360.0,not_neg,not_int,not_lpsm,168000.0,sb,pr,home,1U,1920.0,EXP,670,CIB,to_inst,75.29761905,North,direct,44.0,0.11089865863323212
cf,nopre,type1,p3,l1,nopc,nob/c,166500,180.0,not_neg,int_only,not_lpsm,218000.0,sb,ir,home,1U,5520.0,CRIF,567,CIB,to_inst,76.37614679,North,direct,43.0,0.24460431933403015
cf,nopre,type1,p3,l1,nopc,nob/c,326500,360.0,not_neg,not_int,not_lpsm,458000.0,sb,pr,home,1U,5940.0,EXP,790,CIB,not_inst,71.28820961,North,direct,30.0,0.03455149382352829
cf,nopre,type1,p3,l1,nopc,nob/c,206500,204.0,neg_amm,not_int,not_lpsm,308000.0,sb,pr,home,1U,2700.0,CIB,663,CIB,to_inst,67.04545455,North,direct,43.0,0.1839258074760437
cf,nopre,type1,p4,l1,nopc,nob/c,116500,360.0,not_neg,not_int,not_lpsm,158000.0,sb,pr,home,1U,1620.0,CRIF,682,CIB,to_inst,73.73417722,south,direct,34.0,0.14369073510169983
cf,nopre,type1,p1,l1,nopc,nob/c,236500,360.0,not_neg,not_int,not_lpsm,278000.0,sb,pr,home,1U,7560.0,CIB,627,EXP,to_inst,85.07194245,south,direct,40.0,0.11089865863323212
cf,nopre,type1,p1,l1,nopc,nob/c,96500,180.0,not_neg,not_int,not_lpsm,108000.0,sb,pr,home,1U,3720.0,EXP,618,CIB,to_inst,89.35185185,North,direct,29.0,0.1839258074760437
cf,nopre,type1,p3,l1,nopc,nob/c,366500,360.0,not_neg,not_int,not_lpsm,578000.0,sb,pr,home,1U,4740.0,CRIF,772,EXP,to_inst,63.4083045,south,direct,38.0,0.059588298201560974
cf,pre,type1,p3,l1,nopc,nob/c,236500,360.0,not_neg,not_int,not_lpsm,358000.0,sb,pr,home,1U,3180.0,CRIF,683,CIB,to_inst,66.06145251,south,direct,40.0,0.10782501846551895
cf,nopre,type1,p1,l1,nopc,nob/c,546500,360.0,not_neg,not_int,not_lpsm,608000.0,sb,pr,home,1U,6600.0,CIB,553,CIB,not_inst,89.88486842,North,direct,40.0,0.03455149382352829
cf,nopre,type3,p3,l1,nopc,nob/c,166500,324.0,neg_amm,not_int,not_lpsm,208000.0,sb,pr,home,1U,3120.0,CRIF,585,CIB,to_inst,80.04807692,central,direct,51.0,0.3913043439388275
cf,nopre,type1,p1,l1,nopc,nob/c,196500,360.0,not_neg,not_int,not_lpsm,238000.0,sb,pr,home,1U,3300.0,CIB,749,CIB,to_inst,82.56302521,south,direct,29.0,0.19203747808933258
cf,nopre,type1,p1,l1,nopc,nob/c,686500,360.0,not_neg,not_int,not_lpsm,768000.0,sb,pr,home,1U,8400.0,EXP,632,EXP,not_inst,89.38802083,North,direct,48.0,0.03455149382352829
cf,nopre,type1,p3,l1,nopc,nob/c,326500,360.0,not_neg,not_int,not_lpsm,418000.0,sb,pr,home,1U,7680.0,EXP,649,CIB,to_inst,78.11004785,south,direct,40.0,0.10782501846551895
cf,nopre,type1,p2,l1,nopc,nob/c,86500,180.0,not_neg,int_only,not_lpsm,138000.0,sb,pr,home,1U,4860.0,CIB,877,CIB,to_inst,62.68115942,south,direct,20.0,0.23026315867900848
cf,nopre,type1,p3,l1,nopc,nob/c,116500,360.0,not_neg,int_only,not_lpsm,148000.0,sb,pr,home,1U,2820.0,CIB,695,CIB,to_inst,78.71621622,south,direct,38.0,0.11089865863323212
cf,nopre,type1,p4,l1,nopc,nob/c,246500,360.0,neg_amm,not_int,not_lpsm,528000.0,sb,pr,home,1U,4020.0,CIB,854,CIB,to_inst,46.68560606,North,direct,41.0,0.24460431933403015
cf,nopre,type1,p3,l1,nopc,nob/c,186500,360.0,not_neg,int_only,not_lpsm,308000.0,sb,pr,home,1U,2100.0,EXP,554,EXP,not_inst,60.55194805,North,direct,49.0,0.16867469251155853
cf,nopre,type1,p3,l1,nopc,nob/c,366500,180.0,not_neg,not_int,not_lpsm,538000.0,sb,pr,home,1U,6180.0,EXP,834,CIB,to_inst,68.12267658,central,direct,37.0,0.06420404464006424
cf,nopre,type1,p4,l1,nopc,nob/c,546500,360.0,not_neg,not_int,not_lpsm,738000.0,sb,pr,home,1U,7200.0,CIB,869,CIB,not_inst,74.05149051,south,direct,31.0,0.03455149382352829
cf,nopre,type1,p4,l1,nopc,nob/c,236500,360.0,not_neg,not_int,not_lpsm,348000.0,sb,pr,home,1U,3060.0,CRIF,559,CIB,to_inst,67.95977011,North,direct,34.0,0.11089865863323212
cf,nopre,type1,p3,l1,nopc,nob/c,366500,360.0,not_neg,not_int,not_lpsm,428000.0,sb,pr,home,1U,6120.0,CRIF,787,CIB,to_inst,85.63084112,south,direct,43.0,0.2857142984867096
cf,nopre,type1,p1,l1,nopc,nob/c,216500,360.0,not_neg,not_int,not_lpsm,258000.0,sb,pr,home,1U,4500.0,CIB,795,CIB,to_inst,83.91472868,North,direct,43.0,0.11089865863323212
cf,pre,type1,p3,l1,nopc,nob/c,546500,360.0,not_neg,not_int,not_lpsm,618000.0,sb,pr,home,1U,6240.0,CRIF,699,CIB,to_inst,88.43042071,south,direct,42.0,0.6666666865348816
cf,nopre,type1,p3,l1,nopc,nob/c,156500,132.0,not_neg,not_int,not_lpsm,258000.0,sb,pr,home,1U,6060.0,CRIF,811,EXP,to_inst,60.65891473,south,direct,28.0,0.0363101065158844
cf,nopre,type1,p1,l1,nopc,nob/c,56500,360.0,not_neg,not_int,not_lpsm,68000.0,sb,pr,home,1U,1440.0,CIB,890,CIB,to_inst,83.08823529,North,direct,28.0,0.3415384590625763
cf,nopre,type1,p3,l1,nopc,nob/c,216500,144.0,not_neg,not_int,not_lpsm,458000.0,sb,pr,home,1U,7320.0,CIB,530,EXP,to_inst,47.27074236,central,direct,35.0,0.05779334530234337
cf,nopre,type1,p3,l1,nopc,nob/c,416500,360.0,not_neg,not_int,not_lpsm,688000.0,sb,sr,home,1U,10920.0,EXP,554,CIB,not_inst,60.5377907,south,direct,45.0,0.10144927352666855
cf,nopre,type1,p1,l1,nopc,nob/c,336500,360.0,neg_amm,not_int,not_lpsm,518000.0,sb,pr,home,1U,6060.0,CRIF,649,EXP,to_inst,64.96138996,south,direct,48.0,0.24460431933403015
cf,nopre,type1,p3,l1,nopc,nob/c,426500,360.0,not_neg,not_int,not_lpsm,908000.0,sb,pr,home,1U,6480.0,CRIF,650,EXP,to_inst,46.97136564,south,direct,31.0,0.06420404464006424
cf,nopre,type2,p3,l1,nopc,b/c,76500,360.0,not_neg,int_only,not_lpsm,58000.0,sb,pr,home,1U,2280.0,CRIF,542,CIB,to_inst,131.8965517,North,direct,61.0,0.9899497628211975
ncf,nopre,type1,p4,l1,nopc,nob/c,496500,180.0,not_neg,not_int,not_lpsm,618000.0,sb,pr,home,1U,9660.0,CIB,733,CIB,to_inst,80.33980583,North,direct,40.0,0.24460431933403015
cf,nopre,type1,p3,l1,nopc,nob/c,446500,360.0,not_neg,not_int,not_lpsm,558000.0,sb,pr,home,1U,12900.0,CIB,889,EXP,not_inst,80.01792115,south,direct,27.0,0.03455149382352829
cf,nopre,type1,p3,l1,nopc,nob/c,646500,240.0,not_neg,not_int,not_lpsm,1258000.0,sb,pr,home,1U,9180.0,CIB,591,CIB,not_inst,51.39109698,North,direct,43.0,0.03435804694890976
cf,nopre,type1,p4,l1,nopc,nob/c,206500,180.0,not_neg,not_int,not_lpsm,728000.0,sb,ir,home,1U,5640.0,CRIF,748,CIB,not_inst,28.36538462,south,direct,50.0,0.6978417038917542
cf,nopre,type1,p3,l1,nopc,nob/c,436500,360.0,not_neg,not_int,not_lpsm,858000.0,sb,pr,home,1U,4800.0,EXP,582,CIB,not_inst,50.87412587,south,direct,49.0,0.10782501846551895
cf,pre,type1,p1,l1,nopc,nob/c,296500,360.0,not_neg,not_int,not_lpsm,308000.0,sb,pr,home,1U,5220.0,EXP,602,EXP,to_inst,96.26623377,North,direct,37.0,0.059588298201560974
cf,nopre,type1,p3,l2,nopc,nob/c,266500,360.0,not_neg,not_int,not_lpsm,358000.0,sb,pr,home,1U,4800.0,CRIF,571,EXP,to_inst,74.44134078,south,direct,45.0,0.06420404464006424
cf,nopre,type1,p1,l1,nopc,nob/c,486500,360.0,not_neg,not_int,not_lpsm,608000.0,sb,pr,home,1U,16560.0,CIB,572,EXP,not_inst,80.01644737,North,direct,48.0,0.03435804694890976
cf,nopre,type1,p4,l1,nopc,nob/c,246500,360.0,not_neg,not_int,not_lpsm,378000.0,sb,pr,home,1U,4380.0,CRIF,656,EXP,to_inst,65.21164021,North,direct,60.0,0.6666666865348816
cf,pre,type3,p1,l1,nopc,nob/c,296500,360.0,not_neg,not_int,not_lpsm,298000.0,sb,pr,home,1U,6300.0,EXP,806,CIB,to_inst,99.4966443,North,direct,23.0,0.04065827652812004
cf,nopre,type1,p3,l1,nopc,nob/c,436500,360.0,not_neg,not_int,not_lpsm,618000.0,sb,pr,home,1U,7080.0,EXP,663,CIB,to_inst,70.63106796,North,direct,44.0,0.06766917556524277
cf,nopre,type1,p3,l1,nopc,nob/c,226500,360.0,neg_amm,not_int,not_lpsm,458000.0,sb,pr,home,1U,4800.0,CRIF,853,EXP,to_inst,49.45414847,North,direct,49.0,0.19203747808933258
cf,nopre,type3,p3,l1,nopc,nob/c,256500,360.0,not_neg,not_int,not_lpsm,298000.0,sb,pr,home,1U,3480.0,CIB,762,CIB,to_inst,86.0738255,south,direct,36.0,0.11089865863323212
cf,nopre,type1,p3,l1,nopc,nob/c,406500,360.0,neg_amm,int_only,not_lpsm,1208000.0,sb,pr,home,1U,9840.0,CRIF,591,CIB,not_inst,33.65066225,North,direct,20.0,0.0363101065158844
ncf,pre,type1,p3,l1,nopc,nob/c,446500,360.0,not_neg,not_int,not_lpsm,598000.0,sb,pr,home,1U,6540.0,EXP,729,CIB,to_inst,74.66555184,North,direct,47.0,0.11089865863323212
cf,nopre,type1,p3,l1,nopc,nob/c,166500,360.0,not_neg,not_int,not_lpsm,668000.0,sb,pr,home,1U,2820.0,CIB,584,CIB,to_inst,24.9251497,North,direct,47.0,0.10782501846551895
ncf,nopre,type1,p1,l1,nopc,nob/c,1126500,360.0,not_neg,not_int,not_lpsm,1508000.0,sb,sr,home,1U,44400.0,CIB,757,EXP,to_inst,74.70159151,North,direct,35.0,0.17307692766189575
cf,nopre,type2,p3,l1,nopc,b/c,166500,360.0,not_neg,not_int,not_lpsm,188000.0,sb,pr,home,1U,1980.0,CRIF,757,CIB,to_inst,88.56382979,south,direct,52.0,0.6186440587043762
cf,nopre,type2,p3,l1,nopc,b/c,286500,360.0,not_neg,not_int,not_lpsm,338000.0,sb,pr,home,1U,2940.0,CRIF,522,CIB,to_inst,84.76331361,south,direct,60.0,0.3415384590625763
cf,nopre,type1,p1,l1,nopc,nob/c,146500,360.0,neg_amm,not_int,not_lpsm,168000.0,sb,pr,home,1U,5940.0,CRIF,502,CIB,to_inst,87.20238095,North,direct,42.0,0.24460431933403015
cf,nopre,type1,p4,l1,nopc,nob/c,476500,240.0,not_neg,not_int,not_lpsm,858000.0,sb,pr,home,1U,9240.0,CRIF,532,CIB,not_inst,55.53613054,south,direct,47.0,0.0363101065158844
cf,pre,type1,p4,l1,nopc,nob/c,226500,180.0,not_neg,not_int,not_lpsm,358000.0,sb,pr,home,1U,4440.0,EXP,788,CIB,to_inst,63.26815642,south,direct,42.0,0.11089865863323212
cf,nopre,type1,p4,l1,nopc,nob/c,586500,360.0,neg_amm,int_only,not_lpsm,698000.0,sb,pr,home,1U,14700.0,CIB,856,CIB,not_inst,84.02578797,North,direct,41.0,0.03435804694890976
cf,nopre,type1,p4,l1,nopc,nob/c,456500,360.0,not_neg,not_int,not_lpsm,838000.0,sb,ir,home,1U,3240.0,CIB,685,CIB,not_inst,54.47494033,North,direct,41.0,0.16867469251155853
cf,nopre,type3,p3,l1,nopc,nob/c,136500,360.0,not_neg,not_int,not_lpsm,168000.0,sb,pr,home,1U,2880.0,CRIF,687,CIB,to_inst,81.25,North,direct,21.0,0.11089865863323212
cf,nopre,type1,p1,l1,nopc,nob/c,546500,360.0,not_neg,not_int,not_lpsm,608000.0,sb,pr,home,1U,10380.0,EXP,710,CIB,not_inst,89.88486842,North,direct,30.0,0.03435804694890976
cf,nopre,type1,p4,l1,nopc,nob/c,366500,360.0,not_neg,not_int,not_lpsm,458000.0,sb,pr,home,1U,9900.0,CIB,848,EXP,to_inst,80.02183406,North,direct,20.0,0.059588298201560974
cf,nopre,type1,p3,l1,nopc,nob/c,246500,324.0,not_neg,not_int,not_lpsm,318000.0,sb,pr,home,1U,3180.0,CRIF,821,CIB,to_inst,77.51572327,south,direct,48.0,0.14369073510169983
ncf,pre,type2,p1,l1,nopc,b/c,226500,360.0,not_neg,not_int,not_lpsm,228000.0,sb,pr,home,1U,5040.0,EXP,789,CIB,to_inst,99.34210526,North,direct,38.0,0.10782501846551895
cf,pre,type3,p3,l1,nopc,nob/c,366500,360.0,not_neg,not_int,not_lpsm,608000.0,sb,pr,home,1U,3660.0,CRIF,812,EXP,to_inst,60.27960526,North,direct,49.0,0.10782501846551895
cf,nopre,type1,p1,l1,nopc,nob/c,226500,360.0,not_neg,not_int,not_lpsm,238000.0,sb,pr,home,1U,3540.0,CRIF,852,EXP,to_inst,95.16806723,south,direct,51.0,0.6666666865348816
cf,nopre,type3,p3,l1,nopc,nob/c,116500,300.0,not_neg,not_int,not_lpsm,158000.0,sb,pr,home,1U,2100.0,EXP,651,CIB,to_inst,73.73417722,North,direct,31.0,0.10782501846551895
cf,pre,type1,p1,l1,nopc,nob/c,306500,360.0,not_neg,not_int,not_lpsm,328000.0,sb,pr,home,1U,3420.0,CRIF,893,CIB,to_inst,93.44512195,south,direct,46.0,0.06420404464006424
cf,nopre,type1,p3,l1,nopc,nob/c,486500,360.0,not_neg,not_int,not_lpsm,658000.0,sb,pr,home,1U,6000.0,EXP,877,CIB,not_inst,73.93617021,North,direct,44.0,0.04065827652812004
cf,nopre,type2,p1,l1,nopc,b/c,176500,360.0,not_neg,not_int,not_lpsm,178000.0,sb,pr,home,1U,2220.0,EXP,711,EXP,to_inst,99.15730337,North,direct,32.0,0.24460431933403015
cf,nopre,type1,p1,l1,nopc,nob/c,436500,360.0,not_neg,not_int,not_lpsm,668000.0,sb,pr,home,1U,12360.0,CIB,793,EXP,to_inst,65.34431138,south,direct,37.0,0.059588298201560974
cf,nopre,type1,p4,l1,nopc,nob/c,406500,360.0,not_neg,not_int,not_lpsm,608000.0,sb,pr,home,1U,10860.0,CIB,888,EXP,to_inst,66.85855263,south,direct,30.0,0.0363101065158844
cf,nopre,type2,p3,l1,nopc,b/c,376500,360.0,not_neg,not_int,not_lpsm,438000.0,sb,pr,home,1U,5220.0,CRIF,598,CIB,not_inst,85.95890411,south,direct,38.0,0.11089865863323212
cf,nopre,type1,p3,l1,nopc,nob/c,56500,360.0,not_neg,not_int,not_lpsm,88000.0,sb,ir,home,1U,3180.0,CRIF,808,CIB,to_inst,64.20454545,south,direct,48.0,0.3415384590625763
cf,pre,type1,p1,l1,nopc,nob/c,246500,360.0,not_neg,not_int,not_lpsm,358000.0,sb,ir,home,1U,3900.0,CRIF,598,EXP,not_inst,68.8547486,North,direct,42.0,0.059588298201560974
cf,nopre,type1,p3,l1,nopc,nob/c,106500,360.0,not_neg,not_int,not_lpsm,158000.0,sb,pr,home,1U,1800.0,CRIF,795,CIB,to_inst,67.40506329,south,direct,45.0,0.11276596039533615
cf,pre,type1,p3,l1,nopc,nob/c,366500,180.0,not_neg,not_int,not_lpsm,458000.0,sb,ir,home,1U,14580.0,CRIF,647,EXP,to_inst,80.02183406,south,direct,47.0,0.4184100329875946
cf,nopre,type1,p3,l1,nopc,nob/c,406500,360.0,not_neg,not_int,not_lpsm,558000.0,sb,pr,home,1U,4800.0,CIB,563,CIB,not_inst,72.84946237,North,direct,44.0,0.04065827652812004
cf,nopre,type1,p4,l1,nopc,nob/c,216500,324.0,not_neg,not_int,not_lpsm,258000.0,sb,pr,home,1U,5340.0,EXP,843,EXP,to_inst,83.91472868,south,direct,47.0,0.14369073510169983
cf,pre,type1,p3,l1,nopc,nob/c,636500,360.0,not_neg,not_int,not_lpsm,838000.0,sb,pr,home,1U,8400.0,CIB,846,EXP,to_inst,75.95465394,central,direct,49.0,0.1839258074760437
cf,nopre,type1,p3,l1,nopc,nob/c,286500,360.0,not_neg,not_int,not_lpsm,578000.0,sb,pr,home,1U,4080.0,EXP,623,EXP,not_inst,49.56747405,south,direct,38.0,0.0363101065158844
ncf,nopre,type1,p3,l2,nopc,nob/c,856500,180.0,not_neg,not_int,not_lpsm,3968000.0,sb,pr,home,1U,16800.0,CIB,687,EXP,to_inst,21.58518145,North,direct,49.0,0.5
cf,nopre,type1,p4,l1,nopc,nob/c,296500,180.0,not_neg,not_int,not_lpsm,608000.0,sb,pr,home,1U,6660.0,EXP,506,CIB,not_inst,48.76644737,North,direct,45.0,0.04065827652812004
cf,nopre,type1,p4,l1,nopc,nob/c,526500,360.0,neg_amm,not_int,not_lpsm,728000.0,sb,pr,home,1U,27780.0,CRIF,635,CIB,not_inst,72.32142857,North,direct,12.0,0.10782501846551895
,nopre,type3,p3,l1,nopc,nob/c,106500,360.0,not_neg,not_int,not_lpsm,138000.0,sb,pr,home,1U,2280.0,EXP,577,CIB,to_inst,77.17391304,North,direct,40.0,0.11089865863323212
cf,nopre,type1,p4,l1,nopc,nob/c,226500,180.0,not_neg,not_int,not_lpsm,478000.0,sb,pr,home,1U,12060.0,CIB,827,CIB,not_inst,47.38493724,North,direct,25.0,0.03435804694890976
cf,nopre,type1,p3,l1,nopc,nob/c,306500,180.0,not_neg,not_int,not_lpsm,468000.0,sb,ir,home,1U,14400.0,CIB,715,EXP,to_inst,65.49145299,south,direct,37.0,0.06766917556524277
cf,nopre,type2,p3,l1,nopc,b/c,156500,360.0,neg_amm,not_int,not_lpsm,188000.0,sb,pr,home,1U,1980.0,CRIF,647,CIB,to_inst,83.24468085,central,direct,41.0,0.5465116500854492
cf,pre,type1,p3,l1,nopc,nob/c,366500,240.0,not_neg,not_int,not_lpsm,688000.0,sb,pr,home,1U,8040.0,EXP,864,EXP,not_inst,53.27034884,North,direct,42.0,0.02772643230855465
cf,nopre,type1,p3,l1,nopc,nob/c,486500,360.0,not_neg,not_int,not_lpsm,958000.0,sb,pr,home,1U,5520.0,CIB,845,CIB,not_inst,50.782881,North,direct,42.0,0.04065827652812004
cf,nopre,type1,p3,l1,nopc,nob/c,346500,360.0,not_neg,not_int,not_lpsm,448000.0,sb,pr,home,1U,4080.0,CIB,614,EXP,to_inst,77.34375,North,direct,44.0,0.0861159935593605
cf,nopre,type1,p4,l1,nopc,nob/c,166500,360.0,neg_amm,not_int,not_lpsm,278000.0,sb,pr,home,1U,2760.0,EXP,891,CIB,to_inst,59.89208633,south,direct,41.0,0.24460431933403015
cf,nopre,type3,p3,l1,nopc,nob/c,96500,360.0,not_neg,not_int,not_lpsm,98000.0,sb,pr,home,1U,2640.0,CIB,732,CIB,to_inst,98.46938776,North,direct,25.0,0.19203747808933258
cf,nopre,type1,p3,l1,nopc,nob/c,56500,180.0,not_neg,not_int,not_lpsm,108000.0,sb,pr,home,1U,2580.0,CIB,562,CIB,to_inst,52.31481481,south,direct,22.0,0.19203747808933258
cf,nopre,type1,p1,l1,nopc,nob/c,656500,360.0,not_neg,not_int,lpsm,818000.0,sb,pr,home,1U,14100.0,CRIF,734,CIB,not_inst,80.25672372,south,direct,38.0,0.24460431933403015
cf,nopre,type1,p4,l1,nopc,nob/c,686500,360.0,not_neg,not_int,not_lpsm,878000.0,sb,pr,home,1U,12120.0,CRIF,854,CIB,not_inst,78.18906606,North,direct,36.0,0.03455149382352829
cf,nopre,type1,p1,l1,nopc,nob/c,286500,360.0,neg_amm,not_int,not_lpsm,318000.0,sb,pr,home,1U,6960.0,CRIF,807,CIB,to_inst,90.09433962,North,direct,44.0,0.3415384590625763
cf,nopre,type1,p4,l1,nopc,nob/c,336500,360.0,not_neg,not_int,not_lpsm,488000.0,sb,pr,home,1U,11580.0,CRIF,591,CIB,to_inst,68.95491803,south,direct,36.0,0.05779334530234337
cf,nopre,type1,p4,l1,nopc,nob/c,156500,180.0,not_neg,not_int,not_lpsm,198000.0,sb,pr,home,1U,7920.0,CIB,807,EXP,to_inst,79.04040404,North,direct,37.0,0.06420404464006424
cf,nopre,type2,p1,l2,nopc,b/c,246500,360.0,not_neg,not_int,not_lpsm,248000.0,sb,pr,home,1U,3300.0,CRIF,884,CIB,to_inst,99.39516129,south,direct,53.0,0.06766917556524277
cf,nopre,type1,p3,l1,nopc,nob/c,106500,360.0,not_neg,not_int,not_lpsm,138000.0,sb,pr,home,1U,1560.0,CIB,631,CIB,to_inst,77.17391304,south,direct,39.0,0.14369073510169983
cf,nopre,type1,p3,l2,nopc,nob/c,246500,360.0,not_neg,not_int,not_lpsm,328000.0,sb,pr,home,1U,5220.0,CIB,858,CIB,to_inst,75.15243902,south,direct,45.0,0.06420404464006424
,nopre,type2,p1,l1,nopc,b/c,176500,360.0,not_neg,not_int,not_lpsm,178000.0,sb,pr,home,1U,4260.0,CIB,609,EXP,to_inst,99.15730337,central,direct,50.0,0.19203747808933258
cf,pre,type3,p1,l1,nopc,nob/c,516500,360.0,not_neg,not_int,not_lpsm,528000.0,sb,pr,home,1U,4740.0,CIB,713,CIB,to_inst,97.8219697,North,direct,49.0,0.059588298201560974
cf,nopre,type2,p3,l2,nopc,b/c,276500,360.0,not_neg,not_int,not_lpsm,318000.0,sb,pr,home,1U,9780.0,EXP,615,EXP,to_inst,86.94968553,North,direct,48.0,0.11089865863323212
cf,nopre,type1,p4,l1,nopc,nob/c,236500,180.0,not_neg,not_int,not_lpsm,608000.0,sb,pr,home,1U,6240.0,EXP,870,CIB,not_inst,38.89802632,south,direct,21.0,0.04065827652812004
cf,nopre,type1,p3,l1,nopc,nob/c,486500,360.0,not_neg,not_int,not_lpsm,758000.0,sb,pr,home,1U,18120.0,EXP,521,EXP,to_inst,64.18205805,North,direct,23.0,0.0363101065158844
cf,nopre,type1,p4,l1,nopc,nob/c,356500,180.0,not_neg,not_int,not_lpsm,508000.0,sb,pr,home,1U,17460.0,CIB,671,CIB,not_inst,70.17716535,south,direct,7.0,0.03455149382352829
cf,nopre,type1,p3,l1,nopc,nob/c,256500,360.0,not_neg,not_int,not_lpsm,608000.0,sb,pr,home,1U,4920.0,EXP,657,CIB,to_inst,42.1875,south,direct,29.0,0.0861159935593605
cf,nopre,type1,p3,l1,nopc,nob/c,266500,348.0,not_neg,not_int,not_lpsm,388000.0,sb,pr,home,1U,6600.0,CIB,653,EXP,to_inst,68.68556701,south,direct,26.0,0.0363101065158844
cf,nopre,type1,p4,l1,nopc,nob/c,686500,360.0,not_neg,not_int,not_lpsm,1008000.0,sb,pr,home,1U,12060.0,EXP,643,EXP,to_inst,68.10515873,south,direct,38.0,0.059588298201560974
cf,nopre,type1,p4,l1,nopc,nob/c,576500,360.0,not_neg,not_int,not_lpsm,828000.0,sb,pr,home,1U,7380.0,EXP,696,EXP,not_inst,69.62560386,North,direct,45.0,0.03455149382352829
cf,nopre,type2,p3,l2,nopc,b/c,216500,360.0,not_neg,not_int,not_lpsm,278000.0,sb,pr,home,1U,3420.0,CRIF,876,EXP,to_inst,77.87769784,south,direct,40.0,0.11089865863323212
cf,nopre,type3,p3,l1,nopc,nob/c,316500,360.0,not_neg,not_int,not_lpsm,318000.0,sb,pr,home,1U,7740.0,CRIF,550,CIB,to_inst,99.52830189,south,direct,30.0,0.14369073510169983
cf,pre,type1,p4,l1,nopc,nob/c,416500,360.0,not_neg,not_int,not_lpsm,538000.0,sb,pr,home,1U,8040.0,CIB,621,EXP,to_inst,77.41635688,North,direct,46.0,0.0861159935593605
cf,nopre,type3,p3,l2,nopc,nob/c,156500,300.0,not_neg,not_int,not_lpsm,248000.0,sb,pr,home,1U,2940.0,CIB,640,CIB,to_inst,63.10483871,south,direct,40.0,0.059588298201560974
cf,nopre,type1,p4,l1,nopc,nob/c,376500,180.0,neg_amm,not_int,not_lpsm,658000.0,sb,pr,home,1U,7560.0,CIB,741,CIB,to_inst,57.21884498,south,direct,37.0,0.1839258074760437
cf,nopre,type2,p1,l1,nopc,b/c,156500,360.0,not_neg,not_int,not_lpsm,158000.0,sb,pr,home,1U,3360.0,EXP,863,CIB,to_inst,99.05063291,south,direct,25.0,0.3415384590625763
cf,nopre,type1,p4,l1,nopc,nob/c,586500,360.0,not_neg,not_int,not_lpsm,658000.0,sb,pr,home,1U,7680.0,EXP,847,EXP,not_inst,89.1337386,North,direct,45.0,0.059588298201560974
cf,nopre,type2,p3,l1,nopc,b/c,196500,360.0,not_neg,not_int,not_lpsm,228000.0,sb,pr,home,1U,2640.0,CIB,696,EXP,to_inst,86.18421053,south,direct,48.0,0.19203747808933258
cf,nopre,type1,p4,l1,nopc,nob/c,316500,360.0,neg_amm,not_int,not_lpsm,418000.0,sb,pr,home,1U,10560.0,CIB,590,EXP,to_inst,75.71770335,south,direct,45.0,0.1839258074760437
cf,nopre,type1,p4,l1,nopc,nob/c,676500,324.0,neg_amm,not_int,not_lpsm,898000.0,sb,pr,home,1U,9780.0,CRIF,748,EXP,not_inst,75.33407572,North,direct,37.0,0.10782501846551895
cf,nopre,type1,p4,l1,nopc,nob/c,686500,360.0,not_neg,not_int,not_lpsm,928000.0,sb,pr,home,1U,8520.0,CIB,595,CIB,not_inst,73.9762931,south,direct,44.0,0.03455149382352829
cf,nopre,type3,p3,l1,nopc,nob/c,326500,360.0,neg_amm,not_int,not_lpsm,368000.0,sb,pr,home,1U,6000.0,CIB,545,EXP,to_inst,88.72282609,North,direct,22.0,0.27710843086242676
cf,nopre,type1,p4,l1,nopc,nob/c,256500,360.0,not_neg,not_int,not_lpsm,428000.0,sb,pr,home,1U,4620.0,CRIF,572,CIB,to_inst,59.92990654,south,direct,38.0,0.0861159935593605
cf,nopre,type1,p4,l1,nopc,nob/c,456500,360.0,not_neg,not_int,not_lpsm,768000.0,sb,pr,home,1U,11520.0,CIB,690,EXP,not_inst,59.44010417,south,direct,47.0,0.03455149382352829
,nopre,type1,p3,l1,nopc,nob/c,446500,360.0,not_neg,not_int,not_lpsm,858000.0,sb,pr,home,2U,4320.0,CIB,765,CIB,not_inst,52.03962704,North,direct,46.0,0.11089865863323212
cf,nopre,type1,p3,l1,nopc,nob/c,176500,240.0,not_neg,not_int,not_lpsm,228000.0,sb,pr,home,1U,7800.0,EXP,869,EXP,to_inst,77.4122807,south,direct,9.0,0.06420404464006424
cf,nopre,type2,p1,l1,nopc,b/c,236500,360.0,not_neg,not_int,not_lpsm,238000.0,sb,pr,home,1U,4200.0,EXP,555,EXP,to_inst,99.3697479,North,direct,46.0,0.16867469251155853
cf,nopre,type1,p2,l1,nopc,nob/c,156500,180.0,not_neg,not_int,not_lpsm,558000.0,sb,ir,home,1U,3420.0,CIB,748,CIB,to_inst,28.04659498,south,direct,38.0,0.14369073510169983
cf,nopre,type2,p1,l1,nopc,b/c,176500,360.0,not_neg,not_int,not_lpsm,178000.0,sb,pr,home,1U,2400.0,CRIF,667,CIB,to_inst,99.15730337,North,direct,47.0,0.1839258074760437
cf,pre,type1,p3,l1,nopc,nob/c,296500,240.0,not_neg,not_int,not_lpsm,418000.0,sb,pr,home,1U,4740.0,CIB,762,EXP,to_inst,70.93301435,south,direct,42.0,0.055727552622556686
cf,pre,type1,p1,l1,nopc,nob/c,206500,360.0,not_neg,not_int,not_lpsm,798000.0,sb,pr,home,1U,8880.0,CRIF,562,EXP,to_inst,25.87719298,south,direct,16.0,0.04065827652812004
cf,nopre,type1,p1,l1,nopc,nob/c,116500,180.0,not_neg,not_int,not_lpsm,168000.0,sb,sr,home,1U,5940.0,EXP,555,EXP,to_inst,69.3452381,North,direct,50.0,0.6666666865348816
cf,nopre,type1,p3,l1,nopc,nob/c,436500,360.0,not_neg,not_int,not_lpsm,658000.0,sb,pr,home,1U,12180.0,EXP,613,EXP,not_inst,66.33738602,North,direct,13.0,0.03455149382352829
cf,nopre,type1,p3,l1,nopc,nob/c,446500,360.0,neg_amm,not_int,not_lpsm,838000.0,sb,pr,home,1U,13740.0,EXP,816,CIB,to_inst,53.28162291,North,direct,20.0,0.14369073510169983
cf,nopre,type1,p4,l1,nopc,nob/c,176500,360.0,not_neg,int_only,not_lpsm,218000.0,sb,pr,home,1U,4440.0,CIB,519,EXP,to_inst,80.96330275,central,direct,37.0,0.14369073510169983
cf,pre,type1,p4,l1,nopc,nob/c,96500,240.0,not_neg,not_int,not_lpsm,168000.0,sb,pr,home,1U,5940.0,CIB,821,CIB,to_inst,57.44047619,North,direct,11.0,0.06766917556524277
,nopre,type1,p3,l1,nopc,nob/c,186500,132.0,not_neg,not_int,not_lpsm,348000.0,sb,pr,home,1U,6600.0,CRIF,705,EXP,not_inst,53.59195402,North,direct,37.0,0.03435804694890976
cf,nopre,type2,p3,l1,nopc,b/c,186500,360.0,not_neg,not_int,not_lpsm,258000.0,sb,pr,home,1U,3180.0,CIB,783,CIB,to_inst,72.28682171,south,direct,49.0,0.1839258074760437
cf,pre,type1,p1,l1,nopc,nob/c,206500,360.0,not_neg,not_int,not_lpsm,608000.0,sb,pr,home,1U,13620.0,CIB,823,EXP,to_inst,33.96381579,south,direct,16.0,0.055727552622556686
cf,nopre,type1,p3,l1,nopc,nob/c,156500,180.0,not_neg,not_int,not_lpsm,378000.0,sb,pr,home,1U,2640.0,CIB,827,CIB,not_inst,41.4021164,central,direct,47.0,0.11089865863323212
cf,nopre,type1,p4,l1,nopc,nob/c,446500,360.0,neg_amm,not_int,not_lpsm,558000.0,sb,pr,home,1U,5760.0,CRIF,617,EXP,to_inst,80.01792115,North,direct,45.0,0.19203747808933258
,nopre,type1,p3,l1,nopc,nob/c,296500,360.0,not_neg,not_int,not_lpsm,658000.0,sb,pr,home,1U,4860.0,EXP,756,CIB,to_inst,45.06079027,North,direct,42.0,0.06420404464006424
cf,nopre,type1,p3,l1,nopc,nob/c,326500,300.0,not_neg,int_only,not_lpsm,498000.0,sb,pr,home,1U,7680.0,CIB,509,CIB,to_inst,65.562249,North,direct,35.0,0.10144927352666855
cf,nopre,type1,p3,l1,nopc,nob/c,426500,360.0,not_neg,not_int,not_lpsm,608000.0,sb,pr,home,1U,5460.0,EXP,679,EXP,not_inst,70.14802632,North,direct,45.0,0.03455149382352829
cf,nopre,type1,p2,l1,nopc,nob/c,206500,360.0,not_neg,not_int,not_lpsm,428000.0,sb,ir,home,1U,18480.0,CIB,750,EXP,not_inst,48.24766355,North,direct,42.0,0.05779334530234337
cf,nopre,type1,p4,l1,nopc,nob/c,476500,360.0,not_neg,not_int,not_lpsm,808000.0,sb,pr,home,1U,7560.0,CIB,596,CIB,to_inst,58.97277228,south,direct,45.0,0.0861159935593605
cf,nopre,type1,p4,l1,nopc,nob/c,486500,360.0,not_neg,not_int,not_lpsm,678000.0,sb,pr,home,1U,8940.0,CIB,725,CIB,not_inst,71.75516224,south,direct,21.0,0.03435804694890976
cf,nopre,type2,p3,l2,nopc,b/c,236500,300.0,neg_amm,not_int,not_lpsm,268000.0,sb,pr,home,1U,2820.0,EXP,779,EXP,not_inst,88.24626866,North,direct,59.0,0.9899497628211975
cf,nopre,type1,p3,l1,nopc,nob/c,176500,360.0,not_neg,not_int,not_lpsm,248000.0,sb,pr,home,1U,5040.0,CIB,689,CIB,to_inst,71.16935484,south,direct,36.0,0.06420404464006424
cf,nopre,type1,p4,l1,nopc,nob/c,346500,180.0,not_neg,not_int,not_lpsm,758000.0,sb,pr,home,1U,10620.0,CRIF,814,CIB,to_inst,45.71240106,North,direct,36.0,0.06420404464006424
cf,nopre,type2,p1,l1,nopc,b/c,346500,360.0,not_neg,not_int,not_lpsm,358000.0,sb,pr,home,1U,7560.0,CRIF,558,EXP,not_inst,96.7877095,south,direct,44.0,0.0861159935593605
cf,nopre,type1,p1,l1,nopc,nob/c,316500,360.0,not_neg,not_int,not_lpsm,398000.0,sb,pr,home,1U,3780.0,EXP,639,CIB,to_inst,79.52261307,south,direct,44.0,0.11089865863323212
cf,pre,type1,p1,l1,nopc,nob/c,226500,180.0,not_neg,not_int,not_lpsm,338000.0,sb,pr,home,1U,8520.0,CIB,629,CIB,to_inst,67.01183432,North,direct,21.0,0.03455149382352829
cf,nopre,type1,p4,l2,nopc,nob/c,556500,360.0,not_neg,not_int,not_lpsm,668000.0,sb,pr,home,1U,8400.0,EXP,715,CIB,not_inst,83.30838323,North,direct,59.0,0.8414633870124817
cf,nopre,type2,p3,l1,nopc,b/c,156500,360.0,not_neg,not_int,not_lpsm,198000.0,sb,pr,home,1U,3120.0,CIB,741,CIB,to_inst,79.04040404,central,direct,45.0,0.16867469251155853
cf,nopre,type1,p4,l1,nopc,nob/c,116500,324.0,not_neg,not_int,not_lpsm,208000.0,sb,pr,home,1U,1500.0,CIB,890,CIB,to_inst,56.00961538,south,direct,51.0,0.6666666865348816
cf,nopre,type1,p4,l1,nopc,nob/c,266500,300.0,not_neg,not_int,not_lpsm,328000.0,sb,pr,home,1U,5880.0,CRIF,855,CIB,to_inst,81.25,south,direct,60.0,0.7435897588729858
cf,nopre,type1,p3,l1,nopc,nob/c,436500,240.0,not_neg,not_int,not_lpsm,578000.0,sb,pr,home,1U,10500.0,EXP,856,EXP,to_inst,75.51903114,south,direct,35.0,0.059588298201560974
cf,nopre,type1,p3,l1,nopc,nob/c,106500,204.0,not_neg,not_int,not_lpsm,248000.0,sb,pr,home,1U,3600.0,CIB,640,EXP,to_inst,42.94354839,North,direct,23.0,0.05779334530234337
cf,pre,type1,p4,l1,nopc,nob/c,526500,360.0,not_neg,not_int,not_lpsm,708000.0,sb,pr,home,1U,11880.0,CRIF,681,EXP,not_inst,74.36440678,North,direct,22.0,0.02139037474989891
cf,nopre,type1,p1,l1,nopc,nob/c,726500,360.0,not_neg,not_int,not_lpsm,828000.0,sb,pr,home,1U,12480.0,CIB,887,CIB,not_inst,87.74154589,North,direct,37.0,0.03455149382352829
cf,nopre,type3,p3,l1,nopc,nob/c,126500,360.0,not_neg,not_int,not_lpsm,188000.0,sb,pr,home,1U,2280.0,CRIF,788,CIB,to_inst,67.28723404,North,direct,42.0,0.11089865863323212
cf,nopre,type1,p4,l2,nopc,nob/c,656500,360.0,not_neg,not_int,not_lpsm,878000.0,sb,pr,home,1U,9000.0,CRIF,740,CIB,not_inst,74.77220957,south,direct,39.0,0.0363101065158844
cf,nopre,type1,p4,l1,nopc,nob/c,176500,360.0,not_neg,not_int,not_lpsm,298000.0,sb,pr,home,1U,9420.0,EXP,687,EXP,to_inst,59.22818792,North,direct,13.0,0.03455149382352829
,nopre,type1,p1,l1,nopc,nob/c,556500,360.0,not_neg,not_int,not_lpsm,1378000.0,sb,pr,home,1U,20880.0,CRIF,768,EXP,not_inst,40.38461538,south,direct,41.0,0.02772643230855465
cf,nopre,type1,p3,l1,nopc,nob/c,136500,360.0,not_neg,not_int,not_lpsm,198000.0,sb,pr,home,1U,5700.0,CIB,858,EXP,to_inst,68.93939394,south,direct,22.0,0.04065827652812004
cf,nopre,type1,p4,l1,nopc,nob/c,336500,360.0,not_neg,int_only,not_lpsm,418000.0,sb,pr,home,1U,3840.0,CRIF,599,CIB,not_inst,80.50239234,south,direct,46.0,0.10782501846551895
cf,nopre,type1,p3,l1,nopc,nob/c,326500,324.0,neg_amm,int_only,not_lpsm,388000.0,sb,pr,home,1U,3060.0,EXP,682,CIB,to_inst,84.14948454,south,direct,59.0,0.9253731369972229
cf,nopre,type2,p3,l1,nopc,b/c,166500,360.0,not_neg,not_int,not_lpsm,228000.0,sb,pr,home,1U,2760.0,CIB,564,CIB,to_inst,73.02631579,North,direct,44.0,0.14369073510169983
cf,pre,type2,p4,l1,nopc,b/c,296500,360.0,not_neg,not_int,not_lpsm,298000.0,sb,pr,home,1U,9660.0,EXP,636,CIB,not_inst,99.4966443,central,direct,13.0,0.24460431933403015
cf,nopre,type1,p4,l1,nopc,nob/c,586500,360.0,not_neg,not_int,not_lpsm,788000.0,sb,pr,home,1U,9900.0,CIB,528,CIB,not_inst,74.42893401,North,direct,38.0,0.02772643230855465
cf,nopre,type2,p1,l1,nopc,b/c,166500,360.0,not_neg,not_int,not_lpsm,168000.0,sb,pr,home,1U,3120.0,CRIF,531,CIB,to_inst,99.10714286,North,direct,24.0,0.3415384590625763
cf,pre,type2,p1,l1,nopc,b/c,386500,360.0,not_neg,not_int,not_lpsm,398000.0,sb,pr,home,1U,7020.0,EXP,641,EXP,to_inst,97.11055276,central,direct,21.0,0.11089865863323212
cf,nopre,type1,p3,l2,nopc,nob/c,156500,360.0,not_neg,not_int,not_lpsm,218000.0,sb,ir,home,1U,5280.0,CRIF,709,EXP,to_inst,71.78899083,North,direct,47.0,0.059588298201560974
cf,nopre,type1,p4,l1,nopc,nob/c,586500,360.0,not_neg,not_int,not_lpsm,878000.0,sb,pr,home,2U,6420.0,EXP,617,EXP,not_inst,66.79954442,North,direct,48.0,0.10782501846551895
cf,nopre,type1,p3,l1,nopc,nob/c,106500,240.0,not_neg,not_int,not_lpsm,298000.0,sb,pr,home,1U,2940.0,CIB,594,CIB,to_inst,35.73825503,North,direct,23.0,0.059588298201560974
cf,nopre,type1,p3,l1,nopc,nob/c,126500,360.0,not_neg,not_int,not_lpsm,228000.0,sb,pr,home,1U,5700.0,CIB,807,CIB,to_inst,55.48245614,south,direct,61.0,0.6186440587043762
cf,nopre,type1,p4,l1,nopc,nob/c,216500,240.0,not_neg,not_int,not_lpsm,288000.0,sb,pr,home,1U,4740.0,EXP,579,EXP,to_inst,75.17361111,North,direct,34.0,0.059588298201560974
ncf,nopre,type1,p3,l1,nopc,nob/c,806500,360.0,not_neg,not_int,lpsm,1158000.0,sb,pr,home,1U,23220.0,CIB,874,EXP,to_inst,69.64594128,North,direct,38.0,0.7596899271011353
cf,pre,type1,p3,l1,nopc,nob/c,316500,360.0,not_neg,not_int,not_lpsm,1008000.0,sb,ir,home,1U,5580.0,CRIF,820,CIB,to_inst,31.39880952,south,direct,49.0,0.19203747808933258
cf,nopre,type2,p4,l1,nopc,b/c,96500,180.0,not_neg,not_int,not_lpsm,128000.0,sb,pr,home,1U,2820.0,EXP,637,CIB,to_inst,75.390625,south,direct,61.0,0.4184100329875946
,nopre,type1,p4,l1,nopc,nob/c,196500,180.0,neg_amm,not_int,not_lpsm,248000.0,sb,sr,home,1U,4440.0,EXP,701,EXP,to_inst,79.23387097,North,direct,56.0,0.9253731369972229
cf,nopre,type1,p3,l1,nopc,nob/c,306500,360.0,not_neg,not_int,not_lpsm,408000.0,sb,ir,home,1U,1980.0,CRIF,513,CIB,not_inst,75.12254902,North,direct,11.0,0.6978417038917542
cf,nopre,type2,p3,l1,nopc,b/c,126500,360.0,not_neg,not_int,not_lpsm,148000.0,sb,pr,home,1U,3000.0,CIB,726,CIB,to_inst,85.47297297,North,direct,24.0,0.17307692766189575
cf,nopre,type1,p4,l1,nopc,nob/c,116500,360.0,neg_amm,not_int,not_lpsm,418000.0,sb,pr,home,1U,240.0,EXP,868,CIB,to_inst,27.8708134,south,direct,18.0,0.9899497628211975
cf,nopre,type2,p2,l1,nopc,b/c,56500,360.0,not_neg,not_int,not_lpsm,108000.0,sb,pr,home,1U,660.0,CIB,562,CIB,to_inst,52.31481481,North-East,direct,45.0,0.6186440587043762
cf,nopre,type1,p3,l1,nopc,nob/c,596500,180.0,not_neg,not_int,not_lpsm,1408000.0,sb,pr,home,1U,8880.0,CIB,719,EXP,to_inst,42.36505682,North,direct,46.0,0.0861159935593605
,nopre,type1,p1,l1,nopc,nob/c,236500,360.0,not_neg,not_int,not_lpsm,258000.0,sb,pr,home,1U,3720.0,CRIF,574,EXP,to_inst,91.66666667,south,direct,36.0,0.14369073510169983
cf,nopre,type1,p4,l1,nopc,nob/c,486500,360.0,not_neg,not_int,not_lpsm,648000.0,sb,pr,home,1U,6300.0,CIB,511,CIB,not_inst,75.07716049,North,direct,39.0,0.02772643230855465
cf,nopre,type1,p3,l1,nopc,nob/c,426500,360.0,not_neg,not_int,not_lpsm,708000.0,sb,pr,home,1U,7560.0,EXP,770,EXP,not_inst,60.24011299,central,direct,31.0,0.03435804694890976
cf,nopre,type1,p1,l1,nopc,nob/c,336500,360.0,not_neg,not_int,not_lpsm,358000.0,sb,pr,home,1U,3540.0,CIB,682,EXP,not_inst,93.99441341,south,direct,47.0,0.06420404464006424
cf,nopre,type2,p4,l1,nopc,b/c,106500,300.0,not_neg,not_int,not_lpsm,158000.0,sb,pr,home,1U,2040.0,CIB,830,CIB,to_inst,67.40506329,North,direct,46.0,0.1839258074760437
cf,nopre,type2,p4,l1,nopc,b/c,216500,360.0,not_neg,not_int,not_lpsm,228000.0,sb,pr,home,1U,4920.0,CIB,669,CIB,not_inst,94.95614035,North,direct,48.0,0.11089865863323212
cf,nopre,type1,p1,l1,nopc,nob/c,486500,360.0,not_neg,not_int,not_lpsm,518000.0,sb,pr,home,1U,11640.0,EXP,679,EXP,to_inst,93.91891892,North,direct,25.0,0.11089865863323212
,nopre,type1,p4,l1,nopc,nob/c,256500,360.0,not_neg,not_int,not_lpsm,558000.0,sb,ir,home,1U,7620.0,CRIF,850,CIB,not_inst,45.96774194,North,direct,38.0,0.059588298201560974
cf,nopre,type1,p1,l1,nopc,nob/c,726500,360.0,not_neg,not_int,not_lpsm,828000.0,sb,pr,home,1U,11640.0,CRIF,671,CIB,not_inst,87.74154589,south,direct,21.0,0.04065827652812004
cf,pre,type1,p4,l1,nopc,nob/c,136500,180.0,not_neg,not_int,not_lpsm,148000.0,sb,pr,home,1U,6060.0,CRIF,709,CIB,to_inst,92.22972973,North,direct,36.0,0.23026315867900848
cf,nopre,type1,p4,l1,nopc,nob/c,386500,360.0,not_neg,int_only,not_lpsm,558000.0,sb,pr,home,1U,2100.0,EXP,679,CIB,to_inst,69.26523297,south,direct,49.0,0.6666666865348816
ncf,pre,type1,p4,l1,nopc,nob/c,206500,360.0,not_neg,not_int,not_lpsm,238000.0,sb,pr,home,1U,3000.0,CRIF,687,EXP,to_inst,86.76470588,North,direct,49.0,0.24460431933403015
cf,nopre,type1,p3,l1,nopc,nob/c,146500,180.0,neg_amm,not_int,not_lpsm,378000.0,sb,pr,home,1U,4020.0,CIB,866,CIB,to_inst,38.75661376,North,direct,28.0,0.24460431933403015
cf,nopre,type1,p3,l1,nopc,nob/c,366500,360.0,not_neg,not_int,not_lpsm,568000.0,sb,pr,home,1U,7500.0,EXP,683,EXP,to_inst,64.52464789,North,direct,47.0,0.06420404464006424
,nopre,type1,p4,l1,nopc,nob/c,326500,180.0,neg_amm,not_int,not_lpsm,348000.0,sb,pr,home,1U,9120.0,CIB,581,CIB,to_inst,93.82183908,south,direct,42.0,0.4184100329875946
cf,nopre,type3,p3,l1,nopc,nob/c,396500,360.0,not_neg,not_int,not_lpsm,418000.0,sb,pr,home,1U,6420.0,CRIF,895,EXP,to_inst,94.85645933,North,direct,37.0,0.11276596039533615
ncf,nopre,type1,p3,l1,nopc,nob/c,216500,360.0,not_neg,not_int,not_lpsm,458000.0,sb,pr,home,1U,6660.0,CRIF,752,CIB,not_inst,47.27074236,North,direct,29.0,0.03455149382352829
cf,nopre,type1,p3,l1,nopc,nob/c,276500,360.0,not_neg,not_int,not_lpsm,558000.0,sb,pr,home,1U,4800.0,CIB,772,EXP,not_inst,49.55197133,North,direct,36.0,0.03455149382352829
cf,nopre,type1,p4,l1,nopc,nob/c,526500,360.0,not_neg,not_int,not_lpsm,988000.0,sb,pr,home,1U,17760.0,CIB,562,CIB,not_inst,53.28947368,North,direct,30.0,0.02772643230855465
cf,pre,type1,p1,l1,nopc,nob/c,146500,360.0,not_neg,not_int,not_lpsm,188000.0,sb,pr,home,1U,2160.0,CRIF,683,CIB,to_inst,77.92553191,south,direct,43.0,0.10782501846551895
cf,nopre,type1,p3,l1,nopc,nob/c,486500,360.0,not_neg,not_int,not_lpsm,728000.0,sb,pr,home,1U,9300.0,EXP,575,EXP,not_inst,66.82692308,south,direct,42.0,0.03455149382352829
cf,nopre,type1,p4,l1,nopc,nob/c,226500,360.0,not_neg,not_int,not_lpsm,258000.0,sb,pr,home,1U,3540.0,CRIF,548,CIB,to_inst,87.79069767,south,direct,37.0,0.1839258074760437
cf,nopre,type1,p4,l1,nopc,nob/c,236500,360.0,not_neg,not_int,not_lpsm,298000.0,sb,pr,home,1U,3480.0,CIB,546,CIB,to_inst,79.36241611,North,direct,39.0,0.0861159935593605
cf,nopre,type1,p3,l1,nopc,nob/c,176500,360.0,not_neg,not_int,not_lpsm,228000.0,sb,pr,home,1U,4320.0,CIB,526,EXP,to_inst,77.4122807,south,direct,37.0,0.10782501846551895
cf,nopre,type1,p1,l1,nopc,nob/c,326500,360.0,not_neg,not_int,not_lpsm,448000.0,sb,ir,home,1U,11340.0,EXP,727,EXP,not_inst,72.87946429,central,direct,35.0,0.059588298201560974
cf,nopre,type1,p4,l1,nopc,nob/c,226500,360.0,not_neg,not_int,not_lpsm,648000.0,sb,ir,home,1U,7620.0,CIB,831,CIB,to_inst,34.9537037,south,direct,47.0,0.1839258074760437
cf,nopre,type1,p3,l1,nopc,nob/c,386500,180.0,not_neg,not_int,not_lpsm,758000.0,sb,pr,home,1U,8700.0,CIB,885,EXP,to_inst,50.98944591,south,direct,48.0,0.10782501846551895
cf,nopre,type1,p1,l1,nopc,nob/c,286500,360.0,not_neg,not_int,not_lpsm,298000.0,sb,pr,home,1U,8280.0,EXP,769,CIB,to_inst,96.1409396,central,direct,49.0,0.24460431933403015
cf,nopre,type1,p3,l1,nopc,nob/c,156500,360.0,neg_amm,not_int,not_lpsm,228000.0,sb,pr,home,1U,780.0,CIB,690,CIB,to_inst,68.64035088,North,direct,8.0,0.9899497628211975
cf,pre,type1,p3,l1,nopc,nob/c,146500,132.0,not_neg,not_int,not_lpsm,328000.0,sb,pr,home,1U,5880.0,CRIF,599,EXP,to_inst,44.66463415,North,direct,27.0,0.0363101065158844
cf,nopre,type2,p3,l1,nopc,b/c,76500,180.0,not_neg,not_int,not_lpsm,118000.0,sb,pr,home,1U,2820.0,CIB,637,EXP,to_inst,64.83050847,North,direct,46.0,0.11276596039533615
cf,nopre,type1,p4,l1,nopc,nob/c,306500,360.0,not_neg,not_int,not_lpsm,388000.0,sb,pr,home,1U,4260.0,CRIF,838,CIB,to_inst,78.99484536,south,direct,44.0,0.11089865863323212
cf,nopre,type2,p3,l2,nopc,b/c,286500,360.0,not_neg,not_int,not_lpsm,338000.0,sb,pr,home,1U,3840.0,EXP,865,CIB,to_inst,84.76331361,south,direct,56.0,0.14369073510169983
cf,nopre,type2,p4,l1,nopc,b/c,646500,360.0,not_neg,not_int,not_lpsm,678000.0,sb,pr,home,1U,9060.0,CRIF,689,CIB,not_inst,95.3539823,North,direct,56.0,0.3913043439388275
cf,pre,type1,p1,l1,nopc,nob/c,326500,240.0,not_neg,not_int,not_lpsm,408000.0,sb,sr,home,1U,19140.0,CRIF,700,EXP,to_inst,80.0245098,North,direct,21.0,0.03455149382352829
cf,pre,type1,p1,l1,nopc,nob/c,346500,360.0,neg_amm,not_int,not_lpsm,438000.0,sb,pr,home,1U,7260.0,EXP,596,CIB,to_inst,79.10958904,south,direct,23.0,0.05000000074505806
cf,pre,type2,p1,l1,nopc,b/c,246500,360.0,not_neg,not_int,not_lpsm,248000.0,sb,pr,home,2U,4500.0,CRIF,744,EXP,to_inst,99.39516129,North,direct,36.0,0.11089865863323212
ncf,nopre,type1,p3,l1,nopc,nob/c,646500,360.0,not_neg,not_int,not_lpsm,918000.0,sb,pr,home,1U,9300.0,CRIF,577,EXP,to_inst,70.4248366,North,direct,44.0,0.14369073510169983
cf,nopre,type1,p1,l1,nopc,nob/c,456500,360.0,not_neg,not_int,not_lpsm,908000.0,sb,pr,home,1U,5640.0,EXP,575,CIB,not_inst,50.2753304,south,direct,44.0,0.04065827652812004
cf,nopre,type1,p2,l1,nopc,nob/c,266500,324.0,neg_amm,not_int,not_lpsm,528000.0,sb,pr,home,1U,11700.0,CRIF,898,CIB,to_inst,50.47348485,North,direct,49.0,0.24460431933403015
cf,pre,type1,p1,l1,nopc,nob/c,216500,360.0,not_neg,not_int,not_lpsm,228000.0,sb,pr,home,1U,5820.0,EXP,653,CIB,to_inst,94.95614035,south,direct,34.0,0.059588298201560974
cf,nopre,type1,p3,l1,nopc,nob/c,676500,360.0,not_neg,not_int,not_lpsm,778000.0,sb,pr,home,1U,9180.0,CIB,833,CIB,to_inst,86.95372751,North,direct,25.0,0.6186440587043762
cf,nopre,type1,p4,l1,nopc,nob/c,306500,360.0,not_neg,not_int,not_lpsm,368000.0,sb,pr,home,1U,4140.0,CIB,883,EXP,to_inst,83.28804348,south,direct,52.0,0.7843137383460999
cf,nopre,type1,p4,l1,nopc,nob/c,446500,180.0,not_neg,not_int,not_lpsm,588000.0,sb,pr,home,1U,18180.0,CIB,683,EXP,to_inst,75.93537415,North,direct,14.0,0.0363101065158844
ncf,nopre,type1,p1,l1,nopc,nob/c,806500,360.0,not_neg,not_int,not_lpsm,1208000.0,sb,pr,home,1U,22440.0,CIB,884,EXP,not_inst,66.76324503,North,direct,39.0,0.11089865863323212
cf,nopre,type1,p4,l1,nopc,nob/c,456500,360.0,not_neg,not_int,not_lpsm,528000.0,sb,pr,home,1U,4620.0,EXP,791,CIB,not_inst,86.45833333,North,direct,45.0,0.06420404464006424
cf,nopre,type1,p4,l1,nopc,nob/c,406500,360.0,not_neg,not_int,not_lpsm,548000.0,sb,pr,home,1U,10080.0,EXP,735,EXP,to_inst,74.17883212,south,direct,39.0,0.05779334530234337
cf,nopre,type1,p3,l2,nopc,nob/c,486500,300.0,neg_amm,not_int,not_lpsm,758000.0,sb,pr,home,1U,8040.0,EXP,532,EXP,not_inst,64.18205805,south,direct,32.0,0.9253731369972229
cf,nopre,type1,p1,l1,nopc,nob/c,336500,360.0,not_neg,not_int,not_lpsm,358000.0,sb,pr,home,1U,7200.0,CIB,750,CIB,to_inst,93.99441341,south,direct,49.0,0.19203747808933258
cf,nopre,type1,p3,l1,nopc,nob/c,166500,360.0,not_neg,not_int,not_lpsm,318000.0,sb,pr,home,1U,5040.0,CIB,757,CIB,to_inst,52.35849057,south,direct,30.0,0.059588298201560974
cf,nopre,type1,p4,l1,nopc,nob/c,176500,360.0,not_neg,not_int,not_lpsm,278000.0,sb,pr,home,1U,6120.0,CRIF,664,EXP,to_inst,63.48920863,south,direct,23.0,0.055727552622556686
cf,pre,type1,p1,l1,nopc,nob/c,216500,360.0,not_neg,not_int,not_lpsm,238000.0,sb,pr,home,1U,2460.0,EXP,768,CIB,to_inst,90.96638655,south,direct,48.0,0.0861159935593605
cf,nopre,type2,p3,l1,nopc,b/c,106500,360.0,not_neg,not_int,lpsm,128000.0,sb,pr,home,1U,1800.0,CRIF,527,CIB,to_inst,83.203125,North,direct,44.0,0.6978417038917542
cf,nopre,type1,p3,l1,nopc,nob/c,106500,180.0,not_neg,not_int,not_lpsm,308000.0,sb,pr,home,1U,2940.0,CIB,705,CIB,to_inst,34.57792208,North,direct,36.0,0.0861159935593605
cf,nopre,type1,p3,l1,nopc,nob/c,466500,360.0,not_neg,not_int,not_lpsm,698000.0,sb,pr,home,1U,9240.0,CRIF,697,CIB,to_inst,66.83381089,south,direct,35.0,0.0861159935593605
cf,nopre,type1,p3,l2,opc,nob/c,106500,360.0,not_neg,int_only,not_lpsm,768000.0,sb,pr,home,1U,7320.0,CRIF,538,EXP,to_inst,13.8671875,south,direct,36.0,0.02772643230855465
cf,nopre,type1,p3,l1,nopc,nob/c,666500,360.0,not_neg,not_int,lpsm,948000.0,sb,ir,home,4U,18840.0,EXP,540,EXP,not_inst,70.30590717,North,direct,48.0,0.44999998807907104
cf,nopre,type1,p1,l1,nopc,nob/c,66500,360.0,not_neg,not_int,not_lpsm,168000.0,sb,pr,home,1U,1980.0,CIB,515,CIB,to_inst,39.58333333,south,direct,36.0,0.14369073510169983
cf,nopre,type1,p4,l1,nopc,nob/c,236500,180.0,not_neg,not_int,not_lpsm,388000.0,sb,pr,home,1U,13080.0,EXP,828,CIB,to_inst,60.95360825,south,direct,10.0,0.0861159935593605
cf,,type1,p4,l1,nopc,nob/c,646500,360.0,not_neg,not_int,not_lpsm,738000.0,sb,pr,home,1U,10020.0,CRIF,567,EXP,not_inst,87.60162602,south,direct,41.0,0.0363101065158844
cf,pre,type1,p1,l1,nopc,nob/c,286500,360.0,not_neg,not_int,not_lpsm,358000.0,sb,pr,home,1U,5460.0,CRIF,643,CIB,to_inst,80.02793296,North,direct,22.0,0.05779334530234337
cf,nopre,type1,p4,l1,nopc,nob/c,556500,360.0,not_neg,not_int,not_lpsm,1088000.0,sb,pr,home,1U,13380.0,EXP,585,EXP,not_inst,51.14889706,North,direct,22.0,0.03435804694890976
cf,pre,type1,p4,l1,nopc,nob/c,446500,360.0,not_neg,not_int,not_lpsm,858000.0,sb,sr,home,1U,13500.0,CIB,899,CIB,not_inst,52.03962704,North,direct,13.0,0.10782501846551895
cf,nopre,type1,p4,l1,nopc,nob/c,496500,360.0,not_neg,not_int,not_lpsm,558000.0,sb,pr,home,1U,8640.0,CIB,659,CIB,to_inst,88.97849462,south,direct,43.0,0.23026315867900848
cf,nopre,type1,p3,l1,nopc,nob/c,406500,336.0,not_neg,not_int,not_lpsm,578000.0,sb,pr,home,1U,6000.0,CIB,771,CIB,to_inst,70.32871972,south,direct,39.0,0.06420404464006424
cf,pre,type2,p3,l1,nopc,b/c,446500,360.0,not_neg,not_int,not_lpsm,568000.0,sb,pr,home,1U,8280.0,CRIF,670,EXP,not_inst,78.60915493,North,direct,42.0,0.06420404464006424
cf,nopre,type1,p3,l1,nopc,nob/c,246500,360.0,neg_amm,not_int,not_lpsm,308000.0,sb,pr,home,1U,2220.0,EXP,688,CIB,to_inst,80.03246753,North,direct,40.0,0.4883720874786377
cf,nopre,type2,p3,l1,nopc,b/c,106500,360.0,not_neg,not_int,not_lpsm,118000.0,sb,pr,home,1U,5100.0,CRIF,803,EXP,to_inst,90.25423729,North,direct,39.0,0.4184100329875946
cf,pre,type1,p1,l2,nopc,nob/c,116500,360.0,not_neg,not_int,not_lpsm,128000.0,sb,pr,home,1U,3000.0,EXP,725,EXP,to_inst,91.015625,North,direct,29.0,0.03455149382352829
cf,nopre,type1,p4,l1,nopc,nob/c,226500,324.0,not_neg,not_int,not_lpsm,348000.0,sb,pr,home,1U,5400.0,CIB,772,CIB,to_inst,65.0862069,south,direct,41.0,0.059588298201560974
cf,nopre,type2,p1,l1,nopc,b/c,96500,360.0,not_neg,int_only,not_lpsm,98000.0,sb,pr,home,1U,2160.0,CIB,719,CIB,to_inst,98.46938776,North,direct,39.0,0.1839258074760437
cf,nopre,type1,p3,l1,nopc,nob/c,726500,180.0,not_neg,not_int,not_lpsm,1298000.0,sb,pr,home,1U,41700.0,EXP,503,EXP,not_inst,55.97072419,south,direct,6.0,0.03455149382352829
cf,nopre,type1,p4,l2,nopc,nob/c,206500,360.0,not_neg,not_int,not_lpsm,358000.0,sb,pr,home,1U,2580.0,CIB,528,CIB,to_inst,57.68156425,North,direct,31.0,0.11089865863323212
cf,pre,type2,p3,l1,nopc,b/c,126500,300.0,not_neg,not_int,not_lpsm,88000.0,sb,pr,home,1U,1740.0,EXP,733,CIB,to_inst,143.75,North,direct,36.0,0.9899497628211975
cf,nopre,type1,p4,l1,nopc,nob/c,356500,360.0,not_neg,not_int,not_lpsm,538000.0,sb,pr,home,1U,4920.0,EXP,669,CIB,to_inst,66.26394052,North,direct,49.0,0.10782501846551895
cf,nopre,type2,p3,l1,nopc,b/c,126500,180.0,not_neg,not_int,not_lpsm,158000.0,sb,pr,home,1U,3720.0,CIB,610,CIB,to_inst,80.06329114,south,direct,30.0,0.14369073510169983
cf,nopre,type1,p3,l1,nopc,nob/c,126500,360.0,not_neg,not_int,not_lpsm,188000.0,sb,pr,home,1U,1920.0,CIB,505,CIB,to_inst,67.28723404,North,direct,38.0,0.0861159935593605
cf,nopre,type1,p3,l1,nopc,nob/c,226500,360.0,not_neg,not_int,not_lpsm,288000.0,sb,pr,home,1U,6180.0,CIB,627,CIB,not_inst,78.64583333,North,direct,29.0,0.03455149382352829
cf,nopre,type1,p4,l1,nopc,nob/c,726500,360.0,not_neg,not_int,not_lpsm,2078000.0,sb,pr,home,1U,16740.0,CIB,581,EXP,not_inst,34.96150144,south,direct,37.0,0.03435804694890976
cf,nopre,type1,p4,l1,nopc,nob/c,316500,360.0,not_neg,not_int,not_lpsm,408000.0,sb,pr,home,1U,8520.0,CRIF,801,CIB,not_inst,77.57352941,North,direct,46.0,0.0363101065158844
cf,nopre,type1,p3,l1,nopc,nob/c,116500,180.0,not_neg,not_int,not_lpsm,168000.0,sb,pr,home,1U,4680.0,CIB,878,CIB,to_inst,69.3452381,North,direct,44.0,0.0861159935593605
cf,nopre,type1,p1,l1,nopc,nob/c,526500,360.0,not_neg,not_int,not_lpsm,618000.0,sb,pr,home,1U,5100.0,CIB,820,CIB,not_inst,85.19417476,North,direct,45.0,0.04065827652812004
cf,nopre,type1,p3,l1,nopc,nob/c,286500,360.0,not_neg,not_int,not_lpsm,438000.0,sb,pr,home,1U,3060.0,CRIF,822,CIB,to_inst,65.4109589,North,direct,44.0,0.10782501846551895
cf,nopre,type1,p3,l1,nopc,nob/c,256500,360.0,not_neg,not_int,not_lpsm,298000.0,sb,pr,home,1U,5400.0,CRIF,615,CIB,to_inst,86.0738255,North,direct,22.0,0.19203747808933258
,nopre,type1,p2,l1,nopc,nob/c,126500,180.0,not_neg,not_int,not_lpsm,368000.0,sb,pr,home,1U,2220.0,CRIF,575,CIB,to_inst,34.375,central,direct,47.0,0.19203747808933258
cf,nopre,type1,p4,l1,nopc,nob/c,266500,324.0,not_neg,not_int,not_lpsm,348000.0,sb,pr,home,1U,4020.0,CIB,897,CIB,to_inst,76.58045977,North,direct,32.0,0.06766917556524277
cf,pre,type1,p3,l1,nopc,nob/c,106500,360.0,not_neg,not_int,not_lpsm,148000.0,sb,pr,home,1U,2100.0,EXP,775,CIB,to_inst,71.95945946,North,direct,20.0,0.14369073510169983
cf,nopre,type1,p3,l1,nopc,nob/c,216500,360.0,not_neg,not_int,not_lpsm,368000.0,sb,pr,home,1U,8700.0,EXP,835,EXP,to_inst,58.83152174,North,direct,24.0,0.03455149382352829
cf,nopre,type1,p1,l1,nopc,nob/c,326500,360.0,not_neg,not_int,not_lpsm,348000.0,sb,pr,home,1U,4620.0,EXP,773,CIB,not_inst,93.82183908,North,direct,41.0,0.0363101065158844
cf,nopre,type1,p4,l1,nopc,nob/c,346500,180.0,not_neg,not_int,not_lpsm,368000.0,sb,pr,home,1U,7500.0,CRIF,631,EXP,to_inst,94.1576087,south,direct,48.0,0.3913043439388275
cf,nopre,type1,p1,l1,nopc,nob/c,156500,360.0,not_neg,not_int,not_lpsm,208000.0,sb,pr,home,1U,2700.0,CRIF,788,CIB,to_inst,75.24038462,North,direct,46.0,0.14369073510169983
cf,nopre,type1,p3,l1,nopc,nob/c,256500,360.0,not_neg,not_int,not_lpsm,348000.0,sb,pr,home,1U,6840.0,CRIF,587,CIB,to_inst,73.70689655,North,direct,14.0,0.11276596039533615
cf,pre,type3,p1,l1,nopc,nob/c,306500,360.0,not_neg,not_int,not_lpsm,348000.0,sb,pr,home,1U,4200.0,EXP,557,CIB,not_inst,88.07471264,central,direct,43.0,0.05779334530234337
cf,nopre,type2,p2,l1,nopc,b/c,156500,360.0,neg_amm,not_int,not_lpsm,258000.0,sb,pr,home,1U,0.0,EXP,502,CIB,to_inst,60.65891473,central,direct,6.0,0.9899497628211975
cf,nopre,type1,p3,l1,nopc,nob/c,256500,360.0,neg_amm,not_int,not_lpsm,478000.0,sb,pr,home,1U,7500.0,CIB,835,EXP,to_inst,53.66108787,south,direct,5.0,0.17307692766189575
cf,nopre,type1,p3,l1,nopc,nob/c,206500,360.0,not_neg,not_int,not_lpsm,298000.0,sb,pr,home,1U,3960.0,CIB,516,EXP,to_inst,69.29530201,North,direct,33.0,0.055727552622556686
cf,nopre,type1,p3,l1,nopc,nob/c,116500,180.0,not_neg,not_int,not_lpsm,268000.0,sb,pr,home,1U,2400.0,CRIF,541,CIB,to_inst,43.47014925,North,direct,50.0,0.6666666865348816
ncf,nopre,type3,p3,l1,nopc,nob/c,776500,360.0,not_neg,not_int,not_lpsm,868000.0,sb,pr,home,1U,5100.0,CRIF,533,EXP,not_inst,89.45852535,south,direct,59.0,0.1839258074760437
cf,nopre,type1,p1,l2,nopc,nob/c,346500,360.0,not_neg,not_int,not_lpsm,388000.0,sb,pr,home,1U,7380.0,EXP,715,EXP,not_inst,89.30412371,North,direct,29.0,0.02139037474989891
cf,nopre,type1,p3,l1,nopc,nob/c,366500,360.0,not_neg,not_int,not_lpsm,468000.0,sb,pr,home,1U,5220.0,EXP,763,CIB,not_inst,78.31196581,North,direct,38.0,0.04065827652812004
cf,nopre,type1,p3,l1,nopc,nob/c,396500,360.0,not_neg,not_int,not_lpsm,498000.0,sb,pr,home,1U,5280.0,EXP,588,EXP,not_inst,79.6184739,North,direct,40.0,0.04065827652812004
cf,nopre,type1,p3,l1,nopc,nob/c,596500,360.0,not_neg,not_int,not_lpsm,928000.0,sb,pr,home,1U,5820.0,CRIF,878,EXP,to_inst,64.27801724,south,direct,60.0,0.6666666865348816
,nopre,type1,p4,l1,nopc,nob/c,336500,360.0,not_neg,not_int,not_lpsm,448000.0,sb,ir,home,1U,4680.0,CRIF,772,EXP,to_inst,75.11160714,North,direct,41.0,0.10782501846551895
cf,nopre,type1,p4,l1,nopc,nob/c,436500,360.0,neg_amm,int_only,not_lpsm,628000.0,sb,pr,home,1U,11220.0,CIB,702,EXP,to_inst,69.50636943,south,direct,31.0,0.03435804694890976
cf,nopre,type1,p3,l1,nopc,nob/c,296500,360.0,not_neg,not_int,not_lpsm,518000.0,sb,pr,home,1U,4380.0,CIB,556,CIB,to_inst,57.23938224,central,direct,45.0,0.11089865863323212
cf,nopre,type2,p3,l1,nopc,b/c,136500,360.0,neg_amm,not_int,not_lpsm,198000.0,sb,pr,home,1U,1980.0,CRIF,794,CIB,to_inst,68.93939394,North,direct,38.0,0.4184100329875946
cf,nopre,type1,p3,l1,nopc,nob/c,176500,360.0,not_neg,not_int,not_lpsm,238000.0,sb,ir,home,1U,6360.0,EXP,676,CIB,to_inst,74.15966387,North,direct,30.0,0.10782501846551895
cf,pre,type1,p1,l1,nopc,nob/c,436500,360.0,not_neg,not_int,not_lpsm,578000.0,sb,ir,home,1U,22500.0,CIB,685,EXP,not_inst,75.51903114,south,direct,31.0,0.04065827652812004
cf,nopre,type1,p3,l1,nopc,nob/c,86500,240.0,not_neg,int_only,not_lpsm,158000.0,sb,pr,home,1U,1440.0,CRIF,782,CIB,to_inst,54.74683544,North,direct,39.0,0.11089865863323212
cf,,type2,p3,l1,nopc,b/c,326500,360.0,not_neg,not_int,not_lpsm,418000.0,sb,pr,home,1U,5580.0,CIB,578,CIB,to_inst,78.11004785,south,direct,53.0,0.19203747808933258
cf,pre,type1,p1,l1,nopc,nob/c,436500,360.0,not_neg,not_int,not_lpsm,488000.0,sb,pr,home,1U,9300.0,CIB,843,CIB,not_inst,89.44672131,North,direct,42.0,0.03435804694890976
cf,nopre,type3,p3,l1,nopc,nob/c,406500,360.0,not_neg,not_int,not_lpsm,528000.0,sb,pr,home,1U,8220.0,CIB,753,EXP,to_inst,76.98863636,south,direct,22.0,0.0363101065158844
cf,nopre,type1,p1,l1,nopc,nob/c,256500,360.0,not_neg,not_int,not_lpsm,268000.0,sb,pr,home,1U,6240.0,EXP,750,EXP,to_inst,95.70895522,North,direct,40.0,0.14369073510169983
cf,nopre,type1,p3,l1,nopc,nob/c,486500,360.0,neg_amm,not_int,not_lpsm,808000.0,sb,pr,home,1U,6420.0,CIB,824,EXP,not_inst,60.21039604,south,direct,38.0,0.10782501846551895
cf,nopre,type1,p3,l1,nopc,nob/c,486500,360.0,not_neg,not_int,not_lpsm,808000.0,sb,pr,home,1U,6840.0,CRIF,694,CIB,to_inst,60.21039604,central,direct,43.0,0.10782501846551895
cf,pre,type1,p1,l1,nopc,nob/c,236500,360.0,not_neg,not_int,not_lpsm,258000.0,sb,pr,home,1U,7260.0,EXP,709,EXP,to_inst,91.66666667,North,direct,39.0,0.03455149382352829
cf,nopre,type1,p3,l1,nopc,nob/c,326500,180.0,not_neg,not_int,not_lpsm,608000.0,sb,pr,home,1U,8820.0,EXP,618,EXP,to_inst,53.70065789,south,direct,36.0,0.04065827652812004
cf,pre,type1,p4,l1,nopc,nob/c,486500,360.0,not_neg,not_int,not_lpsm,618000.0,sb,pr,home,1U,7260.0,EXP,612,CIB,not_inst,78.72168285,North,direct,30.0,0.03455149382352829
cf,nopre,type1,p1,l2,nopc,nob/c,256500,360.0,not_neg,not_int,not_lpsm,368000.0,sb,pr,home,1U,6540.0,CIB,758,EXP,to_inst,69.70108696,south,direct,31.0,0.03455149382352829
cf,pre,type1,p1,l1,nopc,nob/c,516500,360.0,not_neg,not_int,not_lpsm,718000.0,sb,pr,home,1U,12060.0,EXP,639,EXP,not_inst,71.93593315,North,direct,20.0,0.02139037474989891
cf,nopre,type1,p4,l1,nopc,nob/c,476500,360.0,not_neg,not_int,not_lpsm,998000.0,sb,pr,home,1U,5280.0,CRIF,833,CIB,not_inst,47.74549098,south,direct,39.0,0.055727552622556686
cf,nopre,type1,p4,l1,nopc,nob/c,436500,360.0,not_neg,not_int,not_lpsm,628000.0,sb,pr,home,1U,1500.0,CRIF,506,EXP,to_inst,69.50636943,south,direct,12.0,0.9899497628211975
cf,nopre,type3,p3,l1,nopc,nob/c,316500,360.0,not_neg,not_int,not_lpsm,408000.0,sb,pr,home,1U,6480.0,CRIF,887,EXP,to_inst,77.57352941,North,direct,25.0,0.0363101065158844
ncf,nopre,type1,p3,l1,nopc,nob/c,76500,300.0,not_neg,not_int,not_lpsm,128000.0,sb,pr,home,1U,3540.0,CIB,805,CIB,to_inst,59.765625,south,direct,28.0,0.10782501846551895
ncf,nopre,type1,p3,l1,nopc,nob/c,86500,180.0,not_neg,not_int,not_lpsm,158000.0,sb,ir,home,1U,3180.0,CIB,738,CIB,to_inst,54.74683544,south,direct,44.0,0.24460431933403015
cf,nopre,type2,p3,l1,nopc,b/c,206500,360.0,not_neg,not_int,not_lpsm,238000.0,sb,pr,home,1U,4320.0,CRIF,605,EXP,to_inst,86.76470588,south,direct,24.0,0.24460431933403015
cf,nopre,type1,p3,l1,nopc,nob/c,296500,180.0,not_neg,not_int,not_lpsm,448000.0,sb,pr,home,1U,10320.0,CRIF,863,CIB,to_inst,66.18303571,North,direct,27.0,0.04065827652812004
cf,nopre,type3,p1,l1,nopc,nob/c,426500,360.0,not_neg,not_int,not_lpsm,428000.0,sb,pr,home,1U,4980.0,CRIF,576,EXP,not_inst,99.64953271,North,direct,40.0,0.05779334530234337
cf,nopre,type2,p3,l2,nopc,b/c,306500,360.0,not_neg,not_int,not_lpsm,438000.0,sb,pr,home,1U,3060.0,CRIF,889,CIB,not_inst,69.97716895,North,direct,58.0,0.24460431933403015
cf,nopre,type1,p1,l1,nopc,nob/c,256500,360.0,not_neg,not_int,not_lpsm,318000.0,sb,pr,home,1U,8040.0,EXP,611,EXP,to_inst,80.66037736,south,direct,32.0,0.059588298201560974
cf,nopre,type1,p3,l1,nopc,nob/c,366500,180.0,not_neg,not_int,not_lpsm,468000.0,sb,pr,home,1U,5580.0,CRIF,844,EXP,to_inst,78.31196581,North-East,direct,49.0,0.11276596039533615
cf,nopre,type1,p3,l1,nopc,nob/c,106500,360.0,not_neg,not_int,not_lpsm,258000.0,sb,ir,home,1U,7380.0,CIB,609,CIB,not_inst,41.27906977,south,direct,49.0,0.10782501846551895
ncf,pre,type1,p4,l1,nopc,nob/c,486500,360.0,not_neg,not_int,not_lpsm,508000.0,sb,pr,home,1U,10020.0,CIB,802,EXP,to_inst,95.76771654,North,direct,26.0,0.6666666865348816
cf,nopre,type2,p3,l1,nopc,b/c,666500,360.0,not_neg,not_int,not_lpsm,768000.0,sb,pr,home,1U,15480.0,CRIF,549,EXP,to_inst,86.78385417,south,direct,22.0,0.24460431933403015
cf,nopre,type1,p3,l1,nopc,nob/c,136500,180.0,not_neg,not_int,not_lpsm,208000.0,sb,pr,home,1U,3720.0,EXP,576,CIB,to_inst,65.625,North,direct,37.0,0.06766917556524277
cf,nopre,type1,p1,l1,nopc,nob/c,176500,360.0,not_neg,not_int,not_lpsm,258000.0,sb,sr,home,1U,5700.0,CRIF,648,CIB,to_inst,68.41085271,south,direct,22.0,0.11089865863323212
ncf,nopre,type1,p1,l1,nopc,nob/c,126500,360.0,not_neg,not_int,not_lpsm,158000.0,sb,pr,home,1U,3840.0,EXP,531,CIB,not_inst,80.06329114,south,direct,45.0,0.06766917556524277
ncf,nopre,type1,p3,l2,opc,nob/c,406500,360.0,not_neg,int_only,not_lpsm,2378000.0,sb,pr,home,1U,11880.0,CIB,766,EXP,to_inst,17.0941968,North,direct,48.0,0.0363101065158844
cf,nopre,type1,p4,l1,nopc,nob/c,386500,360.0,not_neg,not_int,not_lpsm,738000.0,sb,pr,home,1U,9480.0,EXP,521,EXP,not_inst,52.37127371,North,direct,23.0,0.02139037474989891
cf,nopre,type1,p1,l1,nopc,nob/c,486500,360.0,not_neg,not_int,not_lpsm,548000.0,sb,sr,home,1U,10140.0,CRIF,626,CIB,not_inst,88.77737226,North,direct,42.0,0.05779334530234337
cf,nopre,type1,p3,l1,nopc,nob/c,416500,360.0,not_neg,not_int,lpsm,628000.0,sb,pr,home,1U,8460.0,CIB,868,EXP,to_inst,66.32165605,North,direct,20.0,0.5465116500854492
cf,nopre,type1,p3,l1,nopc,nob/c,396500,360.0,not_neg,not_int,not_lpsm,558000.0,sb,pr,home,1U,3480.0,CIB,825,CIB,to_inst,71.05734767,North,direct,46.0,0.11089865863323212
ncf,nopre,type1,p3,l1,nopc,nob/c,166500,360.0,not_neg,not_int,not_lpsm,258000.0,sb,pr,home,1U,5940.0,CRIF,722,CIB,to_inst,64.53488372,south,direct,9.0,0.0861159935593605
cf,nopre,type1,p4,l1,nopc,nob/c,676500,360.0,not_neg,not_int,not_lpsm,1288000.0,sb,pr,home,1U,10380.0,CIB,714,CIB,not_inst,52.52329193,south,direct,34.0,0.03455149382352829
cf,nopre,type2,p1,l1,nopc,b/c,66500,360.0,neg_amm,not_int,not_lpsm,68000.0,sb,pr,home,1U,1740.0,EXP,696,CIB,to_inst,97.79411765,North,direct,46.0,0.4883720874786377
cf,nopre,type2,p3,l1,nopc,b/c,176500,360.0,not_neg,not_int,not_lpsm,208000.0,sb,pr,home,1U,3360.0,CIB,705,CIB,to_inst,84.85576923,North,direct,43.0,0.14369073510169983
cf,nopre,type2,p3,l1,nopc,b/c,316500,360.0,not_neg,not_int,not_lpsm,368000.0,sb,pr,home,1U,6720.0,CIB,543,EXP,to_inst,86.00543478,south,direct,53.0,0.1839258074760437
ncf,nopre,type1,p4,l1,nopc,nob/c,926500,360.0,not_neg,not_int,not_lpsm,1208000.0,sb,pr,home,1U,13380.0,EXP,898,CIB,not_inst,76.69701987,North,direct,42.0,0.19203747808933258
cf,nopre,type1,p1,l2,nopc,nob/c,516500,360.0,not_neg,not_int,not_lpsm,608000.0,sb,pr,home,1U,7260.0,CIB,884,EXP,not_inst,84.95065789,south,direct,40.0,0.03435804694890976
cf,nopre,type1,p3,l1,nopc,nob/c,106500,360.0,not_neg,not_int,not_lpsm,208000.0,sb,pr,home,1U,2400.0,EXP,835,CIB,to_inst,51.20192308,south,direct,34.0,0.11089865863323212
cf,pre,type1,p1,l1,nopc,nob/c,596500,360.0,not_neg,not_int,not_lpsm,658000.0,sb,pr,home,1U,7560.0,CIB,508,EXP,to_inst,90.65349544,North,direct,42.0,0.04065827652812004
cf,nopre,type1,p1,l1,nopc,nob/c,326500,360.0,neg_amm,not_int,not_lpsm,368000.0,sb,sr,home,1U,7380.0,CRIF,838,CIB,not_inst,88.72282609,North,direct,37.0,0.14369073510169983
cf,nopre,type1,p1,l1,nopc,nob/c,516500,360.0,not_neg,not_int,not_lpsm,568000.0,sb,pr,home,1U,7260.0,CIB,798,CIB,not_inst,90.93309859,North,direct,47.0,0.03455149382352829
cf,pre,type1,p4,l1,nopc,nob/c,306500,360.0,not_neg,not_int,not_lpsm,358000.0,sb,pr,home,1U,5760.0,CRIF,639,CIB,to_inst,85.61452514,south,direct,36.0,0.14369073510169983
cf,pre,type2,p1,l1,nopc,b/c,226500,360.0,not_neg,not_int,not_lpsm,248000.0,sb,pr,home,1U,3840.0,EXP,620,CIB,to_inst,91.33064516,North,direct,42.0,0.0861159935593605
cf,nopre,type1,p3,l1,nopc,nob/c,526500,360.0,not_neg,not_int,not_lpsm,718000.0,sb,pr,home,1U,6900.0,CRIF,850,EXP,to_inst,73.32869081,North,direct,46.0,0.10782501846551895
,nopre,type1,p1,l1,nopc,nob/c,106500,360.0,not_neg,not_int,not_lpsm,348000.0,sb,pr,home,1U,7260.0,CIB,819,EXP,to_inst,30.60344828,south,direct,10.0,0.10782501846551895
cf,nopre,type2,p1,l1,nopc,b/c,336500,360.0,not_neg,not_int,not_lpsm,348000.0,sb,pr,home,1U,1560.0,EXP,572,CIB,not_inst,96.6954023,North,direct,52.0,0.7142857313156128
cf,nopre,type1,p3,l1,nopc,nob/c,426500,360.0,not_neg,not_int,not_lpsm,578000.0,sb,pr,home,1U,6120.0,CRIF,842,EXP,to_inst,73.78892734,south,direct,36.0,0.059588298201560974
cf,nopre,type1,p1,l1,nopc,nob/c,246500,360.0,not_neg,not_int,not_lpsm,258000.0,sb,pr,home,1U,4680.0,CIB,728,EXP,to_inst,95.54263566,North,direct,55.0,0.6978417038917542
cf,pre,type1,p1,l1,nopc,nob/c,476500,360.0,not_neg,not_int,not_lpsm,558000.0,sb,pr,home,1U,6480.0,CRIF,502,CIB,not_inst,85.39426523,North,direct,39.0,0.03435804694890976
cf,nopre,type1,p4,l1,nopc,nob/c,156500,240.0,not_neg,not_int,not_lpsm,258000.0,sb,pr,home,1U,5280.0,EXP,578,EXP,to_inst,60.65891473,south,direct,44.0,0.059588298201560974
cf,nopre,type1,p4,l1,nopc,nob/c,176500,240.0,not_neg,not_int,not_lpsm,558000.0,sb,pr,home,1U,11100.0,CRIF,801,EXP,to_inst,31.63082437,North,direct,5.0,0.055727552622556686
cf,nopre,type1,p3,l1,nopc,nob/c,356500,360.0,not_neg,not_int,not_lpsm,868000.0,sb,pr,home,1U,4740.0,EXP,656,EXP,to_inst,41.07142857,North,direct,45.0,0.0861159935593605
cf,nopre,type1,p2,l2,nopc,nob/c,456500,360.0,not_neg,not_int,not_lpsm,908000.0,sb,ir,home,1U,12720.0,CRIF,550,CIB,not_inst,50.2753304,south,direct,47.0,0.06766917556524277
cf,nopre,type1,p4,l1,nopc,nob/c,216500,240.0,not_neg,not_int,not_lpsm,238000.0,sb,pr,home,1U,5160.0,CIB,692,CIB,to_inst,90.96638655,North,direct,44.0,0.1839258074760437
cf,nopre,type2,p3,l1,nopc,b/c,256500,360.0,not_neg,not_int,not_lpsm,308000.0,sb,pr,home,1U,3780.0,CRIF,820,CIB,to_inst,83.27922078,North,direct,37.0,0.19203747808933258
cf,pre,type1,p3,l1,nopc,nob/c,346500,360.0,not_neg,not_int,not_lpsm,428000.0,sb,pr,home,1U,6300.0,CIB,812,CIB,to_inst,80.95794393,south,direct,38.0,0.11089865863323212
cf,nopre,type1,p3,l1,nopc,nob/c,126500,180.0,not_neg,not_int,not_lpsm,248000.0,sb,pr,home,1U,7200.0,EXP,699,EXP,to_inst,51.00806452,south,direct,16.0,0.059588298201560974
cf,nopre,type1,p1,l1,nopc,nob/c,76500,360.0,not_neg,not_int,not_lpsm,208000.0,sb,pr,home,1U,2220.0,CIB,502,EXP,to_inst,36.77884615,North,direct,36.0,0.10782501846551895
cf,nopre,type1,p3,l2,nopc,nob/c,376500,360.0,not_neg,not_int,not_lpsm,878000.0,sb,pr,home,1U,9720.0,EXP,742,CIB,to_inst,42.88154897,south,direct,30.0,0.059588298201560974
ncf,pre,type1,p1,l1,nopc,nob/c,326500,324.0,neg_amm,not_int,not_lpsm,348000.0,sb,pr,home,1U,9120.0,CRIF,588,EXP,to_inst,93.82183908,North,direct,43.0,0.0363101065158844
ncf,nopre,type1,p4,l1,nopc,nob/c,846500,360.0,not_neg,not_int,not_lpsm,1258000.0,sb,pr,home,1U,12240.0,CRIF,513,CIB,not_inst,67.28934817,south,direct,31.0,0.11089865863323212
cf,nopre,type1,p3,l1,nopc,nob/c,386500,360.0,not_neg,not_int,not_lpsm,638000.0,sb,pr,home,1U,5640.0,CIB,829,CIB,to_inst,60.5799373,North,direct,42.0,0.06766917556524277
cf,nopre,type2,p3,l1,nopc,b/c,156500,360.0,not_neg,not_int,not_lpsm,168000.0,sb,pr,home,1U,3180.0,CIB,533,CIB,to_inst,93.1547619,central,direct,42.0,0.6666666865348816
cf,nopre,type2,p1,l1,nopc,b/c,136500,360.0,not_neg,not_int,not_lpsm,138000.0,sb,pr,home,1U,3900.0,EXP,589,EXP,to_inst,98.91304348,south,direct,44.0,0.24460431933403015
cf,nopre,type1,p3,l1,nopc,nob/c,116500,360.0,not_neg,not_int,not_lpsm,208000.0,sb,pr,home,1U,1680.0,CRIF,693,CIB,to_inst,56.00961538,North,direct,38.0,0.11089865863323212
cf,nopre,type1,p4,l1,nopc,nob/c,356500,360.0,not_neg,not_int,not_lpsm,508000.0,sb,pr,home,2U,3720.0,EXP,872,EXP,to_inst,70.17716535,North,direct,44.0,0.11276596039533615
cf,nopre,type1,p4,l1,nopc,nob/c,186500,360.0,not_neg,not_int,not_lpsm,278000.0,sb,pr,home,1U,5160.0,CIB,816,CIB,to_inst,67.08633094,North,direct,24.0,0.059588298201560974
cf,nopre,type1,p4,l1,nopc,nob/c,306500,360.0,not_neg,not_int,not_lpsm,508000.0,sb,pr,home,1U,3780.0,CIB,547,CIB,not_inst,60.33464567,south,direct,44.0,0.04065827652812004
cf,pre,type1,p1,l1,nopc,nob/c,146500,240.0,not_neg,not_int,not_lpsm,188000.0,sb,ir,home,1U,4500.0,EXP,644,CIB,to_inst,77.92553191,south,direct,47.0,0.14369073510169983
cf,pre,type3,p1,l1,nopc,nob/c,246500,360.0,not_neg,not_int,not_lpsm,248000.0,sb,pr,home,1U,4740.0,CRIF,766,EXP,to_inst,99.39516129,south,direct,50.0,0.0363101065158844
cf,nopre,type1,p3,l1,nopc,nob/c,386500,360.0,neg_amm,int_only,not_lpsm,528000.0,sb,pr,home,1U,4800.0,CRIF,548,EXP,to_inst,73.20075758,south,direct,44.0,0.06766917556524277
,nopre,type2,p1,l1,nopc,b/c,36500,180.0,not_neg,not_int,not_lpsm,48000.0,sb,pr,home,1U,1800.0,CRIF,523,CIB,to_inst,76.04166667,North,direct,26.0,0.2667129933834076
cf,pre,type1,p3,l1,nopc,nob/c,306500,360.0,not_neg,not_int,not_lpsm,738000.0,sb,pr,home,1U,4080.0,CRIF,503,CIB,to_inst,41.53116531,south,direct,42.0,0.11089865863323212
ncf,pre,type1,p1,l1,nopc,nob/c,446500,180.0,not_neg,not_int,not_lpsm,528000.0,sb,pr,home,1U,16560.0,CRIF,703,CIB,not_inst,84.56439394,south,direct,22.0,0.03455149382352829
cf,nopre,type1,p2,l1,nopc,nob/c,206500,180.0,not_neg,not_int,not_lpsm,568000.0,sb,pr,home,1U,14700.0,CRIF,859,CIB,to_inst,36.3556338,south,direct,23.0,0.11276596039533615
cf,nopre,type1,p1,l1,nopc,nob/c,386500,360.0,not_neg,not_int,not_lpsm,408000.0,sb,pr,home,1U,5040.0,EXP,686,CIB,to_inst,94.73039216,North,direct,49.0,0.16867469251155853
cf,nopre,type1,p4,l2,nopc,nob/c,296500,360.0,not_neg,not_int,not_lpsm,558000.0,sb,pr,home,1U,5880.0,EXP,727,CIB,to_inst,53.13620072,North,direct,28.0,0.0861159935593605
cf,nopre,type1,p1,l1,nopc,nob/c,636500,360.0,not_neg,not_int,not_lpsm,848000.0,sb,pr,home,1U,27660.0,CRIF,657,EXP,to_inst,75.05896226,North,direct,25.0,0.04065827652812004
cf,nopre,type1,p3,l2,opc,nob/c,256500,360.0,neg_amm,int_only,not_lpsm,1658000.0,sb,pr,home,1U,16500.0,CRIF,691,EXP,to_inst,15.47044632,south,direct,36.0,0.3913043439388275
cf,nopre,type1,p3,l1,nopc,nob/c,246500,360.0,not_neg,not_int,not_lpsm,348000.0,sb,pr,home,1U,4080.0,CIB,889,CIB,to_inst,70.83333333,south,direct,25.0,0.10782501846551895
cf,nopre,type1,p4,l1,nopc,nob/c,366500,360.0,not_neg,not_int,not_lpsm,528000.0,sb,pr,home,1U,6180.0,CRIF,804,EXP,to_inst,69.41287879,south,direct,39.0,0.055727552622556686
cf,nopre,type1,p3,l1,nopc,nob/c,306500,240.0,not_neg,not_int,not_lpsm,428000.0,sb,pr,home,1U,4620.0,EXP,707,EXP,to_inst,71.61214953,south,direct,46.0,0.0861159935593605
cf,pre,type1,p4,l1,nopc,nob/c,206500,180.0,not_neg,not_int,not_lpsm,248000.0,sb,pr,home,1U,2520.0,CIB,802,CIB,to_inst,83.26612903,south,direct,47.0,0.24460431933403015
ncf,pre,type1,p1,l1,nopc,nob/c,166500,324.0,neg_amm,not_int,not_lpsm,238000.0,sb,pr,home,1U,1980.0,CRIF,788,CIB,to_inst,69.95798319,south,direct,47.0,0.11089865863323212
cf,nopre,type1,p3,l1,nopc,nob/c,326500,360.0,not_neg,not_int,not_lpsm,1008000.0,sb,pr,home,1U,4020.0,EXP,665,EXP,not_inst,32.39087302,North,direct,36.0,0.059588298201560974
cf,nopre,type1,p4,l1,nopc,nob/c,266500,360.0,not_neg,int_only,not_lpsm,488000.0,sb,pr,home,1U,4080.0,EXP,614,EXP,not_inst,54.61065574,south,direct,48.0,0.0861159935593605
cf,nopre,type1,p4,l1,nopc,nob/c,416500,360.0,not_neg,not_int,not_lpsm,728000.0,sb,pr,home,1U,9960.0,EXP,653,EXP,not_inst,57.21153846,south,direct,27.0,0.02772643230855465
cf,nopre,type1,p4,l1,nopc,nob/c,456500,360.0,not_neg,not_int,not_lpsm,538000.0,sb,sr,home,1U,12480.0,EXP,663,EXP,not_inst,84.85130112,North,direct,30.0,0.055727552622556686
cf,pre,type3,p1,l1,nopc,nob/c,276500,360.0,neg_amm,not_int,not_lpsm,268000.0,sb,pr,home,1U,6240.0,CIB,639,EXP,to_inst,103.1716418,North,direct,38.0,0.02772643230855465
,nopre,type1,p3,l1,nopc,nob/c,346500,360.0,not_neg,not_int,not_lpsm,468000.0,sb,pr,home,1U,9000.0,CIB,789,CIB,to_inst,74.03846154,south,direct,10.0,0.11089865863323212
cf,nopre,type1,p3,l1,nopc,nob/c,146500,180.0,neg_amm,not_int,not_lpsm,458000.0,sb,pr,home,1U,7020.0,EXP,508,EXP,to_inst,31.98689956,central,direct,27.0,0.14369073510169983
cf,nopre,type1,p3,l1,nopc,nob/c,126500,360.0,neg_amm,not_int,not_lpsm,388000.0,sb,pr,home,1U,2700.0,EXP,585,EXP,to_inst,32.60309278,North,direct,33.0,0.24460431933403015
cf,pre,type1,p4,l1,nopc,nob/c,666500,360.0,not_neg,not_int,not_lpsm,968000.0,sb,pr,home,1U,8520.0,CRIF,619,CIB,not_inst,68.85330579,North,direct,49.0,0.04065827652812004
cf,nopre,type3,p3,l1,nopc,nob/c,196500,360.0,not_neg,not_int,lpsm,228000.0,sb,pr,home,1U,4620.0,EXP,735,EXP,to_inst,86.18421053,North,direct,30.0,0.4184100329875946
cf,nopre,type3,p1,l1,nopc,nob/c,426500,360.0,not_neg,not_int,not_lpsm,428000.0,sb,pr,home,1U,7380.0,CRIF,805,EXP,not_inst,99.64953271,North,direct,39.0,0.05779334530234337
cf,nopre,type1,p1,l1,nopc,nob/c,346500,360.0,not_neg,not_int,not_lpsm,498000.0,sb,pr,home,1U,8580.0,CIB,630,CIB,not_inst,69.57831325,south,direct,12.0,0.04065827652812004
cf,nopre,type1,p3,l1,nopc,nob/c,306500,360.0,not_neg,not_int,not_lpsm,438000.0,sb,pr,home,1U,4140.0,CRIF,508,EXP,not_inst,69.97716895,North,direct,44.0,0.03455149382352829
cf,nopre,type1,p4,l1,nopc,nob/c,406500,360.0,not_neg,not_int,not_lpsm,1208000.0,sb,pr,home,1U,8940.0,CIB,711,EXP,to_inst,33.65066225,south,direct,48.0,0.11089865863323212
ncf,nopre,type1,p3,l1,nopc,nob/c,356500,360.0,not_neg,not_int,not_lpsm,568000.0,sb,pr,home,1U,4620.0,CIB,589,EXP,to_inst,62.76408451,North,direct,40.0,0.0861159935593605
cf,nopre,type1,p1,l1,nopc,nob/c,546500,360.0,not_neg,not_int,not_lpsm,608000.0,sb,pr,home,1U,6720.0,CRIF,795,CIB,not_inst,89.88486842,North,direct,38.0,0.0363101065158844
cf,nopre,type1,p4,l1,nopc,nob/c,396500,180.0,not_neg,not_int,not_lpsm,558000.0,sb,pr,home,1U,6900.0,CIB,622,CIB,not_inst,71.05734767,south,direct,47.0,0.04065827652812004
ncf,pre,type1,p4,l1,nopc,nob/c,386500,360.0,not_neg,not_int,not_lpsm,618000.0,sb,pr,home,1U,9300.0,EXP,882,EXP,not_inst,62.54045307,North,direct,24.0,0.03435804694890976
cf,nopre,type1,p4,l1,nopc,nob/c,426500,324.0,not_neg,not_int,not_lpsm,708000.0,sb,pr,home,1U,7020.0,CRIF,826,CIB,to_inst,60.24011299,south,direct,33.0,0.05779334530234337
cf,nopre,type3,p3,l1,nopc,nob/c,136500,360.0,not_neg,not_int,not_lpsm,238000.0,sb,pr,home,1U,4440.0,CRIF,580,EXP,to_inst,57.35294118,North,direct,36.0,0.05779334530234337
cf,pre,type1,p3,l1,nopc,nob/c,136500,360.0,not_neg,not_int,not_lpsm,188000.0,sb,pr,home,1U,3420.0,EXP,603,EXP,to_inst,72.60638298,south,direct,30.0,0.06766917556524277
cf,pre,type1,p4,l1,nopc,nob/c,196500,180.0,not_neg,not_int,not_lpsm,348000.0,sb,pr,home,1U,6420.0,CRIF,563,EXP,to_inst,56.46551724,central,direct,36.0,0.05779334530234337
cf,nopre,type1,p3,l1,nopc,nob/c,116500,360.0,neg_amm,not_int,not_lpsm,228000.0,sb,pr,home,1U,2640.0,CRIF,564,EXP,to_inst,51.09649123,south,direct,42.0,0.19203747808933258
cf,nopre,type1,p4,l1,nopc,nob/c,276500,240.0,not_neg,not_int,not_lpsm,488000.0,sb,pr,home,1U,4500.0,CRIF,506,CIB,to_inst,56.65983607,south,direct,34.0,0.0861159935593605
cf,nopre,type2,p4,l2,nopc,b/c,66500,360.0,not_neg,not_int,not_lpsm,118000.0,sb,pr,home,1U,2280.0,EXP,523,CIB,to_inst,56.3559322,North,direct,36.0,0.19203747808933258
cf,nopre,type2,p4,l1,nopc,b/c,316500,360.0,not_neg,not_int,not_lpsm,378000.0,sb,pr,home,1U,5940.0,CIB,751,EXP,to_inst,83.73015873,south,direct,42.0,0.24460431933403015
cf,nopre,type1,p1,l1,nopc,nob/c,356500,360.0,neg_amm,not_int,not_lpsm,418000.0,sb,pr,home,1U,10020.0,CRIF,581,CIB,to_inst,85.28708134,North,direct,40.0,0.24460431933403015
cf,pre,type1,p1,l1,nopc,nob/c,136500,360.0,not_neg,not_int,not_lpsm,228000.0,sb,sr,home,1U,2700.0,CRIF,731,CIB,to_inst,59.86842105,south,direct,43.0,0.14369073510169983
cf,pre,type1,p4,l1,nopc,nob/c,396500,360.0,not_neg,not_int,not_lpsm,658000.0,sb,pr,home,1U,11340.0,CRIF,792,EXP,not_inst,60.25835866,south,direct,26.0,0.02772643230855465
cf,nopre,type1,p3,l1,nopc,nob/c,276500,180.0,not_neg,not_int,not_lpsm,488000.0,sb,pr,home,1U,5640.0,CRIF,511,CIB,to_inst,56.65983607,North,direct,40.0,0.06420404464006424
cf,nopre,type1,p3,l1,nopc,nob/c,406500,360.0,neg_amm,not_int,not_lpsm,518000.0,sb,pr,home,1U,12660.0,CRIF,804,EXP,to_inst,78.47490347,central,direct,24.0,0.1839258074760437
cf,nopre,type3,p3,l1,nopc,nob/c,396500,360.0,not_neg,int_only,not_lpsm,458000.0,sb,pr,home,1U,5520.0,CIB,867,CIB,to_inst,86.5720524,North,direct,39.0,0.16867469251155853
cf,nopre,type1,p3,l1,nopc,nob/c,206500,360.0,not_neg,not_int,not_lpsm,408000.0,sb,pr,home,1U,1740.0,CIB,816,CIB,to_inst,50.6127451,south,direct,49.0,0.24460431933403015
cf,nopre,type1,p1,l1,nopc,nob/c,246500,360.0,not_neg,not_int,not_lpsm,308000.0,sb,pr,home,1U,2580.0,CIB,859,CIB,not_inst,80.03246753,North,direct,45.0,0.06766917556524277
cf,pre,type3,p1,l1,nopc,nob/c,336500,360.0,not_neg,not_int,not_lpsm,348000.0,sb,pr,home,1U,4260.0,CIB,581,EXP,to_inst,96.6954023,North,direct,38.0,0.04065827652812004
cf,nopre,type1,p1,l1,nopc,nob/c,106500,360.0,neg_amm,not_int,not_lpsm,158000.0,sb,sr,home,1U,6060.0,EXP,508,EXP,to_inst,67.40506329,North,direct,46.0,0.19203747808933258
cf,pre,type1,p3,l1,nopc,nob/c,336500,360.0,not_neg,not_int,not_lpsm,428000.0,sb,pr,home,1U,5400.0,CRIF,613,CIB,to_inst,78.62149533,south,direct,29.0,0.11089865863323212
cf,nopre,type1,p1,l1,nopc,nob/c,546500,360.0,not_neg,not_int,lpsm,648000.0,sb,pr,home,1U,7620.0,CIB,697,EXP,not_inst,84.33641975,North,direct,40.0,0.24460431933403015
cf,nopre,type1,p3,l1,nopc,nob/c,366500,360.0,not_neg,not_int,not_lpsm,558000.0,sb,pr,home,1U,10860.0,CRIF,858,EXP,to_inst,65.68100358,North,direct,30.0,0.03455149382352829
cf,nopre,type1,p3,l1,nopc,nob/c,216500,180.0,not_neg,not_int,not_lpsm,338000.0,sb,pr,home,1U,8820.0,CRIF,611,EXP,to_inst,64.05325444,south,direct,32.0,0.03455149382352829
cf,nopre,type1,p3,l1,nopc,nob/c,476500,360.0,not_neg,not_int,not_lpsm,808000.0,sb,pr,home,1U,7860.0,CIB,728,EXP,not_inst,58.97277228,south,direct,23.0,0.03455149382352829
cf,pre,type1,p1,l2,nopc,nob/c,216500,360.0,not_neg,not_int,not_lpsm,258000.0,sb,pr,home,1U,3180.0,CRIF,840,CIB,to_inst,83.91472868,North,direct,34.0,0.03455149382352829
cf,nopre,type1,p1,l1,nopc,nob/c,406500,360.0,not_neg,not_int,not_lpsm,428000.0,sb,pr,home,1U,6240.0,EXP,739,CIB,to_inst,94.97663551,North,direct,44.0,0.14369073510169983
cf,nopre,type2,p3,l1,nopc,b/c,196500,360.0,not_neg,not_int,not_lpsm,268000.0,sb,pr,home,1U,4980.0,CIB,718,EXP,to_inst,73.32089552,south,direct,17.0,0.24460431933403015
cf,nopre,type1,p1,l1,nopc,nob/c,256500,360.0,not_neg,not_int,not_lpsm,438000.0,sb,pr,home,1U,8160.0,CRIF,899,CIB,not_inst,58.56164384,south,direct,26.0,0.02772643230855465
cf,nopre,type1,p1,l1,nopc,nob/c,486500,360.0,not_neg,not_int,not_lpsm,618000.0,sb,pr,home,1U,6480.0,CRIF,848,EXP,not_inst,78.72168285,central,direct,49.0,0.05779334530234337
cf,nopre,type2,p1,l1,nopc,b/c,336500,360.0,not_neg,not_int,not_lpsm,348000.0,sb,pr,home,1U,9060.0,CRIF,865,CIB,not_inst,96.6954023,North,direct,39.0,0.10782501846551895
cf,nopre,type1,p4,l1,nopc,nob/c,226500,360.0,not_neg,not_int,not_lpsm,278000.0,sb,pr,home,1U,5520.0,CRIF,749,EXP,to_inst,81.47482014,North,direct,43.0,0.10782501846551895
cf,nopre,type1,p3,l1,nopc,nob/c,176500,360.0,not_neg,int_only,not_lpsm,228000.0,sb,pr,home,1U,2400.0,CRIF,569,CIB,to_inst,77.4122807,south,direct,41.0,0.11276596039533615
cf,nopre,type2,p3,l1,nopc,b/c,126500,180.0,not_neg,not_int,not_lpsm,148000.0,sb,pr,home,1U,5400.0,EXP,752,CIB,to_inst,85.47297297,south,direct,51.0,0.19203747808933258
cf,nopre,type1,p4,l1,nopc,nob/c,346500,360.0,not_neg,not_int,not_lpsm,788000.0,sb,sr,home,1U,5280.0,CRIF,538,CIB,to_inst,43.97208122,North,direct,48.0,0.11276596039533615
cf,nopre,type1,p3,l1,nopc,nob/c,606500,360.0,not_neg,not_int,not_lpsm,1458000.0,sb,pr,home,1U,13320.0,EXP,708,EXP,to_inst,41.59807956,south,direct,37.0,0.059588298201560974
cf,nopre,type1,p3,l1,nopc,nob/c,486500,360.0,not_neg,not_int,not_lpsm,578000.0,sb,pr,home,1U,10440.0,CIB,828,CIB,to_inst,84.16955017,central,direct,33.0,0.3913043439388275
cf,nopre,type3,p1,l1,nopc,nob/c,266500,360.0,not_neg,not_int,not_lpsm,268000.0,sb,pr,home,1U,2820.0,EXP,890,CIB,to_inst,99.44029851,North,direct,53.0,0.11089865863323212
cf,nopre,type1,p3,l1,nopc,nob/c,326500,360.0,not_neg,not_int,not_lpsm,408000.0,sb,pr,home,1U,9540.0,CRIF,575,EXP,to_inst,80.0245098,south,direct,34.0,0.06420404464006424
cf,nopre,type3,p3,l1,nopc,nob/c,306500,360.0,not_neg,not_int,not_lpsm,458000.0,sb,pr,home,1U,5820.0,CRIF,588,EXP,to_inst,66.92139738,North,direct,46.0,0.06420404464006424
cf,nopre,type1,p4,l1,nopc,nob/c,336500,360.0,not_neg,not_int,not_lpsm,388000.0,sb,pr,home,1U,10500.0,EXP,769,CIB,to_inst,86.72680412,south,direct,33.0,0.14369073510169983
cf,nopre,type1,p1,l1,nopc,nob/c,686500,360.0,not_neg,not_int,not_lpsm,768000.0,sb,pr,home,1U,13020.0,CIB,581,EXP,not_inst,89.38802083,North,direct,24.0,0.03455149382352829
cf,pre,type1,p1,l1,nopc,nob/c,616500,360.0,not_neg,not_int,not_lpsm,688000.0,sb,pr,home,1U,8520.0,CIB,855,EXP,not_inst,89.60755814,North,direct,39.0,0.03435804694890976
cf,nopre,type1,p1,l1,nopc,nob/c,276500,360.0,not_neg,not_int,not_lpsm,308000.0,sb,pr,home,1U,7500.0,CRIF,798,EXP,not_inst,89.77272727,North,direct,28.0,0.0363101065158844
cf,nopre,type1,p3,l1,nopc,nob/c,126500,360.0,not_neg,not_int,not_lpsm,298000.0,sb,pr,home,1U,1560.0,CRIF,772,CIB,to_inst,42.44966443,North,direct,42.0,0.11276596039533615
cf,nopre,type1,p4,l1,nopc,nob/c,216500,324.0,not_neg,not_int,not_lpsm,228000.0,sb,pr,home,1U,3240.0,CRIF,670,CIB,to_inst,94.95614035,south,direct,42.0,0.24460431933403015
cf,nopre,type2,p1,l1,nopc,b/c,216500,360.0,not_neg,not_int,not_lpsm,258000.0,sb,pr,home,1U,4080.0,EXP,743,EXP,to_inst,83.91472868,North,direct,41.0,0.11276596039533615
cf,nopre,type2,p4,l1,nopc,b/c,126500,360.0,not_neg,not_int,not_lpsm,148000.0,sb,pr,home,1U,6060.0,EXP,606,CIB,to_inst,85.47297297,south,direct,36.0,0.24460431933403015
cf,nopre,type1,p4,l1,nopc,nob/c,176500,180.0,not_neg,not_int,not_lpsm,248000.0,sb,pr,home,1U,4260.0,EXP,651,CIB,to_inst,71.16935484,south,direct,36.0,0.10782501846551895
ncf,pre,type1,p4,l1,nopc,nob/c,706500,360.0,not_neg,not_int,not_lpsm,888000.0,sb,pr,home,1U,16860.0,CIB,710,EXP,not_inst,79.56081081,south,direct,28.0,0.04065827652812004
cf,nopre,type1,p3,l1,nopc,nob/c,486500,360.0,not_neg,not_int,not_lpsm,748000.0,sb,pr,home,1U,8280.0,CRIF,755,CIB,not_inst,65.04010695,south,direct,39.0,0.03455149382352829
cf,pre,type1,p4,l1,nopc,nob/c,396500,180.0,not_neg,not_int,not_lpsm,628000.0,sb,pr,home,1U,7320.0,CRIF,754,EXP,to_inst,63.13694268,south,direct,47.0,0.10782501846551895
cf,pre,type1,p1,l1,nopc,nob/c,136500,180.0,not_neg,not_int,not_lpsm,168000.0,sb,pr,home,1U,2760.0,CIB,809,CIB,to_inst,81.25,North,direct,46.0,0.0861159935593605
cf,nopre,type1,p4,l1,nopc,nob/c,396500,360.0,neg_amm,not_int,not_lpsm,418000.0,sb,pr,home,1U,4920.0,CRIF,648,CIB,not_inst,94.85645933,North,direct,41.0,0.14369073510169983
cf,nopre,type1,p3,l1,nopc,nob/c,246500,360.0,not_neg,not_int,not_lpsm,598000.0,sb,pr,home,1U,4920.0,CRIF,621,EXP,to_inst,41.22073579,south,direct,25.0,0.06766917556524277
cf,nopre,type1,p3,l1,nopc,nob/c,606500,240.0,not_neg,not_int,not_lpsm,1028000.0,sb,pr,home,1U,8400.0,EXP,736,EXP,to_inst,58.99805447,North,direct,47.0,0.06420404464006424
cf,nopre,type1,p3,l1,nopc,nob/c,386500,360.0,not_neg,not_int,not_lpsm,1498000.0,sb,pr,home,1U,15420.0,CRIF,812,CIB,not_inst,25.80106809,North,direct,7.0,0.04065827652812004
cf,nopre,type2,p3,l1,nopc,b/c,386500,360.0,not_neg,not_int,not_lpsm,528000.0,sb,pr,home,1U,4800.0,CIB,864,CIB,not_inst,73.20075758,North,direct,37.0,0.11276596039533615
cf,nopre,type1,p4,l1,nopc,nob/c,386500,336.0,not_neg,not_int,not_lpsm,558000.0,sb,pr,home,1U,5940.0,CIB,637,CIB,not_inst,69.26523297,North,direct,35.0,0.02772643230855465
cf,,type1,p1,l1,nopc,nob/c,106500,360.0,not_neg,not_int,not_lpsm,138000.0,sb,pr,home,1U,1980.0,CIB,815,CIB,to_inst,77.17391304,North,direct,26.0,0.19203747808933258
cf,nopre,type1,p4,l1,nopc,nob/c,456500,360.0,not_neg,not_int,not_lpsm,508000.0,sb,pr,home,1U,6840.0,CRIF,544,CIB,not_inst,89.86220472,North,direct,37.0,0.0363101065158844
cf,nopre,type1,p3,l1,nopc,nob/c,246500,360.0,not_neg,not_int,not_lpsm,388000.0,sb,pr,home,1U,3060.0,CIB,575,CIB,to_inst,63.53092784,North,direct,41.0,0.0861159935593605
cf,nopre,type2,p1,l1,nopc,b/c,186500,360.0,not_neg,not_int,not_lpsm,218000.0,sb,pr,home,1U,8160.0,EXP,628,EXP,to_inst,85.55045872,North,direct,33.0,0.11089865863323212
cf,nopre,type1,p4,l1,nopc,nob/c,556500,360.0,neg_amm,int_only,not_lpsm,698000.0,sb,pr,home,1U,8100.0,CRIF,513,EXP,not_inst,79.7277937,North,direct,47.0,0.03435804694890976
cf,nopre,type1,p1,l1,nopc,nob/c,506500,360.0,not_neg,not_int,not_lpsm,808000.0,sb,pr,home,1U,9000.0,CRIF,618,EXP,not_inst,62.68564356,south,direct,36.0,0.02772643230855465
cf,nopre,type1,p3,l1,nopc,nob/c,156500,360.0,not_neg,not_int,not_lpsm,278000.0,sb,pr,home,1U,1380.0,CRIF,868,EXP,not_inst,56.29496403,North,direct,49.0,0.24460431933403015
cf,nopre,type1,p4,l1,nopc,nob/c,236500,360.0,not_neg,not_int,not_lpsm,328000.0,sb,pr,home,1U,7500.0,CRIF,811,CIB,to_inst,72.10365854,North,direct,37.0,0.06420404464006424
cf,nopre,type1,p4,l1,nopc,nob/c,196500,240.0,not_neg,not_int,not_lpsm,268000.0,sb,pr,home,1U,6180.0,CRIF,580,CIB,to_inst,73.32089552,North,direct,40.0,0.059588298201560974
cf,nopre,type1,p3,l1,nopc,nob/c,366500,360.0,not_neg,not_int,not_lpsm,458000.0,sb,pr,home,1U,5220.0,CRIF,690,EXP,not_inst,80.02183406,North,direct,45.0,0.04065827652812004
cf,nopre,type1,p4,l1,nopc,nob/c,426500,360.0,not_neg,not_int,not_lpsm,618000.0,sb,pr,home,1U,5460.0,CIB,563,CIB,not_inst,69.01294498,North,direct,37.0,0.03435804694890976
cf,nopre,type1,p3,l1,nopc,nob/c,426500,360.0,not_neg,not_int,not_lpsm,638000.0,sb,pr,home,1U,5400.0,EXP,673,CIB,not_inst,66.84952978,North,direct,44.0,0.03455149382352829
cf,nopre,type1,p4,l2,nopc,nob/c,256500,360.0,not_neg,not_int,not_lpsm,458000.0,sb,pr,home,1U,6000.0,CRIF,770,EXP,to_inst,56.00436681,North,direct,45.0,0.06766917556524277
cf,nopre,type1,p3,l1,nopc,nob/c,286500,180.0,not_neg,not_int,not_lpsm,708000.0,sb,pr,home,1U,13980.0,CRIF,545,EXP,to_inst,40.46610169,North,direct,44.0,0.059588298201560974
cf,nopre,type1,p4,l1,nopc,nob/c,126500,240.0,not_neg,not_int,not_lpsm,168000.0,sb,pr,home,1U,7500.0,CRIF,526,CIB,to_inst,75.29761905,south,direct,36.0,0.0861159935593605
cf,nopre,type1,p4,l1,nopc,nob/c,116500,240.0,not_neg,not_int,not_lpsm,158000.0,sb,pr,home,1U,2100.0,CRIF,683,CIB,to_inst,73.73417722,North,direct,47.0,0.11089865863323212
cf,nopre,type3,p3,l1,nopc,nob/c,136500,360.0,not_neg,not_int,not_lpsm,208000.0,sb,pr,home,1U,9240.0,CIB,625,CIB,to_inst,65.625,south,direct,14.0,0.0861159935593605
cf,nopre,type1,p3,l1,nopc,nob/c,336500,360.0,not_neg,not_int,not_lpsm,518000.0,sb,pr,home,1U,7080.0,CRIF,676,CIB,to_inst,64.96138996,North,direct,36.0,0.05779334530234337
cf,nopre,type1,p3,l1,nopc,nob/c,286500,360.0,neg_amm,int_only,not_lpsm,358000.0,sb,pr,home,1U,4740.0,EXP,704,CIB,to_inst,80.02793296,North-East,direct,45.0,0.11276596039533615
cf,nopre,type1,p3,l1,nopc,nob/c,126500,360.0,neg_amm,not_int,not_lpsm,268000.0,sb,pr,home,1U,3960.0,CRIF,806,CIB,to_inst,47.20149254,central,direct,5.0,0.4184100329875946
cf,nopre,type1,p1,l1,nopc,nob/c,106500,360.0,not_neg,not_int,not_lpsm,148000.0,sb,ir,home,2U,2940.0,CIB,599,CIB,to_inst,71.95945946,North,direct,44.0,0.1839258074760437
cf,nopre,type1,p3,l1,nopc,nob/c,226500,360.0,not_neg,not_int,not_lpsm,318000.0,sb,pr,home,1U,8100.0,CIB,650,EXP,to_inst,71.22641509,North,direct,30.0,0.03435804694890976
cf,nopre,type1,p3,l1,nopc,nob/c,176500,360.0,not_neg,not_int,not_lpsm,228000.0,sb,pr,home,1U,4080.0,CRIF,861,CIB,to_inst,77.4122807,North,direct,35.0,0.10782501846551895
cf,nopre,type1,p3,l1,nopc,nob/c,256500,360.0,not_neg,not_int,not_lpsm,358000.0,sb,pr,home,1U,3960.0,EXP,611,CIB,to_inst,71.64804469,North,direct,38.0,0.06766917556524277
cf,nopre,type1,p3,l1,nopc,nob/c,446500,180.0,not_neg,not_int,not_lpsm,618000.0,sb,pr,home,1U,13800.0,CIB,511,EXP,not_inst,72.24919094,south,direct,20.0,0.02772643230855465
cf,nopre,type3,p3,l1,nopc,nob/c,586500,360.0,neg_amm,not_int,not_lpsm,818000.0,sb,pr,home,1U,8160.0,CRIF,617,CIB,to_inst,71.6992665,central,direct,32.0,0.24460431933403015
cf,nopre,type2,p3,l1,nopc,b/c,186500,360.0,not_neg,not_int,not_lpsm,338000.0,sb,pr,home,1U,1380.0,CRIF,776,EXP,to_inst,55.17751479,south,direct,9.0,0.9869565367698669
cf,nopre,type1,p3,l1,nopc,nob/c,286500,180.0,not_neg,not_int,not_lpsm,508000.0,sb,pr,home,1U,5040.0,CRIF,589,CIB,to_inst,56.3976378,North,direct,44.0,0.10782501846551895
cf,nopre,type1,p3,l1,nopc,nob/c,376500,360.0,not_neg,not_int,not_lpsm,818000.0,sb,pr,home,1U,3780.0,EXP,620,CIB,to_inst,46.02689487,North,direct,43.0,0.10144927352666855
cf,nopre,type1,p3,l1,nopc,nob/c,286500,360.0,not_neg,not_int,not_lpsm,408000.0,sb,pr,home,1U,7920.0,CRIF,830,EXP,to_inst,70.22058824,central,direct,34.0,0.0861159935593605
cf,nopre,type1,p4,l2,nopc,nob/c,456500,360.0,not_neg,not_int,not_lpsm,668000.0,sb,pr,home,1U,4380.0,EXP,748,EXP,not_inst,68.33832335,south,direct,47.0,0.0861159935593605
cf,pre,type1,p2,l1,nopc,nob/c,256500,360.0,not_neg,not_int,not_lpsm,658000.0,sb,pr,home,1U,6960.0,CRIF,723,CIB,not_inst,38.98176292,North,direct,28.0,0.06420404464006424
cf,nopre,type1,p1,l1,nopc,nob/c,546500,360.0,not_neg,not_int,not_lpsm,578000.0,sb,pr,home,1U,5100.0,EXP,852,CIB,not_inst,94.55017301,North,direct,49.0,0.05779334530234337
cf,nopre,type1,p4,l1,nopc,nob/c,176500,360.0,not_neg,not_int,not_lpsm,308000.0,sb,pr,home,1U,6420.0,CRIF,655,EXP,to_inst,57.30519481,south,direct,31.0,0.059588298201560974
cf,pre,type1,p1,l1,nopc,nob/c,716500,360.0,not_neg,int_only,not_lpsm,848000.0,sb,pr,home,1U,15240.0,CRIF,803,EXP,to_inst,84.49292453,south,direct,26.0,0.10782501846551895
cf,nopre,type1,p4,l1,nopc,nob/c,536500,360.0,not_neg,not_int,not_lpsm,818000.0,sb,pr,home,1U,7200.0,CRIF,590,CIB,not_inst,65.58679707,south,direct,42.0,0.03455149382352829
cf,nopre,type2,p3,l1,nopc,b/c,216500,360.0,neg_amm,not_int,not_lpsm,248000.0,sb,pr,home,1U,4260.0,CRIF,668,CIB,to_inst,87.2983871,south,direct,47.0,0.4184100329875946
cf,nopre,type1,p3,l1,nopc,nob/c,316500,360.0,not_neg,not_int,not_lpsm,398000.0,sb,pr,home,1U,5700.0,CIB,829,CIB,to_inst,79.52261307,south,direct,43.0,0.11089865863323212
cf,nopre,type2,p1,l1,nopc,b/c,256500,360.0,not_neg,not_int,not_lpsm,268000.0,sb,pr,home,1U,2520.0,CRIF,634,CIB,to_inst,95.70895522,North,direct,44.0,0.24460431933403015
cf,pre,type2,p1,l1,nopc,b/c,236500,360.0,not_neg,not_int,not_lpsm,238000.0,sb,pr,home,1U,4260.0,CRIF,500,EXP,not_inst,99.3697479,North,direct,44.0,0.11089865863323212
cf,nopre,type2,p3,l2,nopc,b/c,346500,300.0,neg_amm,not_int,not_lpsm,458000.0,sb,pr,home,1U,4560.0,CRIF,752,CIB,not_inst,75.65502183,south,direct,21.0,0.9899497628211975
cf,nopre,type2,p4,l1,nopc,b/c,226500,360.0,not_neg,not_int,not_lpsm,258000.0,sb,pr,home,1U,5700.0,EXP,846,EXP,to_inst,87.79069767,North,direct,43.0,0.24460431933403015
cf,nopre,type2,p3,l1,nopc,b/c,156500,180.0,not_neg,not_int,not_lpsm,278000.0,sb,pr,home,1U,3420.0,CIB,618,EXP,to_inst,56.29496403,south,direct,37.0,0.17307692766189575
cf,nopre,type3,p3,l1,nopc,nob/c,186500,360.0,not_neg,not_int,not_lpsm,318000.0,sb,pr,home,1U,2280.0,CIB,800,EXP,to_inst,58.64779874,North,direct,56.0,0.11089865863323212
cf,nopre,type2,p3,l1,nopc,b/c,156500,360.0,not_neg,not_int,not_lpsm,188000.0,sb,pr,home,1U,2820.0,CRIF,666,CIB,to_inst,83.24468085,south,direct,30.0,0.24460431933403015
cf,nopre,type1,p4,l1,nopc,nob/c,216500,240.0,not_neg,not_int,not_lpsm,298000.0,sb,pr,home,1U,5880.0,CRIF,548,CIB,to_inst,72.65100671,south,direct,36.0,0.06420404464006424
cf,nopre,type2,p1,l2,nopc,b/c,276500,360.0,not_neg,not_int,not_lpsm,278000.0,sb,pr,home,1U,6000.0,CIB,638,EXP,not_inst,99.46043165,south,direct,44.0,0.04065827652812004
cf,nopre,type1,p4,l1,nopc,nob/c,236500,360.0,not_neg,not_int,not_lpsm,318000.0,sb,pr,home,1U,4740.0,CRIF,830,CIB,not_inst,74.37106918,south,direct,48.0,0.06420404464006424
cf,nopre,type1,p4,l1,nopc,nob/c,196500,228.0,not_neg,not_int,not_lpsm,388000.0,sb,pr,home,1U,3060.0,EXP,713,CIB,to_inst,50.6443299,south,direct,47.0,0.11089865863323212
cf,nopre,type1,p3,l1,nopc,nob/c,106500,360.0,neg_amm,not_int,not_lpsm,168000.0,sb,pr,home,1U,3120.0,CIB,600,CIB,to_inst,63.39285714,south,direct,29.0,0.19203747808933258
cf,nopre,type1,p3,l1,nopc,nob/c,236500,360.0,not_neg,not_int,not_lpsm,268000.0,sb,pr,home,1U,4080.0,CRIF,715,EXP,to_inst,88.24626866,south,direct,49.0,0.5
cf,nopre,type1,p4,l1,nopc,nob/c,596500,360.0,not_neg,not_int,not_lpsm,918000.0,sb,pr,home,1U,6600.0,EXP,837,CIB,not_inst,64.97821351,south,direct,45.0,0.05000000074505806
cf,pre,type1,p4,l1,nopc,nob/c,456500,360.0,neg_amm,not_int,not_lpsm,748000.0,sb,ir,home,1U,5820.0,CRIF,779,EXP,not_inst,61.02941176,North,direct,44.0,0.10782501846551895
cf,nopre,type1,p4,l1,nopc,nob/c,326500,240.0,not_neg,not_int,not_lpsm,388000.0,sb,pr,home,1U,14220.0,EXP,666,CIB,to_inst,84.14948454,North,direct,26.0,0.10782501846551895
cf,nopre,type1,p1,l1,nopc,nob/c,406500,360.0,neg_amm,not_int,not_lpsm,748000.0,sb,pr,home,1U,11340.0,CRIF,821,EXP,not_inst,54.34491979,south,direct,22.0,0.06420404464006424
cf,nopre,type2,p3,l1,nopc,b/c,306500,360.0,not_neg,not_int,not_lpsm,378000.0,sb,pr,home,1U,8160.0,CIB,852,EXP,to_inst,81.08465608,North,direct,43.0,0.10782501846551895
cf,nopre,type1,p4,l1,nopc,nob/c,276500,180.0,not_neg,not_int,not_lpsm,1008000.0,sb,pr,home,1U,8940.0,CRIF,559,EXP,to_inst,27.43055556,south,direct,27.0,0.059588298201560974
cf,nopre,type1,p3,l1,nopc,nob/c,186500,360.0,not_neg,not_int,not_lpsm,268000.0,sb,pr,home,1U,2940.0,EXP,850,CIB,to_inst,69.58955224,south,direct,49.0,0.14369073510169983
cf,nopre,type1,p3,l1,nopc,nob/c,106500,240.0,not_neg,not_int,lpsm,128000.0,sb,pr,home,1U,1380.0,CRIF,668,CIB,to_inst,83.203125,south,direct,43.0,0.7596899271011353
cf,nopre,type1,p4,l1,nopc,nob/c,346500,360.0,not_neg,not_int,not_lpsm,468000.0,sb,pr,home,1U,10260.0,CIB,737,CIB,to_inst,74.03846154,south,direct,31.0,0.059588298201560974
cf,nopre,type1,p3,l1,nopc,nob/c,726500,360.0,not_neg,not_int,not_lpsm,1918000.0,sb,pr,home,1U,11460.0,CIB,562,EXP,not_inst,37.87799791,south,direct,45.0,0.05779334530234337
cf,nopre,type1,p1,l1,nopc,nob/c,186500,360.0,not_neg,int_only,not_lpsm,248000.0,sb,pr,home,1U,2160.0,EXP,780,CIB,not_inst,75.2016129,North,direct,47.0,0.10782501846551895
cf,nopre,type2,p3,l1,nopc,b/c,96500,180.0,not_neg,not_int,not_lpsm,148000.0,sb,pr,home,1U,3960.0,EXP,726,CIB,to_inst,65.2027027,North,direct,37.0,0.11089865863323212
ncf,nopre,type1,p4,l1,nopc,nob/c,236500,180.0,not_neg,not_int,not_lpsm,1008000.0,sb,pr,home,1U,13320.0,EXP,515,EXP,to_inst,23.46230159,North,direct,13.0,0.06766917556524277
cf,nopre,type1,p2,l1,nopc,nob/c,306500,360.0,not_neg,not_int,not_lpsm,1518000.0,sb,ir,home,1U,12840.0,CIB,515,EXP,to_inst,20.19104084,North,direct,5.0,0.0861159935593605
cf,nopre,type1,p4,l1,nopc,nob/c,406500,360.0,not_neg,not_int,not_lpsm,508000.0,sb,pr,home,1U,4740.0,EXP,574,CIB,not_inst,80.01968504,south,direct,41.0,0.04065827652812004
cf,nopre,type1,p3,l1,nopc,nob/c,456500,360.0,not_neg,not_int,not_lpsm,658000.0,sb,pr,home,1U,14460.0,EXP,596,EXP,to_inst,69.3768997,North,direct,49.0,0.0861159935593605
cf,pre,type3,p3,l1,nopc,nob/c,226500,360.0,not_neg,not_int,not_lpsm,368000.0,sb,pr,home,1U,3600.0,EXP,807,CIB,to_inst,61.54891304,south,direct,43.0,0.14369073510169983
cf,nopre,type1,p1,l1,nopc,nob/c,156500,360.0,neg_amm,not_int,not_lpsm,178000.0,sb,sr,home,1U,4560.0,CRIF,768,EXP,to_inst,87.92134831,south,direct,59.0,0.7843137383460999
cf,nopre,type1,p3,l1,nopc,nob/c,336500,240.0,not_neg,not_int,not_lpsm,618000.0,sb,pr,home,1U,3540.0,EXP,747,EXP,not_inst,54.44983819,south,direct,57.0,0.6666666865348816
cf,nopre,type1,p3,l1,nopc,nob/c,256500,180.0,not_neg,not_int,not_lpsm,618000.0,sb,pr,home,1U,4800.0,CIB,589,EXP,to_inst,41.50485437,south,direct,47.0,0.10782501846551895
cf,nopre,type1,p1,l1,nopc,nob/c,306500,360.0,not_neg,not_int,not_lpsm,558000.0,sb,pr,home,1U,6840.0,CIB,750,EXP,not_inst,54.92831541,North,direct,49.0,0.03455149382352829
cf,nopre,type1,p1,l1,nopc,nob/c,526500,360.0,not_neg,not_int,not_lpsm,848000.0,sb,pr,home,1U,13200.0,CIB,634,CIB,not_inst,62.08726415,south,direct,23.0,0.02772643230855465
cf,nopre,type1,p1,l1,nopc,nob/c,726500,360.0,not_neg,not_int,not_lpsm,808000.0,sb,pr,home,1U,9000.0,CRIF,728,CIB,not_inst,89.91336634,North,direct,48.0,0.03455149382352829
cf,nopre,type1,p2,l1,nopc,nob/c,326500,180.0,not_neg,not_int,not_lpsm,438000.0,sb,pr,home,1U,12660.0,CRIF,762,CIB,not_inst,74.543379,North,direct,9.0,0.0861159935593605
ncf,nopre,type1,p1,l1,nopc,nob/c,566500,360.0,not_neg,not_int,not_lpsm,588000.0,sb,pr,home,1U,9060.0,CIB,848,EXP,to_inst,96.34353741,south,direct,31.0,0.5465116500854492
cf,nopre,type1,p3,l1,nopc,nob/c,446500,360.0,not_neg,not_int,not_lpsm,978000.0,sb,pr,home,1U,6000.0,CRIF,875,CIB,to_inst,45.65439673,south,direct,43.0,0.10782501846551895
cf,nopre,type1,p4,l1,nopc,nob/c,226500,360.0,not_neg,not_int,not_lpsm,258000.0,sb,pr,home,1U,3960.0,CIB,581,CIB,to_inst,87.79069767,North,direct,49.0,0.24460431933403015
cf,nopre,type1,p4,l1,nopc,nob/c,566500,360.0,not_neg,not_int,not_lpsm,1028000.0,sb,pr,home,1U,7260.0,CRIF,877,CIB,not_inst,55.10700389,North,direct,47.0,0.055727552622556686
cf,nopre,type1,p4,l1,nopc,nob/c,426500,360.0,not_neg,not_int,not_lpsm,968000.0,sb,pr,home,1U,6660.0,CIB,506,EXP,not_inst,44.05991736,North,direct,28.0,0.03435804694890976
cf,nopre,type1,p3,l1,nopc,nob/c,456500,180.0,not_neg,not_int,not_lpsm,618000.0,sb,pr,home,1U,15000.0,EXP,856,CIB,not_inst,73.86731392,North,direct,29.0,0.03455149382352829
cf,pre,type1,p3,l1,nopc,nob/c,426500,360.0,not_neg,not_int,not_lpsm,538000.0,sb,pr,home,1U,7500.0,CIB,886,CIB,to_inst,79.27509294,south,direct,36.0,0.10782501846551895
cf,nopre,type1,p4,l1,nopc,nob/c,566500,360.0,not_neg,int_only,not_lpsm,988000.0,sb,pr,home,1U,0.0,EXP,628,CIB,not_inst,57.33805668,south,direct,14.0,1.0
cf,pre,type1,p1,l1,nopc,nob/c,476500,360.0,not_neg,not_int,not_lpsm,598000.0,sb,pr,home,1U,7380.0,EXP,879,CIB,to_inst,79.68227425,south,direct,42.0,0.06766917556524277
cf,pre,type1,p1,l1,nopc,nob/c,226500,360.0,not_neg,not_int,not_lpsm,228000.0,sb,pr,home,1U,4980.0,EXP,720,CIB,to_inst,99.34210526,North,direct,36.0,0.10782501846551895
cf,nopre,type1,p4,l1,nopc,nob/c,226500,360.0,not_neg,not_int,not_lpsm,268000.0,sb,pr,home,1U,6780.0,CIB,869,CIB,to_inst,84.51492537,North,direct,21.0,0.11089865863323212
cf,nopre,type1,p3,l1,nopc,nob/c,286500,360.0,not_neg,not_int,not_lpsm,478000.0,sb,pr,home,1U,4140.0,CIB,705,EXP,not_inst,59.93723849,North,direct,42.0,0.03455149382352829
cf,nopre,type3,p3,l1,nopc,nob/c,306500,240.0,not_neg,not_int,not_lpsm,308000.0,sb,pr,home,1U,5760.0,CRIF,726,EXP,to_inst,99.51298701,North,direct,40.0,0.11089865863323212
cf,nopre,type1,p4,l1,nopc,nob/c,206500,360.0,not_neg,not_int,not_lpsm,428000.0,sb,pr,home,1U,2280.0,CRIF,568,CIB,to_inst,48.24766355,south,direct,38.0,0.14369073510169983
cf,nopre,type1,p2,l1,nopc,nob/c,106500,360.0,not_neg,not_int,not_lpsm,1168000.0,sb,pr,home,1U,4380.0,EXP,783,CIB,to_inst,9.118150685,North,direct,22.0,0.11276596039533615
cf,nopre,type1,p3,l1,nopc,nob/c,126500,360.0,not_neg,not_int,not_lpsm,218000.0,sb,pr,home,1U,1800.0,CRIF,758,CIB,to_inst,58.02752294,south,direct,36.0,0.11089865863323212
cf,pre,type3,p3,l1,nopc,nob/c,616500,360.0,not_neg,not_int,not_lpsm,1258000.0,sb,pr,home,1U,12780.0,CIB,607,EXP,not_inst,49.0063593,south,direct,30.0,0.03455149382352829
cf,pre,type1,p3,l1,nopc,nob/c,366500,360.0,not_neg,not_int,not_lpsm,658000.0,sb,pr,home,1U,8280.0,CIB,784,EXP,to_inst,55.69908815,south,direct,25.0,0.0363101065158844
cf,nopre,type1,p4,l1,nopc,nob/c,606500,360.0,not_neg,not_int,not_lpsm,1398000.0,sb,pr,home,1U,18900.0,EXP,642,CIB,not_inst,43.38340486,North,direct,31.0,0.02772643230855465
cf,pre,type1,p1,l1,nopc,nob/c,126500,360.0,not_neg,not_int,not_lpsm,148000.0,sb,pr,home,1U,2640.0,EXP,681,CIB,to_inst,85.47297297,south,direct,49.0,0.10782501846551895
cf,nopre,type1,p1,l1,nopc,nob/c,196500,360.0,not_neg,not_int,not_lpsm,208000.0,sb,pr,home,1U,2760.0,CIB,693,CIB,to_inst,94.47115385,south,direct,44.0,0.17307692766189575
cf,nopre,type1,p4,l1,nopc,nob/c,476500,360.0,not_neg,not_int,not_lpsm,508000.0,sb,pr,home,1U,4800.0,CRIF,704,CIB,not_inst,93.7992126,North,direct,46.0,0.06420404464006424
ncf,nopre,type1,p1,l1,nopc,nob/c,416500,324.0,neg_amm,not_int,not_lpsm,518000.0,sb,ir,home,1U,16620.0,CIB,769,EXP,to_inst,80.40540541,North,direct,35.0,0.24460431933403015
cf,nopre,type3,p3,l1,nopc,nob/c,356500,360.0,not_neg,not_int,not_lpsm,368000.0,sb,pr,home,1U,5460.0,EXP,707,EXP,not_inst,96.875,central,direct,50.0,0.10782501846551895
cf,nopre,type1,p4,l1,nopc,nob/c,716500,360.0,not_neg,not_int,not_lpsm,808000.0,sb,pr,home,1U,7380.0,CRIF,744,CIB,not_inst,88.67574257,south,direct,40.0,0.06420404464006424
cf,nopre,type1,p3,l2,nopc,nob/c,146500,360.0,not_neg,not_int,not_lpsm,358000.0,sb,pr,home,1U,2460.0,CIB,779,CIB,to_inst,40.92178771,south,direct,33.0,0.06420404464006424
cf,nopre,type1,p4,l1,nopc,nob/c,376500,360.0,not_neg,not_int,not_lpsm,408000.0,sb,pr,home,1U,6600.0,CIB,799,CIB,not_inst,92.27941176,North,direct,37.0,0.0363101065158844
cf,nopre,type2,p3,l1,nopc,b/c,146500,180.0,not_neg,not_int,not_lpsm,168000.0,sb,pr,home,1U,6600.0,CIB,509,EXP,to_inst,87.20238095,south,direct,46.0,0.1839258074760437
ncf,pre,type1,p1,l1,nopc,nob/c,1036500,360.0,not_neg,not_int,not_lpsm,1298000.0,sb,pr,home,1U,16320.0,CIB,828,EXP,to_inst,79.85362096,North,direct,36.0,0.14369073510169983
cf,nopre,type1,p3,l1,nopc,nob/c,546500,360.0,not_neg,not_int,not_lpsm,808000.0,sb,pr,home,1U,6660.0,CRIF,519,EXP,not_inst,67.63613861,North,direct,38.0,0.02772643230855465
cf,nopre,type1,p3,l1,nopc,nob/c,206500,360.0,neg_amm,not_int,not_lpsm,258000.0,sb,pr,home,1U,4020.0,CIB,825,CIB,to_inst,80.03875969,North-East,direct,39.0,0.3415384590625763
cf,nopre,type2,p1,l1,nopc,b/c,216500,360.0,not_neg,not_int,not_lpsm,218000.0,sb,pr,home,1U,6540.0,CIB,794,EXP,to_inst,99.31192661,North,direct,45.0,0.17307692766189575
cf,nopre,type2,p1,l1,nopc,b/c,576500,360.0,not_neg,not_int,lpsm,628000.0,sb,pr,home,1U,6420.0,EXP,659,CIB,to_inst,91.79936306,North,direct,61.0,0.6978417038917542
cf,nopre,type1,p4,l1,nopc,nob/c,286500,324.0,not_neg,not_int,not_lpsm,318000.0,sb,pr,home,1U,6840.0,CIB,734,CIB,to_inst,90.09433962,south,direct,33.0,0.17307692766189575
cf,nopre,type2,p3,l1,nopc,b/c,196500,360.0,not_neg,not_int,not_lpsm,228000.0,sb,pr,home,1U,3000.0,CRIF,848,CIB,to_inst,86.18421053,North,direct,37.0,0.1839258074760437
cf,nopre,type1,p4,l1,nopc,nob/c,536500,360.0,not_neg,not_int,not_lpsm,728000.0,sb,pr,home,1U,10560.0,CIB,576,CIB,not_inst,73.69505495,south,direct,37.0,0.02772643230855465
cf,nopre,type3,p3,l1,nopc,nob/c,446500,360.0,not_neg,not_int,not_lpsm,628000.0,sb,pr,home,1U,6900.0,CIB,684,CIB,not_inst,71.09872611,North,direct,50.0,0.059588298201560974
cf,nopre,type1,p3,l1,nopc,nob/c,276500,360.0,neg_amm,not_int,not_lpsm,448000.0,sb,pr,home,1U,6240.0,CRIF,652,EXP,to_inst,61.71875,south,direct,37.0,0.11276596039533615
cf,nopre,type2,p4,l1,nopc,b/c,266500,360.0,not_neg,not_int,not_lpsm,268000.0,sb,pr,home,1U,3120.0,CIB,752,CIB,not_inst,99.44029851,North,direct,59.0,0.4184100329875946
cf,nopre,type1,p4,l1,nopc,nob/c,556500,360.0,not_neg,not_int,not_lpsm,608000.0,sb,pr,home,1U,9060.0,EXP,829,CIB,to_inst,91.52960526,south,direct,31.0,0.24460431933403015
cf,nopre,type3,p3,l1,nopc,nob/c,376500,360.0,not_neg,not_int,not_lpsm,428000.0,sb,pr,home,1U,6900.0,CIB,760,EXP,to_inst,87.96728972,North,direct,31.0,0.06766917556524277
cf,nopre,type2,p3,l1,nopc,b/c,126500,360.0,not_neg,not_int,not_lpsm,188000.0,sb,pr,home,1U,2640.0,EXP,537,CIB,to_inst,67.28723404,south,direct,22.0,0.24460431933403015
cf,nopre,type1,p3,l1,nopc,nob/c,586500,360.0,not_neg,not_int,not_lpsm,748000.0,sb,pr,home,1U,6180.0,EXP,801,EXP,not_inst,78.40909091,south,direct,49.0,0.0861159935593605
cf,nopre,type1,p3,l1,nopc,nob/c,206500,360.0,not_neg,not_int,not_lpsm,238000.0,sb,pr,home,1U,4020.0,CIB,595,CIB,to_inst,86.76470588,North,direct,32.0,0.24460431933403015
cf,pre,type1,p4,l1,nopc,nob/c,336500,360.0,not_neg,not_int,not_lpsm,618000.0,sb,pr,home,1U,8700.0,EXP,505,EXP,not_inst,54.44983819,south,direct,36.0,0.03435804694890976
cf,pre,type1,p4,l1,nopc,nob/c,216500,360.0,not_neg,not_int,not_lpsm,308000.0,sb,pr,home,1U,3420.0,CRIF,704,EXP,to_inst,70.29220779,south,direct,33.0,0.10782501846551895
cf,pre,type1,p3,l1,nopc,nob/c,336500,300.0,not_neg,not_int,not_lpsm,558000.0,sb,pr,home,1U,8340.0,CIB,514,EXP,to_inst,60.3046595,south,direct,25.0,0.03455149382352829
cf,nopre,type1,p4,l1,nopc,nob/c,526500,360.0,not_neg,not_int,not_lpsm,558000.0,sb,pr,home,1U,10440.0,CRIF,728,EXP,not_inst,94.35483871,south,direct,26.0,0.0363101065158844
cf,nopre,type1,p4,l2,nopc,nob/c,236500,300.0,neg_amm,not_int,not_lpsm,308000.0,sb,pr,home,1U,3180.0,EXP,863,CIB,to_inst,76.78571429,south,direct,44.0,0.9899497628211975
cf,nopre,type1,p4,l1,nopc,nob/c,386500,360.0,not_neg,not_int,not_lpsm,448000.0,sb,pr,home,1U,7320.0,EXP,880,EXP,to_inst,86.27232143,North,direct,36.0,0.11089865863323212
cf,nopre,type1,p3,l1,nopc,nob/c,326500,360.0,not_neg,not_int,not_lpsm,508000.0,sb,pr,home,1U,3840.0,CIB,669,CIB,not_inst,64.27165354,south,direct,39.0,0.05779334530234337
cf,nopre,type1,p3,l1,nopc,nob/c,366500,360.0,not_neg,not_int,not_lpsm,458000.0,sb,pr,home,1U,5460.0,CIB,502,EXP,to_inst,80.02183406,North,direct,40.0,0.05779334530234337
cf,nopre,type1,p1,l2,nopc,nob/c,486500,360.0,not_neg,not_int,not_lpsm,1408000.0,sb,pr,home,1U,15900.0,CRIF,861,CIB,not_inst,34.55255682,North,direct,38.0,0.02772643230855465
cf,pre,type1,p4,l1,nopc,nob/c,256500,360.0,not_neg,not_int,not_lpsm,518000.0,sb,pr,home,1U,2820.0,CIB,681,CIB,to_inst,49.51737452,North,direct,48.0,0.11089865863323212
cf,nopre,type1,p4,l1,nopc,nob/c,316500,360.0,not_neg,not_int,lpsm,358000.0,sb,pr,home,1U,9360.0,CIB,698,CIB,not_inst,88.40782123,North,direct,21.0,0.19203747808933258
cf,nopre,type1,p3,l1,nopc,nob/c,406500,360.0,not_neg,not_int,not_lpsm,508000.0,sb,pr,home,1U,3540.0,CRIF,658,CIB,to_inst,80.01968504,south,direct,42.0,0.14369073510169983
cf,nopre,type2,p3,l1,nopc,b/c,446500,360.0,neg_amm,not_int,not_lpsm,558000.0,sb,pr,home,1U,4500.0,CIB,757,CIB,not_inst,80.01792115,North,direct,58.0,0.4184100329875946
cf,nopre,type1,p4,l1,nopc,nob/c,456500,360.0,not_neg,not_int,not_lpsm,658000.0,sb,pr,home,1U,0.0,EXP,750,CIB,not_inst,69.3768997,south,direct,11.0,0.9899497628211975
cf,nopre,type1,p1,l1,nopc,nob/c,226500,360.0,not_neg,not_int,not_lpsm,248000.0,sb,pr,home,1U,7080.0,CRIF,660,CIB,to_inst,91.33064516,North,direct,37.0,0.11089865863323212
cf,nopre,type1,p3,l1,nopc,nob/c,586500,360.0,not_neg,not_int,not_lpsm,978000.0,sb,pr,home,1U,13620.0,CIB,796,EXP,not_inst,59.96932515,North,direct,33.0,0.02772643230855465
cf,pre,type2,p3,l1,nopc,b/c,106500,180.0,not_neg,not_int,not_lpsm,158000.0,sb,pr,home,1U,3180.0,CRIF,861,EXP,to_inst,67.40506329,North,direct,47.0,0.11089865863323212
cf,pre,type1,p3,l1,nopc,nob/c,526500,360.0,not_neg,not_int,not_lpsm,778000.0,sb,pr,home,1U,7320.0,CRIF,868,CIB,to_inst,67.67352185,North,direct,39.0,0.0861159935593605
cf,pre,type2,p3,l1,nopc,b/c,286500,360.0,not_neg,not_int,not_lpsm,338000.0,sb,pr,home,1U,6000.0,CIB,558,EXP,to_inst,84.76331361,North,direct,55.0,0.14369073510169983
cf,nopre,type1,p4,l1,nopc,nob/c,356500,360.0,not_neg,not_int,not_lpsm,528000.0,sb,pr,home,1U,5760.0,CRIF,661,CIB,not_inst,67.51893939,North,direct,36.0,0.03435804694890976
,nopre,type1,p3,l1,nopc,nob/c,256500,360.0,not_neg,not_int,not_lpsm,308000.0,sb,pr,home,1U,4200.0,EXP,625,CIB,to_inst,83.27922078,central,direct,42.0,0.19203747808933258
cf,nopre,type1,p4,l1,nopc,nob/c,396500,360.0,not_neg,not_int,not_lpsm,498000.0,sb,pr,home,1U,9600.0,CRIF,507,EXP,to_inst,79.6184739,North,direct,19.0,0.06420404464006424
cf,nopre,type1,p3,l1,nopc,nob/c,226500,360.0,not_neg,not_int,not_lpsm,368000.0,sb,pr,home,1U,3540.0,CRIF,527,CIB,to_inst,61.54891304,North,direct,47.0,0.10782501846551895
cf,nopre,type1,p3,l1,nopc,nob/c,276500,360.0,not_neg,not_int,not_lpsm,408000.0,sb,pr,home,1U,3540.0,CRIF,708,CIB,to_inst,67.76960784,south,direct,30.0,0.10782501846551895
cf,nopre,type3,p3,l1,nopc,nob/c,366500,360.0,not_neg,not_int,not_lpsm,508000.0,sb,pr,home,1U,9900.0,EXP,569,CIB,to_inst,72.14566929,North,direct,33.0,0.06420404464006424
cf,nopre,type2,p4,l1,nopc,b/c,86500,360.0,not_neg,not_int,not_lpsm,118000.0,sb,pr,home,1U,3180.0,CRIF,576,CIB,to_inst,73.30508475,North,direct,44.0,0.19203747808933258
cf,nopre,type1,p3,l1,nopc,nob/c,696500,360.0,not_neg,not_int,not_lpsm,998000.0,sb,pr,home,1U,12300.0,CRIF,825,CIB,to_inst,69.78957916,south,direct,37.0,0.11089865863323212
cf,nopre,type2,p1,l1,nopc,b/c,256500,360.0,not_neg,not_int,not_lpsm,258000.0,sb,pr,home,1U,2880.0,CRIF,614,CIB,not_inst,99.41860465,North,direct,40.0,0.1839258074760437
cf,nopre,type1,p4,l1,nopc,nob/c,786500,360.0,not_neg,not_int,not_lpsm,1458000.0,sb,pr,home,2U,16860.0,EXP,600,EXP,not_inst,53.94375857,North,direct,37.0,0.06420404464006424
cf,nopre,type1,p3,l1,nopc,nob/c,126500,360.0,neg_amm,not_int,not_lpsm,508000.0,sb,ir,home,2U,720.0,EXP,621,CIB,to_inst,24.9015748,south,direct,31.0,0.6978417038917542
cf,pre,type1,p4,l1,nopc,nob/c,386500,360.0,not_neg,not_int,not_lpsm,428000.0,sb,pr,home,1U,6240.0,CIB,711,CIB,not_inst,90.30373832,south,direct,40.0,0.04065827652812004
cf,pre,type2,p3,l1,nopc,b/c,96500,180.0,not_neg,not_int,not_lpsm,258000.0,sb,pr,home,1U,4140.0,CRIF,551,CIB,to_inst,37.40310078,North,direct,57.0,0.4184100329875946
ncf,,type2,p3,l1,nopc,b/c,236500,360.0,not_neg,not_int,not_lpsm,328000.0,sb,pr,home,1U,2640.0,EXP,564,CIB,to_inst,72.10365854,south,direct,40.0,0.4184100329875946
ncf,nopre,type1,p3,l1,nopc,nob/c,176500,168.0,not_neg,not_int,not_lpsm,328000.0,sb,pr,home,1U,5760.0,CRIF,895,EXP,to_inst,53.81097561,North,direct,28.0,0.05779334530234337
cf,nopre,type1,p1,l1,nopc,nob/c,136500,360.0,not_neg,not_int,not_lpsm,208000.0,sb,pr,home,1U,5100.0,CRIF,605,CIB,to_inst,65.625,south,direct,6.0,0.11276596039533615
cf,pre,type2,p1,l1,nopc,b/c,46500,360.0,not_neg,not_int,not_lpsm,48000.0,sb,pr,home,1U,1200.0,EXP,502,CIB,to_inst,96.875,North,direct,34.0,0.14369073510169983
cf,nopre,type2,p1,l1,nopc,b/c,246500,360.0,not_neg,not_int,not_lpsm,248000.0,sb,pr,home,1U,3540.0,EXP,662,EXP,not_inst,99.39516129,central,direct,37.0,0.11089865863323212
cf,pre,type1,p4,l1,nopc,nob/c,216500,324.0,not_neg,not_int,not_lpsm,268000.0,sb,pr,home,1U,3060.0,CRIF,826,CIB,to_inst,80.78358209,central,direct,38.0,0.11089865863323212
ncf,nopre,type3,p3,l1,nopc,nob/c,636500,360.0,not_neg,int_only,not_lpsm,1188000.0,sb,pr,home,1U,4500.0,CIB,859,EXP,not_inst,53.57744108,North,direct,38.0,0.4184100329875946
cf,nopre,type1,p4,l1,nopc,nob/c,496500,360.0,not_neg,not_int,not_lpsm,548000.0,sb,pr,home,1U,8460.0,CIB,667,CIB,not_inst,90.60218978,south,direct,43.0,0.04065827652812004
cf,nopre,type1,p3,l1,nopc,nob/c,486500,240.0,not_neg,not_int,lpsm,538000.0,sb,pr,home,1U,13680.0,CRIF,680,EXP,to_inst,90.42750929,North,direct,37.0,0.9869565367698669
cf,nopre,type1,p4,l1,nopc,nob/c,516500,360.0,not_neg,not_int,not_lpsm,658000.0,sb,pr,home,1U,9720.0,CIB,601,CIB,not_inst,78.49544073,North,direct,44.0,0.03435804694890976
ncf,pre,type3,p1,l1,nopc,nob/c,386500,360.0,not_neg,not_int,not_lpsm,378000.0,sb,pr,home,1U,4860.0,CIB,721,EXP,to_inst,102.2486772,south,direct,49.0,0.04065827652812004
cf,pre,type2,p1,l1,nopc,b/c,186500,360.0,not_neg,not_int,not_lpsm,198000.0,sb,pr,home,1U,3120.0,CRIF,569,CIB,to_inst,94.19191919,south,direct,57.0,0.11089865863323212
cf,nopre,type1,p2,l1,nopc,nob/c,76500,360.0,neg_amm,not_int,not_lpsm,138000.0,sb,sr,home,1U,4080.0,EXP,529,CIB,to_inst,55.43478261,North,direct,43.0,0.4184100329875946
cf,nopre,type1,p4,l1,nopc,nob/c,416500,360.0,not_neg,not_int,not_lpsm,658000.0,sb,pr,home,1U,9780.0,CRIF,773,CIB,to_inst,63.29787234,south,direct,31.0,0.059588298201560974
cf,nopre,type1,p1,l1,nopc,nob/c,366500,360.0,not_neg,not_int,not_lpsm,458000.0,sb,pr,home,1U,12720.0,CIB,680,EXP,to_inst,80.02183406,south,direct,44.0,0.0861159935593605
cf,nopre,type1,p3,l1,nopc,nob/c,466500,360.0,not_neg,not_int,not_lpsm,748000.0,sb,pr,home,1U,6120.0,CIB,514,CIB,to_inst,62.36631016,North,direct,47.0,0.10782501846551895
cf,nopre,type1,p4,l1,nopc,nob/c,206500,360.0,not_neg,not_int,not_lpsm,238000.0,sb,pr,home,1U,4320.0,CIB,823,EXP,to_inst,86.76470588,North,direct,60.0,0.7596899271011353
cf,nopre,type1,p3,l1,nopc,nob/c,346500,360.0,not_neg,int_only,not_lpsm,448000.0,sb,pr,home,1U,4860.0,CRIF,564,EXP,not_inst,77.34375,south,direct,36.0,0.06420404464006424
cf,pre,type1,p4,l1,nopc,nob/c,196500,360.0,not_neg,not_int,not_lpsm,238000.0,sb,pr,home,1U,6000.0,CIB,775,CIB,to_inst,82.56302521,central,direct,28.0,0.14369073510169983
cf,nopre,type1,p3,l2,nopc,nob/c,406500,360.0,not_neg,not_int,not_lpsm,588000.0,sb,pr,home,1U,5100.0,EXP,816,CIB,to_inst,69.13265306,south,direct,36.0,0.04065827652812004
cf,nopre,type1,p4,l1,nopc,nob/c,676500,360.0,not_neg,not_int,not_lpsm,1308000.0,sb,pr,home,1U,7740.0,CRIF,824,CIB,to_inst,51.72018349,south,direct,46.0,0.11276596039533615
cf,nopre,type1,p3,l1,nopc,nob/c,346500,360.0,not_neg,not_int,not_lpsm,458000.0,sb,pr,home,1U,7260.0,CIB,555,EXP,to_inst,75.65502183,south,direct,43.0,0.06766917556524277
cf,pre,type1,p3,l1,nopc,nob/c,346500,360.0,not_neg,not_int,not_lpsm,1028000.0,sb,pr,home,1U,4740.0,EXP,900,CIB,to_inst,33.70622568,North,direct,30.0,0.11089865863323212
cf,nopre,type1,p3,l1,nopc,nob/c,56500,180.0,not_neg,not_int,not_lpsm,88000.0,sb,pr,home,1U,1140.0,CRIF,874,CIB,to_inst,64.20454545,south,direct,39.0,0.3415384590625763
cf,nopre,type1,p4,l1,nopc,nob/c,316500,240.0,not_neg,not_int,not_lpsm,608000.0,sb,pr,home,1U,9600.0,CIB,585,EXP,to_inst,52.05592105,North,direct,37.0,0.0363101065158844
cf,nopre,type1,p3,l1,nopc,nob/c,86500,360.0,not_neg,not_int,not_lpsm,258000.0,sb,pr,home,1U,2040.0,EXP,658,CIB,to_inst,33.52713178,North,direct,37.0,0.10782501846551895
cf,nopre,type1,p4,l1,nopc,nob/c,316500,180.0,not_neg,not_int,not_lpsm,508000.0,sb,pr,home,1U,9360.0,EXP,672,EXP,to_inst,62.30314961,south,direct,29.0,0.03455149382352829
cf,nopre,type1,p1,l1,nopc,nob/c,146500,360.0,not_neg,not_int,lpsm,178000.0,sb,pr,home,1U,2460.0,CIB,654,CIB,to_inst,82.30337079,south,direct,36.0,0.6978417038917542
cf,nopre,type1,p4,l1,nopc,nob/c,376500,360.0,not_neg,int_only,not_lpsm,388000.0,sb,pr,home,1U,7080.0,CIB,625,CIB,to_inst,97.03608247,central,direct,28.0,0.6186440587043762
cf,nopre,type2,p3,l1,nopc,b/c,126500,180.0,not_neg,not_int,not_lpsm,148000.0,sb,pr,home,1U,4980.0,CRIF,769,CIB,to_inst,85.47297297,central,direct,43.0,0.1839258074760437
cf,nopre,type1,p4,l1,nopc,nob/c,446500,360.0,not_neg,not_int,not_lpsm,568000.0,sb,pr,home,1U,6540.0,CIB,710,CIB,not_inst,78.60915493,North,direct,38.0,0.03435804694890976
cf,nopre,type1,p4,l1,nopc,nob/c,346500,360.0,not_neg,not_int,not_lpsm,618000.0,sb,pr,home,2U,5160.0,CIB,705,CIB,not_inst,56.06796117,North,direct,31.0,0.06766917556524277
cf,nopre,type2,p4,l1,nopc,b/c,186500,360.0,not_neg,not_int,not_lpsm,188000.0,sb,pr,home,1U,2100.0,EXP,527,CIB,to_inst,99.20212766,south,direct,48.0,0.6666666865348816
cf,pre,type1,p3,l1,nopc,nob/c,376500,360.0,not_neg,not_int,not_lpsm,638000.0,sb,pr,home,1U,7740.0,CIB,809,EXP,not_inst,59.01253918,North,direct,31.0,0.02139037474989891
cf,nopre,type1,p3,l1,nopc,nob/c,216500,360.0,not_neg,not_int,not_lpsm,528000.0,sb,pr,home,1U,5640.0,EXP,663,EXP,to_inst,41.00378788,North,direct,26.0,0.04065827652812004
cf,nopre,type1,p3,l1,nopc,nob/c,696500,360.0,not_neg,not_int,not_lpsm,1008000.0,sb,pr,home,1U,9480.0,EXP,515,CIB,not_inst,69.09722222,North,direct,40.0,0.03455149382352829
cf,nopre,type1,p3,l1,nopc,nob/c,346500,360.0,not_neg,not_int,not_lpsm,578000.0,sb,pr,home,1U,3960.0,CIB,567,CIB,to_inst,59.94809689,North,direct,41.0,0.0861159935593605
cf,nopre,type1,p1,l1,nopc,nob/c,426500,360.0,not_neg,not_int,not_lpsm,538000.0,sb,pr,home,1U,4680.0,EXP,786,EXP,not_inst,79.27509294,North,direct,44.0,0.0363101065158844
ncf,pre,type1,p4,l1,nopc,nob/c,536500,360.0,not_neg,not_int,not_lpsm,678000.0,sb,pr,home,1U,6960.0,CRIF,857,CIB,to_inst,79.12979351,North,direct,39.0,0.24460431933403015
cf,nopre,type1,p4,l1,nopc,nob/c,676500,360.0,not_neg,not_int,not_lpsm,1478000.0,sb,pr,home,1U,13920.0,EXP,857,CIB,not_inst,45.77131258,south,direct,38.0,0.03455149382352829
cf,nopre,type1,p3,l1,nopc,nob/c,236500,360.0,not_neg,not_int,not_lpsm,308000.0,sb,pr,home,1U,3480.0,CRIF,648,CIB,to_inst,76.78571429,south,direct,36.0,0.11089865863323212
cf,nopre,type1,p3,l1,nopc,nob/c,206500,360.0,not_neg,not_int,not_lpsm,278000.0,sb,pr,home,1U,4740.0,CRIF,694,EXP,to_inst,74.28057554,south,direct,31.0,0.059588298201560974
,nopre,type1,p1,l1,nopc,nob/c,76500,360.0,not_neg,not_int,not_lpsm,88000.0,sb,pr,home,1U,7980.0,EXP,651,CIB,not_inst,86.93181818,North,direct,18.0,0.10144927352666855
cf,pre,type1,p3,l1,nopc,nob/c,166500,360.0,not_neg,not_int,not_lpsm,408000.0,sb,pr,home,1U,1560.0,CRIF,862,CIB,to_inst,40.80882353,south,direct,48.0,0.3415384590625763
cf,nopre,type1,p3,l1,nopc,nob/c,526500,360.0,not_neg,not_int,not_lpsm,908000.0,sb,pr,home,1U,5580.0,EXP,520,CIB,to_inst,57.9845815,North,direct,47.0,0.11276596039533615
cf,nopre,type1,p3,l1,nopc,nob/c,556500,360.0,not_neg,not_int,not_lpsm,868000.0,sb,pr,home,1U,7920.0,CIB,854,CIB,not_inst,64.11290323,North,direct,38.0,0.03455149382352829
cf,nopre,type1,p4,l1,nopc,nob/c,396500,360.0,not_neg,not_int,not_lpsm,428000.0,sb,pr,home,1U,7560.0,EXP,564,EXP,to_inst,92.64018692,central,direct,28.0,0.19203747808933258
cf,nopre,type1,p3,l1,nopc,nob/c,246500,180.0,not_neg,not_int,not_lpsm,478000.0,sb,pr,home,1U,6420.0,EXP,789,CIB,to_inst,51.56903766,south,direct,23.0,0.06420404464006424
cf,nopre,type1,p3,l1,nopc,nob/c,366500,360.0,not_neg,not_int,not_lpsm,478000.0,sb,pr,home,1U,4440.0,CIB,784,EXP,to_inst,76.67364017,south,direct,43.0,0.10782501846551895
cf,nopre,type1,p3,l1,nopc,nob/c,296500,360.0,not_neg,not_int,not_lpsm,508000.0,sb,pr,home,1U,4920.0,EXP,803,EXP,to_inst,58.36614173,south,direct,31.0,0.04065827652812004
cf,nopre,type1,p3,l1,nopc,nob/c,276500,360.0,not_neg,not_int,not_lpsm,348000.0,sb,pr,home,1U,8400.0,CIB,868,EXP,not_inst,79.45402299,North-East,direct,37.0,0.04065827652812004
cf,nopre,type1,p4,l1,nopc,nob/c,156500,360.0,not_neg,not_int,not_lpsm,188000.0,sb,pr,home,1U,4140.0,CIB,674,CIB,to_inst,83.24468085,North,direct,49.0,0.19203747808933258
cf,nopre,type1,p1,l1,nopc,nob/c,706500,240.0,not_neg,not_int,not_lpsm,1788000.0,sb,pr,home,1U,10380.0,CRIF,676,CIB,not_inst,39.51342282,south,direct,40.0,0.03435804694890976
cf,nopre,type1,p4,l1,nopc,nob/c,586500,360.0,not_neg,not_int,not_lpsm,908000.0,sb,pr,home,1U,13320.0,CRIF,537,EXP,to_inst,64.59251101,south,direct,41.0,0.06420404464006424
cf,nopre,type2,p3,l1,nopc,b/c,666500,360.0,not_neg,not_int,not_lpsm,808000.0,sb,pr,home,1U,13560.0,EXP,851,EXP,not_inst,82.48762376,North,direct,40.0,0.0861159935593605
cf,nopre,type3,p3,l1,nopc,nob/c,196500,360.0,neg_amm,not_int,not_lpsm,318000.0,sb,pr,home,1U,3420.0,EXP,873,EXP,to_inst,61.79245283,North,direct,27.0,0.1839258074760437
cf,nopre,type1,p3,l1,nopc,nob/c,196500,360.0,not_neg,not_int,not_lpsm,348000.0,sb,pr,home,1U,15000.0,CRIF,670,CIB,to_inst,56.46551724,North,direct,31.0,0.0363101065158844
cf,nopre,type1,p3,l1,nopc,nob/c,96500,360.0,not_neg,not_int,not_lpsm,148000.0,sb,pr,home,1U,5040.0,CRIF,818,CIB,to_inst,65.2027027,south,direct,37.0,0.06420404464006424
cf,nopre,type1,p1,l1,nopc,nob/c,256500,360.0,not_neg,not_int,not_lpsm,328000.0,sb,pr,home,1U,2520.0,CRIF,656,EXP,not_inst,78.20121951,south,direct,47.0,0.11089865863323212
cf,nopre,type3,p3,l2,nopc,nob/c,146500,360.0,not_neg,not_int,not_lpsm,168000.0,sb,pr,home,1U,4080.0,EXP,648,EXP,to_inst,87.20238095,south,direct,48.0,0.059588298201560974
,nopre,type1,p1,l1,nopc,nob/c,556500,360.0,not_neg,not_int,not_lpsm,628000.0,sb,pr,home,1U,10200.0,EXP,796,CIB,not_inst,88.61464968,south,direct,40.0,0.0363101065158844
cf,nopre,type1,p4,l1,nopc,nob/c,116500,240.0,not_neg,not_int,not_lpsm,218000.0,sb,pr,home,1U,4500.0,EXP,666,EXP,to_inst,53.44036697,south,direct,24.0,0.059588298201560974
cf,pre,type1,p3,l1,nopc,nob/c,426500,360.0,not_neg,not_int,not_lpsm,618000.0,sb,pr,home,1U,6360.0,CIB,822,CIB,to_inst,69.01294498,south,direct,42.0,0.0861159935593605
cf,nopre,type1,p4,l1,nopc,nob/c,446500,360.0,not_neg,not_int,not_lpsm,608000.0,sb,pr,home,1U,4740.0,CRIF,637,EXP,to_inst,73.4375,North,direct,49.0,0.10782501846551895
cf,nopre,type2,p3,l1,nopc,b/c,216500,360.0,not_neg,not_int,not_lpsm,258000.0,sb,pr,home,1U,3480.0,CRIF,887,EXP,to_inst,83.91472868,North,direct,58.0,0.14369073510169983
cf,nopre,type1,p3,l1,nopc,nob/c,726500,360.0,not_neg,not_int,not_lpsm,1428000.0,sb,pr,home,1U,10200.0,CIB,896,CIB,not_inst,50.87535014,south,direct,38.0,0.03455149382352829
cf,nopre,type1,p1,l1,nopc,nob/c,236500,360.0,not_neg,not_int,not_lpsm,318000.0,sb,sr,home,1U,8580.0,CRIF,532,EXP,to_inst,74.37106918,North,direct,41.0,0.04065827652812004
cf,nopre,type1,p3,l1,nopc,nob/c,436500,360.0,not_neg,not_int,not_lpsm,548000.0,sb,pr,home,1U,7440.0,EXP,506,CIB,to_inst,79.65328467,south,direct,37.0,0.10782501846551895
cf,nopre,type1,p3,l1,nopc,nob/c,286500,240.0,not_neg,not_int,not_lpsm,368000.0,sb,pr,home,1U,7800.0,EXP,594,EXP,to_inst,77.85326087,south,direct,42.0,0.06766917556524277
cf,nopre,type1,p4,l1,nopc,nob/c,726500,360.0,not_neg,not_int,not_lpsm,1308000.0,sb,pr,home,1U,9000.0,CRIF,756,CIB,not_inst,55.54281346,south,direct,20.0,0.059588298201560974
cf,nopre,type1,p1,l1,nopc,nob/c,426500,360.0,not_neg,not_int,not_lpsm,448000.0,sb,pr,home,1U,5520.0,CIB,763,EXP,not_inst,95.20089286,North,direct,43.0,0.0363101065158844
cf,nopre,type1,p4,l1,nopc,nob/c,346500,360.0,neg_amm,not_int,not_lpsm,358000.0,sb,pr,home,1U,5880.0,EXP,603,EXP,to_inst,96.7877095,North,direct,30.0,0.6666666865348816
ncf,pre,type3,p1,l1,nopc,nob/c,516500,360.0,not_neg,not_int,not_lpsm,658000.0,sb,pr,home,1U,20460.0,CIB,579,CIB,to_inst,78.49544073,central,direct,14.0,0.10782501846551895
cf,pre,type3,p3,l1,nopc,nob/c,406500,360.0,not_neg,not_int,not_lpsm,418000.0,sb,pr,home,1U,9540.0,CIB,751,EXP,to_inst,97.24880383,south,direct,19.0,0.19203747808933258
cf,nopre,type1,p3,l2,nopc,nob/c,446500,360.0,not_neg,not_int,not_lpsm,828000.0,sb,pr,home,1U,5640.0,CIB,548,EXP,to_inst,53.92512077,North,direct,30.0,0.03455149382352829
cf,nopre,type1,p4,l1,nopc,nob/c,236500,360.0,not_neg,not_int,not_lpsm,318000.0,sb,ir,home,2U,9900.0,EXP,857,EXP,not_inst,74.37106918,North,direct,43.0,0.06420404464006424
cf,nopre,type1,p4,l1,nopc,nob/c,216500,180.0,not_neg,not_int,not_lpsm,268000.0,sb,pr,home,1U,8640.0,CRIF,630,EXP,to_inst,80.78358209,North,direct,30.0,0.04065827652812004
cf,nopre,type1,p4,l1,nopc,nob/c,456500,360.0,not_neg,not_int,not_lpsm,518000.0,sb,pr,home,1U,6240.0,EXP,547,CIB,not_inst,88.12741313,North,direct,42.0,0.0363101065158844
cf,nopre,type3,p3,l1,nopc,nob/c,106500,240.0,not_neg,int_only,not_lpsm,138000.0,sb,pr,home,1U,3840.0,CIB,859,CIB,to_inst,77.17391304,North,direct,31.0,0.0861159935593605
cf,nopre,type1,p4,l1,nopc,nob/c,446500,360.0,not_neg,not_int,not_lpsm,908000.0,sb,pr,home,1U,11520.0,EXP,844,EXP,not_inst,49.17400881,North,direct,48.0,0.04065827652812004
cf,nopre,type2,p3,l1,nopc,b/c,266500,360.0,not_neg,int_only,not_lpsm,318000.0,sb,pr,home,1U,6060.0,CIB,752,EXP,to_inst,83.80503145,south,direct,61.0,0.24460431933403015
ncf,pre,type1,p1,l1,nopc,nob/c,166500,360.0,not_neg,not_int,not_lpsm,168000.0,sb,pr,home,1U,2400.0,CRIF,711,CIB,to_inst,99.10714286,North,direct,39.0,0.11089865863323212
cf,nopre,type1,p4,l1,nopc,nob/c,256500,180.0,not_neg,int_only,not_lpsm,438000.0,sb,pr,home,1U,5400.0,CIB,550,CIB,not_inst,58.56164384,south,direct,30.0,0.059588298201560974
cf,nopre,type1,p1,l1,nopc,nob/c,386500,360.0,neg_amm,not_int,not_lpsm,418000.0,sb,pr,home,1U,7860.0,CIB,702,CIB,to_inst,92.46411483,North,direct,41.0,0.24460431933403015
cf,nopre,type1,p4,l1,nopc,nob/c,406500,360.0,not_neg,not_int,not_lpsm,588000.0,sb,pr,home,1U,4620.0,CRIF,650,EXP,not_inst,69.13265306,North,direct,45.0,0.0363101065158844
cf,pre,type1,p1,l1,nopc,nob/c,436500,360.0,neg_amm,not_int,not_lpsm,658000.0,sb,pr,home,1U,6960.0,CRIF,890,CIB,to_inst,66.33738602,south,direct,42.0,0.06420404464006424
cf,nopre,type2,p3,l1,nopc,b/c,276500,360.0,not_neg,not_int,not_lpsm,388000.0,sb,pr,home,1U,3000.0,CIB,759,CIB,to_inst,71.2628866,North,direct,49.0,0.24460431933403015
cf,nopre,type1,p4,l1,nopc,nob/c,226500,360.0,not_neg,not_int,not_lpsm,428000.0,sb,pr,home,1U,4200.0,CRIF,562,CIB,not_inst,52.92056075,North,direct,28.0,0.059588298201560974
cf,nopre,type1,p3,l1,nopc,nob/c,196500,360.0,not_neg,not_int,not_lpsm,248000.0,sb,pr,home,1U,3480.0,CIB,558,CIB,to_inst,79.23387097,North,direct,42.0,0.0861159935593605
cf,nopre,type1,p1,l1,nopc,nob/c,486500,360.0,neg_amm,not_int,not_lpsm,1118000.0,sb,ir,home,1U,90780.0,EXP,616,EXP,not_inst,43.51520572,south,direct,20.0,0.11089865863323212
cf,nopre,type1,p1,l2,nopc,nob/c,616500,360.0,not_neg,not_int,not_lpsm,688000.0,sb,pr,home,1U,7680.0,CIB,706,CIB,not_inst,89.60755814,North,direct,40.0,0.02139037474989891
cf,nopre,type1,p3,l1,nopc,nob/c,236500,240.0,not_neg,not_int,not_lpsm,308000.0,sb,pr,home,1U,5940.0,EXP,540,EXP,to_inst,76.78571429,south,direct,40.0,0.0861159935593605
cf,nopre,type2,p1,l2,nopc,b/c,396500,360.0,not_neg,not_int,not_lpsm,408000.0,sb,pr,home,1U,6060.0,CRIF,881,EXP,not_inst,97.18137255,south,direct,42.0,0.0861159935593605
cf,nopre,type1,p4,l1,nopc,nob/c,456500,360.0,not_neg,not_int,not_lpsm,668000.0,sb,pr,home,1U,12720.0,CIB,552,EXP,to_inst,68.33832335,south,direct,11.0,0.059588298201560974
cf,nopre,type1,p1,l1,nopc,nob/c,676500,360.0,not_neg,not_int,not_lpsm,848000.0,sb,pr,home,1U,15600.0,CRIF,730,EXP,not_inst,79.7759434,south,direct,40.0,0.03435804694890976
cf,nopre,type2,p4,l1,nopc,b/c,226500,360.0,not_neg,not_int,not_lpsm,288000.0,sb,pr,home,1U,6660.0,CRIF,540,EXP,to_inst,78.64583333,south,direct,23.0,0.14369073510169983
cf,nopre,type1,p3,l1,nopc,nob/c,366500,360.0,not_neg,not_int,not_lpsm,518000.0,sb,pr,home,1U,4740.0,CRIF,838,CIB,to_inst,70.75289575,south,direct,47.0,0.11089865863323212
cf,nopre,type1,p3,l1,nopc,nob/c,236500,360.0,not_neg,not_int,not_lpsm,358000.0,sb,pr,home,1U,7020.0,CIB,614,CIB,to_inst,66.06145251,south,direct,25.0,0.059588298201560974
cf,nopre,type1,p3,l1,nopc,nob/c,476500,360.0,not_neg,not_int,not_lpsm,608000.0,sb,pr,home,1U,27120.0,CRIF,554,CIB,to_inst,78.37171053,North,direct,13.0,0.14369073510169983
cf,nopre,type1,p3,l1,nopc,nob/c,186500,360.0,not_neg,not_int,not_lpsm,288000.0,sb,pr,home,1U,3600.0,EXP,846,CIB,to_inst,64.75694444,south,direct,39.0,0.0861159935593605
ncf,pre,type1,p4,l1,nopc,nob/c,316500,360.0,not_neg,not_int,not_lpsm,338000.0,sb,pr,home,1U,6360.0,EXP,801,CIB,not_inst,93.63905325,North,direct,41.0,0.059588298201560974
cf,nopre,type1,p1,l1,nopc,nob/c,566500,360.0,not_neg,not_int,not_lpsm,638000.0,sb,pr,home,1U,5700.0,CIB,834,CIB,not_inst,88.79310345,North,direct,45.0,0.059588298201560974
cf,nopre,type2,p3,l1,nopc,b/c,276500,360.0,not_neg,not_int,not_lpsm,318000.0,sb,pr,home,1U,8700.0,CIB,895,EXP,to_inst,86.94968553,south,direct,57.0,0.11276596039533615
cf,nopre,type2,p3,l1,nopc,b/c,126500,360.0,not_neg,not_int,not_lpsm,158000.0,sb,pr,home,1U,4860.0,EXP,674,CIB,to_inst,80.06329114,south,direct,43.0,0.11276596039533615
cf,nopre,type1,p3,l1,nopc,nob/c,236500,360.0,neg_amm,not_int,not_lpsm,298000.0,sb,pr,home,1U,6300.0,CRIF,598,CIB,to_inst,79.36241611,North,direct,31.0,0.14369073510169983
cf,nopre,type1,p4,l1,nopc,nob/c,146500,324.0,not_neg,not_int,not_lpsm,248000.0,sb,pr,home,1U,4740.0,CRIF,616,CIB,to_inst,59.07258065,south,direct,30.0,0.05779334530234337
cf,nopre,type1,p4,l1,nopc,nob/c,376500,180.0,not_neg,not_int,not_lpsm,998000.0,sb,pr,home,1U,11880.0,CRIF,646,EXP,not_inst,37.7254509,south,direct,32.0,0.03455149382352829
cf,nopre,type1,p4,l1,nopc,nob/c,446500,360.0,not_neg,int_only,not_lpsm,598000.0,sb,pr,home,1U,6120.0,CIB,706,EXP,not_inst,74.66555184,south,direct,38.0,0.03455149382352829
cf,nopre,type1,p1,l1,nopc,nob/c,316500,360.0,not_neg,not_int,not_lpsm,468000.0,sb,pr,home,1U,6060.0,CIB,523,EXP,not_inst,67.62820513,North,direct,28.0,0.03435804694890976
cf,nopre,type1,p3,l1,nopc,nob/c,216500,360.0,not_neg,not_int,not_lpsm,308000.0,sb,pr,home,1U,2220.0,CIB,689,CIB,to_inst,70.29220779,south,direct,42.0,0.11089865863323212
cf,nopre,type3,p3,l1,nopc,nob/c,326500,360.0,not_neg,not_int,not_lpsm,388000.0,sb,pr,home,1U,2340.0,CIB,710,CIB,to_inst,84.14948454,central,direct,56.0,0.3913043439388275
cf,pre,type2,p3,l1,nopc,b/c,196500,360.0,not_neg,not_int,not_lpsm,238000.0,sb,pr,home,1U,2040.0,CRIF,798,CIB,to_inst,82.56302521,south,direct,57.0,0.3415384590625763
ncf,nopre,type1,p3,l1,nopc,nob/c,646500,300.0,neg_amm,not_int,not_lpsm,808000.0,sb,pr,home,1U,0.0,EXP,708,CIB,not_inst,80.01237624,North,direct,12.0,1.0
cf,nopre,type1,p3,l1,nopc,nob/c,146500,360.0,not_neg,not_int,not_lpsm,208000.0,sb,pr,home,1U,3480.0,EXP,839,CIB,to_inst,70.43269231,North,direct,33.0,0.06420404464006424
cf,nopre,type1,p4,l1,nopc,nob/c,306500,180.0,not_neg,not_int,not_lpsm,918000.0,sb,pr,home,1U,6540.0,EXP,568,EXP,not_inst,33.38779956,North,direct,49.0,0.0861159935593605
cf,nopre,type1,p3,l1,nopc,nob/c,276500,360.0,not_neg,not_int,lpsm,578000.0,sb,pr,home,1U,5940.0,CRIF,526,CIB,to_inst,47.83737024,south,direct,35.0,0.6666666865348816
cf,pre,type1,p3,l1,nopc,nob/c,466500,360.0,not_neg,not_int,not_lpsm,708000.0,sb,pr,home,1U,8220.0,CIB,729,EXP,to_inst,65.88983051,North,direct,39.0,0.04065827652812004
cf,nopre,type1,p1,l1,nopc,nob/c,246500,360.0,not_neg,not_int,not_lpsm,268000.0,sb,pr,home,1U,5640.0,CIB,599,CIB,not_inst,91.97761194,North,direct,41.0,0.0363101065158844
cf,nopre,type1,p4,l1,nopc,nob/c,136500,180.0,not_neg,not_int,not_lpsm,168000.0,sb,pr,home,1U,6480.0,CRIF,839,CIB,to_inst,81.25,south,direct,29.0,0.14369073510169983
cf,nopre,type1,p4,l1,nopc,nob/c,676500,360.0,not_neg,not_int,not_lpsm,1068000.0,sb,pr,home,1U,12000.0,EXP,535,CIB,not_inst,63.34269663,North,direct,28.0,0.03455149382352829
cf,nopre,type3,p3,l1,nopc,nob/c,106500,360.0,not_neg,not_int,not_lpsm,228000.0,sb,pr,home,1U,2100.0,CRIF,520,CIB,to_inst,46.71052632,North,direct,45.0,0.14369073510169983
cf,nopre,type3,p3,l1,nopc,nob/c,236500,360.0,not_neg,int_only,not_lpsm,258000.0,sb,pr,home,1U,6180.0,EXP,620,EXP,to_inst,91.66666667,south,direct,46.0,0.14369073510169983
ncf,nopre,type1,p4,l1,nopc,nob/c,456500,360.0,not_neg,not_int,not_lpsm,488000.0,sb,pr,home,1U,8100.0,EXP,602,EXP,not_inst,93.54508197,North,direct,42.0,0.0861159935593605
cf,nopre,type2,p1,l1,nopc,b/c,226500,360.0,not_neg,not_int,not_lpsm,228000.0,sb,pr,home,2U,1500.0,EXP,517,CIB,not_inst,99.34210526,North,direct,13.0,0.9899497628211975
cf,nopre,type1,p3,l1,nopc,nob/c,156500,360.0,not_neg,not_int,not_lpsm,198000.0,sb,pr,home,1U,2400.0,CIB,893,CIB,to_inst,79.04040404,North,direct,43.0,0.11089865863323212
cf,nopre,type1,p1,l1,nopc,nob/c,436500,360.0,not_neg,not_int,not_lpsm,448000.0,sb,pr,home,1U,8640.0,CRIF,745,CIB,not_inst,97.43303571,North,direct,29.0,0.11089865863323212
cf,nopre,type2,p3,l1,nopc,b/c,106500,360.0,not_neg,not_int,not_lpsm,108000.0,sb,pr,home,1U,1680.0,CRIF,575,EXP,to_inst,98.61111111,south,direct,5.0,0.9869565367698669
cf,nopre,type1,p4,l1,nopc,nob/c,346500,360.0,not_neg,not_int,not_lpsm,628000.0,sb,pr,home,1U,4860.0,CRIF,534,CIB,not_inst,55.17515924,south,direct,46.0,0.05779334530234337
cf,nopre,type1,p1,l1,nopc,nob/c,476500,360.0,not_neg,not_int,not_lpsm,508000.0,sb,pr,home,1U,11100.0,CRIF,551,EXP,not_inst,93.7992126,central,direct,33.0,0.03455149382352829
cf,pre,type1,p4,l1,nopc,nob/c,396500,360.0,not_neg,not_int,not_lpsm,498000.0,sb,pr,home,1U,12900.0,EXP,824,CIB,to_inst,79.6184739,North,direct,20.0,0.0861159935593605
,nopre,type2,p3,l1,nopc,b/c,146500,360.0,not_neg,not_int,not_lpsm,188000.0,sb,pr,home,1U,1620.0,CIB,556,CIB,to_inst,77.92553191,North,direct,49.0,0.24460431933403015
cf,nopre,type1,p3,l1,nopc,nob/c,216500,180.0,not_neg,not_int,not_lpsm,298000.0,sb,pr,home,1U,4320.0,CIB,760,CIB,to_inst,72.65100671,North,direct,44.0,0.06766917556524277
cf,nopre,type1,p4,l1,nopc,nob/c,306500,360.0,not_neg,not_int,not_lpsm,418000.0,sb,pr,home,1U,5520.0,CIB,876,EXP,to_inst,73.32535885,North,direct,49.0,0.0861159935593605
cf,nopre,type2,p4,l1,nopc,b/c,256500,360.0,neg_amm,not_int,not_lpsm,268000.0,sb,pr,home,1U,10080.0,CIB,671,CIB,to_inst,95.70895522,North,direct,35.0,0.6186440587043762
cf,nopre,type1,p2,l1,nopc,nob/c,116500,180.0,not_neg,not_int,not_lpsm,228000.0,sb,pr,home,1U,1380.0,CIB,593,EXP,to_inst,51.09649123,south,direct,25.0,0.5465116500854492
cf,nopre,type1,p1,l1,nopc,nob/c,216500,360.0,not_neg,not_int,lpsm,608000.0,sb,pr,home,1U,3780.0,CRIF,516,EXP,to_inst,35.60855263,North,direct,32.0,0.6666666865348816
cf,nopre,type1,p3,l1,nopc,nob/c,166500,360.0,not_neg,not_int,not_lpsm,308000.0,sb,pr,home,1U,3000.0,EXP,663,CIB,to_inst,54.05844156,south,direct,44.0,0.10782501846551895
cf,pre,type1,p3,l1,nopc,nob/c,696500,360.0,not_neg,not_int,not_lpsm,1108000.0,sb,pr,home,1U,9480.0,EXP,516,EXP,not_inst,62.86101083,south,direct,38.0,0.03435804694890976
cf,nopre,type2,p2,l2,nopc,b/c,36500,360.0,not_neg,not_int,not_lpsm,178000.0,sb,pr,home,1U,1980.0,EXP,651,CIB,to_inst,20.50561798,south,direct,31.0,0.0861159935593605
cf,nopre,type1,p1,l1,nopc,nob/c,396500,360.0,not_neg,not_int,not_lpsm,548000.0,sb,pr,home,1U,13500.0,CIB,689,EXP,not_inst,72.3540146,North,direct,17.0,0.02772643230855465
cf,nopre,type1,p4,l1,nopc,nob/c,346500,240.0,not_neg,not_int,not_lpsm,478000.0,sb,pr,home,1U,5160.0,CRIF,692,CIB,not_inst,72.48953975,south,direct,49.0,0.04065827652812004
cf,pre,type2,p1,l1,nopc,b/c,116500,360.0,not_neg,not_int,not_lpsm,118000.0,sb,pr,home,1U,3120.0,CRIF,629,CIB,to_inst,98.72881356,south,direct,49.0,0.10782501846551895
cf,nopre,type1,p3,l1,nopc,nob/c,136500,360.0,not_neg,not_int,not_lpsm,258000.0,sb,pr,home,1U,2340.0,CRIF,676,CIB,to_inst,52.90697674,North,direct,29.0,0.10782501846551895
cf,nopre,type1,p4,l1,nopc,nob/c,366500,360.0,not_neg,int_only,not_lpsm,758000.0,sb,pr,home,1U,3960.0,CRIF,852,CIB,not_inst,48.35092348,south,direct,58.0,0.7596899271011353
cf,nopre,type2,p3,l1,nopc,b/c,276500,360.0,not_neg,not_int,not_lpsm,318000.0,sb,pr,home,1U,6000.0,CIB,794,EXP,to_inst,86.94968553,south,direct,59.0,0.14369073510169983
cf,nopre,type1,p1,l1,nopc,nob/c,486500,360.0,not_neg,not_int,not_lpsm,558000.0,sb,pr,home,1U,9300.0,CIB,849,CIB,not_inst,87.18637993,North,direct,21.0,0.0363101065158844
cf,nopre,type1,p3,l1,nopc,nob/c,156500,360.0,not_neg,not_int,lpsm,258000.0,sb,pr,home,1U,3360.0,EXP,803,EXP,to_inst,60.65891473,North,direct,27.0,0.3913043439388275
cf,nopre,type1,p1,l1,nopc,nob/c,166500,360.0,neg_amm,not_int,not_lpsm,178000.0,sb,pr,home,1U,2520.0,CRIF,671,CIB,to_inst,93.53932584,North,direct,39.0,0.3415384590625763
cf,nopre,type1,p4,l1,nopc,nob/c,166500,360.0,not_neg,not_int,not_lpsm,178000.0,sb,pr,home,1U,2640.0,CRIF,835,CIB,to_inst,93.53932584,south,direct,42.0,0.3913043439388275
cf,nopre,type1,p1,l1,nopc,nob/c,676500,360.0,not_neg,not_int,not_lpsm,718000.0,sb,pr,home,1U,8340.0,CRIF,543,CIB,not_inst,94.22005571,North,direct,42.0,0.0363101065158844
cf,nopre,type1,p3,l1,nopc,nob/c,346500,360.0,not_neg,not_int,not_lpsm,458000.0,sb,pr,home,1U,7800.0,CIB,693,CIB,to_inst,75.65502183,North,direct,26.0,0.06420404464006424
cf,pre,type1,p3,l1,nopc,nob/c,136500,360.0,not_neg,not_int,not_lpsm,258000.0,sb,pr,home,1U,1500.0,EXP,756,CIB,to_inst,52.90697674,North,direct,47.0,0.14369073510169983
ncf,nopre,type1,p4,l1,nopc,nob/c,716500,360.0,not_neg,not_int,not_lpsm,828000.0,sb,pr,home,1U,11880.0,CIB,759,CIB,to_inst,86.53381643,south,direct,29.0,0.6186440587043762
cf,nopre,type1,p3,l1,nopc,nob/c,436500,360.0,not_neg,not_int,not_lpsm,548000.0,sb,pr,home,1U,4980.0,CIB,718,CIB,not_inst,79.65328467,south,direct,42.0,0.059588298201560974
cf,nopre,type2,p1,l1,nopc,b/c,236500,360.0,not_neg,not_int,lpsm,238000.0,sb,pr,home,1U,2580.0,EXP,590,EXP,to_inst,99.3697479,south,direct,56.0,0.7596899271011353
cf,pre,type1,p1,l1,nopc,nob/c,276500,360.0,not_neg,not_int,not_lpsm,378000.0,sb,ir,home,1U,3180.0,CRIF,527,CIB,not_inst,73.14814815,North,direct,59.0,0.6666666865348816
cf,nopre,type1,p4,l1,nopc,nob/c,406500,360.0,not_neg,not_int,not_lpsm,478000.0,sb,pr,home,1U,6000.0,CRIF,526,CIB,not_inst,85.041841,south,direct,30.0,0.055727552622556686
cf,nopre,type1,p3,l1,nopc,nob/c,286500,360.0,not_neg,int_only,not_lpsm,418000.0,sb,pr,home,1U,7920.0,EXP,525,EXP,not_inst,68.54066986,North,direct,41.0,0.03455149382352829
cf,nopre,type1,p3,l1,nopc,nob/c,236500,360.0,not_neg,not_int,not_lpsm,398000.0,sb,pr,home,1U,2100.0,CRIF,713,CIB,to_inst,59.42211055,North,direct,49.0,0.1839258074760437
cf,nopre,type1,p3,l1,nopc,nob/c,116500,180.0,not_neg,not_int,not_lpsm,208000.0,sb,pr,home,1U,3360.0,CIB,502,CIB,to_inst,56.00961538,North,direct,39.0,0.06420404464006424
cf,nopre,type2,p3,l1,nopc,b/c,96500,360.0,not_neg,not_int,not_lpsm,128000.0,sb,pr,home,1U,1260.0,CRIF,858,CIB,to_inst,75.390625,North-East,direct,58.0,0.3415384590625763
cf,nopre,type1,p3,l1,nopc,nob/c,466500,360.0,not_neg,not_int,not_lpsm,578000.0,sb,pr,home,1U,5400.0,CIB,879,CIB,not_inst,80.70934256,south,direct,43.0,0.06766917556524277
cf,nopre,type1,p3,l1,nopc,nob/c,316500,240.0,neg_amm,not_int,not_lpsm,378000.0,sb,pr,home,1U,4800.0,CRIF,673,EXP,to_inst,83.73015873,North,direct,43.0,0.24460431933403015
cf,nopre,type1,p3,l1,nopc,nob/c,276500,360.0,not_neg,not_int,not_lpsm,368000.0,sb,ir,home,1U,9120.0,CRIF,591,CIB,to_inst,75.13586957,North,direct,12.0,0.14369073510169983
cf,nopre,type1,p3,l1,nopc,nob/c,206500,360.0,not_neg,not_int,not_lpsm,268000.0,sb,pr,home,1U,4560.0,CIB,654,CIB,to_inst,77.05223881,south,direct,49.0,0.14369073510169983
cf,pre,type1,p1,l1,nopc,nob/c,256500,360.0,not_neg,not_int,not_lpsm,278000.0,sb,pr,home,1U,13560.0,CRIF,515,EXP,to_inst,92.26618705,North,direct,44.0,0.03455149382352829
cf,nopre,type1,p3,l1,nopc,nob/c,196500,180.0,not_neg,not_int,not_lpsm,248000.0,sb,pr,home,1U,11700.0,CRIF,509,CIB,to_inst,79.23387097,south,direct,23.0,0.0861159935593605
cf,nopre,type1,p4,l1,nopc,nob/c,236500,180.0,not_neg,not_int,not_lpsm,858000.0,sb,ir,home,1U,7500.0,EXP,524,EXP,to_inst,27.56410256,south,direct,46.0,0.14369073510169983
cf,nopre,type2,p3,l2,nopc,b/c,136500,300.0,neg_amm,not_int,not_lpsm,168000.0,sb,pr,home,1U,4020.0,EXP,723,CIB,to_inst,81.25,North,direct,44.0,0.9869565367698669
cf,nopre,type1,p3,l1,nopc,nob/c,406500,360.0,neg_amm,not_int,not_lpsm,498000.0,sb,pr,home,1U,5760.0,CIB,668,CIB,not_inst,81.62650602,North,direct,37.0,0.23026315867900848
cf,nopre,type1,p1,l1,nopc,nob/c,226500,360.0,not_neg,int_only,not_lpsm,378000.0,sb,pr,home,1U,5820.0,EXP,585,EXP,not_inst,59.92063492,North,direct,41.0,0.0363101065158844
cf,pre,type1,p1,l1,nopc,nob/c,326500,360.0,neg_amm,not_int,not_lpsm,338000.0,sb,pr,home,1U,4260.0,CIB,788,EXP,to_inst,96.59763314,south,direct,45.0,0.0363101065158844
cf,pre,type1,p1,l1,nopc,nob/c,166500,360.0,not_neg,not_int,not_lpsm,178000.0,sb,pr,home,1U,4560.0,EXP,861,CIB,to_inst,93.53932584,North,direct,33.0,0.059588298201560974
cf,nopre,type1,p4,l1,nopc,nob/c,576500,360.0,not_neg,not_int,not_lpsm,778000.0,sb,pr,home,1U,8640.0,CRIF,861,CIB,not_inst,74.10025707,North,direct,25.0,0.03435804694890976
cf,pre,type1,p3,l1,nopc,nob/c,276500,360.0,not_neg,not_int,not_lpsm,368000.0,sb,pr,home,1U,6240.0,EXP,894,CIB,to_inst,75.13586957,south,direct,43.0,0.0861159935593605
,nopre,type1,p1,l1,nopc,nob/c,506500,360.0,not_neg,not_int,not_lpsm,538000.0,sb,pr,home,1U,10260.0,CIB,784,EXP,not_inst,94.14498141,North,direct,27.0,0.03455149382352829
cf,nopre,type1,p1,l1,nopc,nob/c,316500,360.0,not_neg,not_int,not_lpsm,878000.0,sb,pr,home,1U,3960.0,CIB,809,CIB,not_inst,36.04783599,south,direct,46.0,0.055727552622556686
cf,nopre,type1,p3,l2,nopc,nob/c,236500,360.0,not_neg,not_int,not_lpsm,288000.0,sb,pr,home,1U,3780.0,CRIF,548,CIB,not_inst,82.11805556,south,direct,34.0,0.06766917556524277
cf,nopre,type1,p3,l1,nopc,nob/c,196500,360.0,not_neg,not_int,not_lpsm,548000.0,sb,pr,home,1U,2760.0,EXP,680,CIB,not_inst,35.85766423,central,direct,48.0,0.11089865863323212
cf,nopre,type1,p2,l1,nopc,nob/c,186500,360.0,not_neg,not_int,not_lpsm,408000.0,sb,pr,home,1U,0.0,EXP,887,EXP,to_inst,45.71078431,south,direct,14.0,0.9899497628211975
cf,nopre,type1,p3,l1,nopc,nob/c,356500,360.0,not_neg,int_only,not_lpsm,428000.0,sb,pr,home,1U,3960.0,CIB,752,EXP,to_inst,83.29439252,south,direct,44.0,0.24460431933403015
cf,nopre,type1,p3,l2,opc,nob/c,286500,360.0,not_neg,int_only,not_lpsm,998000.0,sb,pr,home,1U,40440.0,CIB,743,EXP,to_inst,28.70741483,North,direct,14.0,0.0363101065158844
cf,nopre,type1,p3,l1,nopc,nob/c,486500,180.0,not_neg,not_int,not_lpsm,688000.0,sb,pr,home,1U,10980.0,EXP,833,CIB,to_inst,70.7122093,North,direct,46.0,0.11089865863323212
cf,nopre,type1,p3,l1,nopc,nob/c,456500,360.0,not_neg,not_int,not_lpsm,688000.0,sb,pr,home,1U,8940.0,CIB,574,EXP,to_inst,66.35174419,North,direct,31.0,0.03455149382352829
cf,nopre,type1,p4,l1,nopc,nob/c,186500,360.0,not_neg,not_int,not_lpsm,228000.0,sb,pr,home,1U,2760.0,EXP,519,CIB,to_inst,81.79824561,south,direct,39.0,0.14369073510169983
cf,pre,type1,p3,l1,nopc,nob/c,156500,360.0,not_neg,not_int,not_lpsm,308000.0,sb,pr,home,1U,1980.0,CRIF,823,EXP,to_inst,50.81168831,North,direct,45.0,0.11089865863323212
cf,pre,type1,p4,l1,nopc,nob/c,366500,240.0,not_neg,not_int,not_lpsm,498000.0,sb,pr,home,1U,6420.0,EXP,758,CIB,not_inst,73.59437751,south,direct,42.0,0.03435804694890976
cf,nopre,type1,p4,l1,nopc,nob/c,586500,360.0,not_neg,int_only,not_lpsm,698000.0,sb,pr,home,1U,7620.0,EXP,585,EXP,not_inst,84.02578797,North,direct,41.0,0.04065827652812004
cf,pre,type2,p3,l1,nopc,b/c,306500,360.0,not_neg,not_int,not_lpsm,348000.0,sb,pr,home,1U,4440.0,EXP,504,CIB,to_inst,88.07471264,south,direct,45.0,0.24460431933403015
cf,pre,type1,p3,l1,nopc,nob/c,316500,360.0,not_neg,not_int,not_lpsm,1908000.0,sb,pr,home,1U,3600.0,EXP,700,EXP,to_inst,16.58805031,North,direct,42.0,0.10782501846551895
cf,pre,type1,p3,l1,nopc,nob/c,386500,360.0,not_neg,not_int,not_lpsm,618000.0,sb,pr,home,1U,6840.0,EXP,732,EXP,to_inst,62.54045307,south,direct,38.0,0.05779334530234337
cf,nopre,type1,p3,l1,nopc,nob/c,606500,360.0,not_neg,not_int,not_lpsm,1308000.0,sb,pr,home,1U,6120.0,CIB,781,EXP,not_inst,46.36850153,central,direct,49.0,0.059588298201560974
cf,nopre,type1,p4,l1,nopc,nob/c,426500,360.0,not_neg,not_int,not_lpsm,608000.0,sb,pr,home,1U,8940.0,CRIF,626,CIB,to_inst,70.14802632,south,direct,30.0,0.06420404464006424
cf,nopre,type1,p1,l2,nopc,nob/c,226500,360.0,not_neg,not_int,not_lpsm,248000.0,sb,pr,home,1U,3180.0,EXP,605,CIB,not_inst,91.33064516,central,direct,47.0,0.03455149382352829
cf,nopre,type1,p1,l1,nopc,nob/c,226500,360.0,not_neg,not_int,not_lpsm,568000.0,sb,pr,home,1U,4500.0,CRIF,616,EXP,to_inst,39.87676056,North,direct,49.0,0.11089865863323212
cf,nopre,type1,p3,l1,nopc,nob/c,256500,360.0,not_neg,not_int,not_lpsm,428000.0,sb,pr,home,1U,3720.0,EXP,628,EXP,to_inst,59.92990654,south,direct,49.0,0.11089865863323212
cf,nopre,type1,p4,l1,nopc,nob/c,396500,360.0,not_neg,not_int,not_lpsm,588000.0,sb,pr,home,1U,6480.0,CRIF,837,EXP,to_inst,67.43197279,North,direct,42.0,0.055727552622556686
cf,nopre,type1,p4,l1,nopc,nob/c,56500,180.0,not_neg,not_int,not_lpsm,118000.0,sb,pr,home,1U,3180.0,CRIF,768,CIB,to_inst,47.88135593,south,direct,40.0,0.14369073510169983
cf,nopre,type1,p4,l1,nopc,nob/c,296500,180.0,not_neg,not_int,not_lpsm,658000.0,sb,ir,home,1U,5340.0,EXP,583,CIB,to_inst,45.06079027,North,direct,44.0,0.14369073510169983
cf,nopre,type1,p3,l1,nopc,nob/c,456500,360.0,neg_amm,not_int,not_lpsm,578000.0,sb,pr,home,1U,7260.0,EXP,501,CIB,not_inst,78.97923875,North,direct,44.0,0.11276596039533615
cf,nopre,type1,p1,l1,nopc,nob/c,246500,180.0,not_neg,not_int,not_lpsm,308000.0,sb,pr,home,1U,10320.0,EXP,733,CIB,not_inst,80.03246753,North,direct,14.0,0.05779334530234337
cf,pre,type1,p1,l1,nopc,nob/c,196500,360.0,not_neg,not_int,lpsm,238000.0,sb,pr,home,1U,4560.0,EXP,742,CIB,to_inst,82.56302521,North,direct,43.0,0.24460431933403015
cf,nopre,type1,p3,l1,nopc,nob/c,166500,360.0,neg_amm,not_int,not_lpsm,258000.0,sb,pr,home,1U,3900.0,CIB,760,CIB,to_inst,64.53488372,North,direct,30.0,0.14369073510169983
cf,nopre,type3,p3,l1,nopc,nob/c,316500,360.0,neg_amm,not_int,not_lpsm,528000.0,sb,pr,home,1U,6540.0,CRIF,635,EXP,to_inst,59.94318182,south,direct,61.0,0.14369073510169983
cf,nopre,type1,p3,l1,nopc,nob/c,376500,360.0,not_neg,not_int,not_lpsm,708000.0,sb,pr,home,1U,3720.0,CIB,756,EXP,to_inst,53.1779661,south,direct,41.0,0.0861159935593605
cf,nopre,type1,p3,l1,nopc,nob/c,156500,360.0,not_neg,not_int,not_lpsm,228000.0,sb,pr,home,1U,1680.0,CRIF,693,CIB,to_inst,68.64035088,North,direct,41.0,0.11276596039533615
ncf,nopre,type2,p3,l1,nopc,b/c,296500,360.0,not_neg,not_int,not_lpsm,358000.0,sb,pr,home,1U,7980.0,CRIF,526,EXP,to_inst,82.82122905,North,direct,34.0,0.11089865863323212
cf,pre,type2,p4,l1,nopc,b/c,496500,360.0,not_neg,not_int,not_lpsm,618000.0,sb,pr,home,1U,6180.0,CRIF,612,CIB,not_inst,80.33980583,North,direct,53.0,0.1839258074760437
cf,nopre,type1,p1,l1,nopc,nob/c,216500,360.0,not_neg,not_int,not_lpsm,228000.0,sb,pr,home,1U,4980.0,CIB,658,CIB,not_inst,94.95614035,North,direct,44.0,0.0363101065158844
cf,nopre,type1,p3,l1,nopc,nob/c,336500,360.0,not_neg,not_int,not_lpsm,438000.0,sb,pr,home,1U,3000.0,CIB,691,CIB,to_inst,76.82648402,central,direct,17.0,0.8414633870124817
cf,nopre,type1,p2,l1,nopc,nob/c,206500,360.0,not_neg,not_int,not_lpsm,418000.0,sb,pr,home,1U,7380.0,CRIF,642,EXP,to_inst,49.40191388,south,direct,38.0,0.0861159935593605
cf,nopre,type2,p3,l1,nopc,b/c,126500,360.0,not_neg,not_int,not_lpsm,158000.0,sb,pr,home,1U,1740.0,CIB,860,CIB,to_inst,80.06329114,North,direct,58.0,0.24460431933403015
cf,nopre,type2,p4,l1,nopc,b/c,506500,360.0,not_neg,not_int,lpsm,518000.0,sb,pr,home,1U,9180.0,CRIF,758,EXP,not_inst,97.77992278,south,direct,44.0,0.6186440587043762
cf,nopre,type1,p3,l1,nopc,nob/c,186500,360.0,not_neg,not_int,not_lpsm,258000.0,sb,ir,home,1U,3720.0,EXP,756,EXP,to_inst,72.28682171,south,direct,33.0,0.14369073510169983
cf,nopre,type1,p4,l1,nopc,nob/c,336500,360.0,not_neg,not_int,not_lpsm,508000.0,sb,pr,home,1U,3960.0,CRIF,645,CIB,to_inst,66.24015748,North,direct,43.0,0.0861159935593605
cf,pre,type1,p4,l1,nopc,nob/c,286500,180.0,not_neg,not_int,not_lpsm,338000.0,sb,pr,home,1U,9780.0,CRIF,899,CIB,to_inst,84.76331361,North,direct,28.0,0.11276596039533615
cf,nopre,type1,p1,l1,nopc,nob/c,726500,360.0,not_neg,not_int,not_lpsm,858000.0,sb,pr,home,1U,19500.0,CIB,709,EXP,not_inst,84.67365967,south,direct,36.0,0.0363101065158844
cf,nopre,type1,p4,l1,nopc,nob/c,406500,360.0,not_neg,not_int,not_lpsm,468000.0,sb,pr,home,1U,6840.0,CRIF,734,EXP,not_inst,86.85897436,south,direct,48.0,0.059588298201560974
cf,nopre,type1,p4,l1,nopc,nob/c,216500,240.0,not_neg,not_int,not_lpsm,268000.0,sb,pr,home,1U,3900.0,CRIF,526,CIB,to_inst,80.78358209,North,direct,37.0,0.10782501846551895
cf,nopre,type1,p2,l1,nopc,nob/c,146500,360.0,not_neg,not_int,not_lpsm,758000.0,sb,pr,home,1U,2160.0,CIB,805,CIB,not_inst,19.32717678,North,direct,39.0,0.0861159935593605
cf,pre,type1,p4,l1,nopc,nob/c,646500,360.0,not_neg,not_int,not_lpsm,768000.0,sb,pr,home,1U,16620.0,CIB,672,EXP,to_inst,84.1796875,North,direct,36.0,0.11276596039533615
,nopre,type1,p3,l1,nopc,nob/c,396500,360.0,neg_amm,not_int,not_lpsm,588000.0,sb,pr,home,1U,3960.0,EXP,643,CIB,to_inst,67.43197279,North,direct,55.0,0.8414633870124817
cf,nopre,type1,p1,l1,nopc,nob/c,376500,360.0,not_neg,not_int,not_lpsm,398000.0,sb,pr,home,1U,6540.0,CIB,846,EXP,to_inst,94.59798995,North,direct,37.0,0.11089865863323212
cf,pre,type2,p4,l1,nopc,b/c,156500,360.0,not_neg,not_int,not_lpsm,218000.0,sb,pr,home,1U,5040.0,CIB,669,CIB,to_inst,71.78899083,south,direct,23.0,0.19203747808933258
cf,nopre,type1,p1,l1,nopc,nob/c,196500,360.0,neg_amm,not_int,not_lpsm,218000.0,sb,pr,home,1U,2580.0,EXP,783,CIB,to_inst,90.13761468,North,direct,46.0,0.3913043439388275
ncf,nopre,type1,p1,l1,nopc,nob/c,406500,360.0,not_neg,not_int,not_lpsm,428000.0,sb,pr,home,1U,8100.0,EXP,894,EXP,not_inst,94.97663551,North,direct,36.0,0.0363101065158844
ncf,nopre,type3,p3,l1,nopc,nob/c,506500,360.0,not_neg,not_int,not_lpsm,628000.0,sb,pr,home,1U,4320.0,EXP,570,EXP,to_inst,80.65286624,central,direct,46.0,0.3913043439388275
cf,nopre,type1,p3,l1,nopc,nob/c,126500,180.0,not_neg,not_int,not_lpsm,308000.0,sb,pr,home,1U,3360.0,EXP,887,CIB,to_inst,41.07142857,south,direct,22.0,0.11089865863323212
cf,pre,type1,p3,l1,nopc,nob/c,426500,360.0,not_neg,not_int,not_lpsm,538000.0,sb,pr,home,1U,7080.0,CRIF,646,EXP,to_inst,79.27509294,south,direct,28.0,0.0861159935593605
cf,nopre,type1,p4,l1,nopc,nob/c,246500,360.0,not_neg,not_int,not_lpsm,758000.0,sb,pr,home,1U,3780.0,CIB,685,EXP,not_inst,32.51978892,south,direct,44.0,0.05779334530234337
cf,nopre,type1,p3,l1,nopc,nob/c,146500,360.0,not_neg,not_int,not_lpsm,288000.0,sb,pr,home,1U,4500.0,CRIF,627,CIB,not_inst,50.86805556,North-East,direct,21.0,0.06420404464006424
cf,nopre,type1,p3,l2,nopc,nob/c,86500,180.0,neg_amm,not_int,not_lpsm,178000.0,sb,pr,home,1U,1440.0,CIB,512,CIB,to_inst,48.59550562,North,direct,42.0,0.9869565367698669
cf,nopre,type1,p3,l1,nopc,nob/c,96500,360.0,not_neg,not_int,not_lpsm,128000.0,sb,pr,home,1U,1260.0,CRIF,664,CIB,to_inst,75.390625,south,direct,41.0,0.16867469251155853
cf,nopre,type1,p3,l1,nopc,nob/c,216500,180.0,not_neg,not_int,not_lpsm,478000.0,sb,pr,home,1U,19500.0,CRIF,662,CIB,to_inst,45.29288703,south,direct,8.0,0.0861159935593605
cf,pre,type2,p1,l2,nopc,b/c,276500,360.0,not_neg,not_int,not_lpsm,278000.0,sb,pr,home,1U,7560.0,CRIF,539,EXP,to_inst,99.46043165,south,direct,46.0,0.02772643230855465
cf,nopre,type1,p3,l1,nopc,nob/c,386500,360.0,not_neg,not_int,not_lpsm,768000.0,sb,pr,home,1U,9180.0,CRIF,773,EXP,to_inst,50.32552083,North,direct,35.0,0.03455149382352829
cf,nopre,type2,p3,l1,nopc,b/c,346500,360.0,not_neg,not_int,not_lpsm,398000.0,sb,pr,home,1U,4980.0,CRIF,508,CIB,to_inst,87.06030151,North,direct,57.0,0.24460431933403015
cf,nopre,type1,p1,l1,nopc,nob/c,306500,360.0,not_neg,not_int,not_lpsm,378000.0,sb,pr,home,1U,7320.0,CIB,682,CIB,to_inst,81.08465608,North,direct,39.0,0.10782501846551895
cf,pre,type3,p3,l1,nopc,nob/c,216500,360.0,not_neg,not_int,not_lpsm,228000.0,sb,pr,home,1U,6180.0,CRIF,546,CIB,to_inst,94.95614035,south,direct,27.0,0.24460431933403015
cf,nopre,type1,p3,l1,nopc,nob/c,366500,360.0,not_neg,not_int,not_lpsm,908000.0,sb,pr,home,1U,5220.0,CIB,766,CIB,not_inst,40.36343612,central,direct,33.0,0.04065827652812004
cf,nopre,type1,p4,l1,nopc,nob/c,266500,180.0,not_neg,not_int,not_lpsm,388000.0,sb,pr,home,1U,6600.0,EXP,622,EXP,not_inst,68.68556701,North,direct,45.0,0.0363101065158844
cf,nopre,type1,p3,l1,nopc,nob/c,486500,168.0,not_neg,not_int,not_lpsm,708000.0,sb,pr,home,1U,16080.0,CRIF,693,EXP,to_inst,68.71468927,south,direct,39.0,0.05779334530234337
cf,nopre,type1,p4,l1,nopc,nob/c,276500,300.0,not_neg,int_only,not_lpsm,408000.0,sb,pr,home,1U,8340.0,EXP,639,EXP,to_inst,67.76960784,south,direct,21.0,0.0861159935593605
cf,pre,type1,p3,l1,nopc,nob/c,136500,360.0,not_neg,not_int,not_lpsm,198000.0,sb,pr,home,1U,1740.0,CRIF,818,CIB,to_inst,68.93939394,south,direct,38.0,0.11089865863323212
cf,nopre,type3,p3,l1,nopc,nob/c,116500,360.0,neg_amm,not_int,not_lpsm,128000.0,sb,pr,home,1U,2880.0,EXP,531,CIB,to_inst,91.015625,North,direct,28.0,0.4184100329875946
cf,nopre,type2,p3,l1,nopc,b/c,106500,360.0,not_neg,not_int,not_lpsm,138000.0,sb,pr,home,1U,3240.0,CIB,885,CIB,to_inst,77.17391304,south,direct,60.0,0.1839258074760437
cf,nopre,type1,p1,l1,nopc,nob/c,206500,360.0,not_neg,not_int,not_lpsm,268000.0,sb,pr,home,1U,3840.0,CRIF,605,CIB,not_inst,77.05223881,North-East,direct,35.0,0.059588298201560974
cf,nopre,type1,p4,l1,nopc,nob/c,486500,180.0,not_neg,not_int,not_lpsm,2408000.0,sb,pr,home,1U,33720.0,CIB,747,EXP,to_inst,20.20348837,south,direct,21.0,0.05779334530234337
cf,pre,type1,p4,l1,nopc,nob/c,166500,360.0,not_neg,not_int,not_lpsm,218000.0,sb,pr,home,1U,1740.0,CRIF,551,CIB,to_inst,76.37614679,North,direct,45.0,0.17307692766189575
cf,nopre,type1,p4,l1,nopc,nob/c,526500,180.0,not_neg,not_int,not_lpsm,728000.0,sb,pr,home,1U,20880.0,EXP,525,CIB,to_inst,72.32142857,south,direct,28.0,0.10144927352666855
cf,nopre,type1,p3,l1,nopc,nob/c,86500,360.0,not_neg,not_int,not_lpsm,128000.0,sb,pr,home,1U,3960.0,CRIF,666,CIB,to_inst,67.578125,south,direct,31.0,0.0861159935593605
cf,nopre,type1,p4,l1,nopc,nob/c,596500,360.0,neg_amm,not_int,not_lpsm,1008000.0,sb,pr,home,1U,14700.0,CRIF,668,EXP,not_inst,59.1765873,south,direct,32.0,0.06766917556524277
cf,nopre,type1,p4,l2,nopc,nob/c,486500,180.0,not_neg,not_int,not_lpsm,998000.0,sb,pr,home,1U,6060.0,CRIF,836,EXP,to_inst,48.74749499,south,direct,55.0,0.7596899271011353
cf,pre,type1,p3,l1,nopc,nob/c,96500,360.0,not_neg,not_int,not_lpsm,158000.0,sb,pr,home,1U,1680.0,CIB,606,CIB,to_inst,61.07594937,south,direct,35.0,0.11089865863323212
cf,pre,type1,p4,l1,nopc,nob/c,546500,360.0,not_neg,not_int,not_lpsm,618000.0,sb,pr,home,1U,5640.0,CIB,583,CIB,not_inst,88.43042071,south,direct,48.0,0.10782501846551895
ncf,pre,type1,p1,l1,nopc,nob/c,616500,180.0,not_neg,not_int,not_lpsm,728000.0,sb,pr,home,1U,12900.0,CRIF,663,CIB,not_inst,84.68406593,south,direct,47.0,0.059588298201560974
cf,nopre,type1,p4,l1,nopc,nob/c,486500,360.0,not_neg,not_int,not_lpsm,678000.0,sb,ir,home,2U,9960.0,CRIF,656,EXP,not_inst,71.75516224,south,direct,51.0,0.9253731369972229
cf,nopre,type1,p4,l1,nopc,nob/c,416500,360.0,not_neg,not_int,not_lpsm,588000.0,sb,pr,home,1U,6600.0,CRIF,791,CIB,not_inst,70.83333333,North,direct,40.0,0.03455149382352829
cf,pre,type1,p3,l1,nopc,nob/c,346500,360.0,neg_amm,not_int,not_lpsm,418000.0,sb,pr,home,1U,8160.0,CIB,682,EXP,to_inst,82.89473684,North,direct,54.0,0.7596899271011353
cf,nopre,type1,p4,l1,nopc,nob/c,386500,360.0,not_neg,int_only,not_lpsm,528000.0,sb,pr,home,1U,5280.0,CIB,571,EXP,not_inst,73.20075758,North,direct,56.0,0.7435897588729858
cf,pre,type1,p1,l1,nopc,nob/c,156500,240.0,not_neg,not_int,not_lpsm,168000.0,sb,pr,home,1U,3600.0,CIB,528,CIB,to_inst,93.1547619,North,direct,34.0,0.06420404464006424
cf,pre,type1,p4,l1,nopc,nob/c,566500,360.0,not_neg,not_int,not_lpsm,808000.0,sb,pr,home,1U,5940.0,CIB,539,CIB,to_inst,70.11138614,south,direct,46.0,0.11089865863323212
cf,nopre,type1,p3,l1,nopc,nob/c,616500,360.0,not_neg,not_int,not_lpsm,808000.0,sb,pr,home,1U,16920.0,EXP,727,EXP,to_inst,76.29950495,south,direct,29.0,0.10782501846551895
cf,nopre,type1,p4,l1,nopc,nob/c,376500,360.0,not_neg,int_only,not_lpsm,658000.0,sb,pr,home,1U,9540.0,EXP,585,EXP,to_inst,57.21884498,south,direct,41.0,0.10782501846551895
ncf,nopre,type1,p1,l1,nopc,nob/c,226500,360.0,not_neg,not_int,not_lpsm,298000.0,sb,ir,home,1U,6060.0,CRIF,520,CIB,to_inst,76.00671141,North,direct,27.0,0.14369073510169983
cf,nopre,type3,p1,l1,nopc,nob/c,406500,360.0,not_neg,not_int,not_lpsm,398000.0,sb,pr,home,1U,9960.0,CIB,636,EXP,not_inst,102.1356784,North,direct,36.0,0.04065827652812004
cf,pre,type1,p3,l1,nopc,nob/c,216500,360.0,not_neg,not_int,not_lpsm,278000.0,sb,pr,home,1U,3540.0,CIB,562,CIB,not_inst,77.87769784,North,direct,37.0,0.05779334530234337
ncf,pre,type1,p3,l1,nopc,nob/c,706500,360.0,not_neg,not_int,not_lpsm,1358000.0,sb,pr,home,1U,14100.0,EXP,900,CIB,to_inst,52.02503682,North,direct,39.0,0.19203747808933258
cf,nopre,type1,p1,l1,nopc,nob/c,376500,360.0,neg_amm,not_int,not_lpsm,408000.0,sb,pr,home,1U,6420.0,CIB,703,CIB,not_inst,92.27941176,south,direct,31.0,0.11089865863323212
cf,nopre,type1,p4,l1,nopc,nob/c,626500,360.0,not_neg,not_int,not_lpsm,1098000.0,sb,pr,home,1U,5520.0,CRIF,885,CIB,not_inst,57.0582878,North,direct,49.0,0.0861159935593605
cf,pre,type2,p1,l1,nopc,b/c,436500,360.0,not_neg,not_int,not_lpsm,448000.0,sb,pr,home,1U,7320.0,CRIF,844,EXP,not_inst,97.43303571,North,direct,57.0,0.11089865863323212
cf,nopre,type1,p3,l1,nopc,nob/c,206500,360.0,not_neg,not_int,not_lpsm,428000.0,sb,pr,home,1U,3420.0,CIB,593,CIB,not_inst,48.24766355,North,direct,44.0,0.03455149382352829
cf,nopre,type1,p4,l1,nopc,nob/c,486500,360.0,not_neg,int_only,not_lpsm,868000.0,sb,pr,home,1U,8820.0,CRIF,675,EXP,not_inst,56.0483871,North,direct,20.0,0.0363101065158844
cf,nopre,type1,p3,l1,nopc,nob/c,166500,360.0,not_neg,not_int,not_lpsm,208000.0,sb,pr,home,1U,2340.0,EXP,789,EXP,to_inst,80.04807692,south,direct,59.0,0.7596899271011353
cf,nopre,type1,p3,l1,nopc,nob/c,286500,360.0,not_neg,int_only,not_lpsm,498000.0,sb,pr,home,1U,3000.0,CRIF,632,CIB,not_inst,57.53012048,North,direct,43.0,0.06420404464006424
cf,nopre,type1,p3,l1,nopc,nob/c,356500,360.0,not_neg,not_int,not_lpsm,478000.0,sb,pr,home,1U,4080.0,CIB,717,EXP,not_inst,74.58158996,North,direct,49.0,0.06420404464006424
cf,nopre,type2,p4,l1,nopc,b/c,66500,360.0,not_neg,not_int,not_lpsm,218000.0,sb,pr,home,1U,960.0,CRIF,681,CIB,to_inst,30.50458716,North,direct,44.0,0.4883720874786377
cf,nopre,type1,p3,l1,nopc,nob/c,106500,360.0,not_neg,not_int,not_lpsm,198000.0,sb,pr,home,1U,1260.0,CIB,828,CIB,to_inst,53.78787879,North,direct,48.0,0.19203747808933258
cf,nopre,type1,p1,l1,nopc,nob/c,656500,360.0,not_neg,not_int,not_lpsm,818000.0,sb,pr,home,1U,13080.0,CIB,519,CIB,not_inst,80.25672372,south,direct,34.0,0.03435804694890976
cf,nopre,type1,p3,l1,nopc,nob/c,726500,360.0,not_neg,not_int,not_lpsm,2448000.0,sb,pr,home,1U,46200.0,CIB,773,EXP,not_inst,29.67728758,south,direct,37.0,0.02772643230855465
cf,nopre,type1,p4,l2,nopc,nob/c,206500,240.0,not_neg,not_int,not_lpsm,278000.0,sb,pr,home,1U,3600.0,EXP,687,CIB,to_inst,74.28057554,North,direct,43.0,0.059588298201560974
cf,pre,type1,p4,l1,nopc,nob/c,276500,360.0,not_neg,not_int,not_lpsm,368000.0,sb,pr,home,1U,2940.0,EXP,695,CIB,to_inst,75.13586957,North,direct,54.0,0.7596899271011353
cf,nopre,type3,p3,l1,nopc,nob/c,146500,360.0,not_neg,not_int,not_lpsm,208000.0,sb,pr,home,1U,4860.0,EXP,791,EXP,to_inst,70.43269231,south,direct,21.0,0.06420404464006424
cf,nopre,type2,p2,l1,nopc,b/c,46500,360.0,neg_amm,not_int,not_lpsm,68000.0,sb,pr,home,1U,3120.0,CRIF,627,CIB,to_inst,68.38235294,south,direct,24.0,0.4184100329875946
cf,pre,type1,p4,l1,nopc,nob/c,706500,360.0,not_neg,not_int,not_lpsm,1408000.0,sb,pr,home,1U,39600.0,CIB,681,EXP,not_inst,50.17755682,North,direct,6.0,0.03455149382352829
cf,pre,type1,p1,l1,nopc,nob/c,106500,360.0,not_neg,not_int,not_lpsm,258000.0,sb,ir,home,1U,3240.0,CIB,848,CIB,to_inst,41.27906977,North,direct,42.0,0.10782501846551895
cf,nopre,type1,p3,l1,nopc,nob/c,646500,360.0,not_neg,not_int,not_lpsm,1288000.0,sb,pr,home,1U,7860.0,CRIF,862,CIB,to_inst,50.19409938,North,direct,46.0,0.11089865863323212
cf,nopre,type1,p4,l1,nopc,nob/c,356500,180.0,not_neg,not_int,not_lpsm,458000.0,sb,pr,home,1U,10740.0,CIB,786,EXP,to_inst,77.83842795,south,direct,45.0,0.10782501846551895
cf,nopre,type2,p3,l1,nopc,b/c,296500,360.0,not_neg,not_int,not_lpsm,348000.0,sb,pr,home,1U,5580.0,CIB,590,CIB,to_inst,85.20114943,south,direct,46.0,0.14369073510169983
cf,nopre,type1,p3,l1,nopc,nob/c,456500,360.0,not_neg,not_int,not_lpsm,908000.0,sb,pr,home,1U,9480.0,CRIF,743,CIB,to_inst,50.2753304,south,direct,31.0,0.0861159935593605
cf,pre,type1,p1,l2,nopc,nob/c,366500,360.0,not_neg,not_int,not_lpsm,428000.0,sb,pr,home,1U,5160.0,CRIF,815,EXP,to_inst,85.63084112,south,direct,43.0,0.03455149382352829
cf,nopre,type1,p3,l1,nopc,nob/c,136500,180.0,not_neg,not_int,not_lpsm,228000.0,sb,pr,home,1U,0.0,CRIF,808,EXP,to_inst,59.86842105,south,direct,7.0,0.9869565367698669
ncf,pre,type1,p1,l1,nopc,nob/c,566500,360.0,not_neg,not_int,not_lpsm,708000.0,sb,pr,home,1U,7260.0,EXP,892,CIB,not_inst,80.01412429,North,direct,37.0,0.05779334530234337
cf,nopre,type1,p4,l1,nopc,nob/c,146500,360.0,not_neg,not_int,not_lpsm,298000.0,sb,pr,home,1U,4020.0,CIB,858,CIB,not_inst,49.16107383,North,direct,45.0,0.05779334530234337
cf,nopre,type1,p3,l1,nopc,nob/c,436500,360.0,not_neg,not_int,not_lpsm,608000.0,sb,pr,home,1U,9960.0,CIB,664,CIB,not_inst,71.79276316,North,direct,34.0,0.03435804694890976
cf,nopre,type1,p4,l1,nopc,nob/c,286500,360.0,not_neg,not_int,not_lpsm,428000.0,sb,pr,home,1U,6300.0,CRIF,657,EXP,to_inst,66.93925234,south,direct,39.0,0.05000000074505806
cf,nopre,type1,p3,l1,nopc,nob/c,116500,180.0,not_neg,not_int,not_lpsm,198000.0,sb,pr,home,1U,6540.0,CIB,563,EXP,to_inst,58.83838384,North,direct,34.0,0.0363101065158844
cf,pre,type2,p1,l1,nopc,b/c,196500,360.0,not_neg,not_int,not_lpsm,198000.0,sb,pr,home,1U,4920.0,CRIF,541,CIB,to_inst,99.24242424,North,direct,43.0,0.06420404464006424
ncf,nopre,type3,p3,l1,nopc,nob/c,986500,360.0,not_neg,not_int,lpsm,1108000.0,sb,pr,home,1U,14880.0,CRIF,612,EXP,not_inst,89.03429603,central,direct,34.0,0.6186440587043762
cf,nopre,type1,p3,l1,nopc,nob/c,246500,360.0,not_neg,not_int,not_lpsm,328000.0,sb,pr,home,1U,3600.0,CRIF,576,CIB,to_inst,75.15243902,south,direct,35.0,0.11089865863323212
cf,nopre,type1,p4,l1,nopc,nob/c,236500,240.0,not_neg,not_int,not_lpsm,558000.0,sb,pr,home,1U,2760.0,EXP,617,CIB,not_inst,42.38351254,south,direct,48.0,0.0861159935593605
cf,nopre,type1,p3,l1,nopc,nob/c,296500,360.0,not_neg,not_int,not_lpsm,388000.0,sb,pr,home,1U,3840.0,CIB,690,EXP,to_inst,76.41752577,North,direct,37.0,0.06766917556524277
cf,nopre,type1,p3,l1,nopc,nob/c,186500,180.0,not_neg,not_int,not_lpsm,368000.0,sb,pr,home,1U,3900.0,CRIF,572,CIB,to_inst,50.67934783,south,direct,45.0,0.11089865863323212
cf,nopre,type1,p3,l1,nopc,nob/c,556500,360.0,not_neg,not_int,not_lpsm,868000.0,sb,pr,home,1U,10560.0,CIB,513,EXP,to_inst,64.11290323,south,direct,24.0,0.04065827652812004
cf,nopre,type1,p3,l1,nopc,nob/c,246500,360.0,not_neg,not_int,not_lpsm,408000.0,sb,pr,home,1U,7680.0,CIB,683,CIB,not_inst,60.41666667,North,direct,8.0,0.059588298201560974
cf,pre,type1,p1,l1,nopc,nob/c,96500,360.0,not_neg,not_int,not_lpsm,98000.0,sb,pr,home,1U,2580.0,CRIF,656,CIB,to_inst,98.46938776,North,direct,8.0,0.24460431933403015
cf,nopre,type2,p1,l1,nopc,b/c,486500,360.0,not_neg,int_only,not_lpsm,608000.0,sb,pr,home,1U,9420.0,EXP,766,CIB,to_inst,80.01644737,North,direct,22.0,0.23026315867900848
cf,nopre,type1,p4,l2,nopc,nob/c,376500,360.0,not_neg,not_int,not_lpsm,478000.0,sb,pr,home,1U,4260.0,CIB,830,CIB,not_inst,78.76569038,south,direct,47.0,0.10782501846551895
cf,nopre,type1,p3,l1,nopc,nob/c,306500,360.0,not_neg,not_int,not_lpsm,508000.0,sb,pr,home,1U,4860.0,EXP,707,CIB,to_inst,60.33464567,south,direct,24.0,0.06766917556524277
cf,pre,type1,p4,l1,nopc,nob/c,376500,360.0,not_neg,not_int,not_lpsm,428000.0,sb,pr,home,1U,4980.0,CIB,889,CIB,not_inst,87.96728972,North,direct,36.0,0.04065827652812004
cf,nopre,type1,p4,l1,nopc,nob/c,216500,360.0,not_neg,not_int,not_lpsm,288000.0,sb,pr,home,1U,2460.0,EXP,626,CIB,to_inst,75.17361111,North,direct,47.0,0.11089865863323212
ncf,pre,type1,p1,l1,nopc,nob/c,946500,360.0,not_neg,not_int,not_lpsm,1188000.0,sb,pr,home,1U,23880.0,CIB,855,EXP,not_inst,79.67171717,North,direct,38.0,0.10782501846551895
cf,pre,type1,p3,l1,nopc,nob/c,246500,360.0,not_neg,not_int,not_lpsm,368000.0,sb,pr,home,1U,3420.0,CIB,769,EXP,to_inst,66.98369565,south,direct,41.0,0.0861159935593605
cf,pre,type2,p1,l1,nopc,b/c,216500,240.0,not_neg,not_int,not_lpsm,228000.0,sb,pr,home,1U,5400.0,CIB,799,CIB,to_inst,94.95614035,North,direct,44.0,0.06420404464006424
cf,nopre,type1,p3,l1,nopc,nob/c,626500,360.0,not_neg,not_int,not_lpsm,978000.0,sb,pr,home,1U,16140.0,CIB,735,EXP,not_inst,64.0593047,North,direct,34.0,0.02772643230855465
cf,nopre,type1,p4,l1,nopc,nob/c,376500,360.0,not_neg,not_int,not_lpsm,998000.0,sb,pr,home,1U,15840.0,CIB,654,EXP,not_inst,37.7254509,south,direct,43.0,0.03455149382352829
cf,nopre,type1,p4,l1,nopc,nob/c,286500,360.0,not_neg,not_int,not_lpsm,338000.0,sb,pr,home,1U,3660.0,CIB,777,CIB,not_inst,84.76331361,North,direct,41.0,0.059588298201560974
cf,nopre,type1,p3,l1,nopc,nob/c,696500,360.0,not_neg,not_int,not_lpsm,938000.0,sb,pr,home,1U,10200.0,CIB,671,CIB,not_inst,74.25373134,south,direct,41.0,0.04065827652812004
cf,nopre,type1,p4,l1,nopc,nob/c,456500,360.0,not_neg,not_int,not_lpsm,998000.0,sb,pr,home,1U,6360.0,EXP,539,CIB,not_inst,45.74148297,North,direct,35.0,0.03455149382352829
,nopre,type1,p3,l1,nopc,nob/c,176500,360.0,not_neg,not_int,not_lpsm,298000.0,sb,pr,home,1U,2460.0,CIB,596,CIB,to_inst,59.22818792,south,direct,33.0,0.10782501846551895
cf,nopre,type2,p1,l1,nopc,b/c,326500,360.0,not_neg,not_int,not_lpsm,448000.0,sb,pr,home,1U,8760.0,CRIF,826,EXP,to_inst,72.87946429,south,direct,30.0,0.14369073510169983
cf,nopre,type1,p4,l1,nopc,nob/c,426500,360.0,not_neg,not_int,not_lpsm,528000.0,sb,pr,home,1U,5940.0,CIB,875,EXP,not_inst,80.77651515,south,direct,37.0,0.0363101065158844
cf,nopre,type1,p4,l1,nopc,nob/c,306500,360.0,not_neg,not_int,not_lpsm,348000.0,sb,pr,home,1U,6000.0,CIB,559,EXP,to_inst,88.07471264,south,direct,33.0,0.14369073510169983
cf,nopre,type1,p3,l1,nopc,nob/c,366500,360.0,not_neg,not_int,not_lpsm,558000.0,sb,pr,home,1U,6780.0,EXP,810,EXP,to_inst,65.68100358,North,direct,37.0,0.0363101065158844
cf,nopre,type3,p1,l1,nopc,nob/c,126500,360.0,not_neg,not_int,not_lpsm,128000.0,sb,pr,home,1U,2220.0,EXP,692,CIB,to_inst,98.828125,North,direct,37.0,0.14369073510169983
cf,nopre,type2,p3,l1,nopc,b/c,326500,360.0,not_neg,not_int,not_lpsm,338000.0,sb,pr,home,1U,4020.0,CRIF,662,CIB,to_inst,96.59763314,south,direct,42.0,0.7142857313156128
cf,nopre,type1,p3,l1,nopc,nob/c,226500,180.0,neg_amm,not_int,not_lpsm,328000.0,sb,pr,home,1U,4200.0,CRIF,834,CIB,to_inst,69.05487805,south,direct,45.0,0.2857142984867096
cf,nopre,type1,p4,l1,nopc,nob/c,256500,360.0,not_neg,not_int,not_lpsm,238000.0,sb,pr,home,1U,9420.0,CRIF,898,EXP,to_inst,107.7731092,central,direct,43.0,0.9899497628211975
cf,nopre,type1,p4,l2,nopc,nob/c,546500,240.0,not_neg,not_int,not_lpsm,1258000.0,sb,pr,home,1U,9000.0,CIB,702,CIB,not_inst,43.44197138,south,direct,35.0,0.03455149382352829
cf,pre,type1,p1,l1,nopc,nob/c,286500,360.0,not_neg,not_int,not_lpsm,378000.0,sb,pr,home,1U,10020.0,CRIF,688,EXP,not_inst,75.79365079,North,direct,26.0,0.02139037474989891
cf,nopre,type1,p4,l1,nopc,nob/c,166500,360.0,not_neg,int_only,not_lpsm,348000.0,sb,ir,home,1U,5460.0,CRIF,883,EXP,to_inst,47.84482759,south,direct,43.0,0.1839258074760437
cf,nopre,type1,p4,l1,nopc,nob/c,586500,360.0,not_neg,not_int,not_lpsm,868000.0,sb,pr,home,1U,7200.0,CRIF,856,CIB,not_inst,67.56912442,south,direct,49.0,0.059588298201560974
cf,nopre,type1,p3,l1,nopc,nob/c,266500,276.0,not_neg,not_int,not_lpsm,388000.0,sb,pr,home,1U,4860.0,CRIF,899,CIB,to_inst,68.68556701,south,direct,38.0,0.059588298201560974
cf,nopre,type1,p4,l1,nopc,nob/c,606500,360.0,not_neg,not_int,not_lpsm,818000.0,sb,pr,home,1U,13380.0,CRIF,583,CIB,not_inst,74.14425428,south,direct,31.0,0.03455149382352829
cf,nopre,type1,p1,l1,nopc,nob/c,306500,360.0,not_neg,not_int,not_lpsm,488000.0,sb,ir,home,1U,9720.0,CIB,741,CIB,not_inst,62.80737705,North,direct,35.0,0.0363101065158844
cf,nopre,type3,p1,l1,nopc,nob/c,326500,360.0,not_neg,not_int,not_lpsm,328000.0,sb,pr,home,1U,5220.0,CRIF,506,EXP,not_inst,99.54268293,North,direct,49.0,0.04065827652812004
cf,nopre,type1,p3,l2,opc,nob/c,206500,360.0,not_neg,int_only,not_lpsm,1678000.0,sb,pr,home,1U,12600.0,CIB,590,CIB,to_inst,12.30631704,North,direct,51.0,0.19203747808933258
cf,nopre,type1,p4,l1,nopc,nob/c,296500,360.0,not_neg,not_int,not_lpsm,428000.0,sb,pr,home,1U,6180.0,CIB,758,EXP,to_inst,69.27570093,south,direct,25.0,0.05000000074505806
cf,nopre,type1,p4,l1,nopc,nob/c,196500,180.0,neg_amm,not_int,not_lpsm,248000.0,sb,pr,home,1U,6060.0,CRIF,855,EXP,to_inst,79.23387097,North,direct,36.0,0.16867469251155853
cf,nopre,type1,p4,l1,nopc,nob/c,486500,360.0,not_neg,not_int,not_lpsm,608000.0,sb,pr,home,1U,8580.0,CRIF,885,EXP,not_inst,80.01644737,North,direct,35.0,0.03455149382352829
cf,nopre,type1,p3,l1,nopc,nob/c,106500,240.0,not_neg,not_int,not_lpsm,208000.0,sb,pr,home,1U,1800.0,EXP,512,CIB,to_inst,51.20192308,North,direct,47.0,0.11089865863323212
cf,nopre,type1,p1,l1,nopc,nob/c,136500,360.0,not_neg,not_int,not_lpsm,188000.0,sb,ir,home,1U,3900.0,EXP,755,CIB,to_inst,72.60638298,south,direct,45.0,0.19203747808933258
cf,nopre,type2,p1,l1,nopc,b/c,26500,360.0,not_neg,int_only,not_lpsm,38000.0,sb,pr,home,1U,2940.0,EXP,625,CIB,to_inst,69.73684211,south,direct,41.0,0.24460431933403015
cf,nopre,type2,p3,l1,nopc,b/c,376500,360.0,not_neg,int_only,not_lpsm,438000.0,sb,pr,home,1U,4080.0,CIB,536,EXP,to_inst,85.95890411,south,direct,52.0,0.3415384590625763
cf,nopre,type1,p4,l1,nopc,nob/c,666500,360.0,not_neg,not_int,not_lpsm,778000.0,sb,pr,home,1U,12360.0,CIB,537,CIB,not_inst,85.66838046,North,direct,44.0,0.03455149382352829
cf,nopre,type1,p4,l1,nopc,nob/c,406500,360.0,not_neg,not_int,not_lpsm,678000.0,sb,pr,home,1U,5160.0,EXP,551,EXP,not_inst,59.95575221,south,direct,41.0,0.03455149382352829
cf,nopre,type1,p4,l1,nopc,nob/c,456500,360.0,neg_amm,int_only,not_lpsm,778000.0,sb,sr,home,1U,11820.0,CIB,531,EXP,not_inst,58.67609254,North,direct,37.0,0.02772643230855465
cf,nopre,type1,p4,l1,nopc,nob/c,726500,240.0,not_neg,not_int,not_lpsm,1198000.0,sb,pr,home,1U,23700.0,CIB,682,EXP,not_inst,60.6427379,North,direct,17.0,0.03435804694890976
cf,nopre,type1,p3,l1,nopc,nob/c,236500,360.0,neg_amm,not_int,not_lpsm,298000.0,sb,pr,home,1U,3420.0,CRIF,524,CIB,to_inst,79.36241611,south,direct,42.0,0.32302889227867126
cf,nopre,type1,p4,l1,nopc,nob/c,146500,360.0,not_neg,not_int,not_lpsm,208000.0,sb,pr,home,1U,3180.0,CIB,544,CIB,to_inst,70.43269231,North,direct,35.0,0.0861159935593605
cf,nopre,type3,p3,l1,nopc,nob/c,416500,240.0,not_neg,not_int,not_lpsm,458000.0,sb,pr,home,1U,6840.0,CRIF,556,EXP,to_inst,90.93886463,south,direct,60.0,0.1839258074760437
cf,nopre,type1,p1,l1,nopc,nob/c,286500,180.0,not_neg,not_int,not_lpsm,528000.0,sb,pr,home,1U,5220.0,EXP,543,CIB,not_inst,54.26136364,North,direct,30.0,0.04065827652812004
cf,pre,type1,p4,l1,nopc,nob/c,486500,360.0,not_neg,not_int,not_lpsm,658000.0,sb,pr,home,1U,9360.0,CRIF,779,EXP,not_inst,73.93617021,south,direct,29.0,0.02772643230855465
cf,nopre,type1,p1,l1,nopc,nob/c,536500,360.0,not_neg,not_int,not_lpsm,1078000.0,sb,pr,home,1U,11400.0,CIB,624,EXP,not_inst,49.76808905,south,direct,45.0,0.0363101065158844
cf,pre,type2,p1,l1,nopc,b/c,116500,360.0,not_neg,not_int,not_lpsm,118000.0,sb,pr,home,1U,1860.0,EXP,727,CIB,to_inst,98.72881356,North,direct,36.0,0.11089865863323212
cf,nopre,type1,p3,l1,nopc,nob/c,366500,360.0,not_neg,not_int,not_lpsm,518000.0,sb,pr,home,1U,9660.0,CIB,595,EXP,to_inst,70.75289575,North,direct,36.0,0.03455149382352829
cf,nopre,type2,p3,l2,nopc,b/c,466500,360.0,not_neg,not_int,not_lpsm,658000.0,sb,pr,home,1U,4680.0,CIB,896,CIB,to_inst,70.89665653,south,direct,49.0,0.24460431933403015
cf,nopre,type1,p4,l2,nopc,nob/c,416500,360.0,not_neg,not_int,not_lpsm,468000.0,sb,pr,home,1U,9480.0,EXP,713,EXP,not_inst,88.9957265,North,direct,42.0,0.0363101065158844
cf,pre,type1,p3,l1,nopc,nob/c,186500,180.0,not_neg,not_int,not_lpsm,218000.0,sb,pr,home,1U,2760.0,EXP,731,CIB,to_inst,85.55045872,North,direct,42.0,0.24460431933403015
cf,pre,type1,p1,l1,nopc,nob/c,466500,360.0,not_neg,not_int,not_lpsm,518000.0,sb,pr,home,1U,15720.0,CRIF,544,EXP,not_inst,90.05791506,south,direct,11.0,0.04065827652812004
cf,pre,type1,p4,l1,nopc,nob/c,426500,360.0,not_neg,not_int,not_lpsm,548000.0,sb,pr,home,1U,8640.0,CIB,586,EXP,to_inst,77.82846715,south,direct,27.0,0.059588298201560974
cf,nopre,type1,p4,l1,nopc,nob/c,456500,360.0,not_neg,not_int,not_lpsm,758000.0,sb,pr,home,1U,8340.0,CIB,799,EXP,not_inst,60.22427441,south,direct,27.0,0.02139037474989891
cf,nopre,type1,p3,l1,nopc,nob/c,176500,360.0,not_neg,not_int,not_lpsm,218000.0,sb,pr,home,1U,3600.0,EXP,854,CIB,to_inst,80.96330275,south,direct,36.0,0.11276596039533615
cf,nopre,type1,p1,l1,nopc,nob/c,146500,360.0,not_neg,not_int,lpsm,178000.0,sb,pr,home,1U,4500.0,CRIF,704,CIB,to_inst,82.30337079,North,direct,29.0,0.4184100329875946
cf,pre,type1,p1,l1,nopc,nob/c,396500,360.0,not_neg,not_int,not_lpsm,498000.0,sb,pr,home,1U,9000.0,EXP,532,EXP,to_inst,79.6184739,south,direct,36.0,0.0363101065158844
,nopre,type1,p3,l1,nopc,nob/c,386500,180.0,not_neg,not_int,not_lpsm,488000.0,sb,pr,home,1U,12600.0,CRIF,568,CIB,to_inst,79.20081967,south,direct,43.0,0.11089865863323212
cf,nopre,type1,p4,l1,nopc,nob/c,526500,360.0,not_neg,not_int,not_lpsm,578000.0,sb,pr,home,1U,7800.0,EXP,723,EXP,not_inst,91.0899654,North,direct,31.0,0.03455149382352829
cf,nopre,type1,p4,l1,nopc,nob/c,396500,360.0,neg_amm,not_int,not_lpsm,508000.0,sb,pr,home,1U,6960.0,CIB,707,EXP,to_inst,78.0511811,south,direct,29.0,0.14369073510169983
cf,nopre,type2,p1,l1,nopc,b/c,116500,360.0,not_neg,not_int,not_lpsm,118000.0,sb,pr,home,1U,2820.0,CRIF,844,EXP,to_inst,98.72881356,North,direct,30.0,0.24460431933403015
cf,nopre,type1,p1,l1,nopc,nob/c,456500,360.0,not_neg,not_int,not_lpsm,508000.0,sb,pr,home,1U,8400.0,EXP,523,EXP,not_inst,89.86220472,North,direct,43.0,0.03455149382352829
cf,nopre,type1,p4,l1,nopc,nob/c,446500,360.0,not_neg,not_int,not_lpsm,578000.0,sb,pr,home,1U,6420.0,CIB,886,EXP,not_inst,77.24913495,North,direct,36.0,0.03435804694890976
cf,nopre,type1,p4,l1,nopc,nob/c,296500,360.0,neg_amm,not_int,not_lpsm,378000.0,sb,pr,home,1U,5820.0,EXP,670,CIB,to_inst,78.43915344,central,direct,39.0,0.24460431933403015
cf,nopre,type1,p3,l1,nopc,nob/c,136500,156.0,not_neg,not_int,not_lpsm,168000.0,sb,pr,home,1U,6660.0,CRIF,772,EXP,to_inst,81.25,North,direct,35.0,0.10782501846551895
cf,pre,type1,p3,l1,nopc,nob/c,286500,120.0,not_neg,not_int,not_lpsm,358000.0,sb,pr,home,1U,8940.0,EXP,616,CIB,to_inst,80.02793296,North,direct,41.0,0.0861159935593605
cf,nopre,type1,p4,l1,nopc,nob/c,246500,180.0,not_neg,not_int,not_lpsm,408000.0,sb,pr,home,1U,7680.0,EXP,571,CIB,not_inst,60.41666667,North,direct,37.0,0.03435804694890976
,nopre,type2,p1,l1,nopc,b/c,486500,360.0,not_neg,not_int,not_lpsm,498000.0,sb,pr,home,1U,14400.0,CRIF,611,EXP,not_inst,97.69076305,central,direct,52.0,0.11089865863323212
cf,nopre,type3,p3,l1,nopc,nob/c,226500,360.0,not_neg,not_int,not_lpsm,258000.0,sb,pr,home,1U,1680.0,CRIF,630,CIB,to_inst,87.79069767,North,direct,60.0,0.3415384590625763
cf,nopre,type1,p1,l1,nopc,nob/c,286500,360.0,not_neg,not_int,lpsm,298000.0,sb,pr,home,1U,5580.0,CIB,762,CIB,to_inst,96.1409396,south,direct,53.0,0.9869565367698669
cf,nopre,type2,p3,l1,nopc,b/c,96500,360.0,not_neg,not_int,not_lpsm,148000.0,sb,pr,home,1U,1500.0,EXP,755,CIB,to_inst,65.2027027,south,direct,54.0,0.39942222833633423
cf,pre,type1,p3,l1,nopc,nob/c,306500,360.0,not_neg,not_int,not_lpsm,498000.0,sb,pr,home,1U,3900.0,CRIF,534,CIB,to_inst,61.54618474,south,direct,42.0,0.10782501846551895
,nopre,type2,p1,l1,nopc,b/c,156500,360.0,not_neg,not_int,not_lpsm,158000.0,sb,pr,home,1U,3960.0,CRIF,849,CIB,to_inst,99.05063291,south,direct,46.0,0.24460431933403015
cf,pre,type1,p3,l1,nopc,nob/c,316500,360.0,not_neg,not_int,not_lpsm,318000.0,sb,pr,home,1U,3720.0,CIB,808,EXP,to_inst,99.52830189,North,direct,47.0,0.9253731369972229
cf,nopre,type1,p3,l1,nopc,nob/c,106500,180.0,not_neg,not_int,not_lpsm,158000.0,sb,pr,home,1U,3780.0,CIB,501,EXP,to_inst,67.40506329,south,direct,39.0,0.05779334530234337
cf,nopre,type1,p4,l1,nopc,nob/c,676500,360.0,not_neg,not_int,not_lpsm,848000.0,sb,pr,home,1U,6780.0,EXP,745,CIB,not_inst,79.7759434,south,direct,44.0,0.04065827652812004
cf,nopre,type1,p4,l1,nopc,nob/c,366500,180.0,not_neg,not_int,not_lpsm,1108000.0,sb,pr,home,1U,8880.0,CRIF,629,EXP,not_inst,33.07761733,south,direct,29.0,0.0363101065158844
cf,pre,type1,p1,l1,nopc,nob/c,316500,360.0,not_neg,not_int,not_lpsm,328000.0,sb,pr,home,1U,7860.0,CRIF,707,CIB,to_inst,96.49390244,North,direct,47.0,0.059588298201560974
cf,nopre,type1,p4,l1,nopc,nob/c,246500,360.0,not_neg,int_only,not_lpsm,348000.0,sb,ir,home,1U,10980.0,CIB,567,EXP,not_inst,70.83333333,south,direct,54.0,0.9869565367698669
ncf,nopre,type1,p3,l1,nopc,nob/c,886500,360.0,not_neg,int_only,not_lpsm,1108000.0,sb,pr,home,1U,15780.0,CRIF,858,CIB,to_inst,80.00902527,North,direct,34.0,0.5465116500854492
cf,nopre,type1,p4,l1,nopc,nob/c,226500,240.0,not_neg,not_int,not_lpsm,748000.0,sb,pr,home,1U,3540.0,CRIF,835,EXP,not_inst,30.28074866,south,direct,44.0,0.04065827652812004
cf,nopre,type1,p4,l1,nopc,nob/c,406500,240.0,not_neg,not_int,not_lpsm,518000.0,sb,pr,home,1U,8040.0,CRIF,853,EXP,to_inst,78.47490347,south,direct,42.0,0.06420404464006424
cf,nopre,type1,p3,l1,nopc,nob/c,106500,120.0,not_neg,not_int,not_lpsm,508000.0,sb,pr,home,1U,6900.0,CIB,801,CIB,not_inst,20.96456693,North,direct,18.0,0.06420404464006424
cf,nopre,type2,p3,l1,nopc,b/c,306500,360.0,not_neg,not_int,not_lpsm,358000.0,sb,pr,home,1U,5400.0,EXP,709,CIB,to_inst,85.61452514,south,direct,48.0,0.17307692766189575
cf,nopre,type1,p4,l1,nopc,nob/c,416500,240.0,not_neg,not_int,not_lpsm,1278000.0,sb,pr,home,1U,7380.0,CIB,837,EXP,to_inst,32.58998435,south,direct,45.0,0.10782501846551895
cf,nopre,type1,p4,l1,nopc,nob/c,696500,360.0,not_neg,not_int,not_lpsm,808000.0,sb,pr,home,1U,14160.0,CRIF,605,EXP,not_inst,86.20049505,central,direct,28.0,0.03455149382352829
cf,nopre,type1,p1,l1,nopc,nob/c,726500,360.0,not_neg,not_int,not_lpsm,1418000.0,sb,pr,home,1U,10380.0,CRIF,705,EXP,not_inst,51.23413258,south,direct,44.0,0.0363101065158844
cf,nopre,type1,p3,l1,nopc,nob/c,286500,360.0,not_neg,not_int,not_lpsm,438000.0,sb,sr,home,1U,13500.0,CIB,560,EXP,not_inst,65.4109589,North,direct,23.0,0.0363101065158844
cf,nopre,type1,p1,l1,nopc,nob/c,336500,360.0,not_neg,not_int,not_lpsm,448000.0,sb,ir,home,1U,4500.0,CRIF,686,CIB,not_inst,75.11160714,south,direct,49.0,0.0861159935593605
cf,nopre,type1,p1,l1,nopc,nob/c,326500,360.0,not_neg,not_int,not_lpsm,348000.0,sb,pr,home,1U,5040.0,CIB,672,EXP,to_inst,93.82183908,south,direct,49.0,0.1839258074760437
cf,pre,type1,p3,l1,nopc,nob/c,156500,360.0,not_neg,not_int,not_lpsm,258000.0,sb,pr,home,1U,2400.0,EXP,726,EXP,to_inst,60.65891473,south,direct,38.0,0.10782501846551895
cf,nopre,type3,p1,l1,nopc,nob/c,296500,360.0,not_neg,not_int,not_lpsm,338000.0,sb,pr,home,1U,4620.0,EXP,758,CIB,not_inst,87.72189349,North,direct,48.0,0.03455149382352829
,nopre,type1,p3,l2,opc,nob/c,106500,360.0,not_neg,int_only,not_lpsm,508000.0,sb,pr,home,1U,10740.0,CIB,801,CIB,to_inst,20.96456693,south,direct,43.0,0.03455149382352829
cf,nopre,type1,p4,l1,nopc,nob/c,346500,360.0,not_neg,not_int,not_lpsm,508000.0,sb,pr,home,1U,8100.0,CIB,866,EXP,not_inst,68.20866142,North,direct,40.0,0.02139037474989891
cf,nopre,type1,p4,l1,nopc,nob/c,486500,360.0,not_neg,not_int,lpsm,708000.0,sb,pr,home,1U,5760.0,CIB,664,CIB,not_inst,68.71468927,south,direct,58.0,0.9869565367698669
cf,nopre,type1,p4,l1,nopc,nob/c,676500,360.0,not_neg,not_int,not_lpsm,1208000.0,sb,pr,home,1U,9000.0,EXP,824,EXP,not_inst,56.00165563,North,direct,49.0,0.05779334530234337
cf,nopre,type1,p4,l1,nopc,nob/c,266500,360.0,not_neg,not_int,not_lpsm,318000.0,sb,pr,home,1U,4260.0,EXP,539,CIB,to_inst,83.80503145,south,direct,48.0,0.23026315867900848
cf,nopre,type1,p3,l1,nopc,nob/c,276500,360.0,not_neg,not_int,not_lpsm,348000.0,sb,pr,home,1U,7080.0,CRIF,754,CIB,to_inst,79.45402299,south,direct,20.0,0.10782501846551895
cf,nopre,type2,p3,l1,nopc,b/c,126500,300.0,not_neg,not_int,not_lpsm,218000.0,sb,pr,home,1U,2880.0,CRIF,546,CIB,to_inst,58.02752294,central,direct,49.0,0.24460431933403015
cf,nopre,type1,p3,l1,nopc,nob/c,136500,360.0,not_neg,not_int,not_lpsm,228000.0,sb,pr,home,1U,1740.0,CRIF,713,CIB,to_inst,59.86842105,North,direct,41.0,0.10782501846551895
cf,nopre,type2,p4,l1,nopc,b/c,126500,360.0,not_neg,not_int,not_lpsm,108000.0,sb,pr,home,1U,1920.0,EXP,630,CIB,to_inst,117.1296296,North,direct,18.0,0.9899497628211975
cf,nopre,type1,p3,l1,nopc,nob/c,376500,300.0,not_neg,not_int,not_lpsm,658000.0,sb,pr,home,1U,8520.0,CRIF,541,CIB,not_inst,57.21884498,south,direct,59.0,0.7596899271011353
cf,nopre,type1,p1,l1,nopc,nob/c,156500,360.0,not_neg,not_int,not_lpsm,168000.0,sb,pr,home,1U,7140.0,CRIF,504,EXP,to_inst,93.1547619,south,direct,43.0,0.14369073510169983
ncf,pre,type1,p1,l1,nopc,nob/c,146500,360.0,not_neg,not_int,not_lpsm,168000.0,sb,sr,home,1U,10740.0,CIB,568,EXP,not_inst,87.20238095,North,direct,28.0,0.055727552622556686
cf,nopre,type1,p4,l1,nopc,nob/c,426500,240.0,not_neg,not_int,not_lpsm,748000.0,sb,pr,home,1U,7860.0,CRIF,874,EXP,not_inst,57.01871658,North,direct,37.0,0.02772643230855465
cf,nopre,type3,p3,l1,nopc,nob/c,226500,360.0,not_neg,not_int,not_lpsm,238000.0,sb,pr,home,1U,6180.0,CIB,545,EXP,to_inst,95.16806723,North,direct,60.0,0.11089865863323212
cf,pre,type1,p4,l1,nopc,nob/c,196500,360.0,not_neg,not_int,not_lpsm,228000.0,sb,pr,home,1U,4260.0,CRIF,510,EXP,to_inst,86.18421053,south,direct,48.0,0.23076923191547394
ncf,nopre,type1,p4,l1,nopc,nob/c,1486500,180.0,not_neg,not_int,not_lpsm,2128000.0,sb,sr,home,1U,61380.0,CRIF,834,CIB,not_inst,69.85432331,North,direct,39.0,0.24460431933403015
ncf,pre,type1,p1,l1,nopc,nob/c,226500,360.0,not_neg,not_int,not_lpsm,258000.0,sb,pr,home,1U,3960.0,CRIF,805,CIB,to_inst,87.79069767,south,direct,34.0,0.10144927352666855
cf,nopre,type1,p4,l1,nopc,nob/c,506500,360.0,not_neg,not_int,not_lpsm,728000.0,sb,pr,home,1U,7200.0,CIB,520,CIB,not_inst,69.57417582,south,direct,39.0,0.03435804694890976
cf,nopre,type1,p1,l1,nopc,nob/c,176500,360.0,not_neg,int_only,not_lpsm,548000.0,sb,ir,home,1U,1380.0,CRIF,535,CIB,not_inst,32.2080292,North,direct,45.0,0.14369073510169983
cf,nopre,type1,p3,l1,nopc,nob/c,96500,360.0,not_neg,not_int,not_lpsm,1158000.0,sb,pr,home,1U,1380.0,CIB,537,CIB,to_inst,8.333333333,North,direct,37.0,0.27710843086242676
cf,nopre,type1,p1,l1,nopc,nob/c,366500,360.0,not_neg,not_int,not_lpsm,548000.0,sb,ir,home,1U,10440.0,CRIF,697,EXP,not_inst,66.87956204,North,direct,43.0,0.0363101065158844
cf,nopre,type3,p3,l2,nopc,nob/c,406500,360.0,not_neg,not_int,not_lpsm,528000.0,sb,pr,home,1U,8640.0,EXP,731,EXP,to_inst,76.98863636,south,direct,46.0,0.04065827652812004
cf,nopre,type1,p3,l1,nopc,nob/c,466500,360.0,neg_amm,not_int,not_lpsm,478000.0,sb,pr,home,1U,7140.0,CRIF,689,CIB,to_inst,97.59414226,south,direct,35.0,0.9869565367698669
cf,nopre,type1,p3,l1,nopc,nob/c,396500,360.0,not_neg,int_only,not_lpsm,688000.0,sb,pr,home,1U,3720.0,CIB,782,CIB,not_inst,57.63081395,south,direct,49.0,0.11089865863323212
cf,nopre,type1,p4,l1,nopc,nob/c,126500,360.0,not_neg,int_only,not_lpsm,248000.0,sb,pr,home,1U,2400.0,EXP,751,EXP,to_inst,51.00806452,North,direct,57.0,0.6666666865348816
cf,nopre,type1,p3,l1,nopc,nob/c,156500,180.0,not_neg,not_int,not_lpsm,458000.0,sb,pr,home,1U,10500.0,CRIF,654,EXP,to_inst,34.17030568,North,direct,20.0,0.05779334530234337
cf,nopre,type2,p1,l1,nopc,b/c,146500,360.0,not_neg,not_int,not_lpsm,158000.0,sb,pr,home,1U,5220.0,CIB,787,EXP,to_inst,92.72151899,south,direct,36.0,0.1839258074760437
cf,nopre,type1,p3,l1,nopc,nob/c,256500,360.0,not_neg,not_int,not_lpsm,388000.0,sb,pr,home,1U,9120.0,CIB,832,EXP,to_inst,66.10824742,North,direct,30.0,0.03455149382352829
cf,nopre,type2,p4,l1,nopc,b/c,146500,360.0,neg_amm,not_int,not_lpsm,478000.0,sb,pr,home,1U,4080.0,EXP,854,EXP,to_inst,30.64853556,south,direct,37.0,0.6666666865348816
cf,nopre,type1,p4,l1,nopc,nob/c,666500,360.0,not_neg,not_int,not_lpsm,978000.0,sb,pr,home,1U,8160.0,CRIF,618,CIB,not_inst,68.14928425,North,direct,38.0,0.03435804694890976
cf,nopre,type1,p1,l1,nopc,nob/c,456500,360.0,not_neg,not_int,not_lpsm,468000.0,sb,pr,home,1U,8820.0,EXP,529,EXP,not_inst,97.54273504,North,direct,33.0,0.11089865863323212
cf,pre,type3,p1,l1,nopc,nob/c,356500,360.0,not_neg,not_int,lpsm,348000.0,sb,pr,home,1U,4680.0,CIB,672,EXP,to_inst,102.4425287,North,direct,39.0,0.1839258074760437
cf,nopre,type2,p3,l1,nopc,b/c,76500,300.0,neg_amm,not_int,not_lpsm,88000.0,sb,pr,home,1U,2940.0,CIB,642,CIB,to_inst,86.93181818,North,direct,45.0,0.5465116500854492
cf,nopre,type1,p4,l1,nopc,nob/c,516500,360.0,not_neg,not_int,not_lpsm,758000.0,sb,pr,home,1U,11460.0,EXP,587,CIB,not_inst,68.13984169,North,direct,31.0,0.02772643230855465
cf,nopre,type1,p4,l1,nopc,nob/c,356500,360.0,not_neg,not_int,not_lpsm,528000.0,sb,pr,home,1U,10080.0,CRIF,562,EXP,to_inst,67.51893939,North,direct,31.0,0.03455149382352829
cf,nopre,type1,p3,l1,nopc,nob/c,306500,360.0,not_neg,not_int,not_lpsm,448000.0,sb,pr,home,1U,5340.0,CRIF,603,CIB,to_inst,68.41517857,North,direct,38.0,0.05779334530234337
cf,nopre,type2,p3,l1,nopc,b/c,226500,360.0,not_neg,not_int,not_lpsm,278000.0,sb,pr,home,1U,7620.0,CIB,504,EXP,to_inst,81.47482014,south,direct,38.0,0.10782501846551895
cf,nopre,type3,p3,l1,nopc,nob/c,116500,360.0,not_neg,not_int,lpsm,168000.0,sb,pr,home,1U,1200.0,EXP,531,CIB,to_inst,69.3452381,south,direct,43.0,0.7843137383460999
cf,nopre,type1,p1,l1,nopc,nob/c,526500,360.0,not_neg,not_int,not_lpsm,588000.0,sb,pr,home,1U,5520.0,CRIF,782,CIB,not_inst,89.54081633,North,direct,46.0,0.04065827652812004
cf,pre,type1,p4,l1,nopc,nob/c,216500,360.0,not_neg,not_int,not_lpsm,408000.0,sb,pr,home,1U,4560.0,CRIF,616,EXP,not_inst,53.06372549,North,direct,33.0,0.03455149382352829
cf,nopre,type1,p4,l1,nopc,nob/c,346500,360.0,not_neg,not_int,not_lpsm,388000.0,sb,pr,home,1U,4920.0,CRIF,604,EXP,to_inst,89.30412371,south,direct,49.0,0.3415384590625763
cf,,type1,p4,l1,nopc,nob/c,176500,336.0,not_neg,not_int,not_lpsm,238000.0,sb,pr,home,1U,4620.0,CIB,900,CIB,to_inst,74.15966387,south,direct,8.0,0.1839258074760437
cf,nopre,type1,p4,l1,nopc,nob/c,446500,240.0,not_neg,not_int,not_lpsm,758000.0,sb,pr,home,1U,13800.0,CIB,885,EXP,not_inst,58.90501319,south,direct,19.0,0.02772643230855465
cf,nopre,type1,p1,l1,nopc,nob/c,216500,360.0,not_neg,not_int,not_lpsm,228000.0,sb,pr,home,1U,3120.0,CIB,806,CIB,to_inst,94.95614035,south,direct,44.0,0.1839258074760437
cf,nopre,type1,p3,l1,nopc,nob/c,366500,360.0,not_neg,not_int,not_lpsm,508000.0,sb,sr,home,1U,8640.0,CRIF,724,CIB,to_inst,72.14566929,south,direct,43.0,0.11089865863323212
,nopre,type1,p3,l1,nopc,nob/c,216500,360.0,not_neg,not_int,not_lpsm,308000.0,sb,pr,home,1U,3480.0,CIB,676,CIB,to_inst,70.29220779,south,direct,40.0,0.0861159935593605
cf,nopre,type1,p1,l1,nopc,nob/c,186500,360.0,not_neg,not_int,not_lpsm,188000.0,sb,pr,home,1U,3120.0,CIB,556,CIB,to_inst,99.20212766,North,direct,44.0,0.19203747808933258
cf,nopre,type1,p3,l1,nopc,nob/c,156500,360.0,not_neg,not_int,not_lpsm,338000.0,sb,pr,home,1U,1980.0,CRIF,534,EXP,to_inst,46.30177515,south,direct,42.0,0.11089865863323212
cf,pre,type1,p4,l1,nopc,nob/c,356500,180.0,not_neg,not_int,not_lpsm,408000.0,sb,pr,home,1U,9600.0,CIB,552,CIB,to_inst,87.37745098,south,direct,31.0,0.14369073510169983
cf,nopre,type2,p3,l1,nopc,b/c,136500,360.0,neg_amm,not_int,not_lpsm,248000.0,sb,pr,home,1U,1560.0,CIB,623,CIB,to_inst,55.04032258,North,direct,45.0,0.4883720874786377
cf,nopre,type1,p3,l1,nopc,nob/c,106500,360.0,neg_amm,not_int,not_lpsm,328000.0,sb,pr,home,1U,2640.0,CIB,723,CIB,to_inst,32.4695122,North,direct,21.0,0.24460431933403015
cf,pre,type1,p1,l1,nopc,nob/c,226500,360.0,neg_amm,not_int,not_lpsm,288000.0,sb,pr,home,1U,6240.0,CIB,627,CIB,to_inst,78.64583333,North,direct,36.0,0.0363101065158844
ncf,nopre,type1,p4,l1,nopc,nob/c,886500,360.0,not_neg,not_int,not_lpsm,2708000.0,sb,pr,home,1U,15960.0,EXP,512,CIB,not_inst,32.73633678,North,direct,35.0,0.1839258074760437
cf,nopre,type1,p3,l1,nopc,nob/c,256500,360.0,not_neg,not_int,not_lpsm,378000.0,sb,pr,home,1U,5100.0,CRIF,742,CIB,to_inst,67.85714286,south,direct,26.0,0.0861159935593605
cf,pre,type2,p3,l1,nopc,b/c,326500,360.0,not_neg,not_int,not_lpsm,378000.0,sb,pr,home,1U,7500.0,EXP,685,EXP,to_inst,86.37566138,North,direct,44.0,0.11276596039533615
cf,nopre,type3,p1,l1,nopc,nob/c,386500,360.0,neg_amm,not_int,not_lpsm,468000.0,sb,pr,home,1U,5280.0,CRIF,518,EXP,to_inst,82.58547009,North,direct,58.0,0.27710843086242676
cf,pre,type1,p1,l1,nopc,nob/c,166500,360.0,not_neg,not_int,not_lpsm,218000.0,sb,pr,home,1U,9840.0,CIB,777,CIB,to_inst,76.37614679,south,direct,21.0,0.055727552622556686
cf,nopre,type1,p4,l1,nopc,nob/c,416500,180.0,not_neg,not_int,not_lpsm,558000.0,sb,pr,home,1U,12060.0,CRIF,701,EXP,to_inst,74.64157706,North,direct,37.0,0.03455149382352829
cf,nopre,type1,p3,l1,nopc,nob/c,126500,300.0,not_neg,not_int,not_lpsm,238000.0,sb,pr,home,1U,3060.0,CRIF,835,CIB,to_inst,53.1512605,North,direct,36.0,0.06420404464006424
cf,pre,type2,p3,l1,nopc,b/c,346500,360.0,not_neg,not_int,not_lpsm,538000.0,sb,pr,home,1U,3600.0,CRIF,535,CIB,to_inst,64.40520446,North,direct,57.0,0.4184100329875946
cf,pre,type1,p4,l1,nopc,nob/c,256500,360.0,not_neg,not_int,not_lpsm,338000.0,sb,pr,home,1U,2580.0,CRIF,628,CIB,to_inst,75.88757396,North,direct,39.0,0.1839258074760437
cf,nopre,type1,p4,l1,nopc,nob/c,336500,360.0,not_neg,not_int,not_lpsm,428000.0,sb,pr,home,1U,6660.0,EXP,712,EXP,to_inst,78.62149533,North,direct,30.0,0.0363101065158844
cf,pre,type1,p1,l1,nopc,nob/c,556500,180.0,not_neg,not_int,not_lpsm,808000.0,sb,pr,home,1U,13200.0,EXP,540,CIB,not_inst,68.87376238,North,direct,30.0,0.02772643230855465
cf,pre,type1,p4,l1,nopc,nob/c,496500,360.0,not_neg,not_int,not_lpsm,708000.0,sb,pr,home,1U,9360.0,CRIF,537,CIB,not_inst,70.12711864,North,direct,37.0,0.02772643230855465
cf,nopre,type2,p3,l1,nopc,b/c,216500,360.0,not_neg,not_int,not_lpsm,258000.0,sb,pr,home,1U,2640.0,EXP,871,CIB,to_inst,83.91472868,south,direct,44.0,0.24460431933403015
cf,nopre,type1,p4,l1,nopc,nob/c,486500,360.0,not_neg,not_int,not_lpsm,878000.0,sb,pr,home,1U,11040.0,CIB,826,EXP,not_inst,55.41002278,south,direct,15.0,0.059588298201560974
,nopre,type1,p1,l1,nopc,nob/c,236500,360.0,not_neg,not_int,not_lpsm,268000.0,sb,pr,home,1U,2760.0,CRIF,852,CIB,not_inst,88.24626866,North,direct,41.0,0.10782501846551895
cf,nopre,type1,p3,l2,nopc,nob/c,216500,360.0,not_neg,not_int,not_lpsm,318000.0,sb,pr,home,1U,5520.0,EXP,884,EXP,to_inst,68.08176101,south,direct,38.0,0.03455149382352829
cf,nopre,type1,p1,l1,nopc,nob/c,496500,360.0,not_neg,not_int,not_lpsm,558000.0,sb,pr,home,1U,9240.0,EXP,583,CIB,not_inst,88.97849462,North,direct,40.0,0.03455149382352829
cf,nopre,type1,p4,l1,nopc,nob/c,486500,360.0,not_neg,not_int,not_lpsm,708000.0,sb,pr,home,1U,7500.0,CRIF,820,EXP,not_inst,68.71468927,south,direct,40.0,0.03435804694890976
cf,pre,type1,p1,l2,nopc,nob/c,326500,360.0,not_neg,not_int,not_lpsm,338000.0,sb,pr,home,1U,5820.0,EXP,765,CIB,to_inst,96.59763314,south,direct,37.0,0.03435804694890976
cf,nopre,type1,p3,l1,nopc,nob/c,206500,180.0,not_neg,not_int,not_lpsm,308000.0,sb,pr,home,1U,4620.0,EXP,815,CIB,to_inst,67.04545455,south,direct,44.0,0.10782501846551895
ncf,pre,type2,p1,l1,nopc,b/c,96500,360.0,not_neg,not_int,not_lpsm,108000.0,sb,pr,home,1U,3060.0,CIB,549,CIB,to_inst,89.35185185,North,direct,11.0,0.24460431933403015
cf,nopre,type1,p4,l1,nopc,nob/c,416500,360.0,not_neg,not_int,not_lpsm,518000.0,sb,pr,home,1U,10500.0,EXP,866,EXP,to_inst,80.40540541,south,direct,28.0,0.06420404464006424
cf,nopre,type2,p3,l1,nopc,b/c,76500,360.0,not_neg,not_int,not_lpsm,88000.0,sb,pr,home,1U,0.0,CRIF,825,CIB,to_inst,86.93181818,North,direct,8.0,0.9869565367698669
ncf,nopre,type1,p3,l1,nopc,nob/c,176500,360.0,not_neg,not_int,not_lpsm,228000.0,sb,pr,home,1U,3660.0,EXP,688,CIB,to_inst,77.4122807,North,direct,36.0,0.10782501846551895
cf,nopre,type1,p1,l1,nopc,nob/c,566500,360.0,not_neg,not_int,not_lpsm,608000.0,sb,pr,home,1U,7800.0,CIB,724,EXP,to_inst,93.17434211,south,direct,40.0,0.17307692766189575
cf,nopre,type1,p3,l1,nopc,nob/c,236500,360.0,not_neg,not_int,not_lpsm,608000.0,sb,pr,home,1U,7380.0,EXP,709,CIB,not_inst,38.89802632,south,direct,6.0,0.0861159935593605
cf,nopre,type1,p4,l1,nopc,nob/c,266500,360.0,not_neg,not_int,not_lpsm,378000.0,sb,pr,home,1U,4860.0,CRIF,653,CIB,to_inst,70.5026455,south,direct,38.0,0.0861159935593605
cf,nopre,type1,p3,l1,nopc,nob/c,126500,360.0,not_neg,not_int,not_lpsm,128000.0,sb,ir,home,1U,12180.0,EXP,703,EXP,to_inst,98.828125,south,direct,40.0,0.9899497628211975
cf,nopre,type2,p3,l1,nopc,b/c,316500,360.0,not_neg,not_int,not_lpsm,428000.0,sb,pr,home,1U,3780.0,CRIF,747,EXP,to_inst,73.94859813,North,direct,60.0,0.19203747808933258
cf,nopre,type1,p3,l1,nopc,nob/c,216500,360.0,not_neg,not_int,not_lpsm,498000.0,sb,pr,home,1U,3120.0,CRIF,839,CIB,to_inst,43.47389558,North,direct,46.0,0.10782501846551895
cf,nopre,type3,p3,l1,nopc,nob/c,586500,360.0,not_neg,not_int,not_lpsm,688000.0,sb,pr,home,1U,15480.0,EXP,705,EXP,to_inst,85.24709302,south,direct,20.0,0.11089865863323212
cf,nopre,type1,p3,l1,nopc,nob/c,596500,360.0,neg_amm,not_int,not_lpsm,858000.0,sb,pr,home,1U,5880.0,EXP,671,EXP,to_inst,69.52214452,south,direct,42.0,0.19203747808933258
cf,nopre,type1,p4,l1,nopc,nob/c,416500,360.0,not_neg,not_int,not_lpsm,708000.0,sb,pr,home,1U,16560.0,EXP,614,EXP,to_inst,58.82768362,south,direct,36.0,0.04065827652812004
cf,nopre,type1,p4,l1,nopc,nob/c,346500,180.0,not_neg,not_int,not_lpsm,558000.0,sb,pr,home,1U,7500.0,CIB,630,CIB,not_inst,62.09677419,North,direct,28.0,0.03435804694890976
cf,nopre,type3,p3,l1,nopc,nob/c,296500,360.0,not_neg,not_int,not_lpsm,318000.0,sb,pr,home,1U,5160.0,EXP,554,EXP,to_inst,93.23899371,south,direct,28.0,0.1839258074760437
ncf,pre,type1,p1,l1,nopc,nob/c,106500,324.0,neg_amm,not_int,not_lpsm,178000.0,sb,pr,home,1U,2220.0,CIB,710,CIB,to_inst,59.83146067,North,direct,49.0,0.06420404464006424
,nopre,type1,p4,l1,nopc,nob/c,306500,180.0,not_neg,not_int,not_lpsm,408000.0,sb,pr,home,1U,14460.0,EXP,826,EXP,to_inst,75.12254902,North,direct,25.0,0.0363101065158844
cf,nopre,type1,p4,l1,nopc,nob/c,246500,360.0,not_neg,not_int,lpsm,388000.0,sb,pr,home,1U,1680.0,CRIF,843,CIB,to_inst,63.53092784,south,direct,59.0,0.9869565367698669
cf,nopre,type2,p3,l2,nopc,b/c,316500,300.0,not_neg,not_int,not_lpsm,368000.0,sb,pr,home,1U,4980.0,EXP,639,CIB,to_inst,86.00543478,south,direct,46.0,0.11089865863323212
cf,nopre,type1,p1,l1,nopc,nob/c,286500,360.0,not_neg,not_int,not_lpsm,438000.0,sb,ir,home,1U,6000.0,CRIF,886,EXP,not_inst,65.4109589,North,direct,39.0,0.05779334530234337
cf,nopre,type1,p4,l1,nopc,nob/c,496500,360.0,not_neg,int_only,not_lpsm,858000.0,sb,pr,home,1U,7260.0,CIB,541,EXP,to_inst,57.86713287,south,direct,46.0,0.14369073510169983
cf,nopre,type1,p1,l1,nopc,nob/c,516500,360.0,neg_amm,not_int,not_lpsm,648000.0,sb,pr,home,1U,6480.0,CRIF,622,CIB,not_inst,79.70679012,south,direct,42.0,0.10782501846551895
cf,nopre,type1,p4,l1,nopc,nob/c,586500,360.0,not_neg,not_int,not_lpsm,788000.0,sb,pr,home,1U,12540.0,CIB,814,EXP,not_inst,74.42893401,North,direct,30.0,0.02139037474989891
cf,nopre,type1,p4,l1,nopc,nob/c,376500,360.0,not_neg,not_int,not_lpsm,478000.0,sb,pr,home,1U,6360.0,CIB,682,CIB,not_inst,78.76569038,North,direct,34.0,0.03435804694890976
cf,nopre,type1,p4,l1,nopc,nob/c,266500,120.0,not_neg,not_int,not_lpsm,458000.0,sb,pr,home,1U,7380.0,CRIF,870,EXP,to_inst,58.18777293,south,direct,42.0,0.059588298201560974
cf,nopre,type1,p1,l1,nopc,nob/c,406500,360.0,not_neg,not_int,not_lpsm,488000.0,sb,pr,home,1U,5280.0,CRIF,666,CIB,to_inst,83.29918033,North,direct,49.0,0.14369073510169983
cf,nopre,type1,p3,l1,nopc,nob/c,126500,240.0,not_neg,int_only,not_lpsm,238000.0,sb,pr,home,1U,2280.0,EXP,820,CIB,not_inst,53.1512605,North,direct,42.0,0.059588298201560974
cf,nopre,type3,p3,l1,nopc,nob/c,256500,360.0,not_neg,not_int,not_lpsm,258000.0,sb,pr,home,1U,2220.0,CRIF,602,CIB,to_inst,99.41860465,North,direct,52.0,0.14369073510169983
cf,nopre,type2,p3,l1,nopc,b/c,146500,360.0,not_neg,not_int,not_lpsm,168000.0,sb,pr,home,1U,5340.0,CRIF,763,EXP,to_inst,87.20238095,North,direct,40.0,0.14369073510169983
cf,nopre,type1,p3,l1,nopc,nob/c,466500,336.0,neg_amm,int_only,not_lpsm,788000.0,sb,pr,home,1U,9600.0,EXP,665,CIB,not_inst,59.20050761,south,direct,24.0,0.02772643230855465
cf,nopre,type1,p1,l2,nopc,nob/c,166500,360.0,not_neg,not_int,not_lpsm,208000.0,sb,pr,home,1U,4020.0,CIB,610,EXP,to_inst,80.04807692,south,direct,37.0,0.0363101065158844
cf,nopre,type1,p3,l1,nopc,nob/c,246500,180.0,not_neg,not_int,not_lpsm,338000.0,sb,pr,home,1U,6900.0,EXP,618,EXP,to_inst,72.92899408,North,direct,29.0,0.0363101065158844
cf,nopre,type1,p3,l1,nopc,nob/c,316500,360.0,not_neg,not_int,not_lpsm,468000.0,sb,pr,home,1U,3840.0,CRIF,563,CIB,to_inst,67.62820513,North,direct,49.0,0.11089865863323212
cf,pre,type3,p3,l1,nopc,nob/c,146500,360.0,not_neg,not_int,not_lpsm,148000.0,sb,pr,home,1U,3660.0,CIB,652,CIB,to_inst,98.98648649,south,direct,39.0,0.14369073510169983
cf,nopre,type1,p3,l1,nopc,nob/c,206500,240.0,not_neg,not_int,not_lpsm,318000.0,sb,pr,home,1U,3540.0,EXP,866,CIB,to_inst,64.93710692,North,direct,43.0,0.059588298201560974
cf,nopre,type1,p4,l1,nopc,nob/c,436500,360.0,neg_amm,int_only,not_lpsm,588000.0,sb,pr,home,1U,6360.0,EXP,611,EXP,not_inst,74.23469388,North,direct,31.0,0.02139037474989891
cf,nopre,type1,p3,l1,nopc,nob/c,316500,180.0,not_neg,not_int,not_lpsm,528000.0,sb,pr,home,1U,6060.0,EXP,674,EXP,to_inst,59.94318182,south,direct,43.0,0.05779334530234337
cf,nopre,type1,p4,l1,nopc,nob/c,366500,360.0,not_neg,not_int,not_lpsm,518000.0,sb,pr,home,1U,4740.0,EXP,601,CIB,not_inst,70.75289575,south,direct,36.0,0.0363101065158844
,nopre,type2,p3,l1,nopc,b/c,296500,360.0,not_neg,not_int,not_lpsm,348000.0,sb,pr,home,1U,3840.0,CIB,578,CIB,to_inst,85.20114943,south,direct,48.0,0.19203747808933258
cf,nopre,type1,p3,l1,nopc,nob/c,256500,360.0,not_neg,not_int,not_lpsm,348000.0,sb,ir,home,1U,4140.0,CIB,873,CIB,not_inst,73.70689655,south,direct,40.0,0.10782501846551895
cf,nopre,type1,p3,l1,nopc,nob/c,166500,360.0,not_neg,not_int,not_lpsm,228000.0,sb,pr,home,1U,2580.0,EXP,707,CIB,not_inst,73.02631579,North,direct,38.0,0.059588298201560974
cf,nopre,type1,p3,l1,nopc,nob/c,206500,216.0,neg_amm,not_int,not_lpsm,258000.0,sb,pr,home,1U,4020.0,EXP,813,CIB,to_inst,80.03875969,south,direct,45.0,0.4184100329875946
cf,nopre,type1,p3,l1,nopc,nob/c,326500,360.0,not_neg,not_int,not_lpsm,418000.0,sb,pr,home,1U,5580.0,EXP,810,EXP,to_inst,78.11004785,North,direct,45.0,0.0861159935593605
cf,nopre,type2,p1,l1,nopc,b/c,606500,360.0,not_neg,not_int,not_lpsm,618000.0,sb,pr,home,1U,9240.0,CIB,714,EXP,not_inst,98.13915858,North,direct,39.0,0.0861159935593605
cf,nopre,type1,p4,l1,nopc,nob/c,106500,180.0,not_neg,not_int,not_lpsm,168000.0,sb,ir,home,1U,7740.0,CRIF,593,EXP,to_inst,63.39285714,south,direct,42.0,0.14369073510169983
cf,nopre,type2,p1,l1,nopc,b/c,486500,360.0,not_neg,not_int,not_lpsm,498000.0,sb,pr,home,1U,5220.0,EXP,611,EXP,not_inst,97.69076305,North,direct,49.0,0.10782501846551895
cf,nopre,type1,p4,l1,nopc,nob/c,376500,360.0,not_neg,not_int,not_lpsm,1808000.0,sb,pr,home,1U,11220.0,CIB,596,EXP,not_inst,20.82411504,North,direct,36.0,0.014285714365541935
cf,nopre,type1,p4,l1,nopc,nob/c,246500,360.0,not_neg,not_int,not_lpsm,238000.0,sb,pr,home,1U,4620.0,CIB,541,EXP,to_inst,103.5714286,south,direct,28.0,0.9899497628211975
cf,nopre,type1,p4,l1,nopc,nob/c,556500,360.0,not_neg,not_int,not_lpsm,658000.0,sb,pr,home,1U,10620.0,CRIF,791,EXP,not_inst,84.57446809,North,direct,28.0,0.03455149382352829
cf,pre,type3,p1,l1,nopc,nob/c,186500,360.0,not_neg,not_int,not_lpsm,188000.0,sb,pr,home,1U,2640.0,EXP,790,EXP,to_inst,99.20212766,central,direct,32.0,0.10782501846551895
cf,nopre,type1,p1,l2,nopc,nob/c,166500,360.0,not_neg,not_int,not_lpsm,168000.0,sb,pr,home,1U,3600.0,EXP,526,EXP,not_inst,99.10714286,North,direct,41.0,0.05779334530234337
cf,nopre,type3,p3,l1,nopc,nob/c,246500,300.0,not_neg,not_int,not_lpsm,378000.0,sb,pr,home,1U,4140.0,CRIF,520,CIB,to_inst,65.21164021,south,direct,44.0,0.14369073510169983
cf,nopre,type1,p3,l1,nopc,nob/c,136500,240.0,neg_amm,not_int,not_lpsm,298000.0,sb,ir,home,1U,6120.0,CRIF,697,CIB,to_inst,45.80536913,south,direct,25.0,0.24460431933403015
cf,pre,type1,p4,l1,nopc,nob/c,376500,360.0,not_neg,not_int,not_lpsm,458000.0,sb,pr,home,1U,7500.0,CIB,616,EXP,to_inst,82.20524017,North,direct,32.0,0.0861159935593605
cf,pre,type1,p4,l1,nopc,nob/c,246500,240.0,not_neg,not_int,not_lpsm,438000.0,sb,pr,home,1U,4200.0,EXP,561,EXP,to_inst,56.27853881,North,direct,31.0,0.05779334530234337
ncf,nopre,type1,p3,l1,nopc,nob/c,276500,360.0,not_neg,not_int,not_lpsm,428000.0,sb,pr,home,1U,4080.0,CRIF,881,CIB,to_inst,64.60280374,North,direct,38.0,0.10782501846551895
cf,nopre,type1,p4,l1,nopc,nob/c,346500,360.0,not_neg,not_int,not_lpsm,1008000.0,sb,pr,home,1U,9120.0,CIB,522,EXP,not_inst,34.375,south,direct,20.0,0.0363101065158844
cf,nopre,type1,p3,l1,nopc,nob/c,226500,240.0,not_neg,not_int,not_lpsm,288000.0,sb,pr,home,1U,7920.0,CIB,865,CIB,to_inst,78.64583333,south,direct,36.0,0.06766917556524277
cf,nopre,type1,p3,l1,nopc,nob/c,176500,180.0,not_neg,not_int,not_lpsm,328000.0,sb,pr,home,1U,5880.0,CRIF,793,CIB,to_inst,53.81097561,North,direct,24.0,0.06420404464006424
cf,nopre,type1,p4,l1,nopc,nob/c,526500,360.0,not_neg,not_int,not_lpsm,788000.0,sb,pr,home,1U,6000.0,CRIF,513,EXP,not_inst,66.81472081,south,direct,10.0,0.24460431933403015
cf,nopre,type1,p4,l1,nopc,nob/c,196500,360.0,not_neg,not_int,not_lpsm,358000.0,sb,pr,home,1U,3720.0,EXP,831,CIB,not_inst,54.88826816,North-East,direct,33.0,0.05779334530234337
cf,nopre,type1,p1,l1,nopc,nob/c,186500,360.0,not_neg,not_int,not_lpsm,188000.0,sb,pr,home,1U,2400.0,CIB,538,CIB,to_inst,99.20212766,central,direct,45.0,0.27710843086242676
cf,nopre,type2,p4,l1,nopc,b/c,236500,360.0,not_neg,not_int,not_lpsm,298000.0,sb,pr,home,1U,3900.0,CIB,568,CIB,not_inst,79.36241611,North,direct,43.0,0.11089865863323212
cf,nopre,type1,p3,l1,nopc,nob/c,216500,360.0,neg_amm,int_only,not_lpsm,308000.0,sb,pr,home,1U,11220.0,CRIF,822,EXP,to_inst,70.29220779,North,direct,25.0,0.03455149382352829
cf,pre,type2,p1,l1,nopc,b/c,126500,360.0,not_neg,not_int,not_lpsm,138000.0,sb,pr,home,1U,5520.0,CRIF,885,EXP,to_inst,91.66666667,south,direct,23.0,0.10782501846551895
,nopre,type1,p3,l1,nopc,nob/c,406500,180.0,not_neg,not_int,not_lpsm,688000.0,sb,pr,home,1U,12960.0,CIB,845,EXP,to_inst,59.08430233,south,direct,37.0,0.04065827652812004
cf,nopre,type1,p3,l1,nopc,nob/c,156500,120.0,not_neg,not_int,not_lpsm,148000.0,sb,pr,home,1U,9540.0,CIB,601,EXP,to_inst,105.7432432,North,direct,12.0,0.9899497628211975
,nopre,type1,p3,l1,nopc,nob/c,436500,360.0,not_neg,not_int,not_lpsm,758000.0,sb,pr,home,1U,11460.0,EXP,760,EXP,not_inst,57.58575198,North,direct,8.0,0.03455149382352829
cf,pre,type2,p3,l1,nopc,b/c,176500,360.0,not_neg,not_int,not_lpsm,248000.0,sb,pr,home,1U,4680.0,CRIF,648,EXP,to_inst,71.16935484,south,direct,31.0,0.11089865863323212
cf,nopre,type1,p4,l1,nopc,nob/c,86500,240.0,not_neg,not_int,not_lpsm,118000.0,sb,pr,home,1U,2940.0,EXP,551,CIB,to_inst,73.30508475,North,direct,44.0,0.0861159935593605
ncf,pre,type2,p3,l1,nopc,b/c,726500,360.0,not_neg,not_int,not_lpsm,858000.0,sb,pr,home,1U,13260.0,EXP,899,EXP,to_inst,84.67365967,North,direct,45.0,0.4184100329875946
cf,nopre,type1,p4,l1,nopc,nob/c,256500,360.0,not_neg,not_int,not_lpsm,568000.0,sb,pr,home,1U,2880.0,CRIF,738,CIB,to_inst,45.1584507,North,direct,42.0,0.11089865863323212
,nopre,type1,p3,l1,nopc,nob/c,206500,360.0,not_neg,not_int,not_lpsm,578000.0,sb,pr,home,1U,6660.0,EXP,612,CIB,not_inst,35.7266436,North,direct,34.0,0.03435804694890976
cf,pre,type1,p3,l1,nopc,nob/c,426500,360.0,not_neg,not_int,not_lpsm,538000.0,sb,pr,home,1U,9120.0,CIB,803,CIB,to_inst,79.27509294,south,direct,37.0,0.11089865863323212
cf,pre,type3,p1,l1,nopc,nob/c,186500,360.0,not_neg,not_int,not_lpsm,178000.0,sb,pr,home,1U,4380.0,CRIF,573,EXP,to_inst,104.7752809,North,direct,36.0,0.11089865863323212
cf,nopre,type1,p4,l1,nopc,nob/c,346500,360.0,not_neg,not_int,not_lpsm,728000.0,sb,pr,home,1U,8040.0,CRIF,547,EXP,not_inst,47.59615385,south,direct,31.0,0.02772643230855465
cf,nopre,type1,p3,l1,nopc,nob/c,476500,360.0,not_neg,not_int,not_lpsm,748000.0,sb,pr,home,1U,4980.0,EXP,663,CIB,not_inst,63.70320856,North,direct,41.0,0.0363101065158844
cf,nopre,type3,p3,l1,nopc,nob/c,276500,360.0,not_neg,not_int,not_lpsm,408000.0,sb,pr,home,1U,1860.0,EXP,785,CIB,to_inst,67.76960784,south,direct,52.0,0.6666666865348816
cf,nopre,type1,p3,l1,nopc,nob/c,686500,360.0,not_neg,not_int,not_lpsm,858000.0,sb,pr,home,1U,9480.0,EXP,621,CIB,not_inst,80.01165501,North,direct,36.0,0.05779334530234337
cf,nopre,type1,p1,l1,nopc,nob/c,136500,360.0,not_neg,not_int,not_lpsm,178000.0,sb,ir,home,1U,4800.0,CRIF,806,CIB,not_inst,76.68539326,south,direct,47.0,0.10782501846551895
cf,nopre,type1,p4,l1,nopc,nob/c,696500,360.0,not_neg,not_int,not_lpsm,1198000.0,sb,pr,home,1U,15120.0,CIB,556,CIB,to_inst,58.13856427,south,direct,41.0,0.10144927352666855
cf,nopre,type1,p4,l1,nopc,nob/c,156500,144.0,not_neg,not_int,not_lpsm,188000.0,sb,pr,home,1U,6480.0,CRIF,665,CIB,to_inst,83.24468085,North,direct,16.0,0.14369073510169983
cf,nopre,type1,p4,l1,nopc,nob/c,586500,360.0,not_neg,not_int,not_lpsm,808000.0,sb,pr,home,1U,15540.0,EXP,620,EXP,to_inst,72.58663366,south,direct,20.0,0.04065827652812004
cf,nopre,type1,p3,l1,nopc,nob/c,156500,108.0,not_neg,not_int,not_lpsm,268000.0,sb,ir,home,1U,6720.0,CIB,815,EXP,to_inst,58.39552239,south,direct,32.0,0.10144927352666855
cf,pre,type3,p1,l1,nopc,nob/c,166500,360.0,not_neg,not_int,not_lpsm,158000.0,sb,pr,home,1U,2940.0,EXP,705,CIB,to_inst,105.3797468,central,direct,60.0,0.14369073510169983
cf,nopre,type3,p3,l1,nopc,nob/c,146500,360.0,not_neg,not_int,not_lpsm,148000.0,sb,pr,home,1U,3180.0,CRIF,508,EXP,to_inst,98.98648649,North,direct,41.0,0.13636364042758942
cf,nopre,type1,p4,l1,nopc,nob/c,126500,240.0,not_neg,not_int,not_lpsm,228000.0,sb,pr,home,1U,1920.0,CRIF,861,EXP,to_inst,55.48245614,North,direct,44.0,0.10782501846551895
cf,nopre,type1,p4,l1,nopc,nob/c,386500,360.0,not_neg,not_int,not_lpsm,648000.0,sb,pr,home,1U,,CRIF,747,EXP,to_inst,59.64506173,south,direct,31.0,0.055727552622556686
cf,nopre,type1,p3,l1,nopc,nob/c,216500,360.0,not_neg,not_int,not_lpsm,428000.0,sb,pr,home,1U,120.0,CIB,637,CIB,to_inst,50.58411215,North,direct,21.0,0.9869565367698669
cf,nopre,type1,p4,l1,nopc,nob/c,256500,180.0,not_neg,not_int,not_lpsm,818000.0,sb,pr,home,1U,13020.0,CRIF,568,EXP,not_inst,31.35696822,south,direct,20.0,0.03455149382352829
cf,,type1,p4,l1,nopc,nob/c,546500,360.0,not_neg,not_int,not_lpsm,1008000.0,sb,pr,home,1U,13380.0,CIB,645,EXP,not_inst,54.21626984,North,direct,23.0,0.02139037474989891
,nopre,type2,p3,l1,nopc,b/c,146500,360.0,not_neg,not_int,not_lpsm,178000.0,sb,pr,home,1U,4320.0,CIB,608,CIB,to_inst,82.30337079,south,direct,23.0,0.1839258074760437
cf,pre,type2,p1,l1,nopc,b/c,286500,360.0,not_neg,not_int,not_lpsm,298000.0,sb,pr,home,1U,3780.0,EXP,604,CIB,to_inst,96.1409396,central,direct,59.0,0.10782501846551895
cf,nopre,type1,p4,l1,nopc,nob/c,356500,360.0,not_neg,not_int,not_lpsm,1608000.0,sb,pr,home,1U,6720.0,EXP,559,EXP,to_inst,22.17039801,south,direct,47.0,0.059588298201560974
cf,nopre,type1,p1,l1,nopc,nob/c,206500,180.0,not_neg,not_int,not_lpsm,468000.0,sb,pr,home,1U,4380.0,CRIF,724,CIB,not_inst,44.12393162,North,direct,39.0,0.0363101065158844
cf,nopre,type1,p1,l1,nopc,nob/c,366500,360.0,not_neg,not_int,not_lpsm,388000.0,sb,pr,home,1U,7560.0,CRIF,611,EXP,not_inst,94.45876289,North,direct,36.0,0.03455149382352829
cf,nopre,type1,p4,l1,nopc,nob/c,476500,360.0,not_neg,not_int,not_lpsm,858000.0,sb,pr,home,1U,9120.0,EXP,795,EXP,not_inst,55.53613054,south,direct,31.0,0.03435804694890976
cf,pre,type1,p1,l1,nopc,nob/c,156500,360.0,not_neg,not_int,not_lpsm,158000.0,sb,pr,home,1U,4020.0,EXP,827,CIB,to_inst,99.05063291,south,direct,24.0,0.11276596039533615
ncf,nopre,type2,p3,l1,nopc,b/c,106500,324.0,neg_amm,not_int,not_lpsm,158000.0,sb,pr,home,1U,2460.0,CRIF,762,CIB,to_inst,67.40506329,central,direct,55.0,0.6186440587043762
cf,nopre,type1,p4,l1,nopc,nob/c,566500,360.0,neg_amm,not_int,not_lpsm,718000.0,sb,pr,home,1U,8400.0,CIB,625,EXP,not_inst,78.89972145,North,direct,36.0,0.059588298201560974
ncf,pre,type1,p3,l1,nopc,nob/c,426500,360.0,not_neg,not_int,not_lpsm,558000.0,sb,pr,home,1U,7140.0,EXP,897,CIB,not_inst,76.43369176,North,direct,40.0,0.05779334530234337
cf,nopre,type1,p3,l1,nopc,nob/c,336500,360.0,not_neg,not_int,not_lpsm,668000.0,sb,pr,home,1U,4860.0,EXP,755,EXP,not_inst,50.3742515,North,direct,60.0,0.5465116500854492
cf,nopre,type1,p4,l1,nopc,nob/c,286500,360.0,not_neg,not_int,not_lpsm,348000.0,sb,pr,home,1U,3540.0,CRIF,590,CIB,not_inst,82.32758621,North,direct,36.0,0.05779334530234337
cf,nopre,type3,p3,l1,nopc,nob/c,156500,360.0,not_neg,not_int,not_lpsm,188000.0,sb,pr,home,1U,1740.0,EXP,813,CIB,to_inst,83.24468085,North,direct,47.0,0.1839258074760437
cf,nopre,type1,p4,l1,nopc,nob/c,266500,360.0,not_neg,not_int,not_lpsm,428000.0,sb,pr,home,1U,3840.0,CRIF,847,EXP,not_inst,62.26635514,south,direct,37.0,0.04065827652812004
ncf,nopre,type1,p4,l1,nopc,nob/c,286500,240.0,not_neg,not_int,not_lpsm,308000.0,sb,pr,home,1U,7740.0,EXP,886,EXP,to_inst,93.01948052,North,direct,48.0,0.3913043439388275
cf,nopre,type1,p4,l1,nopc,nob/c,276500,360.0,not_neg,not_int,not_lpsm,908000.0,sb,pr,home,1U,4140.0,EXP,690,CIB,to_inst,30.45154185,North,direct,44.0,0.10144927352666855
cf,nopre,type1,p3,l1,nopc,nob/c,276500,168.0,not_neg,not_int,not_lpsm,838000.0,sb,pr,home,1U,6480.0,CRIF,637,EXP,to_inst,32.99522673,North,direct,49.0,0.11089865863323212
cf,nopre,type1,p3,l1,nopc,nob/c,166500,360.0,not_neg,not_int,not_lpsm,418000.0,sb,ir,home,1U,2340.0,CIB,773,CIB,to_inst,39.83253589,North,direct,46.0,0.11276596039533615
cf,pre,type2,p3,l1,nopc,b/c,206500,360.0,not_neg,not_int,not_lpsm,248000.0,sb,pr,home,1U,3300.0,CRIF,600,EXP,to_inst,83.26612903,North,direct,55.0,0.1839258074760437
cf,pre,type3,p3,l1,nopc,nob/c,226500,360.0,not_neg,not_int,not_lpsm,298000.0,sb,pr,home,1U,2460.0,CIB,653,EXP,to_inst,76.00671141,North,direct,47.0,0.0861159935593605
cf,nopre,type2,p3,l1,nopc,b/c,76500,180.0,not_neg,not_int,not_lpsm,98000.0,sb,pr,home,1U,2520.0,EXP,887,CIB,to_inst,78.06122449,North,direct,40.0,0.23026315867900848
cf,nopre,type1,p3,l1,nopc,nob/c,186500,360.0,not_neg,not_int,not_lpsm,278000.0,sb,pr,home,1U,4440.0,CIB,689,EXP,to_inst,67.08633094,North,direct,20.0,0.05779334530234337
cf,nopre,type1,p1,l1,nopc,nob/c,486500,360.0,not_neg,not_int,not_lpsm,548000.0,sb,pr,home,1U,8040.0,EXP,597,EXP,not_inst,88.77737226,central,direct,44.0,0.04065827652812004
cf,pre,type1,p3,l1,nopc,nob/c,606500,360.0,not_neg,not_int,not_lpsm,1138000.0,sb,pr,home,1U,6720.0,EXP,695,EXP,not_inst,53.29525483,central,direct,49.0,0.06420404464006424
cf,nopre,type1,p4,l1,nopc,nob/c,276500,180.0,not_neg,not_int,not_lpsm,548000.0,sb,pr,home,1U,6360.0,CIB,865,CIB,not_inst,50.45620438,south,direct,26.0,0.0363101065158844
cf,nopre,type1,p3,l1,nopc,nob/c,416500,360.0,not_neg,not_int,not_lpsm,528000.0,sb,pr,home,1U,4440.0,EXP,582,CIB,not_inst,78.88257576,south,direct,44.0,0.10144927352666855
cf,nopre,type1,p4,l1,nopc,nob/c,276500,360.0,not_neg,not_int,not_lpsm,1308000.0,sb,pr,home,1U,9180.0,CRIF,827,EXP,to_inst,21.13914373,south,direct,14.0,0.0861159935593605
ncf,nopre,type1,p4,l1,nopc,nob/c,276500,360.0,not_neg,not_int,not_lpsm,368000.0,sb,sr,home,1U,22080.0,EXP,875,EXP,not_inst,75.13586957,North,direct,26.0,0.05779334530234337
cf,nopre,type1,p4,l1,nopc,nob/c,566500,360.0,neg_amm,not_int,not_lpsm,708000.0,sb,pr,home,1U,8220.0,CIB,628,CIB,to_inst,80.01412429,North,direct,33.0,0.24460431933403015
cf,nopre,type2,p1,l1,nopc,b/c,216500,360.0,not_neg,not_int,not_lpsm,228000.0,sb,pr,home,1U,5100.0,CIB,533,CIB,to_inst,94.95614035,North,direct,36.0,0.17307692766189575
cf,nopre,type1,p3,l1,nopc,nob/c,216500,360.0,not_neg,not_int,not_lpsm,288000.0,sb,ir,home,1U,18840.0,CRIF,534,CIB,not_inst,75.17361111,North,direct,38.0,0.0861159935593605
cf,nopre,type2,p3,l1,nopc,b/c,276500,360.0,not_neg,not_int,not_lpsm,348000.0,sb,pr,home,1U,1440.0,CIB,643,EXP,not_inst,79.45402299,North,direct,36.0,0.8571428656578064
cf,,type1,p4,l1,nopc,nob/c,666500,360.0,not_neg,int_only,not_lpsm,1328000.0,sb,pr,home,1U,8580.0,CRIF,895,CIB,not_inst,50.18825301,south,direct,45.0,0.06766917556524277
cf,nopre,type1,p4,l1,nopc,nob/c,206500,324.0,not_neg,not_int,not_lpsm,218000.0,sb,pr,home,1U,5340.0,CRIF,560,CIB,to_inst,94.72477064,North,direct,44.0,0.24460431933403015
cf,nopre,type1,p3,l1,nopc,nob/c,126500,360.0,not_neg,not_int,not_lpsm,158000.0,sb,pr,home,1U,1560.0,CIB,581,CIB,to_inst,80.06329114,North,direct,45.0,0.19203747808933258
cf,nopre,type1,p4,l1,nopc,nob/c,696500,360.0,not_neg,not_int,not_lpsm,1078000.0,sb,pr,home,1U,16440.0,EXP,602,EXP,not_inst,64.61038961,North,direct,42.0,0.02772643230855465
cf,nopre,type1,p2,l1,nopc,nob/c,306500,360.0,not_neg,not_int,not_lpsm,798000.0,sb,ir,home,1U,25380.0,CRIF,701,EXP,to_inst,38.4085213,south,direct,40.0,0.11089865863323212
cf,,type2,p3,l1,nopc,b/c,196500,360.0,not_neg,not_int,not_lpsm,228000.0,sb,pr,home,1U,3000.0,EXP,565,CIB,to_inst,86.18421053,south,direct,48.0,0.19203747808933258
cf,nopre,type3,p3,l1,nopc,nob/c,116500,360.0,not_neg,int_only,not_lpsm,148000.0,sb,pr,home,1U,1680.0,EXP,800,CIB,to_inst,78.71621622,North,direct,45.0,0.11276596039533615
,nopre,type1,p4,l1,nopc,nob/c,286500,360.0,not_neg,not_int,not_lpsm,1538000.0,sb,pr,home,1U,5760.0,CRIF,559,CIB,not_inst,18.62808843,south,direct,48.0,0.03455149382352829
cf,nopre,type1,p3,l1,nopc,nob/c,446500,360.0,not_neg,not_int,not_lpsm,568000.0,sb,pr,home,1U,11880.0,CRIF,853,EXP,to_inst,78.60915493,south,direct,35.0,0.0861159935593605
cf,nopre,type1,p3,l1,nopc,nob/c,156500,360.0,not_neg,not_int,not_lpsm,228000.0,sb,pr,home,1U,4260.0,CIB,532,CIB,to_inst,68.64035088,North,direct,22.0,0.06766917556524277
cf,nopre,type3,p3,l1,nopc,nob/c,486500,360.0,not_neg,not_int,not_lpsm,508000.0,sb,pr,home,1U,4980.0,CIB,760,CIB,to_inst,95.76771654,North,direct,56.0,0.24460431933403015
cf,nopre,type1,p3,l1,nopc,nob/c,176500,360.0,not_neg,not_int,not_lpsm,298000.0,sb,pr,home,1U,5580.0,CIB,798,CIB,to_inst,59.22818792,south,direct,18.0,0.10782501846551895
cf,nopre,type1,p4,l1,nopc,nob/c,586500,360.0,not_neg,not_int,not_lpsm,668000.0,sb,pr,home,1U,12540.0,CRIF,636,EXP,not_inst,87.7994012,North,direct,35.0,0.03455149382352829
cf,pre,type3,p1,l1,nopc,nob/c,516500,360.0,not_neg,not_int,not_lpsm,568000.0,sb,pr,home,1U,9060.0,EXP,511,CIB,to_inst,90.93309859,south,direct,26.0,0.059588298201560974
cf,nopre,type1,p1,l1,nopc,nob/c,166500,360.0,not_neg,not_int,not_lpsm,188000.0,sb,pr,home,1U,2220.0,CIB,899,CIB,to_inst,88.56382979,North,direct,47.0,0.17307692766189575
cf,nopre,type2,p3,l1,nopc,b/c,536500,360.0,not_neg,not_int,not_lpsm,628000.0,sb,pr,home,1U,8940.0,CRIF,592,EXP,not_inst,85.42993631,North,direct,54.0,0.10782501846551895
cf,nopre,type1,p4,l1,nopc,nob/c,546500,360.0,not_neg,not_int,not_lpsm,1408000.0,sb,pr,home,1U,11100.0,CRIF,895,EXP,not_inst,38.81392045,North,direct,30.0,0.02772643230855465
cf,nopre,type1,p4,l1,nopc,nob/c,666500,360.0,not_neg,not_int,not_lpsm,848000.0,sb,pr,home,1U,7500.0,CIB,507,CIB,not_inst,78.59669811,south,direct,44.0,0.03455149382352829
cf,nopre,type1,p4,l1,nopc,nob/c,186500,360.0,not_neg,not_int,not_lpsm,218000.0,sb,pr,home,1U,3300.0,CRIF,653,CIB,to_inst,85.55045872,south,direct,43.0,0.1839258074760437
,nopre,type2,p1,l1,nopc,b/c,266500,360.0,not_neg,not_int,not_lpsm,278000.0,sb,pr,home,1U,3600.0,CIB,742,EXP,to_inst,95.86330935,North,direct,59.0,0.1839258074760437
ncf,nopre,type1,p1,l1,nopc,nob/c,346500,360.0,not_neg,not_int,not_lpsm,468000.0,sb,ir,home,1U,8820.0,CIB,627,EXP,not_inst,74.03846154,North,direct,47.0,0.04065827652812004
cf,nopre,type1,p3,l1,nopc,nob/c,116500,120.0,not_neg,not_int,not_lpsm,338000.0,sb,pr,home,1U,3480.0,CIB,698,CIB,to_inst,34.46745562,North,direct,40.0,0.059588298201560974
cf,nopre,type1,p3,l2,nopc,nob/c,396500,180.0,not_neg,not_int,not_lpsm,568000.0,sb,pr,home,1U,14400.0,CIB,836,EXP,to_inst,69.80633803,south,direct,28.0,0.03455149382352829
cf,pre,type1,p4,l1,nopc,nob/c,676500,360.0,not_neg,not_int,not_lpsm,1058000.0,sb,pr,home,1U,11400.0,CIB,682,CIB,not_inst,63.94139887,south,direct,30.0,0.03455149382352829
cf,nopre,type1,p4,l1,nopc,nob/c,486500,336.0,neg_amm,not_int,not_lpsm,658000.0,sb,pr,home,1U,11520.0,EXP,584,EXP,not_inst,73.93617021,south,direct,32.0,0.0861159935593605
cf,nopre,type1,p3,l1,nopc,nob/c,176500,180.0,not_neg,not_int,not_lpsm,498000.0,sb,pr,home,1U,9900.0,CIB,502,EXP,not_inst,35.44176707,south,direct,31.0,0.02772643230855465
cf,nopre,type1,p4,l1,nopc,nob/c,266500,360.0,not_neg,not_int,not_lpsm,398000.0,sb,pr,home,1U,4260.0,CIB,797,CIB,not_inst,66.95979899,south,direct,36.0,0.0363101065158844
cf,nopre,type1,p4,l1,nopc,nob/c,586500,240.0,not_neg,not_int,not_lpsm,998000.0,sb,pr,home,1U,19200.0,CRIF,548,EXP,not_inst,58.76753507,North,direct,28.0,0.014285714365541935
cf,nopre,type1,p1,l1,nopc,nob/c,216500,360.0,not_neg,not_int,not_lpsm,248000.0,sb,pr,home,1U,9000.0,CRIF,850,CIB,to_inst,87.2983871,south,direct,31.0,0.16867469251155853
cf,pre,type1,p3,l1,nopc,nob/c,156500,360.0,not_neg,not_int,not_lpsm,208000.0,sb,pr,home,1U,1980.0,EXP,508,CIB,to_inst,75.24038462,North,direct,41.0,0.13636364042758942
ncf,nopre,type1,p4,l1,nopc,nob/c,906500,360.0,not_neg,not_int,not_lpsm,1918000.0,sb,pr,home,1U,14160.0,CRIF,569,EXP,not_inst,47.26277372,North,direct,39.0,0.14369073510169983
cf,nopre,type1,p3,l1,nopc,nob/c,176500,360.0,not_neg,not_int,not_lpsm,308000.0,sb,pr,home,1U,4080.0,EXP,718,CIB,to_inst,57.30519481,south,direct,49.0,0.14369073510169983
cf,nopre,type1,p4,l1,nopc,nob/c,296500,144.0,not_neg,not_int,not_lpsm,378000.0,sb,pr,home,1U,9720.0,CRIF,863,CIB,to_inst,78.43915344,North,direct,20.0,0.10782501846551895
ncf,nopre,type1,p3,l1,nopc,nob/c,356500,360.0,not_neg,not_int,not_lpsm,608000.0,sb,pr,home,1U,3720.0,CRIF,640,EXP,not_inst,58.63486842,North,direct,49.0,0.0861159935593605
ncf,pre,type1,p3,l1,nopc,nob/c,246500,360.0,not_neg,not_int,not_lpsm,308000.0,sb,pr,home,1U,4200.0,CIB,619,EXP,to_inst,80.03246753,North,direct,32.0,0.10782501846551895
cf,nopre,type3,p3,l1,nopc,nob/c,276500,360.0,not_neg,not_int,not_lpsm,318000.0,sb,pr,home,1U,7980.0,CRIF,627,EXP,to_inst,86.94968553,south,direct,36.0,0.06766917556524277
cf,nopre,type1,p4,l1,nopc,nob/c,286500,360.0,not_neg,not_int,not_lpsm,378000.0,sb,pr,home,1U,3360.0,CRIF,510,CIB,not_inst,75.79365079,North,direct,42.0,0.06420404464006424
cf,nopre,type1,p4,l2,nopc,nob/c,316500,180.0,not_neg,not_int,not_lpsm,358000.0,sb,pr,home,1U,8040.0,CRIF,822,EXP,to_inst,88.40782123,North,direct,29.0,0.14369073510169983
cf,pre,type1,p4,l1,nopc,nob/c,116500,360.0,not_neg,not_int,not_lpsm,138000.0,sb,pr,home,1U,2700.0,CIB,795,CIB,to_inst,84.42028986,North,direct,32.0,0.14369073510169983
cf,nopre,type2,p4,l1,nopc,b/c,606500,360.0,not_neg,not_int,not_lpsm,688000.0,sb,pr,home,1U,8580.0,CRIF,508,EXP,not_inst,88.15406977,North-East,direct,41.0,0.11089865863323212
,nopre,type2,p1,l1,nopc,b/c,236500,360.0,not_neg,not_int,not_lpsm,238000.0,sb,pr,home,1U,6240.0,EXP,718,CIB,to_inst,99.3697479,south,direct,30.0,0.19203747808933258
cf,nopre,type1,p3,l2,nopc,nob/c,416500,300.0,neg_amm,not_int,not_lpsm,478000.0,sb,pr,home,1U,10860.0,EXP,751,EXP,to_inst,87.13389121,south,direct,35.0,0.9899497628211975
ncf,pre,type3,p3,l1,nopc,nob/c,966500,360.0,not_neg,not_int,not_lpsm,1608000.0,sb,pr,home,1U,14700.0,CRIF,806,EXP,not_inst,60.10572139,North,direct,30.0,0.11089865863323212
cf,nopre,type2,p4,l1,nopc,b/c,76500,360.0,not_neg,not_int,not_lpsm,58000.0,sb,pr,home,1U,1680.0,CRIF,712,CIB,to_inst,131.8965517,south,direct,43.0,0.9899497628211975
cf,nopre,type1,p4,l1,nopc,nob/c,396500,360.0,not_neg,not_int,not_lpsm,768000.0,sb,pr,home,1U,6900.0,EXP,861,EXP,to_inst,51.62760417,North,direct,43.0,0.059588298201560974
cf,pre,type1,p4,l1,nopc,nob/c,456500,360.0,not_neg,not_int,not_lpsm,808000.0,sb,ir,home,1U,5700.0,CRIF,629,CIB,not_inst,56.49752475,North,direct,49.0,0.10144927352666855
cf,nopre,type1,p4,l1,nopc,nob/c,436500,360.0,not_neg,not_int,not_lpsm,608000.0,sb,pr,home,1U,11340.0,EXP,580,EXP,not_inst,71.79276316,North,direct,27.0,0.02139037474989891
cf,nopre,type1,p4,l1,nopc,nob/c,586500,360.0,not_neg,not_int,not_lpsm,738000.0,sb,pr,home,1U,7680.0,CRIF,710,CIB,not_inst,79.47154472,south,direct,36.0,0.03455149382352829
cf,nopre,type1,p4,l1,nopc,nob/c,246500,180.0,not_neg,not_int,not_lpsm,278000.0,sb,pr,home,1U,5040.0,CIB,552,CIB,to_inst,88.66906475,south,direct,36.0,0.19203747808933258
cf,nopre,type1,p3,l2,nopc,nob/c,106500,96.0,not_neg,not_int,not_lpsm,508000.0,sb,pr,home,1U,3540.0,CRIF,584,EXP,to_inst,20.96456693,south,direct,47.0,0.03455149382352829
cf,nopre,type1,p4,l1,nopc,nob/c,336500,360.0,not_neg,not_int,not_lpsm,528000.0,sb,pr,home,1U,5940.0,CIB,747,CIB,to_inst,63.73106061,North,direct,46.0,0.0861159935593605
cf,nopre,type3,p3,l1,nopc,nob/c,366500,360.0,not_neg,not_int,not_lpsm,508000.0,sb,pr,home,1U,2400.0,EXP,825,EXP,to_inst,72.14566929,south,direct,50.0,0.4184100329875946
cf,nopre,type3,p3,l1,nopc,nob/c,246500,180.0,neg_amm,not_int,not_lpsm,308000.0,sb,pr,home,1U,7260.0,CRIF,663,EXP,to_inst,80.03246753,North,direct,37.0,0.10782501846551895
,nopre,type1,p3,l1,nopc,nob/c,316500,360.0,not_neg,not_int,not_lpsm,478000.0,sb,pr,home,1U,5460.0,EXP,607,CIB,to_inst,66.21338912,central,direct,30.0,0.06420404464006424
cf,nopre,type1,p3,l1,nopc,nob/c,246500,180.0,not_neg,not_int,not_lpsm,338000.0,sb,pr,home,1U,12660.0,EXP,614,CIB,to_inst,72.92899408,North,direct,37.0,0.04065827652812004
ncf,nopre,type1,p1,l1,nopc,nob/c,266500,360.0,not_neg,not_int,not_lpsm,278000.0,sb,pr,home,1U,4260.0,CRIF,827,CIB,not_inst,95.86330935,North,direct,40.0,0.06766917556524277
cf,nopre,type1,p4,l1,nopc,nob/c,446500,360.0,not_neg,not_int,not_lpsm,548000.0,sb,pr,home,1U,6900.0,CIB,742,EXP,not_inst,81.47810219,North,direct,43.0,0.03455149382352829
cf,nopre,type1,p3,l1,nopc,nob/c,296500,360.0,not_neg,not_int,not_lpsm,528000.0,sb,pr,home,1U,4200.0,CRIF,861,EXP,to_inst,56.15530303,south,direct,30.0,0.059588298201560974
cf,nopre,type2,p3,l1,nopc,b/c,526500,300.0,not_neg,int_only,not_lpsm,658000.0,sb,pr,home,1U,10500.0,CRIF,513,EXP,to_inst,80.01519757,North-East,direct,57.0,0.5465116500854492
cf,pre,type1,p1,l1,nopc,nob/c,496500,360.0,not_neg,not_int,not_lpsm,578000.0,sb,pr,home,1U,10620.0,CRIF,712,CIB,to_inst,85.89965398,North,direct,38.0,0.055727552622556686
cf,nopre,type1,p3,l1,nopc,nob/c,486500,360.0,not_neg,not_int,not_lpsm,878000.0,sb,pr,home,1U,4980.0,CRIF,812,CIB,not_inst,55.41002278,North,direct,42.0,0.055727552622556686
cf,nopre,type1,p4,l1,nopc,nob/c,146500,144.0,not_neg,not_int,not_lpsm,198000.0,sb,pr,home,1U,3480.0,CRIF,759,CIB,to_inst,73.98989899,south,direct,37.0,0.10782501846551895
cf,nopre,type1,p4,l1,nopc,nob/c,226500,312.0,not_neg,not_int,not_lpsm,288000.0,sb,pr,home,1U,5280.0,CRIF,658,CIB,to_inst,78.64583333,south,direct,24.0,0.0861159935593605
cf,nopre,type1,p3,l1,nopc,nob/c,166500,360.0,not_neg,not_int,not_lpsm,378000.0,sb,pr,home,1U,2280.0,CRIF,804,CIB,to_inst,44.04761905,North,direct,49.0,0.11276596039533615
cf,nopre,type1,p3,l2,nopc,nob/c,316500,360.0,not_neg,not_int,not_lpsm,428000.0,sb,ir,home,1U,12480.0,CIB,575,EXP,to_inst,73.94859813,south,direct,45.0,0.0861159935593605
cf,nopre,type3,p1,l1,nopc,nob/c,686500,360.0,not_neg,not_int,not_lpsm,678000.0,sb,pr,home,1U,8820.0,CIB,711,EXP,not_inst,101.2536873,North,direct,37.0,0.0363101065158844
cf,nopre,type2,p1,l1,nopc,b/c,386500,360.0,not_neg,not_int,not_lpsm,398000.0,sb,pr,home,1U,6000.0,CRIF,558,EXP,not_inst,97.11055276,North,direct,61.0,0.10782501846551895
cf,nopre,type1,p3,l1,nopc,nob/c,176500,360.0,not_neg,not_int,not_lpsm,298000.0,sb,pr,home,1U,3780.0,CRIF,593,EXP,to_inst,59.22818792,North,direct,39.0,0.0363101065158844
cf,nopre,type1,p4,l1,nopc,nob/c,726500,360.0,not_neg,not_int,not_lpsm,1058000.0,sb,pr,home,1U,12900.0,CRIF,716,EXP,not_inst,68.66729679,south,direct,38.0,0.03435804694890976
cf,nopre,type1,p3,l1,nopc,nob/c,456500,240.0,not_neg,not_int,not_lpsm,658000.0,sb,pr,home,1U,10740.0,CRIF,522,CIB,not_inst,69.3768997,North,direct,39.0,0.03455149382352829
cf,nopre,type1,p3,l1,nopc,nob/c,376500,360.0,not_neg,not_int,not_lpsm,538000.0,sb,pr,home,1U,4380.0,CRIF,568,CIB,to_inst,69.98141264,south,direct,45.0,0.11276596039533615
cf,nopre,type2,p4,l1,nopc,b/c,46500,180.0,neg_amm,not_int,not_lpsm,98000.0,sb,pr,home,1U,3360.0,CIB,526,EXP,to_inst,47.44897959,south,direct,38.0,0.4184100329875946
cf,nopre,type1,p3,l1,nopc,nob/c,126500,360.0,not_neg,not_int,not_lpsm,178000.0,sb,pr,home,1U,3720.0,CRIF,607,EXP,to_inst,71.06741573,North,direct,36.0,0.059588298201560974
cf,nopre,type1,p1,l1,nopc,nob/c,276500,360.0,not_neg,not_int,not_lpsm,298000.0,sb,pr,home,1U,9540.0,EXP,593,EXP,to_inst,92.7852349,south,direct,36.0,0.11089865863323212
cf,nopre,type3,p3,l1,nopc,nob/c,146500,360.0,not_neg,not_int,not_lpsm,168000.0,sb,pr,home,1U,2940.0,EXP,897,CIB,to_inst,87.20238095,North,direct,25.0,0.1839258074760437
cf,nopre,type1,p4,l1,nopc,nob/c,106500,360.0,not_neg,not_int,not_lpsm,208000.0,sb,pr,home,1U,8160.0,EXP,519,EXP,to_inst,51.20192308,North,direct,37.0,0.04065827652812004
cf,nopre,type2,p3,l1,nopc,b/c,196500,360.0,not_neg,not_int,not_lpsm,248000.0,sb,pr,home,1U,2700.0,CIB,784,CIB,to_inst,79.23387097,south,direct,55.0,0.24460431933403015
cf,nopre,type1,p4,l1,nopc,nob/c,86500,132.0,neg_amm,not_int,not_lpsm,158000.0,sb,pr,home,1U,1440.0,EXP,765,EXP,to_inst,54.74683544,North,direct,46.0,0.4184100329875946
cf,nopre,type1,p1,l1,nopc,nob/c,566500,360.0,not_neg,not_int,not_lpsm,608000.0,sb,pr,home,1U,25920.0,CIB,818,CIB,to_inst,93.17434211,south,direct,8.0,0.4184100329875946
cf,nopre,type1,p4,l1,nopc,nob/c,706500,360.0,not_neg,not_int,not_lpsm,888000.0,sb,pr,home,1U,18360.0,CIB,520,EXP,not_inst,79.56081081,North,direct,23.0,0.02139037474989891
cf,pre,type2,p1,l1,nopc,b/c,196500,360.0,not_neg,not_int,not_lpsm,198000.0,sb,pr,home,1U,4740.0,EXP,654,EXP,to_inst,99.24242424,North,direct,20.0,0.10782501846551895
cf,nopre,type1,p2,l1,nopc,nob/c,306500,360.0,neg_amm,not_int,not_lpsm,678000.0,sb,pr,home,2U,5520.0,CIB,564,CIB,to_inst,45.20648968,North,direct,39.0,0.4883720874786377
,nopre,type1,p1,l1,nopc,nob/c,176500,180.0,not_neg,not_int,not_lpsm,218000.0,sb,pr,home,1U,3600.0,CRIF,579,CIB,to_inst,80.96330275,south,direct,47.0,0.14369073510169983
cf,nopre,type1,p4,l1,nopc,nob/c,386500,360.0,not_neg,not_int,not_lpsm,758000.0,sb,pr,home,1U,5820.0,CIB,625,EXP,not_inst,50.98944591,south,direct,40.0,0.03455149382352829
cf,nopre,type1,p1,l1,nopc,nob/c,216500,360.0,not_neg,not_int,not_lpsm,288000.0,sb,ir,home,1U,9840.0,EXP,570,CIB,not_inst,75.17361111,south,direct,31.0,0.05779334530234337
cf,nopre,type1,p3,l1,nopc,nob/c,356500,360.0,not_neg,not_int,not_lpsm,498000.0,sb,pr,home,1U,3960.0,CIB,587,EXP,to_inst,71.58634538,North,direct,47.0,0.0861159935593605
cf,nopre,type2,p3,l1,nopc,b/c,436500,240.0,not_neg,not_int,not_lpsm,958000.0,sb,pr,home,1U,6000.0,CIB,583,EXP,not_inst,45.56367432,south,direct,44.0,0.1839258074760437
cf,nopre,type1,p4,l1,nopc,nob/c,186500,324.0,not_neg,not_int,not_lpsm,278000.0,sb,pr,home,1U,3000.0,CRIF,572,CIB,to_inst,67.08633094,North,direct,37.0,0.059588298201560974
cf,nopre,type2,p3,l1,nopc,b/c,206500,360.0,neg_amm,not_int,not_lpsm,218000.0,sb,pr,home,1U,2280.0,CRIF,709,CIB,to_inst,94.72477064,North,direct,47.0,0.8414633870124817
cf,nopre,type1,p4,l1,nopc,nob/c,96500,180.0,not_neg,not_int,lpsm,148000.0,sb,pr,home,1U,2760.0,CRIF,857,CIB,to_inst,65.2027027,North,direct,35.0,0.7596899271011353
cf,nopre,type1,p4,l1,nopc,nob/c,186500,360.0,not_neg,not_int,not_lpsm,248000.0,sb,pr,home,1U,2220.0,EXP,860,CIB,to_inst,75.2016129,North-East,direct,44.0,0.14369073510169983
cf,nopre,type1,p3,l1,nopc,nob/c,286500,360.0,not_neg,not_int,not_lpsm,478000.0,sb,pr,home,1U,3240.0,CIB,529,CIB,to_inst,59.93723849,North,direct,41.0,0.0861159935593605
cf,nopre,type1,p4,l1,nopc,nob/c,346500,360.0,not_neg,not_int,not_lpsm,378000.0,sb,pr,home,1U,4200.0,CIB,573,CIB,not_inst,91.66666667,North,direct,44.0,0.059588298201560974
cf,nopre,type1,p4,l1,nopc,nob/c,396500,360.0,not_neg,not_int,not_lpsm,568000.0,sb,pr,home,1U,4320.0,CIB,516,EXP,not_inst,69.80633803,south,direct,49.0,0.0861159935593605
cf,nopre,type2,p3,l1,nopc,b/c,326500,360.0,not_neg,not_int,not_lpsm,378000.0,sb,pr,home,1U,4080.0,CRIF,816,EXP,to_inst,86.37566138,North,direct,39.0,0.14369073510169983
cf,nopre,type1,p4,l1,nopc,nob/c,126500,360.0,not_neg,not_int,not_lpsm,148000.0,sb,pr,home,1U,4260.0,CIB,748,EXP,to_inst,85.47297297,south,direct,40.0,0.14369073510169983
cf,nopre,type1,p3,l1,nopc,nob/c,126500,360.0,not_neg,not_int,not_lpsm,258000.0,sb,pr,home,1U,2220.0,CRIF,630,CIB,to_inst,49.03100775,south,direct,44.0,0.10782501846551895
cf,nopre,type1,p1,l1,nopc,nob/c,166500,360.0,not_neg,not_int,not_lpsm,178000.0,sb,pr,home,1U,2880.0,CIB,645,CIB,not_inst,93.53932584,North,direct,30.0,0.0861159935593605
cf,nopre,type3,p3,l1,nopc,nob/c,356500,360.0,not_neg,not_int,not_lpsm,408000.0,sb,pr,home,1U,7560.0,CRIF,608,EXP,to_inst,87.37745098,south,direct,40.0,0.10782501846551895
cf,pre,type1,p4,l1,nopc,nob/c,326500,348.0,not_neg,not_int,not_lpsm,408000.0,sb,pr,home,1U,9420.0,CRIF,685,EXP,to_inst,80.0245098,south,direct,30.0,0.05779334530234337
ncf,pre,type1,p3,l1,nopc,nob/c,756500,360.0,not_neg,not_int,not_lpsm,1688000.0,sb,pr,home,1U,19440.0,CIB,780,EXP,to_inst,44.81635071,south,direct,41.0,0.24460431933403015
cf,pre,type1,p4,l1,nopc,nob/c,106500,360.0,not_neg,not_int,not_lpsm,188000.0,sb,pr,home,1U,2820.0,CRIF,779,EXP,to_inst,56.64893617,south,direct,43.0,0.10782501846551895
cf,nopre,type1,p3,l1,nopc,nob/c,266500,360.0,not_neg,not_int,not_lpsm,368000.0,sb,pr,home,1U,9420.0,CIB,520,EXP,to_inst,72.41847826,North,direct,37.0,0.03455149382352829
cf,nopre,type1,p1,l1,nopc,nob/c,366500,360.0,not_neg,not_int,not_lpsm,668000.0,sb,pr,home,1U,27240.0,CIB,711,EXP,not_inst,54.86526946,central,direct,33.0,0.02772643230855465
cf,nopre,type1,p4,l1,nopc,nob/c,486500,360.0,not_neg,not_int,not_lpsm,648000.0,sb,pr,home,1U,4860.0,CIB,868,EXP,not_inst,75.07716049,North,direct,42.0,0.03455149382352829
cf,nopre,type3,p3,l1,nopc,nob/c,326500,360.0,not_neg,int_only,not_lpsm,338000.0,sb,pr,home,1U,3300.0,CRIF,847,EXP,not_inst,96.59763314,North,direct,52.0,0.14369073510169983
cf,nopre,type1,p4,l1,nopc,nob/c,286500,360.0,not_neg,not_int,not_lpsm,398000.0,sb,pr,home,1U,3660.0,CRIF,782,CIB,to_inst,71.98492462,south,direct,45.0,0.11089865863323212
cf,nopre,type1,p3,l1,nopc,nob/c,186500,360.0,not_neg,not_int,not_lpsm,248000.0,sb,ir,home,1U,8400.0,EXP,585,CIB,to_inst,75.2016129,south,direct,40.0,0.1839258074760437
cf,nopre,type1,p3,l1,nopc,nob/c,266500,240.0,not_neg,not_int,not_lpsm,478000.0,sb,pr,home,1U,5220.0,EXP,584,CIB,to_inst,55.75313808,south,direct,36.0,0.06420404464006424
ncf,pre,type1,p1,l1,nopc,nob/c,156500,324.0,neg_amm,not_int,not_lpsm,448000.0,sb,pr,home,1U,2700.0,CRIF,751,CIB,to_inst,34.93303571,south,direct,47.0,0.06420404464006424
cf,pre,type1,p4,l1,nopc,nob/c,646500,360.0,not_neg,not_int,not_lpsm,808000.0,sb,pr,home,1U,16620.0,EXP,536,CIB,to_inst,80.01237624,south,direct,29.0,0.11089865863323212
cf,nopre,type1,p4,l1,nopc,nob/c,156500,324.0,not_neg,not_int,not_lpsm,198000.0,sb,pr,home,1U,3120.0,EXP,848,CIB,to_inst,79.04040404,North,direct,46.0,0.11089865863323212
cf,nopre,type2,p1,l1,nopc,b/c,326500,360.0,not_neg,int_only,not_lpsm,338000.0,sb,pr,home,1U,7740.0,EXP,741,EXP,not_inst,96.59763314,North,direct,47.0,0.0861159935593605
cf,nopre,type1,p3,l1,nopc,nob/c,296500,180.0,not_neg,not_int,not_lpsm,428000.0,sb,pr,home,1U,6600.0,CRIF,716,EXP,to_inst,69.27570093,south,direct,30.0,0.04065827652812004
cf,nopre,type2,p1,l1,nopc,b/c,476500,360.0,not_neg,not_int,not_lpsm,488000.0,sb,pr,home,1U,5760.0,EXP,807,CIB,not_inst,97.64344262,North,direct,54.0,0.11089865863323212
cf,nopre,type1,p4,l1,nopc,nob/c,596500,360.0,neg_amm,int_only,not_lpsm,998000.0,sb,pr,home,1U,9360.0,EXP,542,CIB,not_inst,59.76953908,south,direct,34.0,0.03435804694890976
ncf,nopre,type1,p4,l1,nopc,nob/c,1026500,360.0,not_neg,not_int,not_lpsm,2108000.0,sb,pr,home,1U,22320.0,EXP,818,EXP,to_inst,48.69544592,south,direct,29.0,0.3415384590625763
cf,nopre,type1,p2,l2,nopc,nob/c,486500,360.0,not_neg,not_int,not_lpsm,2508000.0,sb,pr,home,1U,14820.0,CRIF,731,CIB,not_inst,19.39792663,south,direct,6.0,0.11276596039533615
cf,nopre,type1,p2,l1,nopc,nob/c,366500,360.0,not_neg,not_int,not_lpsm,578000.0,sb,pr,home,1U,3660.0,CIB,552,CIB,to_inst,63.4083045,south,direct,44.0,0.14369073510169983
cf,pre,type1,p1,l1,nopc,nob/c,206500,360.0,not_neg,not_int,not_lpsm,278000.0,sb,sr,home,1U,5640.0,CIB,853,EXP,to_inst,74.28057554,south,direct,48.0,0.05779334530234337
cf,nopre,type1,p4,l1,nopc,nob/c,146500,180.0,not_neg,not_int,not_lpsm,508000.0,sb,pr,home,1U,3360.0,CIB,565,CIB,to_inst,28.83858268,south,direct,48.0,0.11089865863323212
cf,nopre,type1,p3,l1,nopc,nob/c,366500,360.0,not_neg,int_only,not_lpsm,608000.0,sb,ir,home,3U,6480.0,CIB,838,EXP,not_inst,60.27960526,central,direct,41.0,0.14369073510169983
cf,nopre,type1,p4,l1,nopc,nob/c,546500,360.0,not_neg,not_int,not_lpsm,768000.0,sb,pr,home,1U,20580.0,CIB,615,CIB,not_inst,71.15885417,North,direct,8.0,0.03455149382352829
cf,nopre,type1,p1,l1,nopc,nob/c,156500,360.0,not_neg,not_int,not_lpsm,168000.0,sb,pr,home,1U,4680.0,CRIF,526,CIB,to_inst,93.1547619,North,direct,36.0,0.14369073510169983
cf,nopre,type1,p1,l1,nopc,nob/c,476500,360.0,not_neg,not_int,not_lpsm,598000.0,sb,sr,home,1U,16920.0,CIB,638,CIB,not_inst,79.68227425,North,direct,32.0,0.03455149382352829
cf,pre,type1,p1,l1,nopc,nob/c,546500,360.0,not_neg,not_int,not_lpsm,648000.0,sb,pr,home,1U,6240.0,CIB,528,CIB,not_inst,84.33641975,south,direct,48.0,0.03455149382352829
cf,pre,type3,p3,l1,nopc,nob/c,216500,360.0,not_neg,not_int,not_lpsm,218000.0,sb,pr,home,1U,3300.0,EXP,608,EXP,to_inst,99.31192661,North,direct,24.0,0.19203747808933258
cf,nopre,type1,p3,l1,nopc,nob/c,666500,360.0,not_neg,not_int,not_lpsm,828000.0,sb,pr,home,1U,10800.0,CIB,669,EXP,not_inst,80.49516908,North,direct,37.0,0.03455149382352829
cf,nopre,type1,p4,l1,nopc,nob/c,406500,360.0,not_neg,not_int,not_lpsm,558000.0,sb,pr,home,1U,6780.0,CRIF,809,EXP,to_inst,72.84946237,south,direct,48.0,0.10782501846551895
cf,nopre,type3,p3,l1,nopc,nob/c,466500,300.0,not_neg,not_int,not_lpsm,478000.0,sb,pr,home,1U,5940.0,CRIF,538,EXP,to_inst,97.59414226,south,direct,61.0,0.11276596039533615
cf,nopre,type3,p3,l1,nopc,nob/c,396500,360.0,not_neg,not_int,not_lpsm,398000.0,sb,pr,home,1U,6120.0,CIB,816,EXP,not_inst,99.62311558,North,direct,43.0,0.06420404464006424
cf,nopre,type1,p1,l1,nopc,nob/c,326500,360.0,not_neg,not_int,not_lpsm,418000.0,sb,pr,home,1U,11340.0,CRIF,516,EXP,not_inst,78.11004785,south,direct,21.0,0.03435804694890976
cf,nopre,type2,p3,l1,nopc,b/c,346500,360.0,not_neg,int_only,not_lpsm,418000.0,sb,pr,home,1U,7020.0,CIB,514,CIB,to_inst,82.89473684,North,direct,30.0,0.19203747808933258
cf,nopre,type1,p1,l1,nopc,nob/c,486500,360.0,not_neg,not_int,not_lpsm,528000.0,sb,pr,home,1U,18720.0,CRIF,623,CIB,not_inst,92.14015152,North,direct,37.0,0.03455149382352829
cf,nopre,type2,p3,l1,nopc,b/c,146500,360.0,not_neg,not_int,not_lpsm,188000.0,sb,pr,home,1U,1680.0,CIB,563,CIB,to_inst,77.92553191,south,direct,58.0,0.4184100329875946
cf,nopre,type1,p2,l1,nopc,nob/c,106500,360.0,neg_amm,not_int,not_lpsm,878000.0,sb,pr,home,1U,5340.0,CIB,535,EXP,to_inst,12.12984055,south,direct,36.0,0.1839258074760437
cf,nopre,type1,p4,l1,nopc,nob/c,426500,360.0,not_neg,not_int,not_lpsm,648000.0,sb,pr,home,1U,10080.0,EXP,795,EXP,not_inst,65.81790123,North,direct,41.0,0.02772643230855465
cf,nopre,type1,p3,l1,nopc,nob/c,176500,360.0,neg_amm,not_int,not_lpsm,218000.0,sb,pr,home,1U,3420.0,CIB,761,CIB,to_inst,80.96330275,central,direct,45.0,0.4184100329875946
cf,nopre,type2,p1,l2,nopc,b/c,306500,300.0,neg_amm,not_int,not_lpsm,308000.0,sb,pr,home,2U,2760.0,EXP,769,EXP,not_inst,99.51298701,North,direct,51.0,0.9869565367698669
cf,nopre,type1,p3,l1,nopc,nob/c,656500,360.0,not_neg,not_int,not_lpsm,998000.0,sb,pr,home,1U,18900.0,CIB,854,EXP,to_inst,65.78156313,North,direct,28.0,0.0363101065158844
ncf,nopre,type1,p1,l2,nopc,nob/c,536500,360.0,not_neg,not_int,not_lpsm,668000.0,sb,pr,home,1U,9780.0,CRIF,783,EXP,not_inst,80.31437126,North,direct,34.0,0.03455149382352829
cf,nopre,type1,p3,l1,nopc,nob/c,376500,360.0,not_neg,not_int,not_lpsm,478000.0,sb,pr,home,1U,8640.0,EXP,625,EXP,to_inst,78.76569038,south,direct,33.0,0.059588298201560974
cf,nopre,type1,p1,l1,nopc,nob/c,206500,180.0,not_neg,not_int,not_lpsm,338000.0,sb,pr,home,1U,6540.0,CRIF,755,EXP,not_inst,61.09467456,south,direct,30.0,0.03455149382352829
cf,nopre,type1,p4,l1,nopc,nob/c,526500,360.0,not_neg,not_int,not_lpsm,598000.0,sb,pr,home,1U,7380.0,CIB,778,CIB,not_inst,88.04347826,south,direct,30.0,0.04065827652812004
cf,nopre,type1,p4,l1,nopc,nob/c,626500,360.0,not_neg,not_int,not_lpsm,758000.0,sb,pr,home,1U,9660.0,EXP,501,CIB,not_inst,82.65171504,south,direct,39.0,0.0363101065158844
cf,nopre,type1,p4,l1,nopc,nob/c,206500,360.0,not_neg,not_int,not_lpsm,558000.0,sb,pr,home,1U,2640.0,EXP,816,EXP,not_inst,37.00716846,North,direct,45.0,0.0861159935593605
cf,nopre,type1,p4,l1,nopc,nob/c,566500,360.0,not_neg,int_only,not_lpsm,788000.0,sb,pr,home,1U,7020.0,EXP,791,EXP,not_inst,71.89086294,North,direct,48.0,0.04065827652812004
cf,nopre,type1,p3,l1,nopc,nob/c,176500,240.0,not_neg,not_int,not_lpsm,228000.0,sb,pr,home,1U,3900.0,CRIF,617,EXP,to_inst,77.4122807,North,direct,41.0,0.059588298201560974
,nopre,type1,p3,l1,nopc,nob/c,196500,360.0,neg_amm,not_int,not_lpsm,358000.0,sb,pr,home,1U,2280.0,CIB,848,EXP,to_inst,54.88826816,south,direct,43.0,0.27710843086242676
cf,nopre,type1,p1,l1,nopc,nob/c,146500,360.0,neg_amm,not_int,not_lpsm,218000.0,sb,sr,home,1U,4380.0,CIB,852,CIB,to_inst,67.20183486,North,direct,48.0,0.3913043439388275
cf,pre,type2,p3,l1,nopc,b/c,196500,360.0,not_neg,not_int,not_lpsm,238000.0,sb,pr,home,1U,2940.0,EXP,705,EXP,to_inst,82.56302521,North,direct,61.0,0.17307692766189575
cf,nopre,type1,p3,l2,nopc,nob/c,576500,360.0,not_neg,not_int,not_lpsm,768000.0,sb,pr,home,1U,5280.0,CRIF,608,EXP,not_inst,75.06510417,North,direct,43.0,0.0363101065158844
cf,pre,type1,p1,l1,nopc,nob/c,226500,360.0,not_neg,not_int,not_lpsm,238000.0,sb,pr,home,1U,8460.0,CIB,818,EXP,to_inst,95.16806723,North,direct,36.0,0.03455149382352829
cf,nopre,type1,p4,l1,nopc,nob/c,406500,360.0,not_neg,not_int,not_lpsm,498000.0,sb,pr,home,1U,6180.0,CRIF,895,EXP,to_inst,81.62650602,North,direct,44.0,0.10782501846551895
cf,nopre,type1,p2,l1,nopc,nob/c,176500,360.0,not_neg,not_int,not_lpsm,238000.0,sb,ir,home,1U,1140.0,EXP,840,CIB,to_inst,74.15966387,North,direct,27.0,0.6186440587043762
cf,pre,type3,p1,l1,nopc,nob/c,246500,360.0,not_neg,not_int,not_lpsm,238000.0,sb,pr,home,1U,4740.0,EXP,890,EXP,to_inst,103.5714286,North,direct,36.0,0.0861159935593605
cf,pre,type1,p4,l1,nopc,nob/c,626500,360.0,not_neg,not_int,not_lpsm,708000.0,sb,pr,home,1U,13320.0,CIB,877,EXP,to_inst,88.48870056,south,direct,20.0,0.24460431933403015
cf,pre,type1,p3,l1,nopc,nob/c,86500,180.0,not_neg,not_int,not_lpsm,248000.0,sb,pr,home,1U,5280.0,CIB,866,EXP,to_inst,34.87903226,south,direct,24.0,0.10144927352666855
cf,pre,type1,p3,l1,nopc,nob/c,286500,360.0,not_neg,not_int,not_lpsm,428000.0,sb,pr,home,1U,6960.0,CRIF,818,EXP,to_inst,66.93925234,south,direct,23.0,0.0363101065158844
cf,nopre,type1,p1,l1,nopc,nob/c,226500,360.0,not_neg,not_int,not_lpsm,258000.0,sb,pr,home,1U,5280.0,EXP,620,CIB,not_inst,87.79069767,south,direct,8.0,0.24460431933403015
cf,nopre,type1,p3,l1,nopc,nob/c,236500,360.0,not_neg,not_int,not_lpsm,328000.0,sb,pr,home,1U,3720.0,CRIF,892,EXP,to_inst,72.10365854,North,direct,42.0,0.06420404464006424
cf,pre,type1,p4,l1,nopc,nob/c,246500,180.0,not_neg,not_int,not_lpsm,258000.0,sb,pr,home,1U,10920.0,CRIF,765,EXP,to_inst,95.54263566,North,direct,36.0,0.3415384590625763
cf,nopre,type1,p1,l1,nopc,nob/c,316500,360.0,not_neg,not_int,not_lpsm,398000.0,sb,pr,home,1U,4620.0,CIB,785,CIB,not_inst,79.52261307,south,direct,30.0,0.04065827652812004
cf,pre,type3,p1,l1,nopc,nob/c,576500,360.0,not_neg,not_int,not_lpsm,578000.0,sb,pr,home,1U,10200.0,EXP,704,EXP,not_inst,99.74048443,central,direct,53.0,0.04065827652812004
cf,nopre,type1,p3,l1,nopc,nob/c,176500,360.0,not_neg,not_int,not_lpsm,308000.0,sb,pr,home,1U,2520.0,CIB,620,CIB,to_inst,57.30519481,North,direct,32.0,0.0861159935593605
cf,nopre,type1,p3,l1,nopc,nob/c,456500,360.0,not_neg,not_int,not_lpsm,758000.0,sb,pr,home,1U,8760.0,CRIF,619,CIB,to_inst,60.22427441,North,direct,46.0,0.10782501846551895
cf,nopre,type2,p3,l1,nopc,b/c,126500,360.0,neg_amm,not_int,not_lpsm,148000.0,sb,pr,home,1U,1560.0,EXP,749,CIB,to_inst,85.47297297,North,direct,48.0,0.4184100329875946
cf,nopre,type1,p3,l1,nopc,nob/c,116500,360.0,neg_amm,not_int,not_lpsm,198000.0,sb,pr,home,1U,3420.0,EXP,728,EXP,to_inst,58.83838384,south,direct,15.0,0.3415384590625763
cf,nopre,type1,p1,l1,nopc,nob/c,306500,360.0,not_neg,not_int,not_lpsm,368000.0,sb,pr,home,1U,6360.0,CIB,757,EXP,not_inst,83.28804348,south,direct,49.0,0.04065827652812004
cf,nopre,type1,p3,l1,nopc,nob/c,226500,180.0,not_neg,not_int,not_lpsm,278000.0,sb,pr,home,1U,3540.0,EXP,652,EXP,to_inst,81.47482014,North,direct,38.0,0.10782501846551895
cf,pre,type1,p1,l1,nopc,nob/c,356500,360.0,not_neg,not_int,not_lpsm,368000.0,sb,pr,home,1U,6180.0,CRIF,727,EXP,to_inst,96.875,North,direct,33.0,0.05779334530234337
cf,nopre,type1,p4,l1,nopc,nob/c,396500,180.0,not_neg,not_int,not_lpsm,908000.0,sb,pr,home,1U,11640.0,CRIF,679,CIB,not_inst,43.66740088,North,direct,22.0,0.02772643230855465
cf,nopre,type2,p3,l1,nopc,b/c,476500,360.0,not_neg,not_int,not_lpsm,538000.0,sb,pr,home,1U,10020.0,CRIF,733,EXP,not_inst,88.56877323,south,direct,46.0,0.14369073510169983
cf,nopre,type1,p3,l2,nopc,nob/c,366500,360.0,not_neg,not_int,not_lpsm,618000.0,sb,pr,home,1U,4260.0,EXP,781,EXP,not_inst,59.30420712,south,direct,49.0,0.059588298201560974
ncf,nopre,type3,p1,l1,nopc,nob/c,806500,360.0,not_neg,int_only,not_lpsm,808000.0,sb,pr,home,1U,11880.0,EXP,635,CIB,to_inst,99.81435644,south,direct,48.0,0.4184100329875946
cf,nopre,type1,p3,l1,nopc,nob/c,186500,300.0,not_neg,not_int,not_lpsm,228000.0,sb,pr,home,1U,3780.0,EXP,894,EXP,to_inst,81.79824561,North,direct,33.0,0.10782501846551895
cf,pre,type1,p3,l1,nopc,nob/c,216500,360.0,not_neg,not_int,not_lpsm,398000.0,sb,pr,home,1U,7260.0,CRIF,836,EXP,to_inst,54.39698492,North,direct,46.0,0.06420404464006424
cf,nopre,type1,p4,l1,nopc,nob/c,316500,360.0,not_neg,not_int,not_lpsm,458000.0,sb,pr,home,1U,6900.0,CRIF,544,EXP,to_inst,69.10480349,south,direct,31.0,0.04065827652812004
cf,nopre,type1,p3,l1,nopc,nob/c,236500,360.0,not_neg,not_int,not_lpsm,298000.0,sb,pr,home,1U,4680.0,CIB,568,CIB,to_inst,79.36241611,North,direct,26.0,0.10782501846551895
ncf,nopre,type3,p3,l1,nopc,nob/c,856500,360.0,not_neg,not_int,not_lpsm,898000.0,sb,pr,home,1U,8640.0,EXP,507,CIB,not_inst,95.37861915,North,direct,48.0,0.11089865863323212
cf,nopre,type1,p4,l1,nopc,nob/c,716500,360.0,not_neg,not_int,not_lpsm,2008000.0,sb,pr,home,1U,7560.0,CIB,752,EXP,not_inst,35.68227092,North,direct,44.0,0.059588298201560974
,nopre,type1,p4,l1,nopc,nob/c,386500,180.0,not_neg,not_int,not_lpsm,658000.0,sb,pr,home,1U,14460.0,CIB,792,EXP,to_inst,58.73860182,North,direct,31.0,0.03455149382352829
cf,nopre,type1,p4,l1,nopc,nob/c,426500,360.0,not_neg,not_int,not_lpsm,638000.0,sb,pr,home,1U,9060.0,CIB,576,CIB,to_inst,66.84952978,North,direct,36.0,0.05000000074505806
ncf,nopre,type1,p2,l1,nopc,nob/c,486500,240.0,not_neg,not_int,not_lpsm,958000.0,sb,pr,home,1U,5400.0,CRIF,882,CIB,to_inst,50.782881,North,direct,44.0,0.3415384590625763
cf,nopre,type1,p2,l1,nopc,nob/c,476500,360.0,not_neg,not_int,not_lpsm,688000.0,sb,pr,home,1U,6300.0,CIB,604,EXP,to_inst,69.25872093,south,direct,39.0,0.10144927352666855
cf,nopre,type1,p4,l1,nopc,nob/c,256500,96.0,neg_amm,not_int,not_lpsm,1128000.0,sb,pr,home,1U,10440.0,CRIF,703,EXP,to_inst,22.7393617,North,direct,47.0,0.11089865863323212
cf,nopre,type1,p3,l1,nopc,nob/c,356500,360.0,not_neg,int_only,not_lpsm,658000.0,sb,pr,home,1U,6000.0,CIB,719,EXP,to_inst,54.17933131,south,direct,37.0,0.0861159935593605
cf,pre,type3,p1,l1,nopc,nob/c,376500,360.0,not_neg,not_int,not_lpsm,358000.0,sb,pr,home,1U,4380.0,EXP,585,CIB,to_inst,105.1675978,North,direct,48.0,0.10782501846551895
cf,nopre,type1,p3,l1,nopc,nob/c,266500,360.0,not_neg,not_int,not_lpsm,408000.0,sb,pr,home,1U,6960.0,EXP,522,CIB,to_inst,65.31862745,central,direct,24.0,0.10782501846551895
cf,pre,type1,p3,l1,nopc,nob/c,246500,360.0,not_neg,not_int,not_lpsm,308000.0,sb,pr,home,1U,5820.0,CRIF,560,EXP,to_inst,80.03246753,south,direct,48.0,0.11276596039533615
cf,nopre,type1,p3,l1,nopc,nob/c,266500,360.0,neg_amm,not_int,not_lpsm,388000.0,sb,pr,home,1U,2940.0,EXP,689,CIB,to_inst,68.68556701,south,direct,44.0,0.24460431933403015
cf,nopre,type1,p3,l1,nopc,nob/c,106500,120.0,not_neg,not_int,not_lpsm,218000.0,sb,pr,home,1U,3480.0,EXP,637,EXP,to_inst,48.85321101,North,direct,24.0,0.04065827652812004
cf,pre,type1,p3,l1,nopc,nob/c,436500,360.0,not_neg,not_int,not_lpsm,628000.0,sb,pr,home,1U,4860.0,CRIF,742,EXP,to_inst,69.50636943,south,direct,44.0,0.0861159935593605
cf,pre,type1,p3,l1,nopc,nob/c,316500,180.0,not_neg,not_int,not_lpsm,398000.0,sb,pr,home,1U,23580.0,CRIF,722,EXP,to_inst,79.52261307,North,direct,37.0,0.0861159935593605
cf,nopre,type3,p3,l1,nopc,nob/c,226500,360.0,not_neg,not_int,not_lpsm,258000.0,sb,pr,home,1U,3600.0,CRIF,654,CIB,to_inst,87.79069767,central,direct,36.0,0.14369073510169983
cf,nopre,type1,p1,l1,nopc,nob/c,206500,360.0,neg_amm,not_int,not_lpsm,388000.0,sb,pr,home,1U,2160.0,EXP,558,CIB,to_inst,53.22164948,central,direct,47.0,0.4184100329875946
cf,pre,type2,p3,l1,nopc,b/c,56500,180.0,not_neg,not_int,not_lpsm,148000.0,sb,pr,home,1U,2520.0,CIB,750,EXP,to_inst,38.17567568,North,direct,13.0,0.3415384590625763
cf,pre,type1,p1,l1,nopc,nob/c,346500,360.0,not_neg,not_int,not_lpsm,438000.0,sb,pr,home,1U,9240.0,CIB,805,CIB,to_inst,79.10958904,south,direct,28.0,0.04065827652812004
cf,nopre,type1,p3,l1,nopc,nob/c,406500,360.0,not_neg,not_int,not_lpsm,2808000.0,sb,pr,home,1U,5520.0,CRIF,867,EXP,to_inst,14.47649573,North,direct,37.0,0.11089865863323212
cf,nopre,type1,p3,l1,nopc,nob/c,556500,360.0,not_neg,not_int,not_lpsm,748000.0,sb,pr,home,1U,15540.0,EXP,867,EXP,to_inst,74.39839572,North,direct,25.0,0.04065827652812004
cf,nopre,type1,p3,l1,nopc,nob/c,266500,360.0,not_neg,not_int,not_lpsm,378000.0,sb,pr,home,1U,2700.0,EXP,670,CIB,to_inst,70.5026455,south,direct,44.0,0.14369073510169983
ncf,pre,type1,p4,l1,nopc,nob/c,216500,360.0,not_neg,not_int,not_lpsm,538000.0,sb,pr,home,1U,5220.0,EXP,630,EXP,to_inst,40.24163569,south,direct,48.0,0.14369073510169983
cf,nopre,type2,p1,l1,nopc,b/c,206500,360.0,not_neg,not_int,not_lpsm,218000.0,sb,pr,home,1U,3720.0,CRIF,772,CIB,not_inst,94.72477064,North,direct,31.0,0.0861159935593605
cf,nopre,type1,p4,l1,nopc,nob/c,506500,360.0,not_neg,not_int,not_lpsm,1248000.0,sb,pr,home,1U,12840.0,EXP,605,CIB,not_inst,40.5849359,North,direct,30.0,0.03435804694890976
cf,pre,type1,p1,l1,nopc,nob/c,236500,360.0,neg_amm,not_int,not_lpsm,268000.0,sb,pr,home,1U,6300.0,EXP,732,EXP,to_inst,88.24626866,North,direct,31.0,0.03455149382352829
cf,nopre,type1,p1,l1,nopc,nob/c,646500,360.0,not_neg,not_int,not_lpsm,808000.0,sb,pr,home,1U,14160.0,CIB,650,CIB,not_inst,80.01237624,North,direct,22.0,0.03435804694890976
cf,nopre,type1,p4,l2,nopc,nob/c,526500,360.0,not_neg,not_int,not_lpsm,638000.0,sb,pr,home,1U,10680.0,EXP,637,EXP,to_inst,82.52351097,North,direct,42.0,0.14369073510169983
cf,nopre,type1,p4,l1,nopc,nob/c,326500,360.0,not_neg,not_int,not_lpsm,418000.0,sb,pr,home,1U,4740.0,EXP,706,CIB,not_inst,78.11004785,North,direct,41.0,0.03455149382352829
cf,pre,type3,p3,l1,nopc,nob/c,156500,360.0,not_neg,not_int,not_lpsm,158000.0,sb,pr,home,1U,3120.0,CRIF,654,CIB,to_inst,99.05063291,North,direct,43.0,0.16867469251155853
cf,nopre,type1,p4,l1,nopc,nob/c,696500,360.0,not_neg,not_int,not_lpsm,1058000.0,sb,pr,home,1U,12600.0,CIB,836,CIB,not_inst,65.83175803,North,direct,45.0,0.0363101065158844
cf,nopre,type1,p3,l1,nopc,nob/c,156500,360.0,not_neg,not_int,not_lpsm,258000.0,sb,pr,home,1U,1860.0,CIB,702,CIB,to_inst,60.65891473,North,direct,43.0,0.10782501846551895
cf,nopre,type1,p3,l1,nopc,nob/c,156500,360.0,neg_amm,not_int,not_lpsm,348000.0,sb,sr,home,1U,9660.0,CIB,835,EXP,to_inst,44.97126437,North,direct,31.0,0.11089865863323212
cf,nopre,type1,p3,l1,nopc,nob/c,316500,360.0,not_neg,not_int,not_lpsm,428000.0,sb,pr,home,1U,9180.0,CRIF,658,CIB,to_inst,73.94859813,North,direct,31.0,0.04065827652812004
cf,nopre,type2,p3,l1,nopc,b/c,276500,360.0,not_neg,not_int,not_lpsm,438000.0,sb,pr,home,1U,5280.0,CRIF,837,EXP,to_inst,63.12785388,south,direct,23.0,0.23026315867900848
,nopre,type1,p4,l1,nopc,nob/c,176500,180.0,not_neg,not_int,not_lpsm,448000.0,sb,pr,home,1U,5340.0,CIB,860,EXP,to_inst,39.39732143,south,direct,34.0,0.06766917556524277
cf,nopre,type1,p4,l2,nopc,nob/c,486500,360.0,not_neg,not_int,not_lpsm,658000.0,sb,pr,home,1U,5460.0,EXP,731,CIB,not_inst,73.93617021,south,direct,49.0,0.0861159935593605
cf,nopre,type1,p4,l1,nopc,nob/c,266500,360.0,not_neg,not_int,not_lpsm,458000.0,sb,pr,home,1U,4860.0,EXP,689,CIB,to_inst,58.18777293,south,direct,34.0,0.06766917556524277
cf,nopre,type1,p3,l1,nopc,nob/c,266500,360.0,not_neg,not_int,not_lpsm,328000.0,sb,pr,home,1U,3060.0,CIB,655,CIB,to_inst,81.25,south,direct,43.0,0.17307692766189575
cf,nopre,type2,p3,l1,nopc,b/c,176500,360.0,not_neg,not_int,not_lpsm,258000.0,sb,pr,home,1U,5280.0,CIB,830,EXP,to_inst,68.41085271,North,direct,30.0,0.10782501846551895
cf,nopre,type1,p4,l1,nopc,nob/c,96500,180.0,neg_amm,not_int,not_lpsm,228000.0,sb,pr,home,1U,1440.0,EXP,503,CIB,not_inst,42.3245614,south,direct,49.0,0.4883720874786377
cf,nopre,type1,p3,l1,nopc,nob/c,306500,360.0,not_neg,not_int,not_lpsm,508000.0,sb,pr,home,1U,3420.0,EXP,642,EXP,to_inst,60.33464567,south,direct,39.0,0.0861159935593605
cf,nopre,type1,p3,l1,nopc,nob/c,626500,360.0,not_neg,not_int,not_lpsm,788000.0,sb,pr,home,1U,8100.0,CRIF,693,CIB,to_inst,79.50507614,south,direct,48.0,0.19203747808933258
cf,nopre,type1,p3,l1,nopc,nob/c,166500,240.0,not_neg,not_int,not_lpsm,438000.0,sb,pr,home,1U,8100.0,CIB,710,EXP,to_inst,38.01369863,south,direct,35.0,0.0363101065158844
cf,nopre,type1,p4,l1,nopc,nob/c,276500,360.0,not_neg,not_int,not_lpsm,388000.0,sb,pr,home,1U,7500.0,CRIF,551,CIB,to_inst,71.2628866,south,direct,29.0,0.0861159935593605
cf,nopre,type2,p4,l1,nopc,b/c,116500,360.0,not_neg,not_int,not_lpsm,158000.0,sb,pr,home,1U,2340.0,EXP,624,CIB,to_inst,73.73417722,North,direct,26.0,0.24460431933403015
cf,nopre,type1,p3,l1,nopc,nob/c,456500,360.0,not_neg,not_int,not_lpsm,658000.0,sb,pr,home,1U,12180.0,CIB,850,EXP,to_inst,69.3768997,south,direct,24.0,0.05779334530234337
cf,pre,type1,p1,l1,nopc,nob/c,176500,360.0,not_neg,not_int,not_lpsm,188000.0,sb,pr,home,1U,3540.0,EXP,572,EXP,to_inst,93.88297872,south,direct,34.0,0.06420404464006424
cf,nopre,type1,p4,l1,nopc,nob/c,476500,360.0,not_neg,not_int,not_lpsm,648000.0,sb,pr,home,1U,8940.0,CRIF,610,CIB,not_inst,73.53395062,south,direct,23.0,0.03435804694890976
cf,nopre,type1,p3,l1,nopc,nob/c,456500,360.0,not_neg,not_int,not_lpsm,688000.0,sb,pr,home,2U,4140.0,CIB,589,CIB,to_inst,66.35174419,south,direct,42.0,0.19203747808933258
cf,nopre,type1,p4,l1,nopc,nob/c,216500,240.0,not_neg,not_int,not_lpsm,428000.0,sb,pr,home,1U,5100.0,CRIF,832,CIB,to_inst,50.58411215,south,direct,37.0,0.06420404464006424
cf,nopre,type2,p3,l1,nopc,b/c,286500,360.0,not_neg,not_int,not_lpsm,338000.0,sb,pr,home,1U,6840.0,EXP,711,CIB,not_inst,84.76331361,North,direct,22.0,0.059588298201560974
cf,nopre,type1,p1,l2,nopc,nob/c,476500,360.0,not_neg,not_int,not_lpsm,508000.0,sb,pr,home,1U,6180.0,CIB,543,CIB,not_inst,93.7992126,North,direct,37.0,0.02772643230855465
cf,nopre,type1,p3,l1,nopc,nob/c,296500,360.0,not_neg,not_int,not_lpsm,378000.0,sb,pr,home,1U,7500.0,CIB,879,CIB,to_inst,78.43915344,North,direct,32.0,0.06766917556524277
cf,nopre,type1,p1,l1,nopc,nob/c,496500,360.0,not_neg,not_int,not_lpsm,538000.0,sb,pr,home,1U,8400.0,CIB,894,CIB,not_inst,92.28624535,North,direct,45.0,0.03455149382352829
cf,pre,type1,p1,l1,nopc,nob/c,426500,360.0,not_neg,not_int,not_lpsm,538000.0,sb,pr,home,1U,10680.0,CRIF,780,EXP,to_inst,79.27509294,North,direct,27.0,0.03455149382352829
cf,nopre,type1,p4,l1,nopc,nob/c,176500,300.0,not_neg,not_int,not_lpsm,198000.0,sb,pr,home,1U,5400.0,EXP,613,EXP,to_inst,89.14141414,North,direct,29.0,0.1839258074760437
cf,nopre,type1,p4,l1,nopc,nob/c,456500,360.0,not_neg,not_int,not_lpsm,628000.0,sb,pr,home,1U,17100.0,EXP,837,EXP,not_inst,72.6910828,North,direct,38.0,0.02772643230855465
cf,nopre,type1,p1,l1,nopc,nob/c,486500,360.0,not_neg,not_int,not_lpsm,518000.0,sb,pr,home,1U,6060.0,CRIF,612,CIB,not_inst,93.91891892,North,direct,47.0,0.03455149382352829
cf,nopre,type1,p4,l1,nopc,nob/c,586500,240.0,not_neg,not_int,not_lpsm,1168000.0,sb,pr,home,1U,10680.0,EXP,807,EXP,not_inst,50.2140411,south,direct,32.0,0.03435804694890976
cf,pre,type3,p3,l1,nopc,nob/c,396500,360.0,not_neg,not_int,not_lpsm,438000.0,sb,pr,home,1U,7680.0,EXP,648,EXP,to_inst,90.52511416,south,direct,34.0,0.14369073510169983
cf,nopre,type1,p4,l1,nopc,nob/c,486500,360.0,not_neg,not_int,not_lpsm,598000.0,sb,pr,home,1U,6060.0,CRIF,846,CIB,not_inst,81.35451505,North,direct,45.0,0.055727552622556686
cf,nopre,type1,p3,l1,nopc,nob/c,66500,360.0,not_neg,not_int,not_lpsm,188000.0,sb,pr,home,1U,0.0,EXP,856,CIB,not_inst,35.37234043,North,direct,17.0,0.9869565367698669
cf,pre,type1,p1,l1,nopc,nob/c,246500,360.0,not_neg,not_int,not_lpsm,268000.0,sb,pr,home,1U,5100.0,EXP,718,CIB,to_inst,91.97761194,North,direct,35.0,0.055727552622556686
cf,nopre,type1,p4,l1,nopc,nob/c,166500,180.0,not_neg,not_int,not_lpsm,218000.0,sb,pr,home,1U,5640.0,CIB,603,EXP,to_inst,76.37614679,south,direct,34.0,0.06420404464006424
cf,nopre,type1,p1,l1,nopc,nob/c,276500,360.0,not_neg,not_int,not_lpsm,348000.0,sb,pr,home,1U,6420.0,EXP,737,CIB,not_inst,79.45402299,North,direct,43.0,0.03455149382352829
cf,nopre,type1,p1,l1,nopc,nob/c,386500,360.0,not_neg,not_int,not_lpsm,428000.0,sb,sr,home,1U,18660.0,CRIF,865,EXP,to_inst,90.30373832,North,direct,29.0,0.14369073510169983
cf,nopre,type1,p4,l2,nopc,nob/c,766500,360.0,not_neg,not_int,not_lpsm,1108000.0,sb,pr,home,3U,18600.0,CIB,541,CIB,not_inst,69.17870036,south,direct,37.0,0.11089865863323212
,nopre,type1,p3,l1,nopc,nob/c,136500,180.0,not_neg,not_int,not_lpsm,348000.0,sb,pr,home,1U,3600.0,CIB,576,CIB,to_inst,39.22413793,south,direct,39.0,0.10782501846551895
cf,nopre,type1,p4,l1,nopc,nob/c,236500,360.0,not_neg,not_int,not_lpsm,378000.0,sb,pr,home,1U,12060.0,CIB,636,EXP,not_inst,62.56613757,south,direct,30.0,0.02772643230855465
ncf,pre,type1,p4,l1,nopc,nob/c,736500,360.0,not_neg,not_int,not_lpsm,1318000.0,sb,pr,home,1U,15480.0,CIB,651,EXP,to_inst,55.8801214,south,direct,37.0,0.14369073510169983
ncf,nopre,type3,p3,l1,nopc,nob/c,276500,360.0,not_neg,not_int,not_lpsm,278000.0,sb,pr,home,1U,3360.0,CIB,570,CIB,to_inst,99.46043165,south,direct,59.0,0.14369073510169983
cf,nopre,type2,p1,l1,nopc,b/c,446500,360.0,not_neg,not_int,not_lpsm,458000.0,sb,pr,home,1U,5940.0,CIB,747,EXP,not_inst,97.48908297,south,direct,47.0,0.11089865863323212
cf,nopre,type1,p2,l1,opc,nob/c,106500,360.0,not_neg,int_only,not_lpsm,1388000.0,sb,pr,home,1U,4620.0,CRIF,519,EXP,to_inst,7.672910663,south,direct,36.0,0.11089865863323212
cf,nopre,type1,p1,l1,nopc,nob/c,296500,360.0,not_neg,not_int,not_lpsm,378000.0,sb,pr,home,1U,7500.0,CRIF,874,EXP,not_inst,78.43915344,North,direct,39.0,0.03455149382352829
cf,nopre,type1,p1,l1,nopc,nob/c,106500,360.0,neg_amm,not_int,not_lpsm,128000.0,sb,ir,home,1U,4320.0,CRIF,717,CIB,not_inst,83.203125,central,direct,36.0,0.4184100329875946
cf,nopre,type1,p4,l1,nopc,nob/c,636500,360.0,not_neg,not_int,not_lpsm,1198000.0,sb,pr,home,1U,10860.0,CRIF,860,EXP,not_inst,53.13021703,south,direct,38.0,0.03455149382352829
ncf,nopre,type2,p3,l1,nopc,b/c,696500,324.0,neg_amm,not_int,not_lpsm,858000.0,sb,pr,home,1U,9540.0,CRIF,850,CIB,to_inst,81.17715618,south,direct,49.0,0.7435897588729858
cf,nopre,type1,p4,l1,nopc,nob/c,576500,360.0,not_neg,not_int,not_lpsm,828000.0,sb,pr,home,1U,10740.0,CIB,530,CIB,not_inst,69.62560386,south,direct,20.0,0.0363101065158844
cf,pre,type3,p1,l1,nopc,nob/c,136500,360.0,not_neg,not_int,not_lpsm,208000.0,sb,pr,home,1U,3720.0,CIB,689,CIB,to_inst,65.625,south,direct,11.0,0.16867469251155853
cf,nopre,type1,p1,l1,nopc,nob/c,456500,360.0,not_neg,not_int,not_lpsm,568000.0,sb,pr,home,1U,4980.0,EXP,758,CIB,not_inst,80.36971831,North,direct,45.0,0.0363101065158844
cf,pre,type1,p3,l1,nopc,nob/c,436500,360.0,not_neg,not_int,not_lpsm,608000.0,sb,pr,home,1U,4200.0,CRIF,773,CIB,to_inst,71.79276316,south,direct,42.0,0.11089865863323212
cf,nopre,type1,p3,l1,nopc,nob/c,576500,360.0,neg_amm,not_int,not_lpsm,928000.0,sb,pr,home,1U,8340.0,CRIF,590,CIB,not_inst,62.12284483,south,direct,49.0,0.14369073510169983
ncf,nopre,type1,p1,l1,nopc,nob/c,466500,360.0,not_neg,not_int,not_lpsm,488000.0,sb,pr,home,1U,9480.0,CIB,619,EXP,not_inst,95.5942623,North,direct,43.0,0.06766917556524277
cf,nopre,type1,p4,l1,nopc,nob/c,216500,360.0,not_neg,not_int,not_lpsm,368000.0,sb,pr,home,1U,2760.0,CRIF,731,CIB,to_inst,58.83152174,North,direct,40.0,0.10782501846551895
cf,pre,type2,p1,l1,nopc,b/c,196500,360.0,not_neg,not_int,not_lpsm,198000.0,sb,pr,home,1U,6960.0,CIB,837,CIB,not_inst,99.24242424,south,direct,21.0,0.11089865863323212
cf,nopre,type1,p1,l1,nopc,nob/c,256500,360.0,not_neg,not_int,not_lpsm,268000.0,sb,pr,home,1U,5820.0,CIB,824,EXP,to_inst,95.70895522,North,direct,45.0,0.1839258074760437
cf,pre,type1,p1,l1,nopc,nob/c,666500,360.0,not_neg,not_int,not_lpsm,698000.0,sb,pr,home,1U,8340.0,CRIF,566,CIB,to_inst,95.48710602,North,direct,39.0,0.0861159935593605
cf,nopre,type1,p4,l1,nopc,nob/c,196500,240.0,neg_amm,not_int,not_lpsm,298000.0,sb,pr,home,1U,7140.0,CIB,766,EXP,to_inst,65.93959732,south,direct,24.0,0.11089865863323212
cf,pre,type1,p4,l1,nopc,nob/c,416500,360.0,not_neg,not_int,not_lpsm,538000.0,sb,pr,home,1U,6420.0,EXP,718,CIB,not_inst,77.41635688,south,direct,20.0,0.04065827652812004
cf,nopre,type1,p4,l1,nopc,nob/c,676500,360.0,not_neg,not_int,not_lpsm,808000.0,sb,pr,home,1U,9900.0,CIB,588,EXP,not_inst,83.72524752,North,direct,39.0,0.0363101065158844
cf,nopre,type1,p1,l2,nopc,nob/c,196500,360.0,not_neg,not_int,not_lpsm,228000.0,sb,pr,home,1U,2940.0,EXP,871,CIB,not_inst,86.18421053,North,direct,48.0,0.03435804694890976
cf,nopre,type1,p4,l1,nopc,nob/c,206500,360.0,neg_amm,not_int,not_lpsm,258000.0,sb,pr,home,1U,6000.0,CIB,838,EXP,to_inst,80.03875969,south,direct,48.0,0.3913043439388275
cf,nopre,type1,p3,l1,nopc,nob/c,486500,360.0,not_neg,not_int,not_lpsm,1008000.0,sb,pr,home,1U,8940.0,CRIF,894,CIB,not_inst,48.26388889,North,direct,31.0,0.03455149382352829
cf,nopre,type1,p1,l1,nopc,nob/c,356500,360.0,not_neg,not_int,not_lpsm,448000.0,sb,pr,home,1U,9840.0,EXP,541,EXP,to_inst,79.57589286,North,direct,11.0,0.0861159935593605
cf,nopre,type1,p1,l1,nopc,nob/c,476500,360.0,not_neg,not_int,not_lpsm,498000.0,sb,pr,home,1U,10980.0,CRIF,701,CIB,not_inst,95.68273092,central,direct,40.0,0.04065827652812004
cf,nopre,type1,p4,l1,nopc,nob/c,356500,360.0,not_neg,not_int,not_lpsm,608000.0,sb,pr,home,1U,9240.0,CIB,539,CIB,to_inst,58.63486842,south,direct,7.0,0.11089865863323212
cf,nopre,type1,p3,l1,nopc,nob/c,176500,360.0,not_neg,not_int,not_lpsm,258000.0,sb,pr,home,1U,3600.0,EXP,865,EXP,to_inst,68.41085271,North,direct,23.0,0.059588298201560974
cf,nopre,type1,p4,l1,nopc,nob/c,296500,360.0,not_neg,not_int,not_lpsm,858000.0,sb,sr,home,1U,9120.0,CRIF,555,EXP,not_inst,34.55710956,North,direct,49.0,0.0861159935593605
cf,nopre,type1,p3,l1,nopc,nob/c,486500,360.0,not_neg,not_int,not_lpsm,808000.0,sb,pr,home,1U,4380.0,CIB,524,CIB,to_inst,60.21039604,North,direct,42.0,0.11276596039533615
cf,nopre,type1,p1,l1,nopc,nob/c,506500,360.0,not_neg,not_int,not_lpsm,638000.0,sb,pr,home,1U,5040.0,CRIF,806,EXP,not_inst,79.38871473,south,direct,45.0,0.05779334530234337
cf,nopre,type3,p3,l1,nopc,nob/c,316500,360.0,not_neg,not_int,not_lpsm,318000.0,sb,pr,home,1U,4920.0,CIB,819,CIB,to_inst,99.52830189,south,direct,50.0,0.11276596039533615
cf,nopre,type1,p3,l1,nopc,nob/c,396500,360.0,not_neg,not_int,not_lpsm,538000.0,sb,pr,home,1U,6780.0,CIB,641,CIB,not_inst,73.69888476,North,direct,40.0,0.03455149382352829
cf,pre,type1,p1,l1,nopc,nob/c,406500,360.0,not_neg,not_int,not_lpsm,578000.0,sb,pr,home,1U,18060.0,CIB,789,EXP,to_inst,70.32871972,North,direct,31.0,0.03435804694890976
cf,nopre,type1,p4,l1,nopc,nob/c,126500,360.0,not_neg,not_int,not_lpsm,248000.0,sb,pr,home,1U,2640.0,CRIF,817,EXP,to_inst,51.00806452,central,direct,20.0,0.24460431933403015
cf,nopre,type1,p3,l1,nopc,nob/c,226500,360.0,neg_amm,not_int,not_lpsm,388000.0,sb,pr,home,1U,4860.0,CRIF,544,CIB,to_inst,58.37628866,south,direct,29.0,0.24460431933403015
cf,nopre,type1,p3,l1,nopc,nob/c,196500,360.0,neg_amm,not_int,not_lpsm,258000.0,sb,pr,home,1U,3840.0,CRIF,869,EXP,to_inst,76.1627907,North,direct,42.0,0.19203747808933258
cf,nopre,type2,p3,l1,nopc,b/c,196500,360.0,not_neg,not_int,lpsm,218000.0,sb,pr,home,1U,2760.0,CIB,604,EXP,to_inst,90.13761468,south,direct,56.0,0.9869565367698669
cf,pre,type1,p3,l1,nopc,nob/c,656500,360.0,not_neg,not_int,not_lpsm,868000.0,sb,pr,home,1U,7920.0,EXP,643,CIB,not_inst,75.63364055,North,direct,41.0,0.0861159935593605
cf,nopre,type1,p1,l1,nopc,nob/c,526500,360.0,not_neg,not_int,not_lpsm,588000.0,sb,pr,home,1U,6300.0,CIB,889,EXP,not_inst,89.54081633,North,direct,49.0,0.04065827652812004
ncf,nopre,type3,p1,l1,nopc,nob/c,486500,360.0,not_neg,not_int,lpsm,478000.0,sb,pr,home,1U,4980.0,EXP,695,EXP,not_inst,101.7782427,south,direct,61.0,0.4184100329875946
ncf,nopre,type1,p3,l1,nopc,nob/c,456500,360.0,not_neg,not_int,not_lpsm,688000.0,sb,pr,home,1U,6360.0,EXP,828,EXP,not_inst,66.35174419,North,direct,40.0,0.05779334530234337
cf,nopre,type1,p1,l1,nopc,nob/c,486500,360.0,not_neg,not_int,not_lpsm,538000.0,sb,pr,home,1U,10020.0,EXP,503,CIB,not_inst,90.42750929,North,direct,31.0,0.03435804694890976
cf,nopre,type2,p1,l2,nopc,b/c,246500,360.0,not_neg,not_int,not_lpsm,248000.0,sb,pr,home,1U,3720.0,CIB,590,CIB,not_inst,99.39516129,North,direct,33.0,0.059588298201560974
cf,nopre,type1,p3,l1,nopc,nob/c,486500,360.0,not_neg,not_int,lpsm,758000.0,sb,pr,home,1U,9540.0,CIB,779,EXP,not_inst,64.18205805,south,direct,41.0,0.24460431933403015
,nopre,type1,p3,l1,nopc,nob/c,216500,360.0,not_neg,not_int,not_lpsm,258000.0,sb,pr,home,1U,3000.0,CRIF,875,CIB,not_inst,83.91472868,North,direct,45.0,0.11276596039533615
cf,nopre,type1,p1,l1,nopc,nob/c,496500,360.0,not_neg,not_int,not_lpsm,558000.0,sb,pr,home,1U,8700.0,EXP,668,EXP,not_inst,88.97849462,North,direct,28.0,0.03435804694890976
cf,nopre,type1,p3,l1,nopc,nob/c,346500,360.0,not_neg,not_int,not_lpsm,728000.0,sb,pr,home,1U,4260.0,CRIF,635,CIB,to_inst,47.59615385,south,direct,42.0,0.10782501846551895
cf,pre,type1,p3,l1,nopc,nob/c,676500,360.0,not_neg,not_int,not_lpsm,1228000.0,sb,pr,home,1U,9720.0,CRIF,896,EXP,to_inst,55.08957655,North,direct,36.0,0.06420404464006424
cf,nopre,type1,p2,l1,nopc,nob/c,306500,360.0,not_neg,not_int,not_lpsm,928000.0,sb,pr,home,1U,4680.0,EXP,701,CIB,not_inst,33.02801724,North,direct,36.0,0.11089865863323212
cf,nopre,type1,p1,l1,nopc,nob/c,236500,360.0,not_neg,not_int,not_lpsm,268000.0,sb,sr,home,1U,12000.0,CIB,853,CIB,to_inst,88.24626866,North,direct,42.0,0.14369073510169983
cf,nopre,type3,p3,l1,nopc,nob/c,86500,180.0,not_neg,not_int,not_lpsm,88000.0,sb,pr,home,1U,5040.0,CRIF,761,CIB,to_inst,98.29545455,North,direct,30.0,0.24460431933403015
cf,nopre,type1,p4,l1,nopc,nob/c,266500,360.0,not_neg,not_int,not_lpsm,368000.0,sb,pr,home,1U,3360.0,CRIF,710,CIB,not_inst,72.41847826,south,direct,44.0,0.059588298201560974
cf,nopre,type1,p4,l1,nopc,nob/c,266500,360.0,not_neg,not_int,not_lpsm,368000.0,sb,pr,home,1U,3300.0,EXP,885,EXP,to_inst,72.41847826,south,direct,48.0,0.14369073510169983
cf,nopre,type2,p4,l1,nopc,b/c,116500,360.0,not_neg,not_int,not_lpsm,128000.0,sb,pr,home,1U,2820.0,CRIF,825,CIB,to_inst,91.015625,North,direct,31.0,0.4184100329875946
cf,nopre,type1,p3,l1,nopc,nob/c,316500,360.0,neg_amm,not_int,not_lpsm,408000.0,sb,pr,home,1U,4140.0,CIB,741,CIB,to_inst,77.57352941,central,direct,40.0,0.3415384590625763
cf,nopre,type2,p1,l1,nopc,b/c,376500,360.0,not_neg,not_int,not_lpsm,418000.0,sb,pr,home,1U,6000.0,EXP,754,CIB,not_inst,90.07177033,North,direct,44.0,0.06420404464006424
cf,nopre,type1,p1,l1,nopc,nob/c,166500,180.0,not_neg,not_int,not_lpsm,228000.0,sb,pr,home,1U,4080.0,EXP,760,EXP,to_inst,73.02631579,North,direct,45.0,0.10782501846551895
cf,nopre,type1,p2,l1,nopc,nob/c,106500,180.0,not_neg,not_int,not_lpsm,178000.0,sb,pr,home,1U,3900.0,CRIF,725,CIB,to_inst,59.83146067,North,direct,27.0,0.11276596039533615
cf,nopre,type2,p3,l1,nopc,b/c,206500,360.0,not_neg,not_int,not_lpsm,238000.0,sb,pr,home,1U,3180.0,CRIF,765,CIB,to_inst,86.76470588,North,direct,50.0,0.19203747808933258
cf,nopre,type1,p4,l1,nopc,nob/c,456500,360.0,not_neg,not_int,not_lpsm,528000.0,sb,pr,home,1U,8880.0,EXP,511,EXP,not_inst,86.45833333,south,direct,36.0,0.03455149382352829
cf,nopre,type1,p3,l1,nopc,nob/c,216500,360.0,not_neg,not_int,not_lpsm,268000.0,sb,pr,home,1U,8460.0,CIB,560,CIB,to_inst,80.78358209,North,direct,36.0,0.06420404464006424
cf,nopre,type2,p1,l1,nopc,b/c,106500,360.0,not_neg,not_int,not_lpsm,108000.0,sb,pr,home,1U,2460.0,CIB,553,CIB,not_inst,98.61111111,North,direct,51.0,0.1839258074760437
cf,nopre,type1,p3,l1,nopc,nob/c,666500,360.0,not_neg,not_int,not_lpsm,1108000.0,sb,pr,home,1U,8040.0,CIB,787,EXP,not_inst,60.1534296,North,direct,39.0,0.03455149382352829
cf,nopre,type3,p3,l1,nopc,nob/c,166500,360.0,not_neg,not_int,not_lpsm,158000.0,sb,pr,home,1U,2880.0,EXP,674,EXP,to_inst,105.3797468,North,direct,43.0,0.6978417038917542
cf,pre,type3,p3,l1,nopc,nob/c,206500,360.0,not_neg,not_int,not_lpsm,278000.0,sb,pr,home,1U,5160.0,CRIF,838,CIB,to_inst,74.28057554,North,direct,15.0,0.14369073510169983
cf,nopre,type1,p3,l1,nopc,nob/c,326500,324.0,not_neg,not_int,not_lpsm,498000.0,sb,pr,home,1U,5340.0,CIB,789,CIB,to_inst,65.562249,south,direct,49.0,0.10782501846551895
cf,nopre,type1,p4,l1,nopc,nob/c,256500,360.0,neg_amm,not_int,not_lpsm,498000.0,sb,pr,home,1U,6060.0,CIB,891,CIB,to_inst,51.5060241,south,direct,21.0,0.17307692766189575
cf,nopre,type1,p1,l1,nopc,nob/c,416500,360.0,neg_amm,not_int,not_lpsm,468000.0,sb,pr,home,1U,7740.0,EXP,648,EXP,not_inst,88.9957265,North,direct,35.0,0.0861159935593605
cf,nopre,type2,p3,l1,nopc,b/c,166500,360.0,not_neg,int_only,not_lpsm,218000.0,sb,pr,home,1U,2160.0,EXP,868,EXP,to_inst,76.37614679,central,direct,24.0,0.4184100329875946
cf,nopre,type2,p3,l1,nopc,b/c,266500,360.0,not_neg,not_int,not_lpsm,308000.0,sb,pr,home,1U,4320.0,CIB,706,CIB,to_inst,86.52597403,central,direct,53.0,0.24460431933403015
cf,pre,type1,p1,l1,nopc,nob/c,156500,360.0,not_neg,not_int,not_lpsm,258000.0,sb,ir,home,1U,15540.0,EXP,508,EXP,to_inst,60.65891473,south,direct,23.0,0.04065827652812004
cf,nopre,type1,p4,l1,nopc,nob/c,426500,360.0,not_neg,not_int,not_lpsm,568000.0,sb,pr,home,1U,6180.0,CIB,617,CIB,to_inst,75.08802817,North,direct,44.0,0.06420404464006424
cf,nopre,type1,p1,l1,nopc,nob/c,386500,360.0,not_neg,int_only,not_lpsm,418000.0,sb,pr,home,1U,5880.0,CRIF,606,EXP,to_inst,92.46411483,south,direct,39.0,0.14369073510169983
cf,nopre,type1,p4,l1,nopc,nob/c,206500,180.0,neg_amm,not_int,not_lpsm,308000.0,sb,pr,home,1U,5880.0,EXP,867,CIB,to_inst,67.04545455,south,direct,34.0,0.23026315867900848
cf,nopre,type1,p4,l1,nopc,nob/c,366500,180.0,not_neg,not_int,not_lpsm,668000.0,sb,pr,home,1U,7560.0,CRIF,659,CIB,not_inst,54.86526946,south,direct,37.0,0.03455149382352829
cf,nopre,type1,p4,l1,nopc,nob/c,126500,180.0,neg_amm,not_int,not_lpsm,148000.0,sb,pr,home,1U,4920.0,EXP,600,CIB,to_inst,85.47297297,North,direct,43.0,0.3415384590625763
cf,nopre,type3,p3,l1,nopc,nob/c,166500,360.0,not_neg,not_int,not_lpsm,188000.0,sb,pr,home,1U,3360.0,CIB,749,CIB,to_inst,88.56382979,south,direct,37.0,0.14369073510169983
cf,nopre,type1,p1,l1,nopc,nob/c,336500,180.0,neg_amm,not_int,not_lpsm,358000.0,sb,pr,home,1U,9060.0,CIB,730,CIB,to_inst,93.99441341,North,direct,43.0,0.3415384590625763
cf,nopre,type1,p4,l1,nopc,nob/c,326500,360.0,not_neg,not_int,not_lpsm,548000.0,sb,pr,home,1U,5700.0,EXP,773,CIB,not_inst,59.58029197,south,direct,43.0,0.03455149382352829
cf,nopre,type1,p3,l1,nopc,nob/c,236500,360.0,not_neg,int_only,not_lpsm,298000.0,sb,pr,home,1U,3480.0,CIB,787,EXP,to_inst,79.36241611,North,direct,37.0,0.10782501846551895
ncf,nopre,type2,p1,l1,nopc,b/c,46500,324.0,neg_amm,not_int,not_lpsm,58000.0,sb,pr,home,1U,1740.0,EXP,875,CIB,to_inst,80.17241379,North,direct,43.0,0.6186440587043762
cf,nopre,type1,p1,l1,nopc,nob/c,236500,360.0,not_neg,not_int,not_lpsm,298000.0,sb,pr,home,1U,3420.0,CIB,812,CIB,not_inst,79.36241611,North,direct,49.0,0.059588298201560974
cf,nopre,type1,p4,l1,nopc,nob/c,506500,360.0,not_neg,not_int,not_lpsm,938000.0,sb,pr,home,1U,10800.0,CRIF,771,CIB,not_inst,53.9978678,south,direct,28.0,0.03455149382352829
cf,pre,type1,p3,l1,nopc,nob/c,76500,360.0,not_neg,not_int,not_lpsm,108000.0,sb,pr,home,1U,1560.0,EXP,612,CIB,to_inst,70.83333333,North,direct,34.0,0.14369073510169983
cf,nopre,type1,p4,l1,nopc,nob/c,286500,360.0,not_neg,not_int,not_lpsm,418000.0,sb,pr,home,1U,7260.0,CRIF,598,EXP,to_inst,68.54066986,south,direct,37.0,0.04065827652812004
cf,pre,type1,p1,l1,nopc,nob/c,206500,360.0,not_neg,not_int,not_lpsm,488000.0,sb,pr,home,1U,2700.0,CIB,757,CIB,to_inst,42.31557377,central,direct,44.0,0.0861159935593605
cf,nopre,type1,p4,l1,nopc,nob/c,416500,360.0,neg_amm,not_int,not_lpsm,448000.0,sb,pr,home,1U,6840.0,CIB,766,CIB,to_inst,92.96875,North,direct,30.0,0.4184100329875946
cf,nopre,type1,p4,l1,nopc,nob/c,616500,360.0,not_neg,not_int,not_lpsm,788000.0,sb,pr,home,1U,10980.0,CIB,631,CIB,not_inst,78.23604061,south,direct,30.0,0.03455149382352829
cf,nopre,type1,p3,l1,nopc,nob/c,86500,180.0,not_neg,not_int,not_lpsm,228000.0,sb,ir,home,1U,1800.0,CRIF,646,CIB,to_inst,37.93859649,North,direct,25.0,0.1839258074760437
cf,nopre,type1,p3,l1,nopc,nob/c,156500,336.0,not_neg,not_int,not_lpsm,228000.0,sb,pr,home,1U,2580.0,CRIF,821,CIB,to_inst,68.64035088,south,direct,36.0,0.0861159935593605
cf,nopre,type1,p1,l1,nopc,nob/c,66500,360.0,not_neg,not_int,not_lpsm,78000.0,sb,pr,home,1U,2160.0,CIB,567,CIB,to_inst,85.25641026,south,direct,49.0,0.3415384590625763
cf,nopre,type1,p4,l1,nopc,nob/c,306500,360.0,not_neg,not_int,not_lpsm,378000.0,sb,pr,home,1U,4920.0,CRIF,538,CIB,to_inst,81.08465608,south,direct,34.0,0.11276596039533615
cf,pre,type1,p1,l2,nopc,nob/c,126500,360.0,not_neg,not_int,not_lpsm,128000.0,sb,pr,home,1U,3060.0,EXP,521,CIB,to_inst,98.828125,North,direct,40.0,0.03455149382352829
cf,nopre,type1,p3,l1,nopc,nob/c,346500,360.0,not_neg,not_int,not_lpsm,488000.0,sb,pr,home,1U,4620.0,CIB,872,CIB,to_inst,71.00409836,south,direct,47.0,0.11089865863323212
cf,nopre,type1,p3,l1,nopc,nob/c,146500,360.0,not_neg,not_int,not_lpsm,208000.0,sb,pr,home,1U,1680.0,EXP,592,EXP,to_inst,70.43269231,south,direct,40.0,0.11089865863323212
cf,pre,type1,p3,l1,nopc,nob/c,206500,360.0,not_neg,not_int,not_lpsm,278000.0,sb,pr,home,1U,4440.0,CRIF,716,EXP,to_inst,74.28057554,North,direct,34.0,0.05779334530234337
cf,nopre,type1,p3,l1,nopc,nob/c,256500,360.0,not_neg,not_int,not_lpsm,498000.0,sb,pr,home,1U,1920.0,CRIF,555,CIB,to_inst,51.5060241,North,direct,49.0,0.3415384590625763
cf,nopre,type1,p4,l1,nopc,nob/c,286500,360.0,not_neg,not_int,not_lpsm,708000.0,sb,pr,home,1U,6900.0,CIB,756,CIB,to_inst,40.46610169,south,direct,34.0,0.0861159935593605
cf,nopre,type1,p1,l1,nopc,nob/c,256500,360.0,not_neg,not_int,not_lpsm,328000.0,sb,sr,home,1U,7260.0,CRIF,830,EXP,not_inst,78.20121951,south,direct,30.0,0.06420404464006424
cf,nopre,type2,p3,l1,nopc,b/c,576500,360.0,not_neg,not_int,not_lpsm,878000.0,sb,pr,home,1U,6300.0,CRIF,682,EXP,to_inst,65.66059226,south,direct,46.0,0.24460431933403015
cf,nopre,type1,p4,l1,nopc,nob/c,286500,240.0,not_neg,not_int,not_lpsm,348000.0,sb,pr,home,1U,5760.0,EXP,545,EXP,to_inst,82.32758621,North,direct,28.0,0.11089865863323212
cf,nopre,type1,p4,l1,nopc,nob/c,166500,180.0,not_neg,not_int,not_lpsm,208000.0,sb,pr,home,1U,5640.0,CIB,562,CIB,to_inst,80.04807692,North,direct,33.0,0.10782501846551895
cf,nopre,type1,p3,l1,nopc,nob/c,276500,360.0,not_neg,not_int,not_lpsm,328000.0,sb,ir,home,1U,10080.0,CIB,866,CIB,to_inst,84.29878049,south,direct,37.0,0.7843137383460999
cf,nopre,type1,p4,l1,nopc,nob/c,476500,360.0,not_neg,not_int,not_lpsm,1068000.0,sb,pr,home,1U,5340.0,EXP,823,CIB,not_inst,44.61610487,south,direct,44.0,0.04065827652812004
cf,nopre,type1,p4,l1,nopc,nob/c,256500,360.0,not_neg,not_int,not_lpsm,318000.0,sb,pr,home,1U,3900.0,CRIF,610,CIB,not_inst,80.66037736,North,direct,43.0,0.04065827652812004
cf,nopre,type1,p3,l1,nopc,nob/c,196500,360.0,not_neg,not_int,not_lpsm,238000.0,sb,pr,home,1U,2520.0,CRIF,643,CIB,to_inst,82.56302521,central,direct,40.0,0.19203747808933258
cf,pre,type1,p2,l1,nopc,nob/c,76500,144.0,not_neg,not_int,not_lpsm,258000.0,sb,pr,home,1U,3000.0,CIB,511,CIB,to_inst,29.65116279,North,direct,49.0,0.11276596039533615
cf,pre,type1,p3,l1,nopc,nob/c,206500,360.0,not_neg,not_int,not_lpsm,298000.0,sb,pr,home,1U,2340.0,CRIF,873,CIB,to_inst,69.29530201,south,direct,40.0,0.11089865863323212
cf,nopre,type1,p3,l1,nopc,nob/c,106500,360.0,not_neg,not_int,not_lpsm,138000.0,sb,pr,home,1U,4080.0,CRIF,641,CIB,to_inst,77.17391304,North,direct,36.0,0.0861159935593605
cf,nopre,type1,p3,l1,nopc,nob/c,526500,360.0,not_neg,not_int,not_lpsm,818000.0,sb,pr,home,1U,7440.0,EXP,551,EXP,to_inst,64.36430318,south,direct,38.0,0.05779334530234337
cf,nopre,type3,p3,l1,nopc,nob/c,106500,360.0,not_neg,int_only,not_lpsm,118000.0,sb,pr,home,1U,3720.0,CIB,535,EXP,to_inst,90.25423729,North,direct,27.0,0.17307692766189575
,nopre,type3,p1,l1,nopc,nob/c,396500,360.0,not_neg,not_int,not_lpsm,398000.0,sb,pr,home,1U,4200.0,CIB,772,CIB,not_inst,99.62311558,North,direct,53.0,0.0861159935593605
cf,nopre,type3,p3,l1,nopc,nob/c,56500,360.0,neg_amm,not_int,not_lpsm,58000.0,sb,pr,home,1U,3120.0,CIB,516,EXP,to_inst,97.4137931,North,direct,31.0,0.4883720874786377
cf,pre,type1,p3,l1,nopc,nob/c,276500,360.0,not_neg,not_int,not_lpsm,358000.0,sb,pr,home,1U,5100.0,EXP,762,CIB,not_inst,77.23463687,North,direct,32.0,0.0363101065158844
cf,nopre,type1,p4,l1,nopc,nob/c,726500,360.0,not_neg,int_only,not_lpsm,958000.0,sb,pr,home,1U,11100.0,CRIF,805,EXP,not_inst,75.83507307,south,direct,43.0,0.059588298201560974
cf,nopre,type1,p4,l1,nopc,nob/c,486500,180.0,not_neg,not_int,not_lpsm,1708000.0,sb,pr,home,1U,13140.0,CIB,591,CIB,not_inst,28.48360656,south,direct,29.0,0.02772643230855465
cf,nopre,type1,p3,l1,nopc,nob/c,336500,300.0,not_neg,not_int,not_lpsm,608000.0,sb,pr,home,1U,6060.0,CIB,718,CIB,not_inst,55.34539474,North,direct,32.0,0.03435804694890976
cf,nopre,type1,p1,l1,nopc,nob/c,126500,360.0,not_neg,not_int,lpsm,148000.0,sb,pr,home,1U,2220.0,EXP,829,EXP,to_inst,85.47297297,south,direct,33.0,0.6978417038917542
cf,nopre,type1,p3,l1,nopc,nob/c,506500,360.0,not_neg,not_int,not_lpsm,998000.0,sb,pr,home,1U,6360.0,CIB,564,CIB,to_inst,50.75150301,North,direct,37.0,0.10782501846551895
cf,nopre,type1,p3,l1,nopc,nob/c,236500,360.0,not_neg,not_int,not_lpsm,428000.0,sb,pr,home,1U,4860.0,EXP,799,CIB,to_inst,55.25700935,south,direct,25.0,0.0861159935593605
cf,nopre,type1,p1,l1,nopc,nob/c,196500,360.0,not_neg,not_int,not_lpsm,248000.0,sb,pr,home,1U,6480.0,CIB,854,EXP,not_inst,79.23387097,south,direct,19.0,0.04065827652812004
cf,nopre,type2,p1,l1,nopc,b/c,566500,360.0,not_neg,not_int,not_lpsm,658000.0,sb,pr,home,1U,9660.0,CIB,648,EXP,not_inst,86.09422492,North,direct,39.0,0.03455149382352829
cf,nopre,type1,p4,l1,nopc,nob/c,616500,360.0,not_neg,not_int,not_lpsm,728000.0,sb,pr,home,1U,8460.0,CIB,533,CIB,not_inst,84.68406593,south,direct,38.0,0.0363101065158844
ncf,nopre,type1,p3,l1,nopc,nob/c,176500,360.0,not_neg,not_int,not_lpsm,278000.0,sb,pr,home,1U,2160.0,CRIF,672,EXP,to_inst,63.48920863,North,direct,49.0,0.11089865863323212
cf,nopre,type1,p4,l1,nopc,nob/c,676500,360.0,not_neg,not_int,not_lpsm,1008000.0,sb,pr,home,1U,12300.0,CIB,681,EXP,not_inst,67.11309524,south,direct,24.0,0.03455149382352829
cf,nopre,type2,p3,l1,nopc,b/c,376500,360.0,not_neg,not_int,not_lpsm,438000.0,sb,pr,home,1U,9720.0,CRIF,875,EXP,to_inst,85.95890411,south,direct,38.0,0.14369073510169983
cf,nopre,type1,p4,l1,nopc,nob/c,316500,360.0,not_neg,not_int,not_lpsm,528000.0,sb,pr,home,1U,240.0,CIB,620,CIB,not_inst,59.94318182,North,direct,55.0,0.9899497628211975
cf,nopre,type1,p4,l1,nopc,nob/c,176500,180.0,not_neg,not_int,not_lpsm,248000.0,sb,pr,home,1U,9600.0,CIB,849,CIB,to_inst,71.16935484,south,direct,49.0,0.14369073510169983
cf,nopre,type1,p4,l1,nopc,nob/c,346500,360.0,not_neg,not_int,not_lpsm,508000.0,sb,pr,home,1U,5100.0,CIB,823,EXP,to_inst,68.20866142,south,direct,46.0,0.06766917556524277
cf,nopre,type1,p1,l1,nopc,nob/c,376500,324.0,neg_amm,not_int,not_lpsm,448000.0,sb,pr,home,1U,21300.0,CRIF,694,EXP,to_inst,84.04017857,central,direct,47.0,0.4184100329875946
cf,nopre,type1,p3,l1,nopc,nob/c,186500,360.0,not_neg,not_int,not_lpsm,328000.0,sb,pr,home,1U,2460.0,CIB,687,CIB,to_inst,56.8597561,North,direct,32.0,0.0861159935593605
cf,nopre,type3,p3,l1,nopc,nob/c,256500,360.0,neg_amm,not_int,not_lpsm,288000.0,sb,pr,home,1U,6300.0,CRIF,761,CIB,to_inst,89.0625,North,direct,51.0,0.3415384590625763
cf,nopre,type1,p4,l1,nopc,nob/c,436500,300.0,not_neg,int_only,not_lpsm,588000.0,sb,pr,home,1U,7440.0,CRIF,773,EXP,to_inst,74.23469388,North,direct,46.0,0.11089865863323212
cf,nopre,type1,p4,l1,nopc,nob/c,276500,360.0,not_neg,not_int,not_lpsm,478000.0,sb,ir,home,1U,6840.0,CIB,726,EXP,to_inst,57.84518828,south,direct,47.0,0.14369073510169983
,nopre,type2,p1,l1,nopc,b/c,196500,360.0,not_neg,not_int,not_lpsm,198000.0,sb,pr,home,1U,3900.0,CRIF,734,EXP,not_inst,99.24242424,south,direct,43.0,0.11089865863323212
cf,pre,type1,p3,l1,nopc,nob/c,326500,360.0,not_neg,not_int,not_lpsm,558000.0,sb,pr,home,1U,5520.0,CRIF,516,CIB,to_inst,58.5125448,North,direct,33.0,0.06420404464006424
cf,nopre,type1,p4,l1,nopc,nob/c,356500,360.0,neg_amm,not_int,not_lpsm,558000.0,sb,pr,home,1U,7620.0,EXP,588,CIB,to_inst,63.88888889,North,direct,22.0,0.1839258074760437
cf,nopre,type1,p1,l1,nopc,nob/c,286500,360.0,not_neg,not_int,not_lpsm,318000.0,sb,pr,home,1U,6000.0,EXP,727,CIB,not_inst,90.09433962,North,direct,33.0,0.0363101065158844
cf,pre,type1,p4,l1,nopc,nob/c,356500,360.0,not_neg,not_int,not_lpsm,378000.0,sb,pr,home,1U,5880.0,EXP,659,EXP,not_inst,94.31216931,central,direct,32.0,0.06420404464006424
ncf,nopre,type1,p1,l1,nopc,nob/c,486500,360.0,not_neg,not_int,not_lpsm,658000.0,sb,pr,home,1U,12120.0,CIB,731,EXP,to_inst,73.93617021,North,direct,29.0,0.10782501846551895
cf,nopre,type1,p4,l1,nopc,nob/c,186500,324.0,not_neg,not_int,not_lpsm,318000.0,sb,pr,home,1U,3420.0,CIB,540,CIB,to_inst,58.64779874,North,direct,38.0,0.055727552622556686
cf,nopre,type1,p1,l1,nopc,nob/c,156500,360.0,neg_amm,not_int,not_lpsm,278000.0,sb,pr,home,1U,5520.0,CIB,765,EXP,to_inst,56.29496403,south,direct,9.0,0.24460431933403015
cf,nopre,type1,p1,l1,nopc,nob/c,156500,360.0,neg_amm,not_int,not_lpsm,198000.0,sb,pr,home,1U,4020.0,CRIF,548,EXP,to_inst,79.04040404,North,direct,48.0,0.24460431933403015
cf,nopre,type1,p4,l1,nopc,nob/c,216500,360.0,neg_amm,not_int,not_lpsm,258000.0,sb,pr,home,1U,4560.0,EXP,812,CIB,to_inst,83.91472868,south,direct,26.0,0.4184100329875946
cf,nopre,type3,p1,l1,nopc,nob/c,376500,360.0,not_neg,not_int,not_lpsm,418000.0,sb,pr,home,1U,7260.0,CIB,840,EXP,not_inst,90.07177033,North,direct,41.0,0.03435804694890976
cf,nopre,type1,p4,l1,nopc,nob/c,286500,360.0,not_neg,not_int,not_lpsm,358000.0,sb,pr,home,1U,4980.0,EXP,845,EXP,to_inst,80.02793296,North,direct,38.0,0.06420404464006424
cf,nopre,type3,p3,l1,nopc,nob/c,286500,360.0,not_neg,not_int,not_lpsm,298000.0,sb,pr,home,1U,5520.0,EXP,792,EXP,to_inst,96.1409396,south,direct,41.0,0.1839258074760437
cf,nopre,type2,p3,l1,nopc,b/c,306500,360.0,not_neg,not_int,not_lpsm,358000.0,sb,pr,home,1U,10500.0,CIB,839,EXP,to_inst,85.61452514,south,direct,33.0,0.14369073510169983
cf,nopre,type1,p1,l1,nopc,nob/c,486500,360.0,not_neg,not_int,lpsm,568000.0,sb,pr,home,1U,6720.0,EXP,529,EXP,to_inst,85.65140845,central,direct,37.0,0.6978417038917542
cf,nopre,type1,p1,l1,nopc,nob/c,436500,360.0,not_neg,int_only,not_lpsm,548000.0,sb,pr,home,1U,11100.0,CIB,594,CIB,to_inst,79.65328467,south,direct,23.0,0.10782501846551895
cf,pre,type3,p1,l1,nopc,nob/c,486500,360.0,not_neg,not_int,not_lpsm,488000.0,sb,pr,home,1U,9780.0,CRIF,558,CIB,to_inst,99.69262295,south,direct,44.0,0.05779334530234337
ncf,nopre,type1,p4,l1,nopc,nob/c,1246500,360.0,not_neg,not_int,not_lpsm,1868000.0,sb,pr,home,1U,19380.0,CRIF,571,EXP,to_inst,66.72912206,south,direct,37.0,0.2857142984867096
cf,nopre,type1,p1,l1,nopc,nob/c,726500,360.0,not_neg,not_int,not_lpsm,808000.0,sb,pr,home,1U,14460.0,EXP,609,EXP,not_inst,89.91336634,North,direct,22.0,0.03455149382352829
cf,nopre,type1,p3,l1,nopc,nob/c,156500,240.0,not_neg,not_int,not_lpsm,328000.0,sb,pr,home,1U,5880.0,CIB,545,CIB,to_inst,47.71341463,south,direct,23.0,0.06420404464006424
cf,nopre,type1,p3,l1,nopc,nob/c,406500,360.0,not_neg,not_int,not_lpsm,568000.0,sb,pr,home,1U,5100.0,CIB,644,EXP,not_inst,71.56690141,south,direct,36.0,0.03455149382352829
cf,nopre,type3,p1,l1,nopc,nob/c,106500,360.0,not_neg,not_int,not_lpsm,278000.0,sb,pr,home,1U,2280.0,CIB,739,CIB,not_inst,38.30935252,North,direct,23.0,0.1839258074760437
cf,nopre,type1,p3,l1,nopc,nob/c,266500,360.0,not_neg,not_int,not_lpsm,438000.0,sb,pr,home,1U,5700.0,CRIF,665,EXP,to_inst,60.84474886,south,direct,34.0,0.04065827652812004
,nopre,type2,p1,l1,nopc,b/c,66500,360.0,not_neg,not_int,not_lpsm,88000.0,sb,pr,home,1U,6000.0,CRIF,804,EXP,to_inst,75.56818182,North,direct,36.0,0.14369073510169983
cf,nopre,type1,p4,l2,nopc,nob/c,406500,300.0,neg_amm,not_int,not_lpsm,438000.0,sb,pr,home,1U,14700.0,CRIF,717,EXP,not_inst,92.80821918,south,direct,27.0,0.9869565367698669
cf,pre,type1,p1,l1,nopc,nob/c,346500,360.0,not_neg,not_int,not_lpsm,428000.0,sb,pr,home,1U,8100.0,CIB,748,EXP,to_inst,80.95794393,North,direct,21.0,0.03455149382352829
cf,nopre,type1,p3,l1,nopc,nob/c,316500,360.0,not_neg,not_int,not_lpsm,498000.0,sb,pr,home,1U,3900.0,CRIF,573,CIB,to_inst,63.55421687,North,direct,38.0,0.06420404464006424
cf,nopre,type1,p3,l1,nopc,nob/c,226500,360.0,not_neg,not_int,not_lpsm,288000.0,sb,pr,home,1U,8340.0,EXP,526,CIB,to_inst,78.64583333,south,direct,40.0,0.1034482792019844
,nopre,type1,p2,l1,nopc,nob/c,126500,360.0,not_neg,not_int,not_lpsm,238000.0,sb,pr,home,1U,1680.0,CRIF,695,CIB,to_inst,53.1512605,south,direct,37.0,0.24460431933403015
cf,nopre,type1,p4,l1,nopc,nob/c,426500,360.0,not_neg,not_int,not_lpsm,508000.0,sb,pr,home,1U,6180.0,CRIF,736,EXP,not_inst,83.95669291,central,direct,37.0,0.04065827652812004
cf,nopre,type3,p3,l1,nopc,nob/c,226500,360.0,not_neg,not_int,not_lpsm,338000.0,sb,pr,home,1U,4320.0,CIB,749,EXP,to_inst,67.01183432,North,direct,33.0,0.05000000074505806
cf,nopre,type1,p3,l1,nopc,nob/c,296500,240.0,neg_amm,not_int,not_lpsm,408000.0,sb,pr,home,1U,6540.0,EXP,868,EXP,to_inst,72.67156863,North,direct,39.0,0.11089865863323212
cf,nopre,type1,p3,l2,nopc,nob/c,126500,360.0,not_neg,not_int,not_lpsm,278000.0,sb,pr,home,1U,2160.0,CRIF,730,CIB,to_inst,45.50359712,North,direct,43.0,0.04065827652812004
cf,nopre,type1,p1,l1,nopc,nob/c,316500,360.0,not_neg,not_int,not_lpsm,388000.0,sb,pr,home,1U,8280.0,CIB,567,EXP,not_inst,81.57216495,North,direct,20.0,0.03435804694890976
cf,nopre,type1,p1,l1,nopc,nob/c,426500,360.0,not_neg,not_int,not_lpsm,438000.0,sb,pr,home,1U,7500.0,EXP,588,CIB,not_inst,97.37442922,North,direct,41.0,0.11089865863323212
cf,nopre,type1,p3,l1,nopc,nob/c,146500,180.0,not_neg,not_int,not_lpsm,438000.0,sb,pr,home,1U,5520.0,CIB,627,EXP,to_inst,33.44748858,south,direct,39.0,0.059588298201560974
cf,nopre,type1,p4,l1,nopc,nob/c,306500,180.0,not_neg,not_int,not_lpsm,398000.0,sb,pr,home,1U,6300.0,CRIF,547,EXP,not_inst,77.01005025,south,direct,37.0,0.03455149382352829
cf,nopre,type1,p3,l1,nopc,nob/c,376500,360.0,not_neg,not_int,not_lpsm,1158000.0,sb,pr,home,2U,4620.0,CIB,840,CIB,to_inst,32.51295337,south,direct,44.0,0.14369073510169983
cf,nopre,type1,p4,l1,nopc,nob/c,346500,360.0,not_neg,not_int,not_lpsm,608000.0,sb,pr,home,1U,8520.0,CIB,733,EXP,to_inst,56.99013158,North,direct,41.0,0.0363101065158844
cf,pre,type1,p3,l1,nopc,nob/c,186500,360.0,not_neg,not_int,not_lpsm,288000.0,sb,pr,home,1U,3780.0,EXP,806,CIB,to_inst,64.75694444,North,direct,26.0,0.10782501846551895
cf,nopre,type1,p1,l1,nopc,nob/c,486500,360.0,not_neg,not_int,not_lpsm,698000.0,sb,pr,home,1U,5760.0,EXP,801,EXP,not_inst,69.6991404,North,direct,46.0,0.03455149382352829
cf,nopre,type2,p1,l1,nopc,b/c,186500,360.0,not_neg,not_int,not_lpsm,198000.0,sb,pr,home,1U,3300.0,EXP,521,CIB,to_inst,94.19191919,south,direct,38.0,0.19203747808933258
cf,nopre,type1,p4,l1,nopc,nob/c,366500,324.0,not_neg,not_int,not_lpsm,608000.0,sb,pr,home,1U,4320.0,CRIF,559,EXP,to_inst,60.27960526,North,direct,43.0,0.059588298201560974
cf,nopre,type1,p3,l1,nopc,nob/c,646500,360.0,not_neg,not_int,not_lpsm,1278000.0,sb,pr,home,1U,10860.0,CIB,543,CIB,not_inst,50.58685446,North,direct,30.0,0.03455149382352829
cf,pre,type1,p3,l1,nopc,nob/c,126500,360.0,not_neg,not_int,not_lpsm,208000.0,sb,pr,home,1U,2640.0,EXP,665,EXP,to_inst,60.81730769,North,direct,32.0,0.06766917556524277
cf,nopre,type2,p3,l2,nopc,b/c,116500,360.0,not_neg,not_int,not_lpsm,138000.0,sb,pr,home,1U,1980.0,EXP,889,CIB,to_inst,84.42028986,central,direct,57.0,0.14369073510169983
cf,nopre,type2,p1,l1,nopc,b/c,156500,360.0,not_neg,not_int,not_lpsm,158000.0,sb,pr,home,1U,2700.0,EXP,604,CIB,to_inst,99.05063291,North,direct,46.0,0.19203747808933258
cf,nopre,type1,p3,l2,nopc,nob/c,276500,180.0,not_neg,not_int,not_lpsm,648000.0,sb,pr,home,1U,4260.0,CRIF,610,CIB,to_inst,42.66975309,south,direct,47.0,0.0861159935593605
cf,nopre,type1,p3,l1,nopc,nob/c,236500,360.0,not_neg,not_int,not_lpsm,318000.0,sb,pr,home,1U,4200.0,CRIF,501,EXP,to_inst,74.37106918,North,direct,36.0,0.055727552622556686
ncf,pre,type3,p1,l1,nopc,nob/c,806500,360.0,not_neg,not_int,not_lpsm,1208000.0,sb,pr,home,1U,11580.0,CIB,509,EXP,to_inst,66.76324503,North,direct,36.0,0.14369073510169983
cf,nopre,type2,p1,l1,nopc,b/c,386500,360.0,not_neg,int_only,not_lpsm,398000.0,sb,pr,home,1U,4680.0,CRIF,879,CIB,to_inst,97.11055276,North,direct,39.0,0.24460431933403015
cf,nopre,type1,p1,l1,nopc,nob/c,136500,360.0,not_neg,not_int,not_lpsm,138000.0,sb,pr,home,1U,1020.0,CRIF,512,CIB,to_inst,98.91304348,south,direct,20.0,0.7596899271011353
cf,nopre,type1,p3,l1,nopc,nob/c,316500,360.0,neg_amm,not_int,not_lpsm,378000.0,sb,pr,home,1U,4980.0,CRIF,798,EXP,to_inst,83.73015873,south,direct,45.0,0.4184100329875946
cf,nopre,type2,p1,l1,nopc,b/c,636500,360.0,neg_amm,not_int,not_lpsm,658000.0,sb,pr,home,1U,8820.0,CRIF,567,CIB,to_inst,96.7325228,south,direct,56.0,0.6186440587043762
cf,nopre,type1,p4,l1,nopc,nob/c,546500,360.0,neg_amm,not_int,not_lpsm,1728000.0,sb,pr,home,1U,8580.0,EXP,571,EXP,not_inst,31.62615741,south,direct,31.0,0.0861159935593605
cf,nopre,type1,p1,l2,nopc,nob/c,486500,360.0,not_neg,not_int,not_lpsm,548000.0,sb,pr,home,1U,20400.0,EXP,627,EXP,not_inst,88.77737226,south,direct,38.0,0.03435804694890976
cf,nopre,type1,p1,l1,nopc,nob/c,676500,360.0,not_neg,not_int,not_lpsm,758000.0,sb,pr,home,1U,8160.0,CRIF,502,CIB,not_inst,89.24802111,south,direct,42.0,0.0363101065158844
cf,nopre,type1,p3,l1,nopc,nob/c,386500,180.0,not_neg,int_only,not_lpsm,568000.0,sb,pr,home,1U,11100.0,CRIF,516,EXP,to_inst,68.04577465,south,direct,38.0,0.06420404464006424
cf,nopre,type1,p4,l1,nopc,nob/c,416500,360.0,not_neg,not_int,not_lpsm,538000.0,sb,pr,home,1U,6660.0,CRIF,643,CIB,not_inst,77.41635688,North,direct,31.0,0.03455149382352829
cf,nopre,type2,p3,l1,nopc,b/c,196500,360.0,not_neg,not_int,not_lpsm,238000.0,sb,pr,home,1U,4380.0,CRIF,789,CIB,to_inst,82.56302521,south,direct,60.0,0.1839258074760437
cf,nopre,type3,p3,l2,nopc,nob/c,426500,360.0,not_neg,not_int,not_lpsm,468000.0,sb,pr,home,1U,14460.0,EXP,684,CIB,to_inst,91.13247863,south,direct,5.0,0.14369073510169983
cf,nopre,type3,p1,l1,nopc,nob/c,346500,360.0,not_neg,not_int,not_lpsm,578000.0,sb,pr,home,1U,4980.0,EXP,524,CIB,not_inst,59.94809689,North,direct,41.0,0.06420404464006424
cf,pre,type1,p4,l1,nopc,nob/c,446500,360.0,not_neg,not_int,not_lpsm,858000.0,sb,pr,home,1U,7560.0,EXP,819,EXP,not_inst,52.03962704,North,direct,44.0,0.03455149382352829
cf,pre,type2,p1,l1,nopc,b/c,66500,360.0,not_neg,not_int,not_lpsm,68000.0,sb,pr,home,1U,2580.0,CRIF,691,CIB,to_inst,97.79411765,North,direct,52.0,0.14369073510169983
cf,nopre,type1,p3,l1,nopc,nob/c,406500,360.0,not_neg,not_int,not_lpsm,628000.0,sb,pr,home,1U,3660.0,CRIF,559,CIB,to_inst,64.72929936,North,direct,44.0,0.10782501846551895
cf,nopre,type1,p1,l1,nopc,nob/c,246500,360.0,not_neg,not_int,not_lpsm,498000.0,sb,pr,home,1U,3000.0,EXP,841,CIB,to_inst,49.49799197,central,direct,44.0,0.11089865863323212
cf,nopre,type3,p3,l1,nopc,nob/c,596500,360.0,not_neg,not_int,not_lpsm,578000.0,sb,pr,home,1U,3540.0,CIB,842,CIB,to_inst,103.200692,south,direct,54.0,0.9253731369972229
cf,nopre,type2,p4,l1,nopc,b/c,176500,360.0,not_neg,not_int,not_lpsm,188000.0,sb,pr,home,1U,4980.0,CIB,582,EXP,to_inst,93.88297872,south,direct,49.0,0.5
cf,nopre,type1,p4,l1,nopc,nob/c,236500,240.0,not_neg,not_int,not_lpsm,398000.0,sb,ir,home,1U,14940.0,CIB,882,CIB,to_inst,59.42211055,North,direct,31.0,0.0861159935593605
ncf,nopre,type1,p3,l2,opc,nob/c,206500,360.0,not_neg,int_only,not_lpsm,1378000.0,sb,pr,home,1U,6900.0,CIB,502,CIB,to_inst,14.98548621,North,direct,20.0,0.055727552622556686
cf,nopre,type1,p4,l1,nopc,nob/c,386500,360.0,neg_amm,not_int,not_lpsm,458000.0,sb,pr,home,1U,4980.0,CIB,566,CIB,not_inst,84.38864629,central,direct,47.0,0.14369073510169983
cf,nopre,type1,p3,l1,nopc,nob/c,226500,360.0,not_neg,not_int,not_lpsm,338000.0,sb,pr,home,1U,3600.0,CRIF,895,CIB,not_inst,67.01183432,North,direct,36.0,0.0363101065158844
cf,nopre,type1,p4,l1,nopc,nob/c,236500,180.0,not_neg,not_int,not_lpsm,558000.0,sb,pr,home,1U,4920.0,CIB,706,EXP,not_inst,42.38351254,south,direct,36.0,0.03455149382352829
cf,nopre,type1,p3,l2,nopc,nob/c,226500,360.0,not_neg,not_int,not_lpsm,308000.0,sb,pr,home,1U,4500.0,EXP,668,EXP,to_inst,73.53896104,North,direct,33.0,0.0363101065158844
cf,nopre,type1,p1,l1,nopc,nob/c,446500,360.0,not_neg,not_int,not_lpsm,668000.0,sb,ir,home,1U,86040.0,CIB,739,CIB,not_inst,66.84131737,North,direct,9.0,0.14369073510169983
cf,nopre,type1,p1,l1,nopc,nob/c,226500,360.0,not_neg,not_int,not_lpsm,258000.0,sb,pr,home,1U,3000.0,CIB,699,CIB,to_inst,87.79069767,North,direct,42.0,0.13636364042758942
cf,nopre,type1,p3,l1,nopc,nob/c,76500,360.0,not_neg,not_int,not_lpsm,158000.0,sb,pr,home,1U,1860.0,CRIF,773,CIB,to_inst,48.41772152,south,direct,44.0,0.11276596039533615
cf,pre,type1,p3,l1,nopc,nob/c,196500,240.0,not_neg,not_int,not_lpsm,428000.0,sb,pr,home,1U,4740.0,CIB,610,CIB,to_inst,45.91121495,North,direct,30.0,0.04065827652812004
cf,nopre,type1,p3,l1,nopc,nob/c,206500,360.0,not_neg,not_int,lpsm,408000.0,sb,pr,home,2U,2880.0,EXP,730,CIB,to_inst,50.6127451,central,direct,44.0,0.6666666865348816
cf,nopre,type1,p1,l1,nopc,nob/c,726500,360.0,not_neg,not_int,not_lpsm,928000.0,sb,pr,home,1U,11040.0,CIB,511,EXP,not_inst,78.28663793,North,direct,31.0,0.02139037474989891
cf,nopre,type1,p3,l1,nopc,nob/c,486500,360.0,not_neg,not_int,not_lpsm,658000.0,sb,pr,home,1U,7560.0,CRIF,818,EXP,not_inst,73.93617021,North,direct,44.0,0.03455149382352829
,nopre,type2,p1,l1,nopc,b/c,456500,360.0,not_neg,not_int,not_lpsm,478000.0,sb,pr,home,1U,4620.0,EXP,616,CIB,not_inst,95.50209205,North,direct,45.0,0.10782501846551895
cf,pre,type1,p3,l1,nopc,nob/c,96500,360.0,not_neg,not_int,not_lpsm,228000.0,sb,pr,home,1U,1680.0,CIB,537,CIB,not_inst,42.3245614,North,direct,41.0,0.0861159935593605
cf,nopre,type3,p3,l1,nopc,nob/c,216500,300.0,not_neg,not_int,not_lpsm,228000.0,sb,pr,home,1U,5340.0,EXP,652,CIB,to_inst,94.95614035,North,direct,23.0,0.14369073510169983
,nopre,type3,p3,l1,nopc,nob/c,206500,360.0,not_neg,not_int,not_lpsm,178000.0,sb,pr,home,1U,3360.0,CIB,559,EXP,to_inst,116.011236,south,direct,47.0,0.9869565367698669
cf,nopre,type1,p4,l1,nopc,nob/c,156500,360.0,not_neg,not_int,not_lpsm,218000.0,sb,ir,home,1U,6120.0,EXP,728,EXP,to_inst,71.78899083,North,direct,44.0,0.11089865863323212
cf,nopre,type1,p3,l1,nopc,nob/c,206500,180.0,not_neg,not_int,not_lpsm,368000.0,sb,pr,home,1U,6180.0,CRIF,837,EXP,to_inst,56.11413043,North,direct,24.0,0.04065827652812004
cf,pre,type2,p3,l1,nopc,b/c,206500,360.0,not_neg,not_int,not_lpsm,238000.0,sb,pr,home,1U,3300.0,CRIF,538,CIB,to_inst,86.76470588,North-East,direct,31.0,0.24460431933403015
cf,nopre,type1,p1,l1,nopc,nob/c,506500,360.0,not_neg,not_int,not_lpsm,588000.0,sb,pr,home,1U,7380.0,CRIF,546,CIB,not_inst,86.13945578,North,direct,35.0,0.03455149382352829
cf,,type1,p3,l1,nopc,nob/c,666500,360.0,not_neg,not_int,not_lpsm,1268000.0,sb,pr,home,1U,15360.0,CIB,767,EXP,not_inst,52.56309148,North,direct,24.0,0.02772643230855465
cf,nopre,type1,p1,l1,nopc,nob/c,186500,360.0,neg_amm,not_int,not_lpsm,208000.0,sb,pr,home,1U,3180.0,CIB,830,EXP,to_inst,89.66346154,North,direct,21.0,0.4883720874786377
cf,nopre,type1,p3,l1,nopc,nob/c,276500,360.0,not_neg,not_int,not_lpsm,588000.0,sb,pr,home,1U,4380.0,CIB,657,CIB,to_inst,47.02380952,North,direct,44.0,0.06420404464006424
cf,nopre,type1,p3,l1,nopc,nob/c,396500,360.0,not_neg,not_int,not_lpsm,538000.0,sb,pr,home,1U,4620.0,CIB,671,CIB,to_inst,73.69888476,North,direct,44.0,0.0861159935593605
cf,nopre,type1,p1,l1,nopc,nob/c,96500,360.0,not_neg,not_int,not_lpsm,108000.0,sb,sr,home,1U,5160.0,CIB,518,EXP,to_inst,89.35185185,North,direct,34.0,0.24460431933403015
cf,nopre,type1,p3,l1,nopc,nob/c,356500,180.0,neg_amm,not_int,not_lpsm,658000.0,sb,pr,home,1U,5340.0,EXP,812,CIB,to_inst,54.17933131,North,direct,47.0,0.24460431933403015
cf,nopre,type3,p1,l1,nopc,nob/c,286500,360.0,not_neg,not_int,not_lpsm,288000.0,sb,pr,home,1U,3360.0,CRIF,804,CIB,not_inst,99.47916667,North,direct,45.0,0.10782501846551895
cf,nopre,type1,p1,l1,nopc,nob/c,446500,360.0,not_neg,not_int,not_lpsm,528000.0,sb,pr,home,1U,7080.0,CRIF,839,EXP,not_inst,84.56439394,central,direct,48.0,0.05779334530234337
cf,pre,type1,p4,l1,nopc,nob/c,396500,360.0,not_neg,not_int,not_lpsm,538000.0,sb,pr,home,1U,11580.0,CIB,677,EXP,not_inst,73.69888476,central,direct,15.0,0.03435804694890976
cf,nopre,type1,p3,l1,nopc,nob/c,486500,360.0,not_neg,not_int,not_lpsm,658000.0,sb,pr,home,1U,5940.0,CIB,709,CIB,not_inst,73.93617021,south,direct,49.0,0.06420404464006424
cf,nopre,type1,p3,l1,nopc,nob/c,306500,180.0,not_neg,not_int,not_lpsm,388000.0,sb,pr,home,1U,7860.0,CRIF,781,EXP,to_inst,78.99484536,North,direct,41.0,0.06766917556524277
cf,pre,type1,p1,l1,nopc,nob/c,456500,360.0,not_neg,not_int,not_lpsm,478000.0,sb,pr,home,1U,12780.0,CIB,586,EXP,to_inst,95.50209205,south,direct,25.0,0.04065827652812004
cf,nopre,type2,p3,l1,nopc,b/c,216500,360.0,not_neg,not_int,not_lpsm,248000.0,sb,pr,home,1U,4200.0,EXP,807,EXP,to_inst,87.2983871,south,direct,48.0,0.1839258074760437
cf,nopre,type1,p1,l1,nopc,nob/c,346500,360.0,not_neg,not_int,not_lpsm,438000.0,sb,pr,home,1U,3960.0,CIB,726,CIB,not_inst,79.10958904,North,direct,48.0,0.05779334530234337
cf,nopre,type1,p3,l1,nopc,nob/c,146500,300.0,not_neg,not_int,not_lpsm,318000.0,sb,pr,home,1U,3420.0,EXP,754,CIB,to_inst,46.06918239,south,direct,24.0,0.0861159935593605
cf,nopre,type1,p3,l1,nopc,nob/c,166500,240.0,not_neg,not_int,not_lpsm,238000.0,sb,pr,home,1U,2820.0,CIB,501,CIB,to_inst,69.95798319,North,direct,37.0,0.059588298201560974
cf,nopre,type1,p3,l2,nopc,nob/c,96500,360.0,not_neg,not_int,not_lpsm,238000.0,sb,pr,home,1U,2640.0,CRIF,582,EXP,to_inst,40.54621849,North,direct,34.0,0.0363101065158844
cf,nopre,type1,p1,l1,nopc,nob/c,556500,360.0,not_neg,not_int,not_lpsm,578000.0,sb,pr,home,1U,7320.0,EXP,752,EXP,not_inst,96.28027682,North,direct,49.0,0.0861159935593605
cf,nopre,type1,p3,l1,nopc,nob/c,576500,360.0,not_neg,not_int,not_lpsm,848000.0,sb,pr,home,1U,8520.0,CRIF,699,EXP,not_inst,67.98349057,south,direct,37.0,0.02772643230855465
cf,nopre,type1,p3,l1,nopc,nob/c,146500,360.0,not_neg,not_int,not_lpsm,188000.0,sb,pr,home,1U,2940.0,CIB,606,CIB,to_inst,77.92553191,south,direct,30.0,0.11089865863323212
,nopre,type1,p1,l1,nopc,nob/c,116500,360.0,not_neg,not_int,not_lpsm,178000.0,sb,pr,home,1U,1380.0,CRIF,513,CIB,not_inst,65.4494382,North,direct,49.0,0.14369073510169983
ncf,nopre,type1,p1,l1,nopc,nob/c,1346500,360.0,neg_amm,not_int,not_lpsm,1988000.0,sb,pr,home,1U,16260.0,CIB,680,EXP,not_inst,67.73138833,North,direct,42.0,0.5
cf,nopre,type1,p4,l1,nopc,nob/c,286500,360.0,not_neg,not_int,not_lpsm,368000.0,sb,pr,home,1U,6120.0,EXP,731,CIB,not_inst,77.85326087,south,direct,37.0,0.0363101065158844
cf,nopre,type1,p4,l1,nopc,nob/c,106500,120.0,not_neg,not_int,not_lpsm,208000.0,sb,pr,home,1U,4680.0,EXP,520,CIB,to_inst,51.20192308,North,direct,32.0,0.06420404464006424
cf,nopre,type1,p1,l1,nopc,nob/c,596500,360.0,not_neg,not_int,not_lpsm,798000.0,sb,pr,home,1U,15480.0,EXP,706,EXP,not_inst,74.74937343,south,direct,36.0,0.027228116989135742
cf,nopre,type1,p3,l1,nopc,nob/c,356500,360.0,not_neg,not_int,not_lpsm,608000.0,sb,pr,home,1U,4980.0,EXP,557,CIB,not_inst,58.63486842,south,direct,36.0,0.0363101065158844
cf,nopre,type1,p4,l1,nopc,nob/c,246500,360.0,not_neg,not_int,not_lpsm,298000.0,sb,pr,home,1U,3120.0,EXP,852,CIB,to_inst,82.71812081,south,direct,49.0,0.24460431933403015
cf,nopre,type1,p3,l1,nopc,nob/c,206500,180.0,not_neg,not_int,not_lpsm,968000.0,sb,pr,home,1U,9240.0,CRIF,687,CIB,not_inst,21.33264463,North,direct,12.0,0.03455149382352829
cf,nopre,type3,p3,l1,nopc,nob/c,506500,360.0,neg_amm,int_only,not_lpsm,548000.0,sb,pr,home,1U,5580.0,EXP,529,CIB,not_inst,92.4270073,North,direct,41.0,0.0861159935593605
cf,nopre,type2,p1,l1,nopc,b/c,146500,360.0,not_neg,not_int,not_lpsm,158000.0,sb,pr,home,1U,3840.0,CRIF,803,CIB,to_inst,92.72151899,south,direct,60.0,0.24460431933403015
cf,nopre,type1,p4,l1,nopc,nob/c,506500,360.0,not_neg,not_int,not_lpsm,1218000.0,sb,pr,home,1U,7380.0,EXP,845,CIB,not_inst,41.58456486,North,direct,41.0,0.0363101065158844
cf,nopre,type1,p4,l1,nopc,nob/c,426500,360.0,not_neg,not_int,not_lpsm,588000.0,sb,pr,home,1U,7440.0,EXP,583,CIB,to_inst,72.53401361,south,direct,38.0,0.0861159935593605
ncf,nopre,type1,p3,l1,nopc,nob/c,136500,180.0,not_neg,not_int,not_lpsm,238000.0,sb,pr,home,1U,4080.0,CRIF,678,CIB,to_inst,57.35294118,south,direct,33.0,0.10782501846551895
cf,pre,type1,p3,l1,nopc,nob/c,376500,360.0,not_neg,not_int,not_lpsm,518000.0,sb,pr,home,1U,8580.0,CIB,809,CIB,not_inst,72.68339768,south,direct,44.0,0.0363101065158844
cf,nopre,type2,p3,l1,nopc,b/c,476500,360.0,neg_amm,not_int,not_lpsm,568000.0,sb,pr,home,1U,7200.0,CIB,540,EXP,to_inst,83.89084507,central,direct,40.0,0.4184100329875946
cf,nopre,type1,p3,l1,nopc,nob/c,156500,360.0,not_neg,not_int,not_lpsm,228000.0,sb,pr,home,1U,4920.0,CIB,608,CIB,to_inst,68.64035088,south,direct,19.0,0.11089865863323212
cf,nopre,type1,p3,l1,nopc,nob/c,126500,360.0,neg_amm,not_int,not_lpsm,268000.0,sb,pr,home,1U,2820.0,CIB,568,CIB,to_inst,47.20149254,North,direct,32.0,0.19203747808933258
cf,nopre,type1,p3,l1,nopc,nob/c,386500,360.0,not_neg,not_int,not_lpsm,728000.0,sb,pr,home,1U,4680.0,CIB,713,CIB,to_inst,53.09065934,south,direct,40.0,0.0861159935593605
cf,nopre,type1,p3,l1,nopc,nob/c,126500,360.0,neg_amm,not_int,not_lpsm,158000.0,sb,pr,home,1U,3120.0,CIB,787,CIB,to_inst,80.06329114,North,direct,42.0,0.24460431933403015
cf,nopre,type1,p4,l1,nopc,nob/c,176500,180.0,not_neg,not_int,not_lpsm,248000.0,sb,pr,home,1U,3840.0,CRIF,545,CIB,to_inst,71.16935484,south,direct,30.0,0.10782501846551895
cf,nopre,type2,p4,l1,nopc,b/c,276500,360.0,not_neg,not_int,not_lpsm,308000.0,sb,pr,home,1U,4140.0,EXP,505,CIB,not_inst,89.77272727,North,direct,59.0,0.24460431933403015
cf,nopre,type1,p4,l1,nopc,nob/c,156500,360.0,not_neg,not_int,not_lpsm,198000.0,sb,pr,home,1U,3840.0,CRIF,584,EXP,to_inst,79.04040404,North,direct,48.0,0.11089865863323212
cf,nopre,type1,p3,l1,nopc,nob/c,706500,360.0,not_neg,not_int,not_lpsm,1238000.0,sb,pr,home,1U,10440.0,CRIF,875,EXP,not_inst,57.06785137,south,direct,40.0,0.03455149382352829
cf,nopre,type1,p4,l1,nopc,nob/c,146500,360.0,not_neg,not_int,not_lpsm,218000.0,sb,pr,home,1U,4920.0,CRIF,565,EXP,to_inst,67.20183486,North,direct,37.0,0.055727552622556686
cf,nopre,type2,p4,l1,nopc,b/c,236500,360.0,not_neg,not_int,not_lpsm,278000.0,sb,pr,home,1U,17040.0,CRIF,512,EXP,to_inst,85.07194245,North,direct,45.0,0.14369073510169983
,nopre,type1,p3,l1,nopc,nob/c,146500,240.0,not_neg,not_int,not_lpsm,178000.0,sb,pr,home,1U,3600.0,CIB,784,CIB,to_inst,82.30337079,south,direct,32.0,0.11276596039533615
cf,pre,type1,p1,l1,nopc,nob/c,116500,360.0,not_neg,not_int,not_lpsm,118000.0,sb,pr,home,1U,2400.0,CIB,708,CIB,to_inst,98.72881356,south,direct,36.0,0.11089865863323212
cf,nopre,type1,p1,l1,nopc,nob/c,166500,360.0,not_neg,not_int,not_lpsm,208000.0,sb,sr,home,1U,5640.0,EXP,585,CIB,to_inst,80.04807692,south,direct,48.0,0.16867469251155853
cf,nopre,type2,p4,l1,nopc,b/c,316500,360.0,not_neg,not_int,not_lpsm,388000.0,sb,pr,home,1U,5880.0,EXP,640,CIB,not_inst,81.57216495,south,direct,45.0,0.10782501846551895
cf,nopre,type1,p4,l1,nopc,nob/c,126500,180.0,not_neg,not_int,not_lpsm,278000.0,sb,pr,home,1U,3000.0,CIB,659,EXP,to_inst,45.50359712,North,direct,30.0,0.06420404464006424
ncf,nopre,type2,p3,l1,nopc,b/c,556500,360.0,not_neg,not_int,not_lpsm,688000.0,sb,pr,home,1U,7440.0,CIB,848,CIB,to_inst,80.88662791,North,direct,36.0,0.4883720874786377
cf,nopre,type1,p1,l1,nopc,nob/c,306500,360.0,not_neg,not_int,not_lpsm,408000.0,sb,pr,home,1U,11700.0,CIB,751,CIB,not_inst,75.12254902,south,direct,11.0,0.04065827652812004
cf,nopre,type1,p1,l1,nopc,nob/c,276500,360.0,not_neg,not_int,not_lpsm,348000.0,sb,pr,home,1U,2460.0,CIB,560,CIB,not_inst,79.45402299,south,direct,49.0,0.11089865863323212
cf,pre,type1,p4,l1,nopc,nob/c,306500,360.0,not_neg,not_int,not_lpsm,408000.0,sb,ir,home,1U,8940.0,CIB,720,EXP,not_inst,75.12254902,North,direct,38.0,0.04065827652812004
cf,nopre,type1,p4,l2,nopc,nob/c,136500,360.0,not_neg,not_int,not_lpsm,188000.0,sb,pr,home,1U,3240.0,EXP,608,CIB,to_inst,72.60638298,North,direct,39.0,0.06420404464006424
cf,nopre,type1,p1,l1,nopc,nob/c,476500,360.0,not_neg,not_int,not_lpsm,538000.0,sb,pr,home,1U,8040.0,CIB,639,EXP,not_inst,88.56877323,North,direct,34.0,0.03435804694890976
cf,nopre,type1,p4,l1,nopc,nob/c,296500,360.0,not_neg,not_int,not_lpsm,328000.0,sb,pr,home,1U,4980.0,EXP,579,EXP,to_inst,90.39634146,south,direct,44.0,0.24460431933403015
cf,nopre,type1,p1,l1,nopc,nob/c,306500,360.0,not_neg,not_int,not_lpsm,808000.0,sb,pr,home,1U,4380.0,EXP,591,EXP,to_inst,37.93316832,south,direct,49.0,0.11089865863323212
cf,nopre,type2,p3,l1,nopc,b/c,96500,180.0,not_neg,not_int,not_lpsm,148000.0,sb,pr,home,1U,3180.0,EXP,772,EXP,to_inst,65.2027027,south,direct,21.0,0.11276596039533615
cf,nopre,type2,p3,l1,nopc,b/c,146500,180.0,not_neg,not_int,not_lpsm,188000.0,sb,pr,home,1U,5820.0,CIB,538,CIB,to_inst,77.92553191,central,direct,50.0,0.23026315867900848
cf,nopre,type1,p1,l1,nopc,nob/c,596500,360.0,not_neg,not_int,not_lpsm,668000.0,sb,pr,home,1U,7980.0,EXP,565,EXP,not_inst,89.29640719,south,direct,38.0,0.03455149382352829
cf,nopre,type1,p4,l1,nopc,nob/c,166500,360.0,not_neg,not_int,not_lpsm,328000.0,sb,pr,home,1U,2640.0,EXP,504,EXP,to_inst,50.76219512,North,direct,35.0,0.0861159935593605
cf,nopre,type2,p3,l1,nopc,b/c,116500,360.0,not_neg,not_int,not_lpsm,138000.0,sb,pr,home,1U,3180.0,EXP,710,EXP,to_inst,84.42028986,North,direct,45.0,0.14369073510169983
cf,nopre,type1,p4,l1,nopc,nob/c,266500,360.0,not_neg,int_only,not_lpsm,348000.0,sb,pr,home,1U,6600.0,CRIF,577,EXP,to_inst,76.58045977,North,direct,42.0,0.09523189067840576
cf,,type1,p4,l1,nopc,nob/c,456500,360.0,not_neg,int_only,not_lpsm,658000.0,sb,pr,home,1U,11220.0,EXP,571,EXP,to_inst,69.3768997,North,direct,35.0,0.059588298201560974
cf,nopre,type1,p4,l1,nopc,nob/c,436500,324.0,not_neg,not_int,not_lpsm,588000.0,sb,pr,home,1U,12300.0,CRIF,643,EXP,to_inst,74.23469388,North,direct,29.0,0.03455149382352829
cf,nopre,type1,p3,l1,nopc,nob/c,266500,360.0,not_neg,not_int,not_lpsm,498000.0,sb,pr,home,1U,7020.0,CRIF,535,EXP,to_inst,53.51405622,North,direct,38.0,0.0363101065158844
cf,nopre,type1,p4,l1,nopc,nob/c,396500,360.0,not_neg,not_int,not_lpsm,518000.0,sb,pr,home,1U,7200.0,CRIF,849,CIB,to_inst,76.54440154,south,direct,34.0,0.10782501846551895
cf,nopre,type1,p4,l1,nopc,nob/c,326500,360.0,not_neg,not_int,not_lpsm,468000.0,sb,pr,home,1U,5340.0,CRIF,683,EXP,to_inst,69.76495726,south,direct,32.0,0.05779334530234337
cf,nopre,type1,p4,l1,nopc,nob/c,416500,180.0,not_neg,not_int,not_lpsm,928000.0,sb,pr,home,1U,32160.0,CRIF,714,CIB,to_inst,44.88146552,south,direct,11.0,0.11089865863323212
cf,pre,type1,p3,l1,nopc,nob/c,126500,144.0,not_neg,not_int,not_lpsm,198000.0,sb,pr,home,1U,9360.0,CIB,511,EXP,to_inst,63.88888889,North,direct,20.0,0.03455149382352829
cf,nopre,type1,p3,l2,nopc,nob/c,286500,360.0,not_neg,not_int,not_lpsm,398000.0,sb,pr,home,1U,5040.0,CRIF,747,EXP,not_inst,71.98492462,North,direct,48.0,0.0363101065158844
cf,nopre,type1,p3,l1,nopc,nob/c,226500,360.0,not_neg,not_int,not_lpsm,288000.0,sb,pr,home,1U,6960.0,CIB,513,CIB,to_inst,78.64583333,south,direct,22.0,0.0861159935593605
cf,nopre,type2,p3,l1,nopc,b/c,366500,360.0,not_neg,not_int,not_lpsm,428000.0,sb,pr,home,1U,6240.0,CIB,603,EXP,to_inst,85.63084112,south,direct,60.0,0.16867469251155853
cf,nopre,type1,p4,l1,nopc,nob/c,476500,360.0,not_neg,not_int,not_lpsm,708000.0,sb,pr,home,1U,7320.0,CIB,506,CIB,to_inst,67.30225989,North,direct,38.0,0.04065827652812004
cf,nopre,type1,p3,l1,nopc,nob/c,106500,360.0,not_neg,not_int,not_lpsm,328000.0,sb,pr,home,1U,1440.0,CIB,739,CIB,to_inst,32.4695122,North,direct,44.0,0.14369073510169983
cf,nopre,type2,p4,l1,nopc,b/c,216500,360.0,not_neg,not_int,not_lpsm,258000.0,sb,pr,home,1U,4920.0,CRIF,698,EXP,to_inst,83.91472868,North,direct,60.0,0.24460431933403015
cf,pre,type1,p4,l1,nopc,nob/c,356500,360.0,not_neg,not_int,not_lpsm,408000.0,sb,pr,home,1U,4320.0,CIB,802,EXP,not_inst,87.37745098,North,direct,47.0,0.06420404464006424
cf,nopre,type1,p3,l1,nopc,nob/c,326500,360.0,not_neg,not_int,not_lpsm,428000.0,sb,pr,home,1U,5220.0,CIB,842,EXP,to_inst,76.28504673,south,direct,47.0,0.10782501846551895
cf,nopre,type1,p4,l1,nopc,nob/c,156500,180.0,neg_amm,not_int,not_lpsm,458000.0,sb,pr,home,1U,5400.0,CIB,541,CIB,to_inst,34.17030568,North,direct,20.0,0.3415384590625763
cf,pre,type1,p4,l1,nopc,nob/c,286500,360.0,not_neg,not_int,not_lpsm,498000.0,sb,pr,home,1U,3000.0,CIB,610,EXP,not_inst,57.53012048,North,direct,47.0,0.06420404464006424
ncf,pre,type2,p1,l1,nopc,b/c,226500,360.0,not_neg,not_int,not_lpsm,228000.0,sb,pr,home,1U,5400.0,CIB,732,EXP,not_inst,99.34210526,North,direct,44.0,0.10782501846551895
cf,pre,type1,p4,l1,nopc,nob/c,96500,240.0,not_neg,not_int,not_lpsm,128000.0,sb,pr,home,1U,4200.0,CIB,670,EXP,to_inst,75.390625,south,direct,40.0,0.06766917556524277
cf,nopre,type1,p3,l1,nopc,nob/c,406500,360.0,not_neg,not_int,lpsm,608000.0,sb,pr,home,1U,7680.0,CIB,659,EXP,not_inst,66.85855263,central,direct,31.0,0.2857142984867096
,nopre,type3,p3,l1,nopc,nob/c,326500,360.0,not_neg,not_int,not_lpsm,468000.0,sb,pr,home,1U,7260.0,CRIF,728,CIB,to_inst,69.76495726,North,direct,28.0,0.0861159935593605
ncf,nopre,type1,p4,l1,nopc,nob/c,406500,300.0,not_neg,not_int,not_lpsm,548000.0,sb,pr,home,1U,8520.0,CIB,667,CIB,not_inst,74.17883212,south,direct,40.0,0.03455149382352829
cf,nopre,type1,p4,l1,nopc,nob/c,406500,360.0,not_neg,not_int,not_lpsm,558000.0,sb,pr,home,1U,7200.0,CRIF,800,CIB,not_inst,72.84946237,North,direct,49.0,0.04065827652812004
ncf,nopre,type1,p4,l1,nopc,nob/c,656500,360.0,not_neg,not_int,not_lpsm,1048000.0,sb,pr,home,1U,10920.0,CRIF,518,EXP,not_inst,62.64312977,North,direct,40.0,0.05779334530234337
cf,nopre,type1,p1,l2,nopc,nob/c,566500,360.0,not_neg,not_int,not_lpsm,638000.0,sb,pr,home,1U,6360.0,CIB,606,EXP,not_inst,88.79310345,south,direct,49.0,0.02772643230855465
cf,nopre,type2,p3,l1,nopc,b/c,376500,360.0,not_neg,not_int,not_lpsm,468000.0,sb,pr,home,1U,6960.0,CIB,698,CIB,to_inst,80.44871795,North,direct,42.0,0.11089865863323212
cf,nopre,type1,p4,l1,nopc,nob/c,276500,360.0,not_neg,not_int,not_lpsm,318000.0,sb,pr,home,1U,4200.0,CRIF,677,CIB,to_inst,86.94968553,North,direct,49.0,0.19203747808933258
cf,pre,type1,p3,l1,nopc,nob/c,206500,180.0,not_neg,not_int,not_lpsm,228000.0,sb,pr,home,1U,7260.0,CRIF,601,CIB,to_inst,90.57017544,North,direct,38.0,0.6666666865348816
cf,pre,type1,p1,l1,nopc,nob/c,226500,360.0,not_neg,not_int,not_lpsm,288000.0,sb,pr,home,1U,3540.0,CRIF,738,CIB,to_inst,78.64583333,North,direct,45.0,0.059588298201560974
cf,nopre,type1,p3,l1,nopc,nob/c,226500,360.0,not_neg,not_int,not_lpsm,468000.0,sb,pr,home,1U,4380.0,EXP,691,CIB,to_inst,48.3974359,south,direct,36.0,0.0861159935593605
ncf,nopre,type1,p4,l1,nopc,nob/c,566500,360.0,not_neg,not_int,not_lpsm,758000.0,sb,pr,home,1U,15660.0,CRIF,875,EXP,not_inst,74.73614776,North,direct,29.0,0.0363101065158844
cf,pre,type1,p1,l1,nopc,nob/c,166500,360.0,not_neg,not_int,not_lpsm,178000.0,sb,pr,home,1U,1860.0,CRIF,644,CIB,to_inst,93.53932584,North,direct,49.0,0.10782501846551895
cf,nopre,type1,p3,l1,nopc,nob/c,316500,360.0,not_neg,not_int,not_lpsm,648000.0,sb,pr,home,1U,4140.0,CIB,569,EXP,to_inst,48.84259259,south,direct,31.0,0.06766917556524277
cf,nopre,type1,p3,l1,nopc,nob/c,206500,240.0,not_neg,not_int,not_lpsm,348000.0,sb,ir,home,1U,7380.0,CIB,593,CIB,to_inst,59.33908046,south,direct,38.0,0.1034482792019844
ncf,nopre,type1,p4,l1,nopc,nob/c,566500,360.0,not_neg,not_int,not_lpsm,828000.0,sb,pr,home,1U,11520.0,CIB,671,EXP,not_inst,68.4178744,North,direct,30.0,0.0363101065158844
cf,nopre,type1,p3,l1,nopc,nob/c,346500,336.0,not_neg,not_int,not_lpsm,508000.0,sb,pr,home,1U,5220.0,EXP,530,CIB,to_inst,68.20866142,south,direct,37.0,0.06420404464006424
cf,nopre,type1,p3,l2,nopc,nob/c,256500,360.0,not_neg,not_int,not_lpsm,428000.0,sb,pr,home,1U,8160.0,EXP,723,EXP,to_inst,59.92990654,south,direct,39.0,0.03455149382352829
cf,nopre,type3,p1,l1,nopc,nob/c,326500,360.0,not_neg,not_int,not_lpsm,318000.0,sb,pr,home,1U,6480.0,CRIF,621,EXP,not_inst,102.672956,south,direct,28.0,0.059588298201560974
cf,nopre,type1,p3,l1,nopc,nob/c,456500,360.0,not_neg,not_int,not_lpsm,1198000.0,sb,pr,home,1U,6960.0,CIB,877,EXP,to_inst,38.10517529,central,direct,44.0,0.11089865863323212
cf,nopre,type1,p4,l1,nopc,nob/c,416500,360.0,not_neg,not_int,not_lpsm,648000.0,sb,pr,home,1U,9600.0,CIB,507,CIB,to_inst,64.27469136,south,direct,30.0,0.055727552622556686
ncf,nopre,type1,p4,l1,nopc,nob/c,676500,360.0,not_neg,not_int,not_lpsm,938000.0,sb,pr,home,1U,24780.0,CIB,648,EXP,not_inst,72.12153518,south,direct,23.0,0.055727552622556686
cf,nopre,type1,p1,l1,nopc,nob/c,176500,360.0,neg_amm,not_int,not_lpsm,188000.0,sb,pr,home,1U,2940.0,EXP,859,CIB,to_inst,93.88297872,North,direct,40.0,0.3415384590625763
,nopre,type3,p1,l1,nopc,nob/c,66500,360.0,not_neg,not_int,not_lpsm,78000.0,sb,pr,home,1U,1140.0,CRIF,734,CIB,to_inst,85.25641026,central,direct,45.0,0.3415384590625763
cf,nopre,type1,p3,l1,nopc,nob/c,206500,240.0,not_neg,not_int,not_lpsm,268000.0,sb,pr,home,1U,3540.0,CRIF,694,CIB,to_inst,77.05223881,south,direct,38.0,0.10782501846551895
cf,nopre,type1,p1,l1,nopc,nob/c,546500,360.0,not_neg,not_int,not_lpsm,688000.0,sb,pr,home,1U,7200.0,CIB,739,CIB,not_inst,79.43313953,North,direct,42.0,0.03455149382352829
cf,nopre,type1,p3,l1,nopc,nob/c,436500,360.0,not_neg,not_int,not_lpsm,638000.0,sb,pr,home,1U,4080.0,EXP,631,CIB,to_inst,68.4169279,south,direct,58.0,0.7368420958518982
cf,nopre,type1,p4,l1,nopc,nob/c,476500,348.0,not_neg,not_int,not_lpsm,758000.0,sb,pr,home,1U,5460.0,CIB,609,CIB,not_inst,62.86279683,south,direct,39.0,0.03455149382352829
,nopre,type1,p1,l1,nopc,nob/c,386500,360.0,not_neg,not_int,not_lpsm,518000.0,sb,ir,home,1U,8820.0,CIB,862,CIB,not_inst,74.61389961,south,direct,46.0,0.04065827652812004
cf,nopre,type1,p3,l1,nopc,nob/c,206500,360.0,not_neg,not_int,not_lpsm,458000.0,sb,pr,home,1U,9240.0,EXP,614,EXP,to_inst,45.08733624,North,direct,17.0,0.0363101065158844
cf,nopre,type1,p3,l1,nopc,nob/c,216500,360.0,not_neg,not_int,not_lpsm,328000.0,sb,pr,home,1U,4020.0,CRIF,560,EXP,to_inst,66.00609756,south,direct,47.0,0.10782501846551895
cf,nopre,type1,p4,l1,nopc,nob/c,316500,120.0,not_neg,not_int,not_lpsm,658000.0,sb,pr,home,1U,20100.0,CIB,544,CIB,not_inst,48.10030395,North,direct,14.0,0.03455149382352829
cf,nopre,type1,p4,l1,nopc,nob/c,376500,360.0,not_neg,not_int,not_lpsm,648000.0,sb,pr,home,1U,6180.0,CIB,631,EXP,not_inst,58.10185185,south,direct,34.0,0.03435804694890976
cf,pre,type1,p3,l1,nopc,nob/c,516500,360.0,not_neg,not_int,not_lpsm,678000.0,sb,pr,home,1U,7800.0,CRIF,768,CIB,to_inst,76.179941,south,direct,42.0,0.14369073510169983
cf,nopre,type1,p4,l1,nopc,nob/c,476500,360.0,not_neg,not_int,not_lpsm,708000.0,sb,pr,home,1U,9660.0,CRIF,540,EXP,not_inst,67.30225989,North,direct,38.0,0.02139037474989891
cf,nopre,type1,p4,l1,nopc,nob/c,206500,360.0,not_neg,int_only,not_lpsm,338000.0,sb,pr,home,1U,3480.0,CRIF,639,EXP,not_inst,61.09467456,North,direct,46.0,0.0861159935593605
cf,nopre,type2,p3,l1,nopc,b/c,66500,300.0,not_neg,not_int,not_lpsm,88000.0,sb,pr,home,1U,2220.0,CRIF,735,CIB,to_inst,75.56818182,North,direct,37.0,0.1839258074760437
cf,nopre,type1,p4,l1,nopc,nob/c,376500,360.0,not_neg,not_int,not_lpsm,498000.0,sb,pr,home,1U,3900.0,CIB,852,CIB,not_inst,75.60240964,North,direct,41.0,0.05779334530234337
cf,nopre,type1,p3,l1,nopc,nob/c,116500,180.0,not_neg,not_int,not_lpsm,308000.0,sb,pr,home,1U,2820.0,CRIF,505,CIB,to_inst,37.82467532,North,direct,21.0,0.11089865863323212
cf,nopre,type1,p4,l1,nopc,nob/c,276500,360.0,not_neg,not_int,not_lpsm,348000.0,sb,pr,home,1U,8280.0,EXP,501,EXP,to_inst,79.45402299,south,direct,31.0,0.055727552622556686
cf,nopre,type1,p4,l1,nopc,nob/c,696500,240.0,not_neg,not_int,not_lpsm,978000.0,sb,pr,home,1U,24540.0,EXP,889,EXP,not_inst,71.21676892,North,direct,8.0,0.05779334530234337
cf,nopre,type1,p3,l1,nopc,nob/c,236500,360.0,not_neg,not_int,not_lpsm,318000.0,sb,pr,home,1U,3000.0,CIB,848,EXP,to_inst,74.37106918,North,direct,42.0,0.06420404464006424
cf,pre,type1,p3,l1,nopc,nob/c,466500,180.0,not_neg,not_int,not_lpsm,578000.0,sb,pr,home,1U,14100.0,EXP,544,EXP,to_inst,80.70934256,North-East,direct,38.0,0.11089865863323212
cf,nopre,type1,p3,l1,nopc,nob/c,256500,240.0,not_neg,not_int,not_lpsm,368000.0,sb,pr,home,1U,4560.0,CRIF,512,EXP,not_inst,69.70108696,North,direct,48.0,0.06420404464006424
cf,pre,type2,p1,l1,nopc,b/c,286500,360.0,not_neg,not_int,not_lpsm,288000.0,sb,pr,home,1U,4440.0,CRIF,828,CIB,to_inst,99.47916667,North,direct,55.0,0.10144927352666855
cf,nopre,type1,p1,l1,nopc,nob/c,616500,360.0,not_neg,not_int,not_lpsm,648000.0,sb,pr,home,1U,8220.0,CIB,564,EXP,to_inst,95.13888889,North,direct,43.0,0.11089865863323212
cf,nopre,type1,p1,l1,nopc,nob/c,356500,360.0,not_neg,not_int,not_lpsm,368000.0,sb,pr,home,1U,10740.0,EXP,763,EXP,not_inst,96.875,North,direct,42.0,0.06420404464006424
cf,nopre,type1,p4,l1,nopc,nob/c,286500,360.0,not_neg,not_int,not_lpsm,458000.0,sb,pr,home,1U,2760.0,EXP,662,CIB,not_inst,62.55458515,North,direct,47.0,0.0861159935593605
cf,nopre,type1,p4,l1,nopc,nob/c,646500,360.0,not_neg,not_int,not_lpsm,868000.0,sb,pr,home,1U,7440.0,EXP,561,CIB,not_inst,74.48156682,North,direct,39.0,0.04065827652812004
cf,pre,type1,p1,l1,nopc,nob/c,226500,360.0,not_neg,not_int,not_lpsm,428000.0,sb,pr,home,1U,4380.0,EXP,638,CIB,to_inst,52.92056075,North,direct,37.0,0.05779334530234337
cf,nopre,type2,p3,l1,nopc,b/c,186500,360.0,not_neg,not_int,not_lpsm,258000.0,sb,pr,home,1U,1980.0,EXP,888,CIB,to_inst,72.28682171,south,direct,59.0,0.3913043439388275
cf,nopre,type1,p3,l1,nopc,nob/c,386500,360.0,not_neg,not_int,not_lpsm,658000.0,sb,pr,home,1U,5160.0,EXP,515,EXP,to_inst,58.73860182,south,direct,42.0,0.06420404464006424
cf,pre,type3,p3,l1,nopc,nob/c,166500,360.0,neg_amm,not_int,not_lpsm,188000.0,sb,pr,home,1U,3660.0,EXP,623,CIB,to_inst,88.56382979,North,direct,26.0,0.24460431933403015
cf,pre,type2,p3,l1,nopc,b/c,196500,360.0,not_neg,not_int,not_lpsm,238000.0,sb,pr,home,1U,4920.0,EXP,584,CIB,to_inst,82.56302521,central,direct,57.0,0.19203747808933258
cf,nopre,type1,p4,l1,nopc,nob/c,596500,360.0,not_neg,not_int,not_lpsm,1008000.0,sb,pr,home,1U,33240.0,CIB,898,CIB,not_inst,59.1765873,North,direct,27.0,0.03455149382352829
cf,nopre,type1,p4,l1,nopc,nob/c,546500,360.0,not_neg,not_int,lpsm,808000.0,sb,pr,home,1U,7800.0,CIB,704,CIB,not_inst,67.63613861,North,direct,40.0,0.3415384590625763
cf,pre,type1,p3,l1,nopc,nob/c,366500,180.0,not_neg,not_int,not_lpsm,468000.0,sb,pr,home,1U,9840.0,CIB,519,CIB,to_inst,78.31196581,North,direct,39.0,0.0861159935593605
cf,pre,type1,p3,l1,nopc,nob/c,106500,180.0,not_neg,not_int,not_lpsm,168000.0,sb,pr,home,1U,3900.0,CIB,880,CIB,to_inst,63.39285714,south,direct,9.0,0.14369073510169983
cf,pre,type2,p4,l1,nopc,b/c,116500,180.0,not_neg,not_int,not_lpsm,268000.0,sb,pr,home,1U,3600.0,CIB,595,CIB,to_inst,43.47014925,North,direct,20.0,0.24460431933403015
cf,nopre,type1,p1,l1,nopc,nob/c,486500,360.0,not_neg,not_int,not_lpsm,808000.0,sb,pr,home,1U,15600.0,EXP,832,CIB,not_inst,60.21039604,North,direct,30.0,0.02139037474989891
cf,nopre,type1,p4,l1,nopc,nob/c,456500,360.0,not_neg,not_int,not_lpsm,728000.0,sb,pr,home,1U,12540.0,EXP,792,CIB,not_inst,62.70604396,North,direct,16.0,0.0363101065158844
cf,pre,type1,p1,l1,nopc,nob/c,86500,360.0,not_neg,not_int,not_lpsm,188000.0,sb,pr,home,1U,1920.0,CIB,621,CIB,to_inst,46.0106383,North,direct,41.0,0.0861159935593605
cf,nopre,type1,p4,l1,nopc,nob/c,286500,360.0,not_neg,not_int,not_lpsm,478000.0,sb,pr,home,1U,5160.0,CIB,631,CIB,to_inst,59.93723849,south,direct,37.0,0.06420404464006424
cf,nopre,type1,p4,l1,nopc,nob/c,266500,360.0,not_neg,not_int,not_lpsm,308000.0,sb,pr,home,1U,10020.0,CIB,694,EXP,to_inst,86.52597403,south,direct,25.0,0.11089865863323212
cf,nopre,type3,p3,l1,nopc,nob/c,556500,360.0,not_neg,not_int,not_lpsm,738000.0,sb,pr,home,1U,8100.0,CRIF,593,EXP,not_inst,75.40650407,south,direct,37.0,0.02772643230855465
cf,nopre,type1,p4,l1,nopc,nob/c,216500,360.0,not_neg,not_int,not_lpsm,428000.0,sb,ir,home,1U,3120.0,CRIF,713,CIB,not_inst,50.58411215,south,direct,36.0,0.11089865863323212
cf,nopre,type1,p3,l1,nopc,nob/c,156500,360.0,not_neg,not_int,not_lpsm,298000.0,sb,pr,home,1U,2520.0,CRIF,526,CIB,to_inst,52.51677852,North,direct,53.0,0.6666666865348816
cf,,type2,p3,l1,nopc,b/c,96500,360.0,not_neg,int_only,not_lpsm,138000.0,sb,pr,home,1U,5040.0,CIB,847,CIB,to_inst,69.92753623,North,direct,23.0,0.11089865863323212
ncf,nopre,type1,p4,l2,nopc,nob/c,686500,360.0,not_neg,not_int,not_lpsm,918000.0,sb,pr,home,1U,12180.0,CRIF,581,EXP,not_inst,74.78213508,North,direct,36.0,0.059588298201560974
cf,nopre,type1,p4,l1,nopc,nob/c,646500,360.0,not_neg,not_int,not_lpsm,1028000.0,sb,pr,home,1U,12780.0,CRIF,772,EXP,to_inst,62.88910506,central,direct,36.0,0.05779334530234337
cf,nopre,type1,p3,l1,nopc,nob/c,286500,360.0,not_neg,not_int,not_lpsm,378000.0,sb,pr,home,1U,8340.0,CIB,724,EXP,to_inst,75.79365079,south,direct,39.0,0.059588298201560974
cf,nopre,type1,p4,l1,nopc,nob/c,436500,360.0,neg_amm,not_int,not_lpsm,558000.0,sb,pr,home,1U,6660.0,EXP,838,EXP,to_inst,78.22580645,south,direct,38.0,0.1839258074760437
cf,nopre,type1,p2,l1,nopc,nob/c,136500,360.0,neg_amm,not_int,not_lpsm,268000.0,sb,pr,home,1U,4680.0,EXP,568,CIB,to_inst,50.93283582,North,direct,26.0,0.3913043439388275
cf,nopre,type1,p1,l1,nopc,nob/c,216500,360.0,neg_amm,not_int,not_lpsm,238000.0,sb,sr,home,1U,20520.0,EXP,676,EXP,to_inst,90.96638655,south,direct,25.0,0.3415384590625763
cf,nopre,type1,p3,l1,nopc,nob/c,506500,360.0,not_neg,not_int,not_lpsm,708000.0,sb,pr,home,1U,7740.0,EXP,781,EXP,to_inst,71.53954802,south,direct,23.0,0.06766917556524277
cf,nopre,type1,p3,l1,nopc,nob/c,296500,360.0,not_neg,not_int,not_lpsm,358000.0,sb,pr,home,1U,3420.0,EXP,555,CIB,to_inst,82.82122905,south,direct,45.0,0.23026315867900848
cf,nopre,type1,p3,l1,nopc,nob/c,416500,360.0,not_neg,not_int,not_lpsm,728000.0,sb,pr,home,1U,6300.0,CIB,665,CIB,not_inst,57.21153846,south,direct,47.0,0.04065827652812004
cf,nopre,type1,p4,l1,nopc,nob/c,556500,360.0,not_neg,not_int,not_lpsm,998000.0,sb,pr,home,1U,12900.0,EXP,680,EXP,to_inst,55.76152305,south,direct,32.0,0.059588298201560974
cf,nopre,type1,p3,l1,nopc,nob/c,716500,360.0,not_neg,not_int,not_lpsm,1308000.0,sb,pr,home,1U,8760.0,CRIF,520,EXP,not_inst,54.77828746,south,direct,42.0,0.03455149382352829
cf,pre,type2,p3,l1,nopc,b/c,446500,360.0,not_neg,not_int,not_lpsm,488000.0,sb,pr,home,1U,6900.0,EXP,806,EXP,to_inst,91.49590164,south,direct,39.0,0.6186440587043762
cf,nopre,type1,p3,l1,nopc,nob/c,236500,360.0,not_neg,not_int,not_lpsm,298000.0,sb,pr,home,1U,4020.0,EXP,772,CIB,not_inst,79.36241611,North,direct,40.0,0.05779334530234337
cf,nopre,type2,p1,l1,nopc,b/c,196500,360.0,not_neg,not_int,not_lpsm,198000.0,sb,pr,home,2U,2460.0,CIB,878,CIB,not_inst,99.24242424,North,direct,45.0,0.19203747808933258
cf,nopre,type1,p3,l1,nopc,nob/c,166500,180.0,not_neg,not_int,not_lpsm,318000.0,sb,pr,home,1U,8100.0,EXP,732,EXP,to_inst,52.35849057,south,direct,30.0,0.0363101065158844
cf,nopre,type1,p4,l1,nopc,nob/c,516500,360.0,not_neg,not_int,not_lpsm,868000.0,sb,pr,home,1U,8880.0,CIB,660,CIB,not_inst,59.50460829,south,direct,34.0,0.03435804694890976
,nopre,type1,p3,l1,nopc,nob/c,406500,360.0,not_neg,not_int,not_lpsm,1508000.0,sb,pr,home,1U,6540.0,CRIF,775,EXP,not_inst,26.95623342,south,direct,28.0,0.02772643230855465
cf,nopre,type1,p4,l1,nopc,nob/c,256500,360.0,not_neg,not_int,not_lpsm,298000.0,sb,pr,home,1U,3960.0,CRIF,642,CIB,to_inst,86.0738255,south,direct,41.0,0.16867469251155853
cf,nopre,type1,p3,l1,nopc,nob/c,256500,360.0,not_neg,int_only,not_lpsm,318000.0,sb,pr,home,1U,4740.0,CRIF,547,EXP,to_inst,80.66037736,North,direct,45.0,0.11276596039533615
ncf,nopre,type1,p4,l1,nopc,nob/c,1896500,360.0,neg_amm,not_int,not_lpsm,3228000.0,sb,pr,home,1U,32820.0,CRIF,839,EXP,not_inst,58.75154895,south,direct,35.0,0.6186440587043762
cf,nopre,type1,p4,l1,nopc,nob/c,496500,360.0,not_neg,not_int,not_lpsm,678000.0,sb,pr,home,1U,13440.0,EXP,771,EXP,not_inst,73.2300885,North,direct,31.0,0.02139037474989891
cf,nopre,type3,p3,l1,nopc,nob/c,246500,360.0,not_neg,not_int,not_lpsm,298000.0,sb,pr,home,1U,4200.0,EXP,651,EXP,to_inst,82.71812081,south,direct,28.0,0.10782501846551895
cf,nopre,type1,p3,l1,nopc,nob/c,126500,360.0,not_neg,not_int,not_lpsm,208000.0,sb,ir,home,1U,420.0,CRIF,896,EXP,to_inst,60.81730769,south,direct,18.0,0.9869565367698669
ncf,pre,type1,p1,l1,nopc,nob/c,106500,180.0,not_neg,not_int,not_lpsm,118000.0,sb,sr,home,1U,8100.0,CIB,673,CIB,to_inst,90.25423729,North,direct,32.0,0.11089865863323212
cf,nopre,type3,p1,l1,nopc,nob/c,316500,360.0,not_neg,int_only,not_lpsm,308000.0,sb,pr,home,1U,6420.0,EXP,722,CIB,to_inst,102.7597403,North,direct,40.0,0.14369073510169983
cf,nopre,type1,p3,l1,nopc,nob/c,336500,360.0,not_neg,not_int,not_lpsm,1028000.0,sb,pr,home,1U,10440.0,CRIF,779,EXP,not_inst,32.73346304,North,direct,28.0,0.03455149382352829
cf,pre,type1,p4,l1,nopc,nob/c,406500,360.0,not_neg,not_int,not_lpsm,498000.0,sb,pr,home,1U,4800.0,CIB,699,CIB,to_inst,81.62650602,North,direct,47.0,0.11089865863323212
cf,nopre,type1,p1,l1,nopc,nob/c,476500,360.0,not_neg,not_int,not_lpsm,548000.0,sb,pr,home,1U,11460.0,CRIF,877,EXP,not_inst,86.95255474,south,direct,20.0,0.0363101065158844
cf,nopre,type1,p3,l1,nopc,nob/c,276500,360.0,not_neg,not_int,not_lpsm,368000.0,sb,pr,home,1U,4140.0,EXP,897,CIB,to_inst,75.13586957,south,direct,39.0,0.10782501846551895
cf,nopre,type1,p3,l1,nopc,nob/c,406500,360.0,not_neg,not_int,not_lpsm,728000.0,sb,pr,home,1U,4140.0,CIB,726,CIB,to_inst,55.83791209,North,direct,49.0,0.11276596039533615
cf,nopre,type2,p3,l1,nopc,b/c,516500,360.0,not_neg,not_int,not_lpsm,618000.0,sb,pr,home,1U,8700.0,CRIF,844,EXP,to_inst,83.57605178,south,direct,47.0,0.23026315867900848
cf,nopre,type1,p4,l1,nopc,nob/c,356500,348.0,not_neg,not_int,not_lpsm,478000.0,sb,pr,home,1U,4560.0,CRIF,648,EXP,to_inst,74.58158996,North,direct,41.0,0.05779334530234337
cf,nopre,type1,p4,l1,nopc,nob/c,506500,360.0,not_neg,not_int,not_lpsm,628000.0,sb,pr,home,1U,6900.0,CIB,709,EXP,not_inst,80.65286624,south,direct,37.0,0.03435804694890976
cf,nopre,type1,p4,l1,nopc,nob/c,336500,360.0,not_neg,not_int,not_lpsm,388000.0,sb,pr,home,1U,4740.0,CIB,515,CIB,to_inst,86.72680412,south,direct,49.0,0.24460431933403015
cf,nopre,type1,p3,l1,nopc,nob/c,186500,360.0,not_neg,not_int,not_lpsm,408000.0,sb,pr,home,1U,2280.0,EXP,504,CIB,to_inst,45.71078431,south,direct,38.0,0.11089865863323212
cf,nopre,type1,p3,l1,nopc,nob/c,226500,360.0,not_neg,not_int,not_lpsm,358000.0,sb,ir,home,1U,4680.0,CRIF,847,CIB,to_inst,63.26815642,central,direct,30.0,0.14369073510169983
,nopre,type2,p1,l1,nopc,b/c,206500,360.0,neg_amm,not_int,not_lpsm,198000.0,sb,pr,home,1U,2040.0,CRIF,506,CIB,to_inst,104.2929293,central,direct,59.0,0.9869565367698669
cf,nopre,type1,p4,l1,nopc,nob/c,376500,360.0,not_neg,not_int,not_lpsm,558000.0,sb,pr,home,1U,6000.0,CIB,899,CIB,not_inst,67.47311828,North,direct,41.0,0.0363101065158844
cf,nopre,type1,p4,l1,nopc,nob/c,286500,324.0,neg_amm,not_int,not_lpsm,508000.0,sb,sr,home,1U,9600.0,CRIF,691,EXP,to_inst,56.3976378,south,direct,32.0,0.14369073510169983
cf,nopre,type1,p3,l1,nopc,nob/c,156500,180.0,not_neg,not_int,not_lpsm,248000.0,sb,pr,home,1U,3780.0,CIB,631,EXP,to_inst,63.10483871,south,direct,30.0,0.06420404464006424
cf,nopre,type1,p4,l1,nopc,nob/c,236500,180.0,not_neg,not_int,not_lpsm,718000.0,sb,ir,home,1U,7500.0,CRIF,596,CIB,to_inst,32.93871866,North,direct,37.0,0.11276596039533615
cf,pre,type3,p1,l1,nopc,nob/c,396500,360.0,not_neg,not_int,not_lpsm,398000.0,sb,pr,home,1U,6540.0,CIB,887,EXP,not_inst,99.62311558,south,direct,50.0,0.05779334530234337
cf,nopre,type1,p4,l1,nopc,nob/c,596500,360.0,not_neg,not_int,not_lpsm,1068000.0,sb,pr,home,1U,8160.0,CIB,772,EXP,not_inst,55.85205993,south,direct,43.0,0.03455149382352829
ncf,nopre,type1,p3,l1,nopc,nob/c,866500,360.0,not_neg,not_int,not_lpsm,1248000.0,sb,pr,home,1U,11760.0,CRIF,590,CIB,to_inst,69.43108974,North,direct,37.0,0.3415384590625763
cf,nopre,type1,p1,l1,nopc,nob/c,466500,360.0,not_neg,not_int,not_lpsm,558000.0,sb,pr,home,1U,4980.0,EXP,505,EXP,not_inst,83.60215054,south,direct,45.0,0.05779334530234337
cf,nopre,type1,p1,l1,nopc,nob/c,276500,360.0,not_neg,not_int,not_lpsm,398000.0,sb,pr,home,1U,5400.0,CRIF,736,EXP,to_inst,69.47236181,North,direct,49.0,0.10782501846551895
cf,nopre,type1,p3,l1,nopc,nob/c,406500,360.0,not_neg,not_int,not_lpsm,558000.0,sb,pr,home,1U,6420.0,CIB,749,CIB,to_inst,72.84946237,North,direct,30.0,0.06420404464006424
cf,nopre,type2,p1,l1,nopc,b/c,296500,360.0,not_neg,not_int,not_lpsm,318000.0,sb,pr,home,1U,3060.0,CRIF,889,CIB,to_inst,93.23899371,central,direct,58.0,0.24460431933403015
cf,nopre,type1,p4,l2,nopc,nob/c,176500,360.0,not_neg,not_int,not_lpsm,308000.0,sb,pr,home,1U,1800.0,CRIF,642,CIB,to_inst,57.30519481,south,direct,46.0,0.19203747808933258
cf,nopre,type1,p3,l1,nopc,nob/c,366500,360.0,neg_amm,not_int,not_lpsm,468000.0,sb,pr,home,1U,12420.0,EXP,753,EXP,to_inst,78.31196581,North,direct,34.0,0.14369073510169983
cf,nopre,type1,p3,l1,nopc,nob/c,256500,180.0,not_neg,not_int,not_lpsm,358000.0,sb,ir,home,1U,4320.0,CIB,550,CIB,to_inst,71.64804469,south,direct,49.0,0.24460431933403015
cf,pre,type1,p1,l1,nopc,nob/c,256500,360.0,not_neg,not_int,not_lpsm,268000.0,sb,pr,home,1U,3960.0,CRIF,816,CIB,to_inst,95.70895522,south,direct,49.0,0.06420404464006424
cf,nopre,type1,p4,l1,nopc,nob/c,246500,360.0,not_neg,int_only,not_lpsm,358000.0,sb,pr,home,1U,4920.0,CRIF,832,CIB,to_inst,68.8547486,North,direct,31.0,0.0861159935593605
cf,nopre,type1,p1,l1,nopc,nob/c,386500,360.0,not_neg,not_int,not_lpsm,448000.0,sb,pr,home,1U,4200.0,CIB,888,CIB,not_inst,86.27232143,North,direct,36.0,0.05779334530234337
cf,pre,type1,p3,l1,nopc,nob/c,426500,180.0,not_neg,not_int,not_lpsm,568000.0,sb,pr,home,1U,15060.0,CIB,502,CIB,to_inst,75.08802817,south,direct,37.0,0.06766917556524277
cf,nopre,type1,p3,l1,nopc,nob/c,186500,180.0,not_neg,not_int,not_lpsm,218000.0,sb,pr,home,1U,3240.0,EXP,657,CIB,to_inst,85.55045872,south,direct,36.0,0.24460431933403015
cf,nopre,type1,p4,l1,nopc,nob/c,136500,360.0,not_neg,not_int,not_lpsm,158000.0,sb,pr,home,1U,6180.0,CIB,731,EXP,to_inst,86.39240506,North,direct,27.0,0.14369073510169983
cf,nopre,type1,p3,l1,nopc,nob/c,386500,360.0,not_neg,not_int,not_lpsm,558000.0,sb,pr,home,1U,5460.0,CRIF,513,CIB,not_inst,69.26523297,North,direct,30.0,0.03455149382352829
cf,nopre,type1,p3,l1,nopc,nob/c,106500,360.0,not_neg,not_int,not_lpsm,248000.0,sb,pr,home,1U,2520.0,CIB,622,CIB,not_inst,42.94354839,North,direct,43.0,0.04065827652812004
cf,nopre,type1,p3,l1,nopc,nob/c,446500,360.0,neg_amm,int_only,not_lpsm,988000.0,sb,pr,home,1U,8700.0,EXP,802,EXP,not_inst,45.19230769,south,direct,49.0,0.0363101065158844
cf,nopre,type2,p3,l1,nopc,b/c,86500,360.0,not_neg,not_int,not_lpsm,148000.0,sb,pr,home,1U,3240.0,CRIF,810,CIB,to_inst,58.44594595,south,direct,59.0,0.24460431933403015
cf,pre,type1,p3,l1,nopc,nob/c,236500,360.0,not_neg,not_int,not_lpsm,278000.0,sb,pr,home,1U,5940.0,CRIF,668,EXP,to_inst,85.07194245,North,direct,31.0,0.11276596039533615
cf,nopre,type1,p3,l1,nopc,nob/c,306500,360.0,not_neg,not_int,not_lpsm,658000.0,sb,pr,home,1U,4620.0,CIB,744,CIB,to_inst,46.58054711,south,direct,34.0,0.0861159935593605
cf,nopre,type1,p3,l1,nopc,nob/c,206500,360.0,neg_amm,not_int,not_lpsm,328000.0,sb,pr,home,1U,2880.0,CRIF,574,CIB,to_inst,62.95731707,North,direct,33.0,0.19203747808933258
cf,nopre,type1,p1,l1,nopc,nob/c,96500,360.0,neg_amm,not_int,not_lpsm,168000.0,sb,pr,home,1U,1980.0,CRIF,760,CIB,to_inst,57.44047619,North,direct,40.0,0.24460431933403015
ncf,pre,type1,p4,l1,nopc,nob/c,626500,360.0,not_neg,not_int,not_lpsm,748000.0,sb,pr,home,1U,6060.0,CIB,651,CIB,to_inst,83.75668449,south,direct,57.0,0.9869565367698669
cf,nopre,type1,p4,l1,nopc,nob/c,326500,180.0,not_neg,int_only,not_lpsm,368000.0,sb,pr,home,1U,7800.0,EXP,507,CIB,to_inst,88.72282609,south,direct,44.0,0.3913043439388275
cf,nopre,type1,p4,l1,nopc,nob/c,106500,180.0,not_neg,not_int,not_lpsm,238000.0,sb,pr,home,1U,4260.0,CRIF,670,CIB,to_inst,44.74789916,North,direct,11.0,0.14369073510169983
,nopre,type1,p1,l1,nopc,nob/c,366500,360.0,neg_amm,not_int,not_lpsm,388000.0,sb,pr,home,1U,3240.0,CRIF,884,EXP,not_inst,94.45876289,North,direct,60.0,0.9253731369972229
cf,nopre,type1,p3,l1,nopc,nob/c,426500,360.0,not_neg,not_int,not_lpsm,638000.0,sb,pr,home,1U,6000.0,CRIF,697,CIB,not_inst,66.84952978,south,direct,46.0,0.04065827652812004
cf,nopre,type1,p1,l2,nopc,nob/c,106500,180.0,not_neg,not_int,not_lpsm,598000.0,sb,pr,home,1U,4680.0,CIB,747,EXP,to_inst,17.80936455,south,direct,44.0,0.059588298201560974
cf,nopre,type1,p4,l1,nopc,nob/c,206500,240.0,not_neg,not_int,not_lpsm,308000.0,sb,pr,home,1U,8280.0,CRIF,838,EXP,to_inst,67.04545455,south,direct,19.0,0.0363101065158844
cf,nopre,type1,p3,l2,nopc,nob/c,176500,360.0,not_neg,not_int,not_lpsm,218000.0,sb,pr,home,1U,3600.0,CIB,502,EXP,to_inst,80.96330275,North,direct,43.0,0.055727552622556686
cf,nopre,type1,p3,l1,nopc,nob/c,136500,360.0,not_neg,not_int,not_lpsm,428000.0,sb,pr,home,1U,3180.0,CIB,751,EXP,to_inst,31.89252336,North,direct,31.0,0.06420404464006424
cf,nopre,type1,p3,l1,nopc,nob/c,146500,360.0,neg_amm,not_int,not_lpsm,608000.0,sb,pr,home,1U,2640.0,CRIF,684,CIB,to_inst,24.09539474,south,direct,30.0,0.24460431933403015
cf,nopre,type1,p4,l1,nopc,nob/c,226500,300.0,not_neg,not_int,not_lpsm,448000.0,sb,pr,home,1U,7920.0,CRIF,521,CIB,not_inst,50.55803571,North,direct,18.0,0.04065827652812004
cf,nopre,type1,p3,l1,nopc,nob/c,156500,180.0,not_neg,not_int,not_lpsm,218000.0,sb,pr,home,1U,5040.0,EXP,766,CIB,to_inst,71.78899083,North,direct,32.0,0.06420404464006424
cf,nopre,type1,p4,l1,nopc,nob/c,336500,360.0,not_neg,not_int,not_lpsm,468000.0,sb,pr,home,1U,8220.0,EXP,561,CIB,not_inst,71.9017094,North,direct,42.0,0.02772643230855465
cf,nopre,type2,p3,l1,nopc,b/c,186500,360.0,not_neg,not_int,not_lpsm,238000.0,sb,pr,home,1U,3300.0,EXP,645,CIB,to_inst,78.36134454,south,direct,38.0,0.14369073510169983
cf,nopre,type1,p4,l1,nopc,nob/c,226500,360.0,not_neg,not_int,not_lpsm,298000.0,sb,pr,home,1U,7860.0,CIB,773,CIB,to_inst,76.00671141,North,direct,39.0,0.06766917556524277
cf,nopre,type1,p3,l1,nopc,nob/c,166500,96.0,neg_amm,not_int,not_lpsm,628000.0,sb,pr,home,1U,8520.0,EXP,795,CIB,to_inst,26.51273885,south,direct,37.0,0.14369073510169983
cf,nopre,type1,p1,l1,nopc,nob/c,386500,360.0,not_neg,not_int,not_lpsm,398000.0,sb,pr,home,1U,8100.0,CRIF,823,CIB,not_inst,97.11055276,North,direct,30.0,0.11089865863323212
cf,pre,type2,p2,l1,nopc,b/c,36500,360.0,not_neg,not_int,not_lpsm,118000.0,sb,pr,home,1U,1740.0,CIB,538,CIB,to_inst,30.93220339,North,direct,24.0,0.3415384590625763
cf,nopre,type1,p3,l1,nopc,nob/c,226500,240.0,not_neg,not_int,not_lpsm,478000.0,sb,ir,home,1U,9000.0,CRIF,819,EXP,not_inst,47.38493724,south,direct,46.0,0.059588298201560974
cf,nopre,type1,p1,l1,nopc,nob/c,246500,360.0,not_neg,not_int,not_lpsm,268000.0,sb,pr,home,1U,3600.0,EXP,731,CIB,not_inst,91.97761194,North,direct,43.0,0.059588298201560974
cf,nopre,type1,p2,l1,nopc,nob/c,76500,180.0,not_neg,not_int,not_lpsm,318000.0,sb,pr,home,1U,3360.0,EXP,672,EXP,to_inst,24.05660377,south,direct,38.0,0.11276596039533615
cf,nopre,type1,p3,l1,nopc,nob/c,286500,360.0,not_neg,not_int,not_lpsm,438000.0,sb,pr,home,1U,3240.0,CRIF,645,EXP,to_inst,65.4109589,south,direct,40.0,0.0861159935593605
cf,nopre,type1,p3,l1,nopc,nob/c,226500,240.0,not_neg,int_only,not_lpsm,338000.0,sb,pr,home,1U,6000.0,EXP,624,EXP,to_inst,67.01183432,North,direct,35.0,0.04065827652812004
cf,nopre,type1,p4,l1,nopc,nob/c,386500,360.0,neg_amm,not_int,not_lpsm,488000.0,sb,pr,home,1U,7680.0,CRIF,756,EXP,to_inst,79.20081967,south,direct,33.0,0.17307692766189575
cf,pre,type2,p1,l1,nopc,b/c,246500,360.0,not_neg,not_int,not_lpsm,258000.0,sb,pr,home,1U,2460.0,CIB,886,CIB,not_inst,95.54263566,North,direct,49.0,0.11089865863323212
cf,nopre,type2,p3,l1,nopc,b/c,146500,360.0,not_neg,not_int,not_lpsm,168000.0,sb,pr,home,1U,2460.0,CRIF,647,CIB,to_inst,87.20238095,south,direct,52.0,0.27710843086242676
cf,nopre,type1,p3,l1,nopc,nob/c,176500,360.0,not_neg,not_int,not_lpsm,428000.0,sb,pr,home,1U,2520.0,EXP,532,CIB,to_inst,41.23831776,south,direct,36.0,0.11276596039533615
cf,pre,type3,p1,l1,nopc,nob/c,336500,360.0,not_neg,not_int,not_lpsm,338000.0,sb,pr,home,1U,5400.0,EXP,813,CIB,to_inst,99.55621302,North,direct,59.0,0.05779334530234337
cf,nopre,type1,p3,l1,nopc,nob/c,526500,360.0,not_neg,not_int,not_lpsm,1068000.0,sb,pr,home,1U,7620.0,CRIF,544,CIB,not_inst,49.29775281,North,direct,41.0,0.0363101065158844
cf,nopre,type1,p4,l1,nopc,nob/c,556500,360.0,neg_amm,not_int,not_lpsm,568000.0,sb,pr,home,1U,7620.0,CIB,886,EXP,not_inst,97.97535211,south,direct,36.0,0.6666666865348816
cf,nopre,type1,p3,l1,nopc,nob/c,346500,240.0,neg_amm,not_int,not_lpsm,438000.0,sb,pr,home,1U,4500.0,EXP,653,CIB,to_inst,79.10958904,central,direct,42.0,0.24460431933403015
cf,nopre,type2,p3,l1,nopc,b/c,186500,360.0,not_neg,not_int,not_lpsm,308000.0,sb,pr,home,1U,1800.0,EXP,812,CIB,to_inst,60.55194805,south,direct,46.0,0.4184100329875946
cf,nopre,type1,p3,l1,nopc,nob/c,486500,360.0,not_neg,not_int,not_lpsm,638000.0,sb,pr,home,1U,11880.0,CIB,700,EXP,to_inst,76.2539185,North,direct,35.0,0.059588298201560974
cf,nopre,type1,p3,l1,nopc,nob/c,116500,180.0,not_neg,not_int,not_lpsm,158000.0,sb,pr,home,1U,2820.0,CRIF,772,CIB,to_inst,73.73417722,south,direct,45.0,0.14369073510169983
cf,nopre,type1,p3,l1,nopc,nob/c,486500,360.0,not_neg,not_int,not_lpsm,718000.0,sb,pr,home,1U,11160.0,CRIF,572,CIB,not_inst,67.75766017,North,direct,26.0,0.03455149382352829
cf,pre,type1,p3,l1,nopc,nob/c,236500,240.0,not_neg,not_int,not_lpsm,508000.0,sb,pr,home,1U,3960.0,EXP,852,CIB,to_inst,46.55511811,North,direct,42.0,0.06420404464006424
cf,nopre,type1,p4,l1,nopc,nob/c,276500,300.0,not_neg,not_int,not_lpsm,468000.0,sb,pr,home,1U,9300.0,CRIF,720,CIB,not_inst,59.08119658,North,direct,18.0,0.03455149382352829
cf,nopre,type1,p3,l1,nopc,nob/c,286500,360.0,neg_amm,not_int,not_lpsm,358000.0,sb,pr,home,1U,4980.0,CIB,724,CIB,to_inst,80.02793296,south,direct,44.0,0.24460431933403015
cf,nopre,type1,p1,l1,nopc,nob/c,296500,360.0,neg_amm,not_int,not_lpsm,318000.0,sb,pr,home,1U,5700.0,EXP,678,EXP,not_inst,93.23899371,south,direct,32.0,0.11089865863323212
cf,nopre,type1,p3,l1,nopc,nob/c,336500,360.0,not_neg,not_int,not_lpsm,458000.0,sb,pr,home,1U,9000.0,CIB,728,EXP,to_inst,73.47161572,North,direct,46.0,0.06420404464006424
cf,pre,type1,p3,l1,nopc,nob/c,306500,360.0,not_neg,not_int,not_lpsm,388000.0,sb,pr,home,1U,3600.0,EXP,546,EXP,not_inst,78.99484536,south,direct,45.0,0.0861159935593605
cf,nopre,type2,p3,l1,nopc,b/c,166500,360.0,neg_amm,not_int,not_lpsm,808000.0,sb,pr,home,1U,5940.0,CIB,840,CIB,to_inst,20.60643564,North,direct,28.0,0.5465116500854492
cf,nopre,type1,p4,l1,nopc,nob/c,226500,240.0,not_neg,not_int,not_lpsm,428000.0,sb,pr,home,1U,3000.0,CIB,635,EXP,to_inst,52.92056075,south,direct,43.0,0.0861159935593605
cf,nopre,type2,p3,l1,nopc,b/c,156500,360.0,neg_amm,not_int,not_lpsm,198000.0,sb,pr,home,1U,2160.0,CIB,518,CIB,to_inst,79.04040404,south,direct,46.0,0.4184100329875946
cf,nopre,type1,p4,l1,nopc,nob/c,276500,360.0,not_neg,not_int,not_lpsm,308000.0,sb,pr,home,1U,3120.0,EXP,554,CIB,not_inst,89.77272727,North,direct,47.0,0.10782501846551895
cf,nopre,type1,p4,l1,nopc,nob/c,156500,180.0,not_neg,not_int,not_lpsm,258000.0,sb,pr,home,1U,3600.0,CRIF,755,CIB,to_inst,60.65891473,North,direct,30.0,0.06766917556524277
cf,pre,type3,p3,l1,nopc,nob/c,166500,360.0,not_neg,not_int,not_lpsm,188000.0,sb,pr,home,1U,2940.0,CRIF,521,CIB,to_inst,88.56382979,south,direct,35.0,0.24460431933403015
cf,nopre,type1,p2,l1,nopc,nob/c,136500,360.0,neg_amm,not_int,not_lpsm,238000.0,sb,pr,home,1U,1740.0,CRIF,597,CIB,to_inst,57.35294118,south,direct,48.0,0.4883720874786377
cf,nopre,type1,p4,l1,nopc,nob/c,666500,360.0,not_neg,not_int,not_lpsm,838000.0,sb,pr,home,1U,11040.0,EXP,883,CIB,not_inst,79.53460621,North,direct,29.0,0.03455149382352829
cf,nopre,type1,p1,l1,nopc,nob/c,266500,360.0,not_neg,not_int,not_lpsm,328000.0,sb,pr,home,1U,3840.0,CIB,805,CIB,not_inst,81.25,North,direct,30.0,0.059588298201560974
cf,nopre,type1,p1,l1,nopc,nob/c,466500,360.0,not_neg,not_int,not_lpsm,588000.0,sb,pr,home,1U,7380.0,EXP,604,EXP,not_inst,79.33673469,North,direct,30.0,0.02772643230855465
ncf,pre,type1,p4,l1,nopc,nob/c,226500,180.0,not_neg,not_int,not_lpsm,308000.0,sb,pr,home,1U,3720.0,CIB,825,CIB,to_inst,73.53896104,south,direct,40.0,0.11089865863323212
cf,nopre,type2,p3,l1,nopc,b/c,56500,360.0,not_neg,not_int,lpsm,88000.0,sb,pr,home,1U,2400.0,CRIF,770,CIB,to_inst,64.20454545,North,direct,11.0,0.7843137383460999
cf,nopre,type1,p3,l1,nopc,nob/c,416500,360.0,not_neg,not_int,not_lpsm,558000.0,sb,pr,home,1U,9480.0,EXP,544,EXP,not_inst,74.64157706,south,direct,31.0,0.03435804694890976
ncf,nopre,type1,p1,l1,nopc,nob/c,266500,360.0,not_neg,not_int,not_lpsm,338000.0,sb,pr,home,1U,5880.0,EXP,633,CIB,to_inst,78.84615385,North,direct,31.0,0.0861159935593605
ncf,nopre,type1,p4,l1,nopc,nob/c,126500,300.0,not_neg,not_int,not_lpsm,308000.0,sb,pr,home,1U,2460.0,EXP,606,CIB,to_inst,41.07142857,south,direct,43.0,0.11276596039533615
cf,nopre,type1,p3,l1,nopc,nob/c,676500,360.0,not_neg,not_int,not_lpsm,1208000.0,sb,pr,home,1U,11340.0,CIB,537,EXP,not_inst,56.00165563,North,direct,35.0,0.03435804694890976
cf,nopre,type2,p3,l1,nopc,b/c,476500,360.0,not_neg,not_int,lpsm,498000.0,sb,pr,home,1U,7980.0,CIB,815,EXP,to_inst,95.68273092,south,direct,51.0,0.9899497628211975
cf,nopre,type1,p3,l1,nopc,nob/c,256500,360.0,not_neg,not_int,not_lpsm,438000.0,sb,pr,home,1U,9240.0,CIB,803,CIB,to_inst,58.56164384,south,direct,42.0,0.06420404464006424
ncf,nopre,type1,p4,l1,nopc,nob/c,386500,360.0,not_neg,not_int,not_lpsm,578000.0,sb,sr,home,1U,17280.0,EXP,538,CIB,not_inst,66.86851211,North,direct,49.0,0.06420404464006424
cf,nopre,type1,p1,l1,nopc,nob/c,266500,360.0,not_neg,not_int,not_lpsm,448000.0,sb,pr,home,1U,4800.0,CIB,806,EXP,to_inst,59.48660714,North,direct,36.0,0.05779334530234337
cf,nopre,type2,p3,l2,nopc,b/c,196500,300.0,neg_amm,not_int,not_lpsm,298000.0,sb,pr,home,1U,1500.0,EXP,771,CIB,to_inst,65.93959732,south,direct,56.0,0.9899497628211975
cf,nopre,type1,p4,l1,nopc,nob/c,466500,360.0,not_neg,not_int,not_lpsm,588000.0,sb,pr,home,1U,7140.0,CIB,803,EXP,not_inst,79.33673469,North,direct,32.0,0.02772643230855465
cf,nopre,type1,p3,l1,nopc,nob/c,266500,360.0,not_neg,not_int,not_lpsm,408000.0,sb,pr,home,1U,3120.0,CIB,867,EXP,not_inst,65.31862745,North,direct,38.0,0.05779334530234337
cf,pre,type2,p3,l1,nopc,b/c,226500,360.0,not_neg,not_int,not_lpsm,288000.0,sb,pr,home,1U,2700.0,CRIF,683,EXP,to_inst,78.64583333,North,direct,43.0,0.14369073510169983
cf,nopre,type2,p3,l1,nopc,b/c,216500,360.0,neg_amm,not_int,not_lpsm,248000.0,sb,pr,home,1U,4080.0,EXP,900,CIB,to_inst,87.2983871,south,direct,41.0,0.4184100329875946
ncf,pre,type1,p4,l1,nopc,nob/c,626500,360.0,not_neg,not_int,not_lpsm,1008000.0,sb,pr,home,1U,11640.0,CRIF,601,EXP,not_inst,62.15277778,North,direct,28.0,0.059588298201560974
cf,nopre,type1,p1,l1,nopc,nob/c,326500,360.0,not_neg,not_int,not_lpsm,368000.0,sb,pr,home,1U,8340.0,CRIF,681,CIB,not_inst,88.72282609,North,direct,42.0,0.03455149382352829
cf,nopre,type1,p1,l1,nopc,nob/c,476500,360.0,not_neg,not_int,not_lpsm,658000.0,sb,pr,home,1U,4920.0,CRIF,761,EXP,not_inst,72.41641337,North,direct,49.0,0.0363101065158844
cf,pre,type1,p3,l1,nopc,nob/c,276500,360.0,not_neg,not_int,not_lpsm,528000.0,sb,ir,home,2U,4440.0,EXP,707,CIB,not_inst,52.36742424,North,direct,12.0,0.6666666865348816
cf,nopre,type1,p1,l1,nopc,nob/c,486500,360.0,not_neg,not_int,not_lpsm,608000.0,sb,pr,home,1U,9240.0,CIB,885,EXP,not_inst,80.01644737,south,direct,25.0,0.03455149382352829
cf,nopre,type1,p1,l1,nopc,nob/c,256500,360.0,not_neg,not_int,not_lpsm,268000.0,sb,pr,home,1U,2640.0,EXP,611,CIB,not_inst,95.70895522,North,direct,45.0,0.10782501846551895
cf,nopre,type1,p2,l1,nopc,nob/c,166500,180.0,not_neg,not_int,not_lpsm,808000.0,sb,pr,home,1U,12540.0,CRIF,757,CIB,to_inst,20.60643564,south,direct,15.0,0.11089865863323212
ncf,pre,type2,p3,l1,nopc,b/c,146500,360.0,not_neg,not_int,not_lpsm,178000.0,sb,pr,home,1U,2220.0,EXP,832,CIB,to_inst,82.30337079,south,direct,41.0,0.2857142984867096
cf,nopre,type1,p4,l1,nopc,nob/c,356500,360.0,not_neg,not_int,not_lpsm,758000.0,sb,pr,home,1U,5520.0,CIB,783,EXP,not_inst,47.03166227,North,direct,40.0,0.03435804694890976
ncf,nopre,type3,p1,l1,nopc,nob/c,1156500,360.0,neg_amm,not_int,not_lpsm,1308000.0,sb,pr,home,2U,9420.0,CIB,812,EXP,not_inst,88.41743119,North,direct,53.0,0.24460431933403015
cf,nopre,type3,p2,l1,nopc,nob/c,256500,360.0,not_neg,not_int,not_lpsm,388000.0,sb,pr,home,1U,0.0,CRIF,581,CIB,to_inst,66.10824742,south,direct,17.0,0.9899497628211975
cf,nopre,type1,p1,l1,nopc,nob/c,346500,360.0,not_neg,not_int,not_lpsm,648000.0,sb,pr,home,1U,6240.0,CIB,610,EXP,not_inst,53.47222222,North,direct,40.0,0.02772643230855465
cf,nopre,type1,p4,l1,nopc,nob/c,366500,360.0,not_neg,not_int,not_lpsm,618000.0,sb,pr,home,1U,9180.0,EXP,855,EXP,to_inst,59.30420712,North,direct,41.0,0.03703703731298447
cf,nopre,type1,p4,l1,nopc,nob/c,136500,360.0,not_neg,not_int,not_lpsm,228000.0,sb,pr,home,1U,1680.0,CRIF,844,CIB,to_inst,59.86842105,North,direct,60.0,0.6666666865348816
cf,nopre,type1,p3,l1,nopc,nob/c,296500,360.0,not_neg,not_int,not_lpsm,378000.0,sb,pr,home,1U,4260.0,CIB,841,CIB,to_inst,78.43915344,south,direct,37.0,0.11089865863323212
cf,,type3,p1,l1,nopc,nob/c,456500,360.0,not_neg,int_only,not_lpsm,648000.0,sb,pr,home,1U,11280.0,CRIF,550,EXP,to_inst,70.44753086,North,direct,20.0,0.10144927352666855
cf,pre,type1,p3,l1,nopc,nob/c,206500,360.0,not_neg,not_int,not_lpsm,858000.0,sb,pr,home,1U,6060.0,EXP,767,CIB,to_inst,24.06759907,south,direct,31.0,0.06766917556524277
cf,nopre,type1,p4,l1,nopc,nob/c,576500,360.0,not_neg,not_int,not_lpsm,768000.0,sb,sr,home,1U,19500.0,EXP,772,EXP,not_inst,75.06510417,south,direct,31.0,0.055727552622556686
cf,nopre,type1,p4,l1,nopc,nob/c,296500,360.0,not_neg,not_int,not_lpsm,508000.0,sb,pr,home,1U,6240.0,EXP,518,EXP,not_inst,58.36614173,North,direct,36.0,0.02772643230855465
cf,pre,type1,p3,l1,nopc,nob/c,136500,144.0,not_neg,not_int,not_lpsm,308000.0,sb,pr,home,1U,5100.0,CRIF,628,EXP,to_inst,44.31818182,North,direct,21.0,0.05779334530234337
cf,nopre,type1,p4,l1,nopc,nob/c,596500,360.0,not_neg,not_int,not_lpsm,868000.0,sb,pr,home,1U,10740.0,CIB,556,CIB,to_inst,68.72119816,North,direct,36.0,0.059588298201560974
cf,nopre,type1,p4,l1,nopc,nob/c,276500,360.0,not_neg,not_int,not_lpsm,888000.0,sb,pr,home,1U,4140.0,EXP,798,CIB,not_inst,31.13738739,south,direct,44.0,0.059588298201560974
cf,nopre,type1,p1,l1,nopc,nob/c,76500,360.0,not_neg,not_int,not_lpsm,88000.0,sb,pr,home,1U,4560.0,CRIF,720,CIB,to_inst,86.93181818,south,direct,16.0,0.24460431933403015
cf,nopre,type1,p3,l1,nopc,nob/c,246500,360.0,not_neg,not_int,not_lpsm,558000.0,sb,pr,home,1U,6840.0,CRIF,737,EXP,not_inst,44.17562724,North,direct,22.0,0.02772643230855465
cf,pre,type1,p1,l1,nopc,nob/c,636500,360.0,not_neg,not_int,not_lpsm,708000.0,sb,pr,home,1U,10380.0,CIB,558,EXP,to_inst,89.90112994,central,direct,31.0,0.04065827652812004
cf,nopre,type1,p3,l1,nopc,nob/c,266500,360.0,not_neg,not_int,not_lpsm,388000.0,sb,pr,home,1U,5460.0,CIB,743,EXP,to_inst,68.68556701,south,direct,39.0,0.055727552622556686
cf,nopre,type1,p4,l1,nopc,nob/c,606500,360.0,not_neg,not_int,not_lpsm,838000.0,sb,pr,home,1U,8160.0,CIB,547,CIB,not_inst,72.37470167,south,direct,36.0,0.03435804694890976
cf,nopre,type1,p3,l1,nopc,nob/c,146500,360.0,not_neg,not_int,not_lpsm,218000.0,sb,pr,home,1U,1920.0,CRIF,622,CIB,to_inst,67.20183486,south,direct,42.0,0.11089865863323212
,nopre,type1,p1,l1,nopc,nob/c,336500,360.0,not_neg,not_int,not_lpsm,358000.0,sb,pr,home,1U,6000.0,CIB,557,CIB,not_inst,93.99441341,North,direct,45.0,0.0363101065158844
cf,pre,type1,p1,l1,nopc,nob/c,626500,360.0,not_neg,not_int,not_lpsm,778000.0,sb,pr,home,1U,8100.0,CIB,856,CIB,not_inst,80.52699229,south,direct,40.0,0.03435804694890976
cf,nopre,type1,p3,l1,nopc,nob/c,306500,360.0,neg_amm,not_int,not_lpsm,368000.0,sb,pr,home,1U,4620.0,CIB,652,CIB,to_inst,83.28804348,south,direct,39.0,0.4184100329875946
ncf,nopre,type1,p3,l1,nopc,nob/c,726500,360.0,not_neg,not_int,not_lpsm,1008000.0,sb,pr,home,1U,9480.0,EXP,607,EXP,to_inst,72.0734127,North,direct,45.0,0.24460431933403015
cf,nopre,type1,p3,l1,nopc,nob/c,266500,240.0,not_neg,not_int,not_lpsm,468000.0,sb,pr,home,1U,4920.0,CIB,522,CIB,to_inst,56.94444444,south,direct,42.0,0.0861159935593605
cf,,type1,p3,l1,nopc,nob/c,326500,180.0,not_neg,int_only,not_lpsm,508000.0,sb,pr,home,1U,9840.0,CRIF,642,EXP,to_inst,64.27165354,central,direct,20.0,0.059588298201560974
ncf,nopre,type1,p4,l1,nopc,nob/c,456500,360.0,not_neg,not_int,not_lpsm,618000.0,sb,pr,home,1U,4500.0,EXP,783,CIB,not_inst,73.86731392,North,direct,49.0,0.10782501846551895
cf,nopre,type1,p3,l1,nopc,nob/c,166500,360.0,not_neg,not_int,not_lpsm,208000.0,sb,pr,home,1U,6660.0,CRIF,541,EXP,to_inst,80.04807692,south,direct,6.0,0.06766917556524277
ncf,nopre,type3,p3,l1,nopc,nob/c,486500,360.0,not_neg,not_int,not_lpsm,498000.0,sb,pr,home,1U,7260.0,CIB,532,CIB,not_inst,97.69076305,North,direct,45.0,0.06420404464006424
cf,nopre,type1,p4,l1,nopc,nob/c,486500,180.0,not_neg,not_int,not_lpsm,1308000.0,sb,pr,home,1U,18060.0,EXP,729,EXP,not_inst,37.1941896,south,direct,38.0,0.03435804694890976
cf,nopre,type2,p4,l1,nopc,b/c,86500,360.0,not_neg,not_int,not_lpsm,388000.0,sb,pr,home,1U,3600.0,EXP,692,EXP,to_inst,22.29381443,south,direct,42.0,0.3415384590625763
cf,nopre,type3,p3,l2,nopc,nob/c,156500,300.0,neg_amm,not_int,not_lpsm,178000.0,sb,pr,home,1U,6540.0,CIB,586,EXP,to_inst,87.92134831,North,direct,51.0,0.9869565367698669
cf,nopre,type1,p4,l1,nopc,nob/c,296500,360.0,not_neg,not_int,not_lpsm,388000.0,sb,pr,home,1U,4800.0,CIB,726,CIB,to_inst,76.41752577,south,direct,20.0,0.11276596039533615
cf,nopre,type1,p3,l1,nopc,nob/c,396500,360.0,not_neg,not_int,not_lpsm,498000.0,sb,pr,home,1U,6000.0,CIB,692,CIB,to_inst,79.6184739,south,direct,38.0,0.10782501846551895
cf,pre,type1,p1,l1,nopc,nob/c,266500,360.0,not_neg,not_int,not_lpsm,278000.0,sb,pr,home,1U,4500.0,CIB,800,EXP,not_inst,95.86330935,central,direct,49.0,0.10144927352666855
cf,nopre,type1,p1,l1,nopc,nob/c,436500,360.0,not_neg,not_int,not_lpsm,458000.0,sb,pr,home,1U,6840.0,CIB,630,CIB,not_inst,95.30567686,North,direct,47.0,0.03455149382352829
cf,nopre,type1,p4,l1,nopc,nob/c,386500,324.0,not_neg,not_int,not_lpsm,548000.0,sb,pr,home,1U,7140.0,CRIF,712,CIB,to_inst,70.52919708,south,direct,45.0,0.0861159935593605
cf,nopre,type1,p2,l1,nopc,nob/c,156500,360.0,not_neg,not_int,not_lpsm,278000.0,sb,pr,home,1U,2940.0,EXP,680,EXP,to_inst,56.29496403,south,direct,35.0,0.11089865863323212
cf,pre,type1,p1,l1,nopc,nob/c,86500,360.0,not_neg,not_int,not_lpsm,138000.0,sb,pr,home,1U,1680.0,CIB,505,EXP,to_inst,62.68115942,North,direct,36.0,0.06420404464006424
cf,nopre,type1,p4,l1,nopc,nob/c,296500,360.0,not_neg,not_int,not_lpsm,368000.0,sb,pr,home,1U,7260.0,CIB,706,CIB,not_inst,80.57065217,south,direct,40.0,0.03455149382352829
ncf,pre,type1,p1,l1,nopc,nob/c,306500,180.0,not_neg,not_int,not_lpsm,608000.0,sb,pr,home,1U,7200.0,EXP,596,CIB,to_inst,50.41118421,south,direct,35.0,0.10782501846551895
cf,nopre,type1,p3,l1,nopc,nob/c,176500,360.0,not_neg,not_int,not_lpsm,248000.0,sb,pr,home,1U,1860.0,CRIF,581,CIB,to_inst,71.16935484,North,direct,42.0,0.11089865863323212
cf,nopre,type1,p4,l1,nopc,nob/c,256500,360.0,not_neg,not_int,not_lpsm,338000.0,sb,pr,home,1U,5280.0,EXP,814,CIB,to_inst,75.88757396,central,direct,40.0,0.11089865863323212
cf,nopre,type1,p3,l2,nopc,nob/c,206500,360.0,not_neg,not_int,not_lpsm,328000.0,sb,pr,home,1U,2760.0,CIB,571,CIB,to_inst,62.95731707,south,direct,38.0,0.059588298201560974
cf,nopre,type1,p1,l1,nopc,nob/c,726500,360.0,not_neg,not_int,not_lpsm,948000.0,sb,pr,home,1U,7500.0,CRIF,821,CIB,not_inst,76.6350211,south,direct,49.0,0.05779334530234337
cf,nopre,type1,p4,l1,nopc,nob/c,426500,360.0,not_neg,not_int,not_lpsm,528000.0,sb,pr,home,1U,7140.0,CIB,751,EXP,not_inst,80.77651515,south,direct,49.0,0.05779334530234337
cf,nopre,type1,p3,l1,nopc,nob/c,276500,360.0,not_neg,not_int,not_lpsm,508000.0,sb,pr,home,1U,7980.0,CIB,898,CIB,to_inst,54.42913386,south,direct,30.0,0.03455149382352829
cf,nopre,type1,p4,l1,nopc,nob/c,226500,180.0,not_neg,not_int,not_lpsm,348000.0,sb,ir,home,1U,12180.0,CRIF,735,EXP,not_inst,65.0862069,south,direct,36.0,0.059588298201560974
cf,pre,type1,p1,l1,nopc,nob/c,576500,360.0,neg_amm,not_int,not_lpsm,608000.0,sb,pr,home,1U,10380.0,CIB,508,EXP,to_inst,94.81907895,south,direct,48.0,0.03455149382352829
cf,nopre,type1,p4,l1,nopc,nob/c,86500,180.0,not_neg,not_int,not_lpsm,98000.0,sb,pr,home,1U,2520.0,CIB,576,EXP,to_inst,88.26530612,North,direct,21.0,0.24460431933403015
cf,nopre,type1,p1,l1,nopc,nob/c,66500,360.0,not_neg,not_int,not_lpsm,88000.0,sb,pr,home,1U,2160.0,CRIF,713,CIB,to_inst,75.56818182,south,direct,44.0,0.14369073510169983
cf,nopre,type1,p4,l1,nopc,nob/c,136500,360.0,not_neg,not_int,not_lpsm,1118000.0,sb,pr,home,1U,3720.0,EXP,759,CIB,to_inst,12.20930233,south,direct,37.0,0.10782501846551895
cf,nopre,type3,p1,l1,nopc,nob/c,346500,360.0,not_neg,not_int,not_lpsm,438000.0,sb,pr,home,1U,5820.0,EXP,708,CIB,to_inst,79.10958904,south,direct,26.0,0.10782501846551895
cf,nopre,type1,p4,l1,nopc,nob/c,636500,360.0,neg_amm,not_int,not_lpsm,1408000.0,sb,pr,home,1U,6600.0,CIB,666,EXP,not_inst,45.20596591,south,direct,45.0,0.11089865863323212
cf,nopre,type1,p3,l1,nopc,nob/c,416500,360.0,not_neg,not_int,not_lpsm,528000.0,sb,pr,home,1U,8520.0,CIB,877,EXP,to_inst,78.88257576,North,direct,29.0,0.04065827652812004
cf,nopre,type1,p3,l1,nopc,nob/c,436500,360.0,not_neg,not_int,not_lpsm,728000.0,sb,pr,home,1U,6540.0,CIB,692,EXP,not_inst,59.95879121,North,direct,31.0,0.02139037474989891
cf,nopre,type1,p3,l1,nopc,nob/c,526500,360.0,not_neg,not_int,not_lpsm,958000.0,sb,pr,home,1U,5880.0,CIB,699,EXP,not_inst,54.95824635,North,direct,41.0,0.03455149382352829
cf,nopre,type1,p3,l1,nopc,nob/c,86500,180.0,not_neg,not_int,not_lpsm,418000.0,sb,pr,home,1U,3480.0,EXP,881,EXP,to_inst,20.6937799,south,direct,22.0,0.10782501846551895
ncf,pre,type1,p4,l1,nopc,nob/c,906500,360.0,not_neg,not_int,not_lpsm,1428000.0,sb,pr,home,1U,24960.0,CIB,875,CIB,to_inst,63.48039216,south,direct,16.0,0.4883720874786377
cf,nopre,type1,p1,l1,nopc,nob/c,296500,360.0,not_neg,not_int,not_lpsm,338000.0,sb,pr,home,1U,5700.0,CRIF,541,CIB,to_inst,87.72189349,south,direct,40.0,0.14369073510169983
cf,nopre,type1,p3,l1,nopc,nob/c,416500,324.0,not_neg,not_int,not_lpsm,518000.0,sb,pr,home,1U,4980.0,EXP,543,CIB,to_inst,80.40540541,south,direct,39.0,0.11089865863323212
cf,nopre,type3,p1,l1,nopc,nob/c,326500,360.0,not_neg,not_int,not_lpsm,378000.0,sb,pr,home,1U,6420.0,CRIF,708,EXP,not_inst,86.37566138,south,direct,37.0,0.02772643230855465
cf,nopre,type1,p4,l1,nopc,nob/c,356500,360.0,not_neg,not_int,not_lpsm,488000.0,sb,pr,home,1U,9540.0,EXP,688,CIB,not_inst,73.05327869,North,direct,29.0,0.02139037474989891
ncf,pre,type3,p3,l1,nopc,nob/c,476500,240.0,not_neg,not_int,not_lpsm,538000.0,sb,pr,home,1U,4500.0,EXP,809,CIB,to_inst,88.56877323,North,direct,61.0,0.3415384590625763
cf,pre,type1,p3,l1,nopc,nob/c,176500,360.0,not_neg,not_int,not_lpsm,218000.0,sb,pr,home,1U,2820.0,CIB,694,CIB,to_inst,80.96330275,south,direct,33.0,0.14369073510169983
cf,nopre,type1,p4,l1,nopc,nob/c,236500,300.0,not_neg,not_int,not_lpsm,348000.0,sb,pr,home,1U,2880.0,CIB,699,CIB,to_inst,67.95977011,North,direct,48.0,0.10782501846551895
cf,nopre,type1,p3,l1,nopc,nob/c,96500,180.0,not_neg,not_int,not_lpsm,238000.0,sb,pr,home,1U,5220.0,CRIF,759,CIB,to_inst,40.54621849,North,direct,17.0,0.11089865863323212
cf,nopre,type1,p4,l1,nopc,nob/c,276500,360.0,not_neg,not_int,not_lpsm,578000.0,sb,pr,home,1U,3120.0,EXP,627,EXP,to_inst,47.83737024,North,direct,42.0,0.0861159935593605
cf,nopre,type2,p1,l1,nopc,b/c,576500,360.0,not_neg,not_int,not_lpsm,598000.0,sb,pr,home,1U,7020.0,CRIF,501,CIB,not_inst,96.40468227,North,direct,47.0,0.06766917556524277
cf,nopre,type2,p1,l1,nopc,b/c,216500,360.0,not_neg,not_int,not_lpsm,218000.0,sb,pr,home,1U,3720.0,EXP,681,CIB,not_inst,99.31192661,central,direct,50.0,0.14369073510169983
cf,nopre,type1,p1,l1,nopc,nob/c,266500,360.0,not_neg,not_int,not_lpsm,298000.0,sb,pr,home,1U,7920.0,CIB,770,CIB,to_inst,89.4295302,south,direct,40.0,0.14369073510169983
,nopre,type1,p3,l1,nopc,nob/c,326500,360.0,not_neg,not_int,not_lpsm,518000.0,sb,pr,home,1U,3060.0,EXP,662,CIB,to_inst,63.03088803,North,direct,46.0,0.10782501846551895
cf,nopre,type1,p3,l1,nopc,nob/c,206500,360.0,not_neg,not_int,lpsm,278000.0,sb,pr,home,1U,3360.0,CIB,786,CIB,to_inst,74.28057554,south,direct,33.0,0.4883720874786377
cf,nopre,type1,p1,l1,nopc,nob/c,306500,360.0,not_neg,not_int,not_lpsm,528000.0,sb,pr,home,1U,3240.0,CIB,635,EXP,not_inst,58.04924242,North,direct,49.0,0.055727552622556686
cf,nopre,type1,p4,l1,nopc,nob/c,266500,360.0,not_neg,not_int,not_lpsm,348000.0,sb,pr,home,1U,3600.0,CRIF,878,CIB,to_inst,76.58045977,North,direct,26.0,0.14369073510169983
cf,nopre,type1,p1,l1,nopc,nob/c,406500,360.0,not_neg,not_int,not_lpsm,598000.0,sb,pr,home,1U,12480.0,EXP,621,EXP,not_inst,67.97658863,North,direct,10.0,0.03435804694890976
cf,nopre,type1,p4,l1,nopc,nob/c,556500,360.0,not_neg,not_int,not_lpsm,738000.0,sb,pr,home,1U,12180.0,EXP,683,CIB,to_inst,75.40650407,south,direct,30.0,0.10782501846551895
cf,nopre,type1,p3,l1,nopc,nob/c,356500,360.0,not_neg,int_only,not_lpsm,558000.0,sb,pr,home,1U,5100.0,CIB,670,CIB,not_inst,63.88888889,North,direct,49.0,0.06766917556524277
cf,nopre,type1,p1,l1,nopc,nob/c,166500,360.0,not_neg,not_int,not_lpsm,188000.0,sb,sr,home,1U,9060.0,CRIF,756,CIB,to_inst,88.56382979,North,direct,33.0,0.19203747808933258
cf,pre,type1,p1,l1,nopc,nob/c,86500,180.0,not_neg,not_int,not_lpsm,108000.0,sb,pr,home,1U,6660.0,CIB,670,CIB,to_inst,80.09259259,North,direct,9.0,0.0861159935593605
cf,nopre,type1,p3,l1,nopc,nob/c,286500,360.0,not_neg,int_only,not_lpsm,418000.0,sb,pr,home,1U,2340.0,CIB,888,CIB,to_inst,68.54066986,south,direct,51.0,0.7857142686843872
cf,nopre,type2,p1,l1,nopc,b/c,96500,360.0,neg_amm,not_int,not_lpsm,98000.0,sb,pr,home,1U,2400.0,CIB,684,CIB,to_inst,98.46938776,North,direct,36.0,0.4184100329875946
cf,nopre,type1,p3,l1,nopc,nob/c,426500,360.0,not_neg,not_int,not_lpsm,628000.0,sb,pr,home,1U,7020.0,CIB,521,CIB,not_inst,67.91401274,south,direct,41.0,0.03455149382352829
cf,nopre,type1,p3,l2,opc,nob/c,176500,360.0,not_neg,int_only,not_lpsm,358000.0,sb,pr,home,1U,14400.0,CRIF,633,CIB,to_inst,49.30167598,North,direct,26.0,0.02772643230855465
cf,nopre,type3,p3,l1,nopc,nob/c,536500,360.0,not_neg,not_int,not_lpsm,658000.0,sb,pr,home,1U,12480.0,CIB,778,EXP,not_inst,81.53495441,North,direct,60.0,0.059588298201560974
cf,nopre,type1,p3,l1,nopc,nob/c,306500,360.0,not_neg,not_int,not_lpsm,438000.0,sb,pr,home,1U,4500.0,CRIF,775,CIB,to_inst,69.97716895,North,direct,30.0,0.059588298201560974
cf,nopre,type1,p3,l1,nopc,nob/c,226500,240.0,neg_amm,not_int,not_lpsm,328000.0,sb,pr,home,1U,3600.0,EXP,670,EXP,to_inst,69.05487805,south,direct,44.0,0.1839258074760437
cf,nopre,type1,p2,l1,nopc,nob/c,136500,240.0,not_neg,not_int,not_lpsm,308000.0,sb,pr,home,1U,4320.0,CIB,547,EXP,to_inst,44.31818182,North,direct,26.0,0.11089865863323212
cf,nopre,type1,p4,l1,nopc,nob/c,326500,360.0,not_neg,not_int,not_lpsm,678000.0,sb,pr,home,1U,11460.0,CRIF,788,CIB,to_inst,48.15634218,North,direct,13.0,0.10782501846551895
cf,nopre,type1,p3,l1,nopc,nob/c,346500,240.0,not_neg,not_int,not_lpsm,528000.0,sb,pr,home,1U,9180.0,CIB,700,CIB,to_inst,65.625,central,direct,31.0,0.03455149382352829
cf,pre,type2,p1,l1,nopc,b/c,326500,360.0,not_neg,not_int,not_lpsm,338000.0,sb,pr,home,1U,6900.0,CIB,763,CIB,to_inst,96.59763314,south,direct,43.0,0.0861159935593605
cf,nopre,type1,p1,l1,nopc,nob/c,186500,360.0,not_neg,not_int,not_lpsm,238000.0,sb,pr,home,1U,6480.0,CIB,652,EXP,to_inst,78.36134454,North,direct,41.0,0.059588298201560974
cf,nopre,type1,p3,l1,nopc,nob/c,276500,360.0,not_neg,not_int,not_lpsm,358000.0,sb,pr,home,1U,3420.0,EXP,844,CIB,to_inst,77.23463687,south,direct,38.0,0.11089865863323212
cf,nopre,type1,p3,l1,nopc,nob/c,446500,240.0,not_neg,not_int,not_lpsm,998000.0,sb,pr,home,1U,11760.0,EXP,683,EXP,not_inst,44.73947896,North,direct,21.0,0.014285714365541935
cf,pre,type1,p4,l1,nopc,nob/c,316500,240.0,not_neg,not_int,not_lpsm,538000.0,sb,pr,home,1U,8040.0,CIB,885,CIB,to_inst,58.82899628,North,direct,31.0,0.03455149382352829
cf,pre,type1,p1,l1,nopc,nob/c,486500,360.0,not_neg,not_int,not_lpsm,608000.0,sb,pr,home,1U,19020.0,CRIF,688,EXP,not_inst,80.01644737,North,direct,26.0,0.02139037474989891
cf,nopre,type1,p4,l2,nopc,nob/c,236500,360.0,not_neg,not_int,not_lpsm,428000.0,sb,pr,home,1U,5520.0,CIB,640,CIB,not_inst,55.25700935,North,direct,23.0,0.05779334530234337
cf,nopre,type1,p1,l1,nopc,nob/c,606500,360.0,not_neg,not_int,not_lpsm,758000.0,sb,pr,home,1U,6660.0,CRIF,583,CIB,not_inst,80.01319261,south,direct,16.0,0.4184100329875946
cf,nopre,type2,p1,l1,nopc,b/c,566500,360.0,not_neg,int_only,not_lpsm,578000.0,sb,pr,home,1U,6480.0,CIB,881,EXP,not_inst,98.01038062,North,direct,58.0,0.11276596039533615
cf,nopre,type1,p4,l1,nopc,nob/c,446500,360.0,not_neg,not_int,not_lpsm,658000.0,sb,pr,home,1U,8520.0,CIB,815,EXP,to_inst,67.85714286,south,direct,47.0,0.0861159935593605
cf,nopre,type1,p3,l1,nopc,nob/c,456500,360.0,not_neg,not_int,not_lpsm,658000.0,sb,pr,home,1U,5520.0,CIB,840,CIB,to_inst,69.3768997,south,direct,42.0,0.10144927352666855
cf,nopre,type2,p4,l1,nopc,b/c,366500,360.0,not_neg,int_only,not_lpsm,418000.0,sb,pr,home,1U,420.0,CIB,587,CIB,to_inst,87.67942584,North,direct,25.0,0.9899497628211975
cf,nopre,type2,p3,l1,nopc,b/c,66500,180.0,not_neg,not_int,not_lpsm,178000.0,sb,pr,home,1U,2280.0,EXP,779,CIB,to_inst,37.35955056,North,direct,40.0,0.1839258074760437
cf,nopre,type1,p3,l2,nopc,nob/c,226500,360.0,not_neg,not_int,not_lpsm,438000.0,sb,pr,home,1U,4860.0,CIB,685,CIB,to_inst,51.71232877,south,direct,42.0,0.04065827652812004
cf,nopre,type1,p1,l1,nopc,nob/c,156500,360.0,not_neg,not_int,not_lpsm,188000.0,sb,pr,home,1U,1980.0,CRIF,879,CIB,not_inst,83.24468085,North,direct,44.0,0.11089865863323212
cf,pre,type1,p3,l1,nopc,nob/c,676500,360.0,not_neg,not_int,not_lpsm,1678000.0,sb,pr,home,4U,7260.0,EXP,564,CIB,to_inst,40.31585221,south,direct,49.0,0.1839258074760437
cf,nopre,type1,p4,l1,nopc,nob/c,276500,324.0,not_neg,not_int,lpsm,338000.0,sb,pr,home,1U,7500.0,EXP,716,EXP,to_inst,81.80473373,south,direct,37.0,0.7596899271011353
cf,nopre,type1,p3,l1,nopc,nob/c,296500,360.0,not_neg,not_int,not_lpsm,378000.0,sb,pr,home,1U,4440.0,CIB,685,CIB,to_inst,78.43915344,North,direct,43.0,0.10782501846551895
cf,pre,type1,p3,l1,nopc,nob/c,346500,360.0,not_neg,not_int,not_lpsm,688000.0,sb,pr,home,1U,5340.0,CIB,853,CIB,not_inst,50.36337209,North-East,direct,30.0,0.03455149382352829
cf,nopre,type1,p1,l1,nopc,nob/c,166500,360.0,not_neg,not_int,not_lpsm,168000.0,sb,pr,home,1U,2880.0,CIB,627,CIB,to_inst,99.10714286,North,direct,46.0,0.24460431933403015
cf,nopre,type1,p3,l1,nopc,nob/c,126500,360.0,not_neg,not_int,not_lpsm,198000.0,sb,pr,home,1U,2280.0,CIB,860,CIB,to_inst,63.88888889,south,direct,46.0,0.11089865863323212
,nopre,type2,p3,l1,nopc,b/c,276500,360.0,neg_amm,not_int,not_lpsm,348000.0,sb,pr,home,1U,4320.0,CRIF,883,EXP,to_inst,79.45402299,south,direct,57.0,0.4184100329875946
cf,pre,type2,p1,l1,nopc,b/c,286500,360.0,not_neg,not_int,not_lpsm,298000.0,sb,pr,home,1U,3120.0,EXP,839,EXP,to_inst,96.1409396,south,direct,54.0,0.11089865863323212
cf,nopre,type1,p1,l1,nopc,nob/c,436500,360.0,not_neg,not_int,not_lpsm,478000.0,sb,pr,home,1U,6960.0,EXP,591,EXP,not_inst,91.31799163,south,direct,39.0,0.03455149382352829
cf,nopre,type1,p3,l2,nopc,nob/c,156500,300.0,neg_amm,not_int,not_lpsm,208000.0,sb,pr,home,1U,3000.0,CIB,737,CIB,to_inst,75.24038462,North,direct,35.0,0.9869565367698669
cf,nopre,type1,p3,l1,nopc,nob/c,166500,240.0,not_neg,not_int,not_lpsm,338000.0,sb,pr,home,1U,6240.0,EXP,830,CIB,to_inst,49.26035503,south,direct,30.0,0.05779334530234337
cf,nopre,type2,p1,l1,nopc,b/c,136500,360.0,not_neg,not_int,not_lpsm,148000.0,sb,pr,home,1U,3060.0,CRIF,844,CIB,to_inst,92.22972973,North,direct,36.0,0.23026315867900848
cf,pre,type1,p1,l1,nopc,nob/c,266500,360.0,not_neg,not_int,not_lpsm,468000.0,sb,pr,home,1U,5340.0,CRIF,596,EXP,to_inst,56.94444444,south,direct,40.0,0.0363101065158844
,nopre,type1,p1,l1,nopc,nob/c,116500,360.0,not_neg,not_int,not_lpsm,148000.0,sb,pr,home,1U,1860.0,EXP,696,CIB,to_inst,78.71621622,North,direct,36.0,0.11089865863323212
cf,nopre,type1,p3,l1,nopc,nob/c,196500,180.0,not_neg,not_int,not_lpsm,328000.0,sb,pr,home,1U,9840.0,CIB,895,EXP,to_inst,59.90853659,south,direct,24.0,0.03455149382352829
cf,nopre,type3,p3,l1,nopc,nob/c,526500,360.0,not_neg,not_int,not_lpsm,518000.0,sb,pr,home,1U,12000.0,CRIF,518,EXP,to_inst,101.6409266,North,direct,35.0,0.24460431933403015
cf,nopre,type1,p4,l1,nopc,nob/c,206500,324.0,not_neg,not_int,not_lpsm,278000.0,sb,pr,home,1U,4980.0,CIB,840,EXP,to_inst,74.28057554,North,direct,31.0,0.03455149382352829
ncf,nopre,type1,p3,l1,nopc,nob/c,516500,360.0,not_neg,not_int,not_lpsm,658000.0,sb,pr,home,1U,7320.0,CRIF,845,CIB,to_inst,78.49544073,south,direct,44.0,0.3913043439388275
cf,nopre,type1,p4,l1,nopc,nob/c,276500,360.0,neg_amm,not_int,not_lpsm,818000.0,sb,pr,home,1U,3300.0,CRIF,770,CIB,to_inst,33.80195599,North,direct,58.0,0.8414633870124817
ncf,nopre,type1,p4,l1,nopc,nob/c,746500,180.0,not_neg,int_only,not_lpsm,2158000.0,sb,pr,home,1U,15120.0,CIB,532,CIB,not_inst,34.59221501,North,direct,33.0,0.11089865863323212
,nopre,type1,p2,l1,nopc,nob/c,486500,360.0,not_neg,not_int,not_lpsm,848000.0,sb,ir,home,1U,2880.0,CRIF,836,CIB,not_inst,57.37028302,south,direct,35.0,0.3415384590625763
cf,pre,type1,p1,l1,nopc,nob/c,416500,360.0,not_neg,not_int,not_lpsm,518000.0,sb,pr,home,1U,7740.0,CIB,799,CIB,not_inst,80.40540541,south,direct,24.0,0.03435804694890976
cf,nopre,type1,p3,l1,nopc,nob/c,156500,360.0,neg_amm,not_int,not_lpsm,288000.0,sb,pr,home,1U,3960.0,CIB,661,EXP,to_inst,54.34027778,North,direct,23.0,0.14369073510169983
cf,nopre,type1,p4,l1,nopc,nob/c,436500,360.0,not_neg,not_int,not_lpsm,678000.0,sb,pr,home,1U,11280.0,EXP,576,EXP,not_inst,64.38053097,North,direct,37.0,0.02139037474989891
cf,nopre,type1,p3,l2,nopc,nob/c,486500,360.0,not_neg,not_int,not_lpsm,708000.0,sb,pr,home,1U,8880.0,EXP,856,EXP,to_inst,68.71468927,south,direct,36.0,0.0363101065158844
,nopre,type1,p4,l1,nopc,nob/c,396500,360.0,not_neg,not_int,not_lpsm,438000.0,sb,pr,home,1U,7380.0,CIB,644,EXP,not_inst,90.52511416,North,direct,32.0,0.03455149382352829
cf,nopre,type3,p3,l1,nopc,nob/c,76500,360.0,not_neg,not_int,not_lpsm,78000.0,sb,pr,home,1U,3300.0,CRIF,712,EXP,to_inst,98.07692308,south,direct,41.0,0.24460431933403015
cf,pre,type1,p1,l2,nopc,nob/c,206500,360.0,not_neg,not_int,not_lpsm,298000.0,sb,pr,home,1U,3360.0,CIB,840,EXP,to_inst,69.29530201,central,direct,48.0,0.03435804694890976
cf,nopre,type1,p1,l1,nopc,nob/c,196500,360.0,not_neg,not_int,not_lpsm,258000.0,sb,ir,home,1U,9240.0,EXP,750,EXP,to_inst,76.1627907,North,direct,45.0,0.10782501846551895
cf,nopre,type1,p1,l1,nopc,nob/c,196500,360.0,neg_amm,not_int,not_lpsm,368000.0,sb,pr,home,1U,7200.0,EXP,541,EXP,to_inst,53.39673913,North,direct,27.0,0.14369073510169983
cf,nopre,type1,p3,l1,nopc,nob/c,366500,360.0,not_neg,not_int,not_lpsm,678000.0,sb,pr,home,1U,8700.0,EXP,867,EXP,to_inst,54.0560472,south,direct,39.0,0.05779334530234337
cf,pre,type1,p3,l1,nopc,nob/c,126500,360.0,not_neg,not_int,not_lpsm,218000.0,sb,pr,home,1U,2640.0,EXP,692,CIB,not_inst,58.02752294,North,direct,38.0,0.059588298201560974
cf,nopre,type3,p3,l1,nopc,nob/c,126500,360.0,not_neg,not_int,not_lpsm,258000.0,sb,pr,home,1U,1680.0,EXP,885,CIB,to_inst,49.03100775,North,direct,43.0,0.1839258074760437
cf,pre,type1,p1,l1,nopc,nob/c,386500,360.0,not_neg,not_int,not_lpsm,408000.0,sb,pr,home,1U,10980.0,EXP,549,EXP,not_inst,94.73039216,south,direct,44.0,0.03455149382352829
cf,nopre,type2,p3,l1,nopc,b/c,56500,360.0,not_neg,not_int,not_lpsm,288000.0,sb,pr,home,1U,1740.0,CRIF,611,CIB,to_inst,19.61805556,North,direct,27.0,0.23026315867900848
cf,nopre,type1,p3,l1,nopc,nob/c,146500,180.0,not_neg,int_only,not_lpsm,308000.0,sb,pr,home,1U,4320.0,EXP,789,CIB,to_inst,47.56493506,south,direct,35.0,0.11089865863323212
cf,nopre,type1,p3,l1,nopc,nob/c,306500,360.0,not_neg,not_int,not_lpsm,418000.0,sb,pr,home,1U,5580.0,CIB,826,EXP,to_inst,73.32535885,south,direct,31.0,0.055727552622556686
cf,nopre,type1,p3,l1,nopc,nob/c,286500,360.0,not_neg,not_int,not_lpsm,418000.0,sb,pr,home,1U,5400.0,CRIF,541,EXP,to_inst,68.54066986,North,direct,25.0,0.05779334530234337
cf,nopre,type1,p4,l1,nopc,nob/c,276500,360.0,not_neg,not_int,not_lpsm,428000.0,sb,pr,home,1U,3600.0,CIB,726,CIB,not_inst,64.60280374,North,direct,36.0,0.0363101065158844
cf,nopre,type1,p1,l1,nopc,nob/c,296500,360.0,not_neg,not_int,not_lpsm,358000.0,sb,pr,home,1U,10080.0,CRIF,681,EXP,to_inst,82.82122905,south,direct,30.0,0.10782501846551895
cf,pre,type1,p4,l1,nopc,nob/c,346500,180.0,not_neg,not_int,not_lpsm,568000.0,sb,pr,home,1U,13620.0,EXP,791,EXP,to_inst,61.00352113,south,direct,33.0,0.04065827652812004
cf,nopre,type1,p4,l1,nopc,nob/c,416500,360.0,not_neg,not_int,not_lpsm,508000.0,sb,pr,home,1U,6360.0,EXP,898,CIB,not_inst,81.98818898,North,direct,40.0,0.055727552622556686
cf,nopre,type1,p1,l1,nopc,nob/c,526500,360.0,not_neg,not_int,not_lpsm,558000.0,sb,pr,home,1U,7080.0,EXP,858,EXP,not_inst,94.35483871,south,direct,37.0,0.03455149382352829
cf,nopre,type1,p3,l1,nopc,nob/c,326500,180.0,not_neg,not_int,not_lpsm,408000.0,sb,pr,home,1U,17460.0,EXP,644,EXP,not_inst,80.0245098,south,direct,34.0,0.03455149382352829
cf,nopre,type1,p3,l1,nopc,nob/c,306500,360.0,not_neg,not_int,not_lpsm,438000.0,sb,pr,home,1U,2640.0,CRIF,843,EXP,not_inst,69.97716895,south,direct,57.0,0.7596899271011353
cf,pre,type1,p4,l1,nopc,nob/c,306500,360.0,not_neg,not_int,not_lpsm,388000.0,sb,pr,home,1U,6360.0,CIB,581,CIB,not_inst,78.99484536,North,direct,19.0,0.14369073510169983
cf,nopre,type2,p3,l1,nopc,b/c,466500,360.0,not_neg,not_int,not_lpsm,558000.0,sb,pr,home,1U,14700.0,CIB,780,EXP,to_inst,83.60215054,North,direct,35.0,0.11276596039533615
cf,nopre,type1,p4,l1,nopc,nob/c,76500,360.0,not_neg,not_int,not_lpsm,108000.0,sb,pr,home,1U,3240.0,CIB,597,CIB,to_inst,70.83333333,south,direct,34.0,0.11089865863323212
cf,nopre,type3,p3,l1,nopc,nob/c,296500,360.0,neg_amm,not_int,not_lpsm,298000.0,sb,pr,home,1U,5880.0,CRIF,568,EXP,to_inst,99.4966443,central,direct,32.0,0.3913043439388275
cf,nopre,type1,p3,l2,nopc,nob/c,366500,360.0,not_neg,not_int,not_lpsm,678000.0,sb,pr,home,1U,4620.0,CRIF,805,EXP,not_inst,54.0560472,south,direct,38.0,0.0363101065158844
cf,nopre,type1,p3,l1,nopc,nob/c,266500,360.0,not_neg,not_int,lpsm,338000.0,sb,pr,home,1U,3840.0,CIB,883,CIB,to_inst,78.84615385,south,direct,35.0,0.7596899271011353
cf,nopre,type2,p3,l1,nopc,b/c,206500,180.0,not_neg,not_int,not_lpsm,268000.0,sb,pr,home,1U,6780.0,EXP,513,CIB,to_inst,77.05223881,south,direct,37.0,0.14369073510169983
cf,nopre,type1,p4,l1,nopc,nob/c,646500,360.0,not_neg,int_only,not_lpsm,1108000.0,sb,pr,home,1U,10860.0,CIB,727,CIB,not_inst,58.34837545,North,direct,39.0,0.0363101065158844
cf,pre,type2,p1,l1,nopc,b/c,226500,360.0,not_neg,not_int,not_lpsm,228000.0,sb,pr,home,1U,2820.0,CIB,717,CIB,to_inst,99.34210526,south,direct,46.0,0.11089865863323212
cf,pre,type1,p4,l1,nopc,nob/c,236500,360.0,not_neg,not_int,not_lpsm,258000.0,sb,sr,home,1U,4500.0,CIB,883,CIB,not_inst,91.66666667,North,direct,37.0,0.1839258074760437
cf,nopre,type2,p1,l1,nopc,b/c,476500,360.0,not_neg,not_int,not_lpsm,478000.0,sb,pr,home,1U,9900.0,CRIF,782,EXP,not_inst,99.68619247,south,direct,34.0,0.24460431933403015
cf,nopre,type2,p2,l1,nopc,b/c,76500,300.0,not_neg,not_int,not_lpsm,118000.0,sb,pr,home,1U,1080.0,EXP,619,CIB,to_inst,64.83050847,south,direct,40.0,0.3415384590625763
cf,nopre,type1,p3,l1,nopc,nob/c,626500,360.0,not_neg,not_int,not_lpsm,1858000.0,sb,ir,home,2U,25920.0,EXP,605,EXP,not_inst,33.71905274,North,direct,44.0,0.055727552622556686
ncf,nopre,type1,p4,l1,nopc,nob/c,806500,180.0,not_neg,int_only,not_lpsm,2008000.0,sb,pr,home,1U,1980.0,EXP,893,CIB,to_inst,40.16434263,North,direct,19.0,0.9899497628211975
cf,nopre,type1,p3,l1,nopc,nob/c,356500,240.0,not_neg,not_int,not_lpsm,538000.0,sb,pr,home,1U,8400.0,EXP,832,EXP,to_inst,66.26394052,south,direct,57.0,0.6186440587043762
cf,nopre,type1,p3,l2,opc,nob/c,106500,360.0,not_neg,int_only,not_lpsm,888000.0,sb,pr,home,1U,4680.0,CRIF,554,CIB,to_inst,11.99324324,North,direct,45.0,0.03455149382352829
cf,nopre,type1,p4,l1,nopc,nob/c,516500,360.0,neg_amm,not_int,not_lpsm,798000.0,sb,ir,home,2U,35160.0,CIB,523,CIB,not_inst,64.72431078,North,direct,21.0,0.14369073510169983
cf,nopre,type1,p3,l1,nopc,nob/c,386500,240.0,not_neg,not_int,not_lpsm,518000.0,sb,pr,home,1U,6120.0,EXP,628,CIB,to_inst,74.61389961,south,direct,46.0,0.10782501846551895
cf,pre,type1,p1,l1,nopc,nob/c,206500,360.0,not_neg,not_int,not_lpsm,248000.0,sb,pr,home,1U,4500.0,CIB,779,CIB,to_inst,83.26612903,North,direct,40.0,0.059588298201560974
cf,nopre,type3,p3,l1,nopc,nob/c,366500,240.0,not_neg,not_int,not_lpsm,428000.0,sb,pr,home,1U,5400.0,CIB,642,CIB,to_inst,85.63084112,south,direct,37.0,0.11089865863323212
cf,nopre,type1,p3,l1,nopc,nob/c,656500,360.0,not_neg,not_int,not_lpsm,948000.0,sb,pr,home,1U,9300.0,EXP,541,EXP,to_inst,69.25105485,North,direct,36.0,0.04065827652812004
cf,nopre,type2,p3,l1,nopc,b/c,126500,180.0,not_neg,not_int,not_lpsm,148000.0,sb,pr,home,1U,3540.0,CIB,857,CIB,to_inst,85.47297297,south,direct,46.0,0.1839258074760437
cf,nopre,type1,p3,l1,nopc,nob/c,266500,360.0,not_neg,not_int,not_lpsm,378000.0,sb,pr,home,1U,5280.0,CRIF,531,CIB,to_inst,70.5026455,south,direct,27.0,0.10782501846551895
ncf,nopre,type1,p3,l1,nopc,nob/c,196500,360.0,not_neg,not_int,not_lpsm,238000.0,sb,pr,home,1U,4080.0,EXP,706,EXP,to_inst,82.56302521,North,direct,34.0,0.11089865863323212
cf,nopre,type1,p3,l1,nopc,nob/c,276500,360.0,not_neg,not_int,not_lpsm,508000.0,sb,pr,home,1U,7020.0,CRIF,626,EXP,to_inst,54.42913386,North,direct,37.0,0.0363101065158844
ncf,pre,type1,p1,l1,nopc,nob/c,236500,360.0,not_neg,not_int,not_lpsm,248000.0,sb,sr,home,1U,3900.0,EXP,683,CIB,to_inst,95.36290323,south,direct,55.0,0.6666666865348816
cf,nopre,type1,p1,l1,nopc,nob/c,206500,360.0,not_neg,not_int,not_lpsm,228000.0,sb,pr,home,1U,2280.0,EXP,756,CIB,to_inst,90.57017544,North,direct,40.0,0.14369073510169983
cf,nopre,type2,p3,l1,nopc,b/c,106500,360.0,neg_amm,not_int,not_lpsm,128000.0,sb,pr,home,1U,2520.0,CIB,725,CIB,to_inst,83.203125,south,direct,36.0,0.4184100329875946
,nopre,type1,p4,l1,nopc,nob/c,696500,360.0,not_neg,not_int,not_lpsm,858000.0,sb,pr,home,1U,7080.0,EXP,576,EXP,not_inst,81.17715618,North,direct,44.0,0.059588298201560974
cf,nopre,type2,p3,l1,nopc,b/c,336500,360.0,neg_amm,not_int,not_lpsm,388000.0,sb,pr,home,1U,4200.0,CRIF,770,CIB,to_inst,86.72680412,south,direct,10.0,0.9869565367698669
cf,nopre,type1,p4,l2,nopc,nob/c,456500,240.0,not_neg,not_int,not_lpsm,708000.0,sb,pr,home,1U,5340.0,EXP,788,CIB,not_inst,64.47740113,south,direct,48.0,0.06420404464006424
cf,nopre,type2,p1,l1,nopc,b/c,586500,360.0,not_neg,not_int,not_lpsm,598000.0,sb,pr,home,1U,7260.0,EXP,851,EXP,not_inst,98.07692308,south,direct,47.0,0.11089865863323212
cf,nopre,type1,p4,l1,nopc,nob/c,306500,360.0,not_neg,not_int,not_lpsm,308000.0,sb,pr,home,1U,5340.0,CIB,793,CIB,to_inst,99.51298701,south,direct,51.0,0.9869565367698669
cf,nopre,type1,p3,l1,nopc,nob/c,166500,360.0,not_neg,not_int,not_lpsm,378000.0,sb,pr,home,1U,2280.0,CRIF,887,CIB,to_inst,44.04761905,south,direct,32.0,0.11089865863323212
cf,nopre,type1,p3,l1,nopc,nob/c,126500,360.0,not_neg,not_int,not_lpsm,168000.0,sb,ir,home,1U,6000.0,EXP,866,CIB,to_inst,75.29761905,south,direct,38.0,0.24460431933403015
cf,nopre,type1,p4,l1,nopc,nob/c,226500,360.0,not_neg,not_int,not_lpsm,278000.0,sb,pr,home,1U,8580.0,CIB,751,EXP,to_inst,81.47482014,North,direct,21.0,0.06420404464006424
cf,pre,type1,p1,l1,nopc,nob/c,286500,360.0,not_neg,not_int,not_lpsm,308000.0,sb,pr,home,1U,7680.0,EXP,786,EXP,to_inst,93.01948052,North,direct,26.0,0.04065827652812004
cf,pre,type1,p4,l1,nopc,nob/c,426500,360.0,not_neg,not_int,not_lpsm,708000.0,sb,pr,home,1U,6840.0,CIB,864,CIB,not_inst,60.24011299,south,direct,25.0,0.03435804694890976
cf,pre,type1,p1,l1,nopc,nob/c,496500,360.0,not_neg,not_int,not_lpsm,528000.0,sb,pr,home,1U,7560.0,EXP,592,EXP,not_inst,94.03409091,North,direct,36.0,0.02772643230855465
ncf,nopre,type1,p4,l1,nopc,nob/c,806500,360.0,not_neg,not_int,not_lpsm,1808000.0,sb,pr,home,1U,10200.0,CIB,620,CIB,to_inst,44.60730088,south,direct,42.0,0.6186440587043762
cf,nopre,type1,p4,l1,nopc,nob/c,336500,360.0,not_neg,not_int,not_lpsm,378000.0,sb,pr,home,1U,4320.0,CRIF,808,EXP,not_inst,89.02116402,south,direct,42.0,0.059588298201560974
cf,nopre,type1,p3,l1,nopc,nob/c,416500,240.0,not_neg,not_int,not_lpsm,438000.0,sb,pr,home,1U,7440.0,CIB,764,CIB,to_inst,95.0913242,North,direct,39.0,0.6978417038917542
cf,nopre,type1,p2,l1,nopc,nob/c,306500,96.0,not_neg,not_int,not_lpsm,1108000.0,sb,pr,home,1U,10320.0,CIB,561,EXP,to_inst,27.66245487,North,direct,39.0,0.06420404464006424
cf,pre,type2,p3,l1,nopc,b/c,166500,360.0,not_neg,not_int,not_lpsm,298000.0,sb,pr,home,1U,3480.0,CIB,501,CIB,to_inst,55.87248322,North,direct,49.0,0.24460431933403015
cf,nopre,type1,p4,l1,nopc,nob/c,546500,360.0,neg_amm,not_int,not_lpsm,1188000.0,sb,ir,home,1U,9000.0,CRIF,597,EXP,not_inst,46.0016835,North,direct,8.0,0.24460431933403015
cf,pre,type1,p2,l1,nopc,nob/c,396500,360.0,not_neg,not_int,not_lpsm,668000.0,sb,pr,home,1U,10200.0,CRIF,503,CIB,to_inst,59.35628743,south,direct,27.0,0.11089865863323212
cf,nopre,type1,p4,l1,nopc,nob/c,586500,360.0,not_neg,not_int,not_lpsm,928000.0,sb,pr,home,1U,9300.0,EXP,533,EXP,not_inst,63.20043103,North,direct,35.0,0.03435804694890976
cf,nopre,type1,p3,l1,nopc,nob/c,266500,360.0,not_neg,not_int,not_lpsm,418000.0,sb,pr,home,1U,3240.0,CIB,886,EXP,to_inst,63.75598086,south,direct,42.0,0.0861159935593605
ncf,nopre,type1,p1,l2,nopc,nob/c,506500,360.0,not_neg,not_int,not_lpsm,638000.0,sb,pr,home,1U,14940.0,CIB,844,EXP,not_inst,79.38871473,North,direct,29.0,0.03455149382352829
cf,nopre,type1,p4,l1,nopc,nob/c,126500,300.0,not_neg,not_int,not_lpsm,148000.0,sb,pr,home,1U,3300.0,EXP,701,CIB,to_inst,85.47297297,south,direct,30.0,0.14369073510169983
cf,nopre,type1,p3,l1,nopc,nob/c,116500,360.0,not_neg,not_int,not_lpsm,168000.0,sb,pr,home,1U,3180.0,CRIF,835,CIB,to_inst,69.3452381,North,direct,39.0,0.0861159935593605
ncf,nopre,type1,p1,l1,nopc,nob/c,766500,360.0,not_neg,not_int,not_lpsm,928000.0,sb,pr,home,1U,8580.0,CIB,538,CIB,not_inst,82.59698276,south,direct,40.0,0.11089865863323212
cf,pre,type1,p1,l1,nopc,nob/c,196500,360.0,not_neg,not_int,not_lpsm,208000.0,sb,pr,home,1U,5160.0,EXP,548,CIB,to_inst,94.47115385,central,direct,34.0,0.0861159935593605
cf,nopre,type1,p4,l1,nopc,nob/c,226500,180.0,not_neg,int_only,not_lpsm,508000.0,sb,pr,home,1U,5940.0,CRIF,769,EXP,to_inst,44.58661417,central,direct,40.0,0.10782501846551895
cf,nopre,type1,p3,l1,nopc,nob/c,186500,360.0,not_neg,not_int,not_lpsm,238000.0,sb,pr,home,1U,2880.0,CIB,668,CIB,to_inst,78.36134454,south,direct,43.0,0.11089865863323212
cf,nopre,type1,p3,l1,nopc,nob/c,316500,360.0,not_neg,not_int,not_lpsm,598000.0,sb,ir,home,1U,5640.0,EXP,523,CIB,to_inst,52.9264214,south,direct,44.0,0.11276596039533615
cf,pre,type1,p3,l1,nopc,nob/c,166500,360.0,not_neg,not_int,not_lpsm,218000.0,sb,pr,home,1U,4080.0,CIB,825,EXP,to_inst,76.37614679,North,direct,39.0,0.06420404464006424
cf,nopre,type1,p4,l1,nopc,nob/c,356500,360.0,not_neg,not_int,lpsm,448000.0,sb,pr,home,1U,6300.0,CIB,797,CIB,to_inst,79.57589286,central,direct,31.0,0.6666666865348816
cf,nopre,type1,p3,l1,nopc,nob/c,226500,324.0,not_neg,not_int,not_lpsm,478000.0,sb,pr,home,1U,3600.0,CIB,787,CIB,to_inst,47.38493724,south,direct,39.0,0.06766917556524277
cf,nopre,type1,p4,l1,nopc,nob/c,346500,360.0,not_neg,not_int,not_lpsm,428000.0,sb,pr,home,1U,12960.0,CRIF,747,CIB,to_inst,80.95794393,south,direct,20.0,0.10782501846551895
cf,nopre,type1,p3,l2,nopc,nob/c,176500,360.0,not_neg,not_int,not_lpsm,258000.0,sb,pr,home,1U,3900.0,EXP,592,EXP,to_inst,68.41085271,south,direct,41.0,0.03455149382352829
cf,pre,type1,p3,l1,nopc,nob/c,76500,120.0,not_neg,not_int,not_lpsm,218000.0,sb,pr,home,1U,2340.0,CRIF,832,EXP,to_inst,35.09174312,North,direct,32.0,0.10782501846551895
cf,nopre,type2,p3,l1,nopc,b/c,206500,360.0,not_neg,not_int,not_lpsm,278000.0,sb,pr,home,1U,3120.0,CIB,568,CIB,to_inst,74.28057554,North,direct,45.0,0.14369073510169983
ncf,nopre,type1,p2,l1,opc,nob/c,506500,360.0,not_neg,int_only,not_lpsm,1048000.0,sb,sr,home,1U,34980.0,CIB,780,EXP,to_inst,48.33015267,North,direct,14.0,0.3913043439388275
,nopre,type1,p3,l1,nopc,nob/c,176500,360.0,not_neg,not_int,not_lpsm,228000.0,sb,pr,home,1U,6840.0,CIB,868,CIB,to_inst,77.4122807,North,direct,18.0,0.0861159935593605
ncf,pre,type1,p3,l1,nopc,nob/c,206500,360.0,not_neg,not_int,not_lpsm,278000.0,sb,pr,home,1U,4260.0,CIB,739,CIB,to_inst,74.28057554,North,direct,30.0,0.06766917556524277
cf,nopre,type1,p4,l1,nopc,nob/c,296500,360.0,not_neg,not_int,not_lpsm,358000.0,sb,pr,home,1U,4560.0,EXP,832,CIB,to_inst,82.82122905,south,direct,47.0,0.1839258074760437
cf,nopre,type1,p1,l1,nopc,nob/c,316500,360.0,not_neg,not_int,not_lpsm,428000.0,sb,ir,home,3U,14280.0,CIB,617,EXP,not_inst,73.94859813,North,direct,37.0,0.059588298201560974
cf,nopre,type1,p3,l1,nopc,nob/c,206500,360.0,neg_amm,not_int,not_lpsm,518000.0,sb,pr,home,1U,3960.0,CRIF,574,CIB,to_inst,39.86486486,North,direct,41.0,0.1839258074760437
cf,nopre,type1,p4,l1,nopc,nob/c,646500,360.0,not_neg,int_only,not_lpsm,868000.0,sb,pr,home,1U,9300.0,CRIF,863,CIB,not_inst,74.48156682,south,direct,36.0,0.05779334530234337
cf,pre,type1,p1,l1,nopc,nob/c,336500,360.0,not_neg,not_int,not_lpsm,418000.0,sb,pr,home,1U,26040.0,CIB,764,CIB,to_inst,80.50239234,south,direct,12.0,0.059588298201560974
cf,nopre,type1,p3,l1,nopc,nob/c,176500,180.0,not_neg,not_int,not_lpsm,248000.0,sb,pr,home,1U,3900.0,CRIF,809,CIB,to_inst,71.16935484,North,direct,49.0,0.11276596039533615
cf,nopre,type1,p4,l1,nopc,nob/c,356500,360.0,not_neg,not_int,not_lpsm,478000.0,sb,pr,home,1U,8340.0,EXP,770,CIB,to_inst,74.58158996,south,direct,20.0,0.06420404464006424
cf,nopre,type2,p3,l1,nopc,b/c,266500,240.0,,not_int,not_lpsm,338000.0,sb,pr,home,1U,3660.0,CRIF,689,EXP,to_inst,78.84615385,south,direct,59.0,0.1839258074760437
cf,nopre,type1,p4,l1,nopc,nob/c,416500,360.0,not_neg,not_int,not_lpsm,518000.0,sb,pr,home,1U,10560.0,CIB,540,EXP,not_inst,80.40540541,central,direct,44.0,0.03455149382352829
cf,nopre,type1,p4,l2,nopc,nob/c,666500,360.0,not_neg,not_int,not_lpsm,1758000.0,sb,pr,home,1U,12780.0,CRIF,841,CIB,to_inst,37.91240046,North,direct,29.0,0.10782501846551895
cf,nopre,type1,p4,l1,nopc,nob/c,356500,360.0,not_neg,not_int,not_lpsm,528000.0,sb,ir,home,1U,5820.0,CRIF,776,CIB,not_inst,67.51893939,south,direct,60.0,0.8414633870124817
ncf,nopre,type2,p3,l1,nopc,b/c,276500,360.0,not_neg,not_int,not_lpsm,318000.0,sb,pr,home,1U,9240.0,CIB,540,EXP,not_inst,86.94968553,south,direct,25.0,0.06420404464006424
cf,nopre,type1,p4,l1,nopc,nob/c,456500,360.0,not_neg,not_int,not_lpsm,958000.0,sb,pr,home,1U,5640.0,CIB,748,EXP,not_inst,47.65135699,North,direct,52.0,0.6666666865348816
cf,nopre,type1,p3,l1,nopc,nob/c,226500,360.0,not_neg,not_int,not_lpsm,348000.0,sb,pr,home,1U,2340.0,CIB,818,EXP,not_inst,65.0862069,North,direct,44.0,0.059588298201560974
cf,nopre,type1,p1,l2,nopc,nob/c,576500,360.0,not_neg,not_int,not_lpsm,718000.0,sb,ir,home,1U,18180.0,EXP,852,CIB,not_inst,80.29247911,North,direct,43.0,0.04065827652812004
cf,nopre,type1,p1,l1,nopc,nob/c,606500,360.0,not_neg,not_int,not_lpsm,758000.0,sb,pr,home,1U,14580.0,CIB,810,EXP,not_inst,80.01319261,south,direct,28.0,0.03455149382352829
cf,nopre,type1,p4,l1,nopc,nob/c,306500,300.0,not_neg,not_int,not_lpsm,338000.0,sb,pr,home,1U,12840.0,EXP,734,CIB,to_inst,90.68047337,south,direct,37.0,0.1839258074760437
cf,nopre,type1,p3,l1,nopc,nob/c,206500,360.0,not_neg,not_int,not_lpsm,358000.0,sb,pr,home,1U,2820.0,CRIF,718,CIB,to_inst,57.68156425,south,direct,48.0,0.14369073510169983
cf,nopre,type2,p3,l1,nopc,b/c,116500,360.0,not_neg,not_int,not_lpsm,158000.0,sb,pr,home,1U,3000.0,EXP,576,CIB,to_inst,73.73417722,North,direct,49.0,0.14369073510169983
cf,nopre,type1,p3,l1,nopc,nob/c,336500,360.0,not_neg,not_int,not_lpsm,808000.0,sb,pr,home,2U,5100.0,CRIF,558,EXP,to_inst,41.6460396,south,direct,39.0,0.06766917556524277
cf,pre,type1,p1,l1,nopc,nob/c,596500,360.0,not_neg,not_int,not_lpsm,988000.0,sb,pr,home,1U,10080.0,CRIF,510,EXP,not_inst,60.37449393,North,direct,42.0,0.02772643230855465
cf,nopre,type1,p2,l1,nopc,nob/c,136500,360.0,not_neg,not_int,not_lpsm,178000.0,sb,pr,home,1U,4320.0,EXP,526,EXP,not_inst,76.68539326,North,direct,37.0,0.06766917556524277
cf,nopre,type1,p4,l1,nopc,nob/c,506500,360.0,neg_amm,not_int,not_lpsm,648000.0,sb,pr,home,1U,9240.0,CRIF,741,CIB,to_inst,78.16358025,North,direct,40.0,0.19203747808933258
cf,nopre,type1,p2,l1,nopc,nob/c,186500,360.0,not_neg,not_int,not_lpsm,328000.0,sb,pr,home,1U,2880.0,CIB,874,CIB,to_inst,56.8597561,south,direct,40.0,0.14369073510169983
cf,nopre,type2,p1,l1,nopc,b/c,216500,360.0,not_neg,not_int,not_lpsm,218000.0,sb,pr,home,1U,1860.0,CRIF,641,CIB,to_inst,99.31192661,south,direct,25.0,0.7843137383460999
cf,nopre,type1,p3,l1,nopc,nob/c,266500,360.0,not_neg,not_int,not_lpsm,618000.0,sb,pr,home,1U,4800.0,CIB,557,CIB,to_inst,43.12297735,North,direct,49.0,0.11089865863323212
cf,nopre,type1,p4,l1,nopc,nob/c,336500,360.0,not_neg,not_int,not_lpsm,428000.0,sb,pr,home,1U,4440.0,EXP,646,EXP,not_inst,78.62149533,south,direct,48.0,0.06766917556524277
cf,nopre,type2,p3,l1,nopc,b/c,266500,360.0,not_neg,not_int,lpsm,328000.0,sb,pr,home,1U,5280.0,CIB,504,EXP,to_inst,81.25,south,direct,36.0,0.6978417038917542
cf,nopre,type1,p4,l1,nopc,nob/c,146500,240.0,not_neg,not_int,not_lpsm,278000.0,sb,pr,home,1U,2400.0,CIB,706,CIB,to_inst,52.69784173,North-East,direct,32.0,0.10782501846551895
cf,nopre,type2,p3,l1,nopc,b/c,176500,360.0,not_neg,not_int,not_lpsm,218000.0,sb,pr,home,1U,2460.0,CRIF,757,EXP,to_inst,80.96330275,North,direct,41.0,0.14369073510169983
cf,nopre,type1,p4,l1,nopc,nob/c,246500,360.0,not_neg,int_only,not_lpsm,278000.0,sb,pr,home,1U,8160.0,CIB,629,EXP,to_inst,88.66906475,south,direct,47.0,0.24460431933403015
cf,nopre,type1,p3,l1,nopc,nob/c,476500,360.0,not_neg,not_int,not_lpsm,648000.0,sb,pr,home,1U,6840.0,CIB,697,EXP,to_inst,73.53395062,south,direct,42.0,0.06420404464006424
cf,pre,type2,p1,l1,nopc,b/c,266500,360.0,not_neg,not_int,not_lpsm,268000.0,sb,pr,home,1U,4200.0,CRIF,896,CIB,to_inst,99.44029851,North,direct,55.0,0.059588298201560974
cf,nopre,type1,p4,l1,nopc,nob/c,206500,360.0,not_neg,not_int,not_lpsm,288000.0,sb,pr,home,1U,2460.0,CIB,725,EXP,to_inst,71.70138889,North,direct,42.0,0.0861159935593605
cf,nopre,type1,p3,l2,nopc,nob/c,156500,360.0,not_neg,not_int,not_lpsm,278000.0,sb,pr,home,1U,4500.0,CIB,517,CIB,to_inst,56.29496403,North,direct,37.0,0.03455149382352829
ncf,nopre,type3,p3,l1,nopc,nob/c,36500,360.0,not_neg,not_int,not_lpsm,38000.0,sb,pr,home,1U,1680.0,EXP,881,CIB,to_inst,96.05263158,south,direct,20.0,0.6978417038917542
cf,nopre,type1,p4,l1,nopc,nob/c,376500,360.0,not_neg,not_int,not_lpsm,558000.0,sb,pr,home,1U,11100.0,EXP,588,CIB,not_inst,67.47311828,south,direct,18.0,0.0861159935593605
cf,nopre,type1,p4,l1,nopc,nob/c,306500,360.0,not_neg,not_int,not_lpsm,3208000.0,sb,pr,home,1U,15960.0,CRIF,624,EXP,to_inst,9.554239401,south,direct,35.0,0.11276596039533615
cf,nopre,type1,p3,l1,nopc,nob/c,76500,360.0,not_neg,not_int,not_lpsm,238000.0,sb,pr,home,1U,2400.0,CRIF,636,EXP,to_inst,32.14285714,North,direct,46.0,0.10782501846551895
cf,nopre,type1,p1,l1,nopc,nob/c,186500,180.0,not_neg,not_int,not_lpsm,268000.0,sb,sr,home,1U,19800.0,EXP,822,CIB,not_inst,69.58955224,North,direct,38.0,0.06420404464006424
cf,pre,type1,p1,l2,nopc,nob/c,506500,360.0,not_neg,not_int,not_lpsm,698000.0,sb,pr,home,1U,6780.0,CIB,583,EXP,to_inst,72.56446991,North,direct,43.0,0.03455149382352829
cf,nopre,type1,p4,l1,nopc,nob/c,456500,360.0,not_neg,not_int,not_lpsm,508000.0,sb,pr,home,1U,6840.0,EXP,634,CIB,to_inst,89.86220472,North,direct,39.0,0.1839258074760437
cf,nopre,type1,p4,l1,nopc,nob/c,356500,360.0,not_neg,not_int,not_lpsm,2428000.0,sb,pr,home,1U,4860.0,CIB,532,EXP,not_inst,14.68286656,North,direct,43.0,0.04065827652812004
cf,nopre,type1,p3,l1,nopc,nob/c,116500,360.0,not_neg,not_int,not_lpsm,238000.0,sb,pr,home,1U,3060.0,CIB,548,CIB,to_inst,48.94957983,North,direct,25.0,0.10782501846551895
cf,nopre,type1,p3,l1,nopc,nob/c,276500,240.0,not_neg,not_int,not_lpsm,338000.0,sb,pr,home,1U,6180.0,CRIF,673,CIB,to_inst,81.80473373,south,direct,43.0,0.14369073510169983
cf,nopre,type1,p3,l1,nopc,nob/c,386500,360.0,not_neg,not_int,not_lpsm,488000.0,sb,pr,home,1U,3420.0,CIB,803,CIB,to_inst,79.20081967,south,direct,47.0,0.16867469251155853
cf,nopre,type1,p3,l1,nopc,nob/c,166500,360.0,not_neg,not_int,lpsm,268000.0,sb,pr,home,1U,2640.0,EXP,557,CIB,to_inst,62.12686567,North,direct,24.0,0.6666666865348816
cf,nopre,type1,p3,l1,nopc,nob/c,106500,300.0,not_neg,not_int,not_lpsm,238000.0,sb,pr,home,1U,2100.0,CIB,883,EXP,to_inst,44.74789916,North,direct,39.0,0.06420404464006424
cf,nopre,type1,p3,l1,nopc,nob/c,316500,360.0,not_neg,not_int,not_lpsm,428000.0,sb,pr,home,1U,4620.0,CRIF,672,CIB,not_inst,73.94859813,south,direct,44.0,0.04065827652812004
cf,nopre,type1,p1,l1,nopc,nob/c,316500,360.0,neg_amm,not_int,not_lpsm,328000.0,sb,pr,home,1U,4860.0,EXP,694,CIB,not_inst,96.49390244,North,direct,49.0,0.14369073510169983
cf,pre,type1,p1,l1,nopc,nob/c,336500,360.0,not_neg,not_int,not_lpsm,388000.0,sb,pr,home,1U,7800.0,EXP,676,CIB,to_inst,86.72680412,North,direct,49.0,0.05779334530234337
cf,nopre,type1,p3,l1,nopc,nob/c,156500,360.0,not_neg,not_int,not_lpsm,208000.0,sb,pr,home,1U,8340.0,EXP,504,CIB,to_inst,75.24038462,south,direct,37.0,0.06420404464006424
ncf,nopre,type1,p4,l2,nopc,nob/c,526500,360.0,not_neg,not_int,not_lpsm,728000.0,sb,pr,home,1U,9840.0,EXP,801,CIB,to_inst,72.32142857,south,direct,37.0,0.23026315867900848
cf,nopre,type1,p3,l2,nopc,nob/c,526500,360.0,not_neg,not_int,not_lpsm,658000.0,sb,pr,home,1U,11100.0,CRIF,661,EXP,not_inst,80.01519757,North,direct,43.0,0.03455149382352829
cf,nopre,type1,p3,l1,nopc,nob/c,156500,324.0,not_neg,not_int,not_lpsm,368000.0,sb,pr,home,1U,3420.0,CRIF,673,CIB,to_inst,42.52717391,North,direct,37.0,0.06420404464006424
cf,nopre,type1,p1,l1,nopc,nob/c,396500,360.0,not_neg,not_int,not_lpsm,428000.0,sb,pr,home,1U,10680.0,CIB,808,EXP,not_inst,92.64018692,North,direct,36.0,0.03455149382352829
cf,nopre,type1,p1,l1,nopc,nob/c,256500,360.0,not_neg,not_int,not_lpsm,308000.0,sb,pr,home,1U,2400.0,CIB,755,CIB,not_inst,83.27922078,central,direct,47.0,0.11089865863323212
cf,nopre,type1,p2,l2,nopc,nob/c,106500,360.0,not_neg,not_int,not_lpsm,158000.0,sb,pr,home,1U,2760.0,CIB,613,CIB,to_inst,67.40506329,North,direct,38.0,0.0861159935593605
cf,pre,type2,p3,l1,nopc,b/c,216500,360.0,neg_amm,not_int,not_lpsm,278000.0,sb,pr,home,1U,4020.0,EXP,612,EXP,to_inst,77.87769784,North,direct,40.0,0.16867469251155853
cf,nopre,type1,p3,l1,nopc,nob/c,606500,360.0,not_neg,not_int,lpsm,808000.0,sb,ir,home,1U,16080.0,EXP,659,EXP,to_inst,75.06188119,south,direct,36.0,0.7843137383460999
cf,nopre,type3,p3,l1,nopc,nob/c,136500,360.0,not_neg,not_int,not_lpsm,198000.0,sb,pr,home,1U,2160.0,CIB,524,CIB,to_inst,68.93939394,North,direct,37.0,0.11276596039533615
cf,nopre,type1,p4,l1,nopc,nob/c,306500,240.0,not_neg,not_int,not_lpsm,528000.0,sb,pr,home,1U,4680.0,EXP,677,CIB,to_inst,58.04924242,North,direct,43.0,0.05779334530234337
cf,nopre,type1,p1,l1,nopc,nob/c,206500,360.0,not_neg,not_int,lpsm,218000.0,sb,pr,home,1U,2340.0,EXP,575,EXP,not_inst,94.72477064,North,direct,47.0,0.4883720874786377
cf,nopre,type1,p3,l1,nopc,nob/c,156500,360.0,not_neg,not_int,not_lpsm,228000.0,sb,pr,home,1U,3660.0,CRIF,570,EXP,to_inst,68.64035088,North,direct,34.0,0.05779334530234337
cf,nopre,type1,p4,l1,nopc,nob/c,486500,360.0,not_neg,not_int,not_lpsm,998000.0,sb,pr,home,1U,16320.0,CIB,722,EXP,not_inst,48.74749499,south,direct,20.0,0.02772643230855465
ncf,nopre,type1,p3,l1,nopc,nob/c,176500,360.0,not_neg,not_int,not_lpsm,248000.0,sb,pr,home,1U,4140.0,CIB,677,CIB,to_inst,71.16935484,south,direct,35.0,0.10782501846551895
cf,nopre,type1,p4,l1,nopc,nob/c,506500,360.0,not_neg,not_int,not_lpsm,638000.0,sb,pr,home,1U,9600.0,CIB,708,CIB,not_inst,79.38871473,south,direct,23.0,0.03435804694890976
ncf,pre,type1,p3,l1,nopc,nob/c,76500,180.0,not_neg,not_int,not_lpsm,338000.0,sb,pr,home,1U,7860.0,CRIF,770,EXP,to_inst,22.63313609,North,direct,17.0,0.06766917556524277
cf,nopre,type1,p1,l1,nopc,nob/c,326500,360.0,neg_amm,not_int,not_lpsm,338000.0,sb,pr,home,1U,5100.0,EXP,779,CIB,not_inst,96.59763314,south,direct,46.0,0.1839258074760437
cf,nopre,type1,p4,l1,nopc,nob/c,316500,360.0,not_neg,not_int,not_lpsm,338000.0,sb,pr,home,1U,2880.0,CRIF,697,CIB,to_inst,93.63905325,south,direct,48.0,0.4184100329875946
cf,nopre,type1,p4,l1,nopc,nob/c,406500,180.0,not_neg,not_int,not_lpsm,448000.0,sb,pr,home,1U,17940.0,CIB,639,EXP,to_inst,90.73660714,south,direct,36.0,0.14369073510169983
cf,nopre,type2,p1,l1,nopc,b/c,106500,360.0,not_neg,not_int,not_lpsm,108000.0,sb,pr,home,1U,5100.0,CRIF,743,EXP,to_inst,98.61111111,central,direct,23.0,0.24460431933403015
cf,nopre,type1,p4,l1,nopc,nob/c,236500,180.0,not_neg,int_only,not_lpsm,308000.0,sb,pr,home,1U,4020.0,CRIF,726,CIB,to_inst,76.78571429,south,direct,45.0,0.24460431933403015
cf,nopre,type1,p1,l1,nopc,nob/c,226500,360.0,not_neg,not_int,not_lpsm,248000.0,sb,pr,home,1U,3660.0,CIB,590,CIB,to_inst,91.33064516,south,direct,48.0,0.1839258074760437
cf,nopre,type1,p2,l1,nopc,nob/c,186500,360.0,neg_amm,not_int,not_lpsm,248000.0,sb,sr,home,1U,3180.0,CRIF,719,CIB,not_inst,75.2016129,North,direct,47.0,0.4184100329875946
cf,nopre,type1,p4,l1,nopc,nob/c,86500,360.0,neg_amm,not_int,not_lpsm,208000.0,sb,pr,home,1U,2580.0,EXP,846,CIB,to_inst,41.58653846,North,direct,24.0,0.3415384590625763
cf,pre,type2,p3,l1,nopc,b/c,326500,360.0,not_neg,not_int,not_lpsm,348000.0,sb,pr,home,1U,4200.0,CIB,782,CIB,to_inst,93.82183908,south,direct,47.0,0.6978417038917542
cf,pre,type1,p3,l1,nopc,nob/c,456500,180.0,not_neg,not_int,not_lpsm,618000.0,sb,pr,home,1U,9840.0,CRIF,744,EXP,to_inst,73.86731392,North,direct,39.0,0.055727552622556686
cf,nopre,type1,p3,l1,nopc,nob/c,406500,360.0,neg_amm,not_int,not_lpsm,508000.0,sb,pr,home,1U,5400.0,CRIF,510,EXP,not_inst,80.01968504,North,direct,37.0,0.11089865863323212
ncf,nopre,type1,p3,l1,nopc,nob/c,236500,360.0,not_neg,not_int,not_lpsm,288000.0,sb,pr,home,1U,4140.0,EXP,745,EXP,to_inst,82.11805556,North,direct,38.0,0.14369073510169983
ncf,pre,type1,p1,l1,nopc,nob/c,176500,360.0,not_neg,not_int,not_lpsm,218000.0,sb,pr,home,1U,6000.0,CRIF,766,CIB,to_inst,80.96330275,south,direct,44.0,0.06420404464006424
cf,nopre,type3,p3,l2,nopc,nob/c,216500,360.0,not_neg,not_int,not_lpsm,218000.0,sb,pr,home,1U,4740.0,EXP,736,CIB,to_inst,99.31192661,North,direct,57.0,0.06420404464006424
cf,nopre,type2,p3,l1,nopc,b/c,216500,360.0,not_neg,not_int,not_lpsm,268000.0,sb,pr,home,1U,3480.0,CIB,538,EXP,to_inst,80.78358209,North,direct,48.0,0.11276596039533615
,nopre,type1,p1,l1,nopc,nob/c,226500,360.0,not_neg,not_int,not_lpsm,238000.0,sb,pr,home,1U,6900.0,CRIF,706,EXP,to_inst,95.16806723,North,direct,35.0,0.11089865863323212
cf,nopre,type1,p4,l1,nopc,nob/c,466500,324.0,not_neg,not_int,not_lpsm,798000.0,sb,pr,home,1U,11040.0,CRIF,662,EXP,to_inst,58.45864662,south,direct,27.0,0.0363101065158844
cf,nopre,type1,p3,l1,nopc,nob/c,386500,360.0,not_neg,not_int,not_lpsm,638000.0,sb,pr,home,1U,5160.0,CRIF,763,CIB,to_inst,60.5799373,North,direct,30.0,0.059588298201560974
cf,nopre,type1,p4,l1,nopc,nob/c,266500,324.0,not_neg,not_int,not_lpsm,308000.0,sb,pr,home,1U,3720.0,CIB,536,EXP,to_inst,86.52597403,central,direct,48.0,0.24460431933403015
cf,nopre,type1,p2,l2,nopc,nob/c,226500,180.0,not_neg,not_int,not_lpsm,378000.0,sb,ir,home,1U,15180.0,CIB,632,EXP,not_inst,59.92063492,south,direct,14.0,0.06420404464006424
cf,pre,type1,p1,l1,nopc,nob/c,96500,360.0,not_neg,not_int,not_lpsm,98000.0,sb,pr,home,1U,2520.0,EXP,613,EXP,to_inst,98.46938776,North,direct,47.0,0.10782501846551895
cf,nopre,type3,p4,l1,nopc,nob/c,386500,360.0,not_neg,not_int,not_lpsm,1008000.0,sb,pr,home,1U,6120.0,CRIF,730,CIB,not_inst,38.34325397,North,direct,53.0,0.24460431933403015
cf,nopre,type1,p3,l1,nopc,nob/c,386500,360.0,not_neg,not_int,not_lpsm,498000.0,sb,pr,home,1U,4740.0,EXP,683,EXP,to_inst,77.61044177,North,direct,41.0,0.06420404464006424
cf,nopre,type1,p3,l1,nopc,nob/c,176500,360.0,not_neg,not_int,not_lpsm,278000.0,sb,pr,home,1U,3540.0,CIB,516,EXP,to_inst,63.48920863,south,direct,20.0,0.0861159935593605
cf,nopre,type1,p2,l1,nopc,nob/c,406500,360.0,not_neg,not_int,not_lpsm,1078000.0,sb,pr,home,1U,6780.0,CIB,825,EXP,not_inst,37.70871985,North,direct,40.0,0.06420404464006424
cf,nopre,type2,p3,l1,nopc,b/c,216500,360.0,not_neg,not_int,not_lpsm,238000.0,sb,pr,home,1U,3000.0,CIB,509,EXP,to_inst,90.96638655,central,direct,55.0,0.6978417038917542
cf,nopre,type1,p4,l1,nopc,nob/c,476500,360.0,not_neg,not_int,not_lpsm,778000.0,sb,pr,home,1U,8640.0,EXP,589,CIB,not_inst,61.24678663,North,direct,36.0,0.03455149382352829
cf,nopre,type1,p3,l1,nopc,nob/c,396500,360.0,neg_amm,not_int,not_lpsm,708000.0,sb,pr,home,1U,5280.0,EXP,741,CIB,to_inst,56.00282486,south,direct,44.0,0.24460431933403015
cf,nopre,type2,p1,l1,nopc,b/c,166500,360.0,not_neg,not_int,not_lpsm,178000.0,sb,pr,home,1U,2760.0,CRIF,503,CIB,to_inst,93.53932584,south,direct,44.0,0.24460431933403015
cf,nopre,type1,p4,l1,nopc,nob/c,626500,360.0,not_neg,not_int,not_lpsm,708000.0,sb,pr,home,1U,8880.0,CIB,835,EXP,not_inst,88.48870056,North,direct,45.0,0.055727552622556686
cf,nopre,type3,p3,l1,nopc,nob/c,116500,180.0,not_neg,not_int,not_lpsm,268000.0,sb,pr,home,1U,2820.0,EXP,716,EXP,to_inst,43.47014925,North,direct,29.0,0.0861159935593605
cf,nopre,type1,p4,l1,nopc,nob/c,426500,360.0,not_neg,not_int,not_lpsm,498000.0,sb,pr,home,1U,8700.0,EXP,595,EXP,to_inst,85.64257028,south,direct,41.0,0.11089865863323212
cf,nopre,type1,p3,l1,nopc,nob/c,116500,360.0,not_neg,not_int,not_lpsm,308000.0,sb,pr,home,1U,3360.0,CRIF,767,CIB,to_inst,37.82467532,North,direct,36.0,0.0861159935593605
cf,nopre,type1,p3,l1,nopc,nob/c,196500,360.0,not_neg,not_int,not_lpsm,388000.0,sb,pr,home,1U,2160.0,CRIF,857,CIB,to_inst,50.6443299,south,direct,44.0,0.11089865863323212
cf,pre,type1,p1,l1,nopc,nob/c,166500,360.0,not_neg,not_int,not_lpsm,228000.0,sb,sr,home,1U,9360.0,CIB,794,CIB,to_inst,73.02631579,south,direct,20.0,0.06766917556524277
cf,nopre,type1,p1,l1,nopc,nob/c,486500,360.0,not_neg,not_int,not_lpsm,538000.0,sb,sr,home,1U,14100.0,EXP,836,CIB,to_inst,90.42750929,south,direct,25.0,0.24460431933403015
cf,nopre,type1,p3,l1,nopc,nob/c,316500,360.0,not_neg,not_int,not_lpsm,458000.0,sb,ir,home,1U,12540.0,CIB,629,EXP,to_inst,69.10480349,North,direct,30.0,0.059588298201560974
cf,nopre,type1,p4,l1,nopc,nob/c,246500,324.0,not_neg,not_int,not_lpsm,308000.0,sb,pr,home,1U,9360.0,CIB,525,EXP,to_inst,80.03246753,North,direct,43.0,0.04065827652812004
cf,nopre,type1,p3,l1,nopc,nob/c,726500,360.0,not_neg,not_int,not_lpsm,1458000.0,sb,pr,home,1U,8520.0,EXP,683,CIB,not_inst,49.82853224,south,direct,49.0,0.06420404464006424
ncf,nopre,type1,p1,l1,nopc,nob/c,496500,360.0,not_neg,not_int,not_lpsm,548000.0,sb,pr,home,1U,6120.0,CIB,567,CIB,not_inst,90.60218978,south,direct,43.0,0.0861159935593605
cf,nopre,type1,p3,l1,nopc,nob/c,326500,360.0,not_neg,not_int,not_lpsm,788000.0,sb,pr,home,1U,4320.0,CIB,555,EXP,to_inst,41.43401015,south,direct,38.0,0.0861159935593605
cf,nopre,type1,p3,l1,nopc,nob/c,226500,360.0,not_neg,not_int,not_lpsm,368000.0,sb,pr,home,1U,4620.0,CRIF,609,EXP,to_inst,61.54891304,North,direct,48.0,0.0861159935593605
cf,nopre,type1,p4,l1,nopc,nob/c,356500,360.0,not_neg,not_int,not_lpsm,508000.0,sb,pr,home,1U,8940.0,EXP,837,CIB,not_inst,70.17716535,North,direct,20.0,0.03455149382352829
cf,nopre,type1,p4,l1,nopc,nob/c,396500,360.0,not_neg,not_int,not_lpsm,518000.0,sb,pr,home,1U,9120.0,CRIF,714,CIB,not_inst,76.54440154,North,direct,35.0,0.03435804694890976
cf,nopre,type1,p4,l1,nopc,nob/c,546500,360.0,neg_amm,not_int,not_lpsm,1208000.0,sb,pr,home,1U,11820.0,EXP,601,EXP,not_inst,45.24006623,North,direct,45.0,0.10782501846551895
cf,nopre,type2,p3,l1,nopc,b/c,256500,360.0,not_neg,not_int,not_lpsm,298000.0,sb,pr,home,1U,6600.0,CRIF,503,CIB,to_inst,86.0738255,south,direct,39.0,0.16867469251155853
cf,nopre,type1,p4,l1,nopc,nob/c,486500,360.0,not_neg,not_int,not_lpsm,648000.0,sb,pr,home,1U,9120.0,EXP,851,CIB,not_inst,75.07716049,North,direct,37.0,0.03435804694890976
cf,nopre,type3,p3,l1,nopc,nob/c,296500,360.0,not_neg,not_int,not_lpsm,498000.0,sb,pr,home,1U,4980.0,CIB,576,EXP,not_inst,59.53815261,North,direct,38.0,0.03455149382352829
cf,nopre,type2,p3,l2,nopc,b/c,256500,360.0,not_neg,not_int,not_lpsm,308000.0,sb,pr,home,1U,3420.0,EXP,678,CIB,to_inst,83.27922078,North,direct,44.0,0.14369073510169983
cf,pre,type1,p3,l1,nopc,nob/c,416500,360.0,not_neg,not_int,not_lpsm,558000.0,sb,pr,home,1U,9660.0,CIB,765,CIB,to_inst,74.64157706,south,direct,36.0,0.0861159935593605
cf,pre,type2,p1,l1,nopc,b/c,176500,360.0,not_neg,not_int,not_lpsm,178000.0,sb,pr,home,1U,3780.0,CIB,670,CIB,to_inst,99.15730337,North,direct,51.0,0.0861159935593605
ncf,pre,type1,p2,l1,nopc,nob/c,116500,180.0,not_neg,not_int,not_lpsm,408000.0,sb,pr,home,1U,10140.0,CRIF,710,CIB,to_inst,28.55392157,North,direct,7.0,0.1839258074760437
cf,nopre,type1,p3,l1,nopc,nob/c,236500,360.0,not_neg,not_int,not_lpsm,348000.0,sb,pr,home,1U,6780.0,EXP,898,CIB,to_inst,67.95977011,south,direct,37.0,0.05779334530234337
cf,nopre,type3,p3,l1,nopc,nob/c,236500,360.0,not_neg,not_int,not_lpsm,318000.0,sb,pr,home,1U,2160.0,CRIF,866,CIB,to_inst,74.37106918,central,direct,55.0,0.1839258074760437
cf,nopre,type1,p3,l1,nopc,nob/c,106500,360.0,not_neg,not_int,not_lpsm,178000.0,sb,pr,home,1U,1380.0,EXP,504,CIB,to_inst,59.83146067,North,direct,41.0,0.11089865863323212
cf,nopre,type1,p3,l1,nopc,nob/c,256500,336.0,not_neg,not_int,not_lpsm,348000.0,sb,pr,home,1U,7980.0,CIB,664,CIB,to_inst,73.70689655,south,direct,21.0,0.04065827652812004
cf,nopre,type1,p4,l1,nopc,nob/c,236500,180.0,not_neg,not_int,not_lpsm,408000.0,sb,pr,home,1U,8400.0,CIB,834,CIB,to_inst,57.96568627,North,direct,42.0,0.06420404464006424
cf,nopre,type1,p4,l1,nopc,nob/c,86500,180.0,not_neg,not_int,not_lpsm,178000.0,sb,pr,home,1U,3540.0,EXP,513,CIB,to_inst,48.59550562,North,direct,20.0,0.10782501846551895
cf,nopre,type1,p3,l1,nopc,nob/c,286500,360.0,not_neg,not_int,not_lpsm,388000.0,sb,pr,home,1U,8700.0,CRIF,895,CIB,to_inst,73.84020619,North,direct,18.0,0.0861159935593605
cf,nopre,type1,p3,l1,nopc,nob/c,456500,360.0,not_neg,not_int,not_lpsm,808000.0,sb,pr,home,1U,5400.0,CIB,550,CIB,not_inst,56.49752475,central,direct,41.0,0.05779334530234337
cf,nopre,type1,p4,l1,nopc,nob/c,276500,360.0,not_neg,not_int,not_lpsm,378000.0,sb,pr,home,1U,3360.0,CIB,653,CIB,to_inst,73.14814815,south,direct,53.0,0.6978417038917542
cf,nopre,type1,p3,l1,nopc,nob/c,246500,360.0,not_neg,not_int,not_lpsm,308000.0,sb,pr,home,1U,8940.0,CRIF,520,EXP,to_inst,80.03246753,North,direct,16.0,0.05779334530234337
cf,nopre,type1,p4,l1,nopc,nob/c,436500,360.0,not_neg,not_int,not_lpsm,598000.0,sb,pr,home,1U,5700.0,CIB,639,CIB,to_inst,72.99331104,south,direct,41.0,0.0861159935593605
ncf,nopre,type1,p4,l1,nopc,nob/c,1366500,360.0,not_neg,not_int,not_lpsm,1478000.0,sb,pr,home,1U,17160.0,CRIF,540,EXP,to_inst,92.45602165,North,direct,6.0,0.9253731369972229
cf,nopre,type1,p3,l1,nopc,nob/c,186500,360.0,not_neg,not_int,not_lpsm,258000.0,sb,pr,home,1U,4980.0,CRIF,702,EXP,to_inst,72.28682171,North,direct,24.0,0.04065827652812004
cf,nopre,type1,p4,l1,nopc,nob/c,526500,360.0,not_neg,not_int,not_lpsm,828000.0,sb,pr,home,1U,17160.0,CIB,864,EXP,not_inst,63.58695652,North,direct,31.0,0.014285714365541935
cf,nopre,type1,p4,l1,nopc,nob/c,156500,264.0,not_neg,not_int,not_lpsm,198000.0,sb,pr,home,1U,4140.0,CIB,630,CIB,to_inst,79.04040404,North,direct,28.0,0.06766917556524277
cf,nopre,type2,p4,l1,nopc,b/c,326500,360.0,not_neg,not_int,not_lpsm,328000.0,sb,pr,home,1U,5340.0,EXP,500,CIB,not_inst,99.54268293,south,direct,44.0,0.24460431933403015
cf,nopre,type1,p4,l1,nopc,nob/c,256500,360.0,not_neg,not_int,not_lpsm,608000.0,sb,ir,home,1U,10380.0,CIB,607,CIB,not_inst,42.1875,south,direct,36.0,0.06420404464006424
cf,nopre,type1,p3,l1,nopc,nob/c,166500,360.0,not_neg,not_int,not_lpsm,208000.0,sb,pr,home,1U,2880.0,CRIF,813,CIB,to_inst,80.04807692,south,direct,38.0,0.14369073510169983
cf,pre,type2,p3,l1,nopc,b/c,96500,360.0,not_neg,not_int,not_lpsm,168000.0,sb,pr,home,1U,1020.0,EXP,698,EXP,to_inst,57.44047619,North,direct,45.0,0.24460431933403015
cf,nopre,type1,p3,l1,nopc,nob/c,166500,180.0,not_neg,not_int,not_lpsm,518000.0,sb,pr,home,1U,4680.0,CRIF,711,CIB,to_inst,32.14285714,North,direct,30.0,0.0861159935593605
cf,nopre,type1,p3,l1,nopc,nob/c,196500,360.0,neg_amm,not_int,not_lpsm,258000.0,sb,pr,home,1U,2460.0,CRIF,700,CIB,to_inst,76.1627907,North,direct,43.0,0.23026315867900848
cf,nopre,type1,p3,l1,nopc,nob/c,286500,360.0,not_neg,not_int,not_lpsm,418000.0,sb,pr,home,1U,6180.0,EXP,567,CIB,to_inst,68.54066986,North,direct,36.0,0.05779334530234337
cf,nopre,type1,p1,l1,nopc,nob/c,346500,360.0,not_neg,not_int,not_lpsm,498000.0,sb,pr,home,1U,4200.0,CIB,882,CIB,not_inst,69.57831325,North,direct,45.0,0.0363101065158844
cf,nopre,type3,p3,l1,nopc,nob/c,316500,360.0,not_neg,not_int,not_lpsm,318000.0,sb,pr,home,1U,2580.0,CIB,550,EXP,to_inst,99.52830189,North,direct,54.0,0.14369073510169983
cf,pre,type1,p4,l1,nopc,nob/c,406500,360.0,not_neg,not_int,not_lpsm,508000.0,sb,pr,home,1U,6180.0,CIB,855,EXP,not_inst,80.01968504,North,direct,44.0,0.03455149382352829
ncf,nopre,type1,p4,l1,nopc,nob/c,256500,180.0,not_neg,not_int,not_lpsm,308000.0,sb,ir,home,1U,7080.0,CRIF,507,EXP,to_inst,83.27922078,North,direct,51.0,0.9869565367698669
cf,nopre,type1,p3,l1,nopc,nob/c,186500,240.0,not_neg,not_int,not_lpsm,288000.0,sb,pr,home,1U,,EXP,654,EXP,to_inst,64.75694444,south,direct,37.0,0.0363101065158844
cf,nopre,type1,p4,l1,nopc,nob/c,256500,180.0,not_neg,not_int,not_lpsm,608000.0,sb,pr,home,1U,7200.0,CRIF,550,CIB,not_inst,42.1875,North,direct,41.0,0.0363101065158844
cf,,type1,p3,l1,nopc,nob/c,626500,360.0,not_neg,not_int,not_lpsm,1458000.0,sb,pr,home,1U,12660.0,CIB,654,EXP,to_inst,42.96982167,south,direct,37.0,0.059588298201560974
cf,nopre,type1,p3,l1,nopc,nob/c,336500,360.0,not_neg,not_int,not_lpsm,598000.0,sb,pr,home,1U,3840.0,CIB,514,CIB,to_inst,56.27090301,North,direct,48.0,0.11089865863323212
cf,nopre,type2,p1,l1,nopc,b/c,136500,360.0,not_neg,not_int,not_lpsm,138000.0,sb,pr,home,1U,3660.0,CIB,580,CIB,to_inst,98.91304348,central,direct,42.0,0.19203747808933258
cf,pre,type1,p4,l1,nopc,nob/c,326500,360.0,not_neg,not_int,not_lpsm,408000.0,sb,pr,home,1U,8640.0,EXP,781,EXP,not_inst,80.0245098,North,direct,25.0,0.02772643230855465
cf,nopre,type1,p3,l1,nopc,nob/c,526500,360.0,not_neg,not_int,not_lpsm,1218000.0,sb,pr,home,1U,9420.0,EXP,505,EXP,to_inst,43.22660099,south,direct,27.0,0.05779334530234337
,nopre,type1,p1,l1,nopc,nob/c,396500,360.0,not_neg,not_int,not_lpsm,598000.0,sb,pr,home,1U,8340.0,CRIF,803,CIB,not_inst,66.30434783,North,direct,29.0,0.02772643230855465
cf,nopre,type3,p3,l1,nopc,nob/c,216500,360.0,not_neg,not_int,not_lpsm,318000.0,sb,pr,home,1U,1740.0,EXP,844,CIB,to_inst,68.08176101,south,direct,56.0,0.4184100329875946
,nopre,type1,p1,l1,nopc,nob/c,406500,360.0,not_neg,not_int,not_lpsm,458000.0,sb,pr,home,1U,5820.0,CIB,581,EXP,not_inst,88.75545852,North,direct,43.0,0.04065827652812004
cf,nopre,type1,p3,l1,nopc,nob/c,146500,180.0,neg_amm,not_int,not_lpsm,268000.0,sb,pr,home,1U,5880.0,EXP,637,CIB,to_inst,54.6641791,south,direct,14.0,0.19203747808933258
cf,nopre,type1,p4,l1,nopc,nob/c,186500,360.0,not_neg,not_int,not_lpsm,208000.0,sb,pr,home,1U,3120.0,EXP,874,EXP,to_inst,89.66346154,North,direct,47.0,0.3415384590625763
cf,nopre,type1,p3,l1,nopc,nob/c,226500,360.0,not_neg,not_int,not_lpsm,308000.0,sb,pr,home,1U,3060.0,CIB,513,EXP,to_inst,73.53896104,south,direct,37.0,0.0861159935593605
cf,nopre,type1,p4,l1,nopc,nob/c,316500,360.0,not_neg,not_int,not_lpsm,1208000.0,sb,pr,home,1U,13260.0,CRIF,880,EXP,to_inst,26.20033113,south,direct,27.0,0.06420404464006424
cf,nopre,type1,p4,l2,nopc,nob/c,326500,300.0,neg_amm,not_int,not_lpsm,628000.0,sb,pr,home,1U,3420.0,CRIF,813,EXP,to_inst,51.99044586,North,direct,51.0,0.9899497628211975
cf,nopre,type1,p3,l1,nopc,nob/c,426500,360.0,not_neg,not_int,not_lpsm,588000.0,sb,pr,home,1U,7680.0,EXP,719,CIB,to_inst,72.53401361,south,direct,44.0,0.10782501846551895
cf,nopre,type1,p3,l1,nopc,nob/c,246500,360.0,not_neg,not_int,not_lpsm,408000.0,sb,pr,home,1U,2220.0,CRIF,864,CIB,to_inst,60.41666667,central,direct,48.0,0.19203747808933258
cf,nopre,type3,p3,l1,nopc,nob/c,236500,360.0,not_neg,not_int,not_lpsm,258000.0,sb,pr,home,1U,7440.0,CRIF,614,EXP,to_inst,91.66666667,North,direct,37.0,0.10782501846551895
cf,nopre,type1,p1,l1,nopc,nob/c,76500,360.0,not_neg,not_int,not_lpsm,108000.0,sb,pr,home,1U,1680.0,CIB,584,CIB,to_inst,70.83333333,south,direct,31.0,0.19203747808933258
cf,nopre,type1,p3,l1,nopc,nob/c,446500,180.0,not_neg,not_int,not_lpsm,808000.0,sb,pr,home,1U,12420.0,CRIF,565,EXP,to_inst,55.25990099,south,direct,42.0,0.0861159935593605
cf,nopre,type2,p3,l1,nopc,b/c,106500,180.0,not_neg,not_int,not_lpsm,138000.0,sb,pr,home,1U,4200.0,CIB,749,EXP,to_inst,77.17391304,North,direct,41.0,0.11089865863323212
cf,nopre,type1,p4,l1,nopc,nob/c,206500,240.0,not_neg,not_int,not_lpsm,308000.0,sb,pr,home,1U,6120.0,CIB,520,CIB,to_inst,67.04545455,North,direct,34.0,0.04065827652812004
cf,nopre,type1,p3,l1,nopc,nob/c,276500,360.0,not_neg,int_only,not_lpsm,388000.0,sb,pr,home,1U,4920.0,CIB,575,EXP,not_inst,71.2628866,North,direct,49.0,0.06420404464006424
cf,nopre,type2,p1,l1,nopc,b/c,176500,360.0,neg_amm,not_int,not_lpsm,188000.0,sb,pr,home,1U,4800.0,CRIF,797,CIB,to_inst,93.88297872,central,direct,37.0,0.4184100329875946
,nopre,type1,p1,l1,nopc,nob/c,436500,360.0,not_neg,not_int,not_lpsm,488000.0,sb,pr,home,1U,4380.0,CIB,828,EXP,not_inst,89.44672131,south,direct,47.0,0.06420404464006424
cf,nopre,type1,p3,l1,nopc,nob/c,326500,360.0,neg_amm,not_int,not_lpsm,538000.0,sb,pr,home,1U,7260.0,CIB,740,CIB,to_inst,60.68773234,south,direct,30.0,0.16867469251155853
ncf,pre,type1,p1,l1,nopc,nob/c,1146500,360.0,not_neg,not_int,not_lpsm,1698000.0,sb,pr,home,1U,20040.0,CIB,781,CIB,to_inst,67.52061249,south,direct,42.0,0.24460431933403015
ncf,pre,type1,p1,l1,nopc,nob/c,166500,360.0,not_neg,not_int,not_lpsm,188000.0,sb,pr,home,1U,3000.0,CIB,584,CIB,to_inst,88.56382979,North,direct,30.0,0.10144927352666855
cf,nopre,type1,p4,l1,nopc,nob/c,346500,360.0,not_neg,int_only,not_lpsm,578000.0,sb,pr,home,1U,5820.0,CIB,827,CIB,not_inst,59.94809689,North,direct,20.0,0.10782501846551895
cf,nopre,type1,p3,l1,nopc,nob/c,146500,360.0,not_neg,not_int,not_lpsm,178000.0,sb,pr,home,1U,2520.0,EXP,712,CIB,to_inst,82.30337079,south,direct,57.0,0.7596899271011353
cf,pre,type2,p1,l1,nopc,b/c,126500,360.0,not_neg,not_int,not_lpsm,128000.0,sb,pr,home,1U,5760.0,EXP,525,EXP,to_inst,98.828125,south,direct,35.0,0.10782501846551895
cf,nopre,type1,p3,l1,nopc,nob/c,426500,360.0,not_neg,not_int,not_lpsm,508000.0,sb,pr,home,1U,6840.0,CIB,793,EXP,to_inst,83.95669291,south,direct,32.0,0.14369073510169983
cf,nopre,type1,p3,l1,nopc,nob/c,276500,360.0,not_neg,not_int,not_lpsm,558000.0,sb,pr,home,1U,4200.0,CIB,518,CIB,not_inst,49.55197133,North,direct,36.0,0.0363101065158844
cf,nopre,type1,p4,l1,nopc,nob/c,516500,360.0,not_neg,not_int,not_lpsm,958000.0,sb,pr,home,1U,7680.0,CIB,566,CIB,not_inst,53.91440501,south,direct,35.0,0.03455149382352829
cf,nopre,type3,p3,l1,nopc,nob/c,156500,360.0,neg_amm,not_int,not_lpsm,178000.0,sb,pr,home,1U,6000.0,CRIF,744,CIB,to_inst,87.92134831,south,direct,37.0,0.3415384590625763
cf,pre,type1,p1,l1,nopc,nob/c,336500,360.0,not_neg,int_only,not_lpsm,378000.0,sb,pr,home,1U,5400.0,CRIF,757,EXP,to_inst,89.02116402,North,direct,45.0,0.055727552622556686
cf,nopre,type1,p3,l1,nopc,nob/c,406500,360.0,not_neg,not_int,not_lpsm,598000.0,sb,pr,home,1U,13980.0,CIB,865,EXP,not_inst,67.97658863,North,direct,27.0,0.02772643230855465
cf,nopre,type1,p3,l1,nopc,nob/c,276500,360.0,not_neg,not_int,not_lpsm,418000.0,sb,pr,home,1U,4680.0,CRIF,657,CIB,to_inst,66.14832536,south,direct,38.0,0.06766917556524277
cf,nopre,type1,p4,l1,nopc,nob/c,426500,360.0,not_neg,not_int,not_lpsm,908000.0,sb,pr,home,1U,17220.0,CRIF,609,EXP,not_inst,46.97136564,North,direct,41.0,0.02772643230855465
cf,nopre,type2,p3,l1,nopc,b/c,296500,360.0,not_neg,not_int,not_lpsm,348000.0,sb,pr,home,1U,7140.0,CIB,894,CIB,to_inst,85.20114943,North,direct,43.0,0.14369073510169983
cf,pre,type1,p1,l1,nopc,nob/c,596500,360.0,not_neg,not_int,not_lpsm,748000.0,sb,pr,home,1U,6900.0,CRIF,801,EXP,not_inst,79.7459893,central,direct,40.0,0.03455149382352829
cf,nopre,type1,p3,l1,nopc,nob/c,426500,360.0,not_neg,not_int,not_lpsm,508000.0,sb,pr,home,1U,6480.0,EXP,631,EXP,to_inst,83.95669291,North,direct,36.0,0.11089865863323212
cf,nopre,type1,p3,l1,nopc,nob/c,486500,360.0,not_neg,not_int,not_lpsm,658000.0,sb,pr,home,1U,9840.0,CIB,605,EXP,to_inst,73.93617021,central,direct,37.0,0.06420404464006424
cf,nopre,type1,p3,l1,nopc,nob/c,446500,360.0,not_neg,not_int,not_lpsm,848000.0,sb,pr,home,1U,10080.0,EXP,658,EXP,not_inst,52.65330189,North,direct,35.0,0.02772643230855465
cf,nopre,type2,p3,l1,nopc,b/c,426500,360.0,not_neg,not_int,not_lpsm,498000.0,sb,pr,home,1U,7200.0,CRIF,717,CIB,to_inst,85.64257028,south,direct,55.0,0.24460431933403015
cf,nopre,type1,p3,l1,nopc,nob/c,316500,360.0,not_neg,not_int,not_lpsm,608000.0,sb,pr,home,1U,3780.0,CRIF,572,EXP,to_inst,52.05592105,south,direct,49.0,0.11089865863323212
cf,nopre,type1,p3,l1,nopc,nob/c,376500,360.0,not_neg,not_int,not_lpsm,478000.0,sb,pr,home,1U,3900.0,CIB,561,EXP,to_inst,78.76569038,south,direct,45.0,0.11089865863323212
cf,nopre,type1,p3,l1,nopc,nob/c,126500,360.0,not_neg,not_int,not_lpsm,308000.0,sb,pr,home,1U,2700.0,CRIF,790,CIB,not_inst,41.07142857,North,direct,40.0,0.059588298201560974
cf,,type1,p3,l1,nopc,nob/c,706500,360.0,not_neg,not_int,not_lpsm,1008000.0,sb,pr,home,1U,14940.0,CRIF,751,EXP,not_inst,70.08928571,North,direct,41.0,0.03455149382352829
cf,pre,type1,p1,l1,nopc,nob/c,456500,360.0,not_neg,int_only,not_lpsm,538000.0,sb,pr,home,2U,5340.0,CRIF,576,EXP,to_inst,84.85130112,North,direct,43.0,0.0861159935593605
cf,nopre,type2,p3,l2,nopc,b/c,226500,360.0,not_neg,not_int,not_lpsm,268000.0,sb,pr,home,1U,3780.0,EXP,658,CIB,to_inst,84.51492537,North,direct,61.0,0.11089865863323212
cf,nopre,type3,p3,l1,nopc,nob/c,246500,180.0,not_neg,not_int,not_lpsm,318000.0,sb,pr,home,1U,8220.0,EXP,713,EXP,to_inst,77.51572327,central,direct,25.0,0.02772643230855465
cf,nopre,type2,p3,l1,nopc,b/c,146500,360.0,not_neg,not_int,not_lpsm,178000.0,sb,pr,home,1U,4920.0,CIB,696,CIB,to_inst,82.30337079,south,direct,24.0,0.1839258074760437
cf,nopre,type1,p4,l1,nopc,nob/c,176500,360.0,not_neg,not_int,lpsm,228000.0,sb,pr,home,1U,4380.0,EXP,778,EXP,to_inst,77.4122807,south,direct,46.0,0.6978417038917542
cf,nopre,type2,p1,l1,nopc,b/c,246500,360.0,neg_amm,not_int,not_lpsm,248000.0,sb,pr,home,1U,1860.0,EXP,734,CIB,to_inst,99.39516129,south,direct,22.0,0.9869565367698669
cf,nopre,type1,p3,l1,nopc,nob/c,446500,360.0,neg_amm,not_int,not_lpsm,668000.0,sb,pr,home,1U,11820.0,CIB,787,EXP,to_inst,66.84131737,south,direct,36.0,0.11276596039533615
cf,nopre,type1,p4,l1,nopc,nob/c,356500,360.0,not_neg,not_int,not_lpsm,448000.0,sb,pr,home,1U,4980.0,CRIF,504,CIB,not_inst,79.57589286,central,direct,44.0,0.04065827652812004
cf,nopre,type1,p4,l1,nopc,nob/c,396500,360.0,not_neg,not_int,not_lpsm,568000.0,sb,pr,home,1U,7500.0,EXP,802,CIB,not_inst,69.80633803,North,direct,41.0,0.03435804694890976
cf,nopre,type1,p3,l1,nopc,nob/c,276500,360.0,not_neg,not_int,not_lpsm,428000.0,sb,pr,home,1U,4740.0,CIB,889,CIB,not_inst,64.60280374,south,direct,44.0,0.0363101065158844
cf,pre,type1,p3,l1,nopc,nob/c,646500,360.0,not_neg,not_int,not_lpsm,958000.0,sb,pr,home,1U,7500.0,EXP,796,EXP,to_inst,67.48434238,south,direct,49.0,0.14369073510169983
cf,nopre,type1,p1,l1,nopc,nob/c,46500,360.0,not_neg,not_int,not_lpsm,58000.0,sb,pr,home,1U,3420.0,CRIF,688,EXP,not_inst,80.17241379,North,direct,30.0,0.059588298201560974
cf,nopre,type1,p4,l2,nopc,nob/c,206500,360.0,not_neg,not_int,not_lpsm,318000.0,sb,pr,home,1U,2460.0,EXP,899,CIB,to_inst,64.93710692,North,direct,44.0,0.11089865863323212
cf,nopre,type1,p4,l1,nopc,nob/c,316500,240.0,neg_amm,int_only,not_lpsm,608000.0,sb,pr,home,1U,6360.0,EXP,754,EXP,to_inst,52.05592105,south,direct,35.0,0.05779334530234337
cf,nopre,type1,p3,l1,nopc,nob/c,106500,120.0,not_neg,not_int,not_lpsm,278000.0,sb,pr,home,1U,4920.0,EXP,671,CIB,to_inst,38.30935252,south,direct,32.0,0.06420404464006424
cf,nopre,type1,p3,l1,nopc,nob/c,416500,360.0,not_neg,not_int,not_lpsm,518000.0,sb,pr,home,1U,5880.0,CIB,750,EXP,not_inst,80.40540541,south,direct,42.0,0.04065827652812004
cf,nopre,type1,p3,l1,nopc,nob/c,446500,360.0,not_neg,not_int,not_lpsm,678000.0,sb,pr,home,1U,19140.0,CRIF,714,EXP,not_inst,65.85545723,south,direct,23.0,0.03435804694890976
cf,nopre,type1,p4,l1,nopc,nob/c,216500,360.0,not_neg,not_int,not_lpsm,378000.0,sb,pr,home,1U,4740.0,CIB,528,EXP,not_inst,57.27513228,North,direct,24.0,0.059588298201560974
ncf,pre,type1,p1,l1,nopc,nob/c,636500,360.0,not_neg,not_int,not_lpsm,1058000.0,sb,pr,home,1U,11640.0,CIB,884,CIB,not_inst,60.16068053,North,direct,42.0,0.059588298201560974
ncf,nopre,type3,p1,l1,nopc,nob/c,566500,324.0,neg_amm,not_int,not_lpsm,748000.0,sb,pr,home,1U,13500.0,EXP,758,EXP,to_inst,75.73529412,central,direct,37.0,0.19203747808933258
ncf,pre,type1,p3,l1,nopc,nob/c,236500,360.0,not_neg,not_int,not_lpsm,298000.0,sb,pr,home,1U,4740.0,CRIF,728,EXP,to_inst,79.36241611,North,direct,46.0,0.11089865863323212
cf,nopre,type1,p3,l1,nopc,nob/c,266500,180.0,not_neg,not_int,not_lpsm,708000.0,sb,pr,home,1U,13320.0,EXP,599,EXP,to_inst,37.64124294,south,direct,32.0,0.05779334530234337
cf,nopre,type1,p3,l1,nopc,nob/c,476500,360.0,not_neg,not_int,not_lpsm,848000.0,sb,pr,home,1U,9000.0,CIB,883,CIB,not_inst,56.19103774,North,direct,37.0,0.03435804694890976
cf,nopre,type1,p4,l2,nopc,nob/c,326500,360.0,not_neg,not_int,not_lpsm,368000.0,sb,pr,home,1U,7740.0,EXP,607,CIB,to_inst,88.72282609,south,direct,34.0,0.23026315867900848
cf,nopre,type2,p3,l1,nopc,b/c,86500,360.0,not_neg,not_int,not_lpsm,188000.0,sb,pr,home,1U,1320.0,CRIF,771,CIB,to_inst,46.0106383,south,direct,60.0,0.3913043439388275
cf,nopre,type1,p3,l1,nopc,nob/c,566500,360.0,neg_amm,not_int,not_lpsm,1248000.0,sb,pr,home,1U,8820.0,CRIF,824,CIB,not_inst,45.39262821,North,direct,42.0,0.10782501846551895
cf,nopre,type1,p1,l1,nopc,nob/c,486500,360.0,not_neg,not_int,not_lpsm,608000.0,sb,pr,home,1U,14280.0,CIB,640,EXP,to_inst,80.01644737,south,direct,30.0,0.0861159935593605
cf,nopre,type2,p4,l1,nopc,b/c,96500,360.0,not_neg,not_int,not_lpsm,78000.0,sb,pr,home,1U,1860.0,CRIF,851,CIB,to_inst,123.7179487,south,direct,38.0,0.9899497628211975
cf,nopre,type1,p1,l2,nopc,nob/c,316500,360.0,not_neg,not_int,not_lpsm,408000.0,sb,pr,home,1U,5820.0,CIB,598,EXP,not_inst,77.57352941,North,direct,38.0,0.014285714365541935
cf,nopre,type1,p4,l1,nopc,nob/c,196500,360.0,not_neg,not_int,not_lpsm,258000.0,sb,pr,home,1U,3660.0,EXP,887,CIB,to_inst,76.1627907,North,direct,31.0,0.10782501846551895
cf,nopre,type1,p4,l1,nopc,nob/c,666500,360.0,not_neg,not_int,not_lpsm,1568000.0,sb,pr,home,1U,10680.0,CIB,766,EXP,not_inst,42.50637755,south,direct,48.0,0.04065827652812004
cf,nopre,type1,p4,l1,nopc,nob/c,346500,240.0,not_neg,not_int,lpsm,438000.0,sb,pr,home,1U,8760.0,CIB,843,EXP,to_inst,79.10958904,south,direct,33.0,0.6186440587043762
cf,nopre,type1,p2,l1,nopc,nob/c,76500,360.0,not_neg,not_int,not_lpsm,388000.0,sb,pr,home,1U,1860.0,CIB,849,EXP,to_inst,19.71649485,south,direct,44.0,0.14369073510169983
cf,,type2,p3,l1,nopc,b/c,66500,360.0,not_neg,not_int,not_lpsm,128000.0,sb,pr,home,1U,1140.0,EXP,520,CIB,to_inst,51.953125,central,direct,48.0,0.4184100329875946
cf,nopre,type1,p3,l1,nopc,nob/c,86500,180.0,not_neg,not_int,not_lpsm,118000.0,sb,pr,home,1U,2460.0,CIB,656,CIB,to_inst,73.30508475,North,direct,36.0,0.10144927352666855
cf,nopre,type1,p3,l1,nopc,nob/c,486500,360.0,not_neg,not_int,not_lpsm,1338000.0,sb,pr,home,1U,9000.0,CIB,613,CIB,not_inst,36.36023916,south,direct,33.0,0.03435804694890976
cf,pre,type1,p4,l1,nopc,nob/c,526500,360.0,not_neg,not_int,not_lpsm,628000.0,sb,pr,home,1U,7380.0,CRIF,504,EXP,to_inst,83.83757962,south,direct,36.0,0.14369073510169983
cf,nopre,type3,p3,l1,nopc,nob/c,346500,360.0,not_neg,not_int,not_lpsm,418000.0,sb,pr,home,1U,10200.0,CIB,511,EXP,not_inst,82.89473684,North,direct,39.0,0.02772643230855465
cf,nopre,type1,p4,l1,nopc,nob/c,136500,324.0,not_neg,not_int,not_lpsm,318000.0,sb,pr,home,1U,2580.0,EXP,807,EXP,to_inst,42.9245283,North,direct,46.0,0.10782501846551895
,nopre,type3,p3,l1,nopc,nob/c,326500,360.0,not_neg,not_int,not_lpsm,328000.0,sb,pr,home,1U,6180.0,CRIF,601,CIB,to_inst,99.54268293,North,direct,44.0,0.14369073510169983
cf,nopre,type1,p3,l1,nopc,nob/c,456500,360.0,not_neg,not_int,not_lpsm,568000.0,sb,pr,home,1U,5700.0,EXP,743,CIB,not_inst,80.36971831,North,direct,37.0,0.059588298201560974
cf,nopre,type1,p3,l1,nopc,nob/c,486500,360.0,neg_amm,not_int,not_lpsm,808000.0,sb,pr,home,1U,16920.0,EXP,798,EXP,not_inst,60.21039604,south,direct,40.0,0.0861159935593605
cf,nopre,type1,p4,l1,nopc,nob/c,356500,360.0,not_neg,not_int,not_lpsm,458000.0,sb,pr,home,1U,7740.0,CIB,787,EXP,to_inst,77.83842795,North,direct,38.0,0.055727552622556686
cf,pre,type1,p3,l1,nopc,nob/c,346500,360.0,not_neg,not_int,not_lpsm,438000.0,sb,pr,home,1U,5220.0,CRIF,567,EXP,to_inst,79.10958904,south,direct,44.0,0.10782501846551895
cf,nopre,type3,p3,l2,nopc,nob/c,336500,360.0,not_neg,not_int,not_lpsm,368000.0,sb,pr,home,1U,9420.0,CIB,890,EXP,to_inst,91.44021739,North,direct,37.0,0.06420404464006424
cf,nopre,type1,p3,l1,nopc,nob/c,136500,180.0,not_neg,not_int,not_lpsm,158000.0,sb,pr,home,1U,2940.0,EXP,521,CIB,to_inst,86.39240506,North,direct,36.0,0.24460431933403015
cf,pre,type2,p1,l1,nopc,b/c,146500,360.0,not_neg,not_int,not_lpsm,148000.0,sb,pr,home,1U,3300.0,CRIF,611,CIB,to_inst,98.98648649,North,direct,45.0,0.10782501846551895
cf,pre,type1,p4,l1,nopc,nob/c,526500,360.0,not_neg,not_int,not_lpsm,688000.0,sb,pr,home,1U,14160.0,CRIF,702,EXP,to_inst,76.52616279,central,direct,28.0,0.06420404464006424
cf,nopre,type1,p1,l1,nopc,nob/c,666500,360.0,not_neg,not_int,not_lpsm,828000.0,sb,pr,home,1U,14160.0,EXP,578,EXP,not_inst,80.49516908,south,direct,45.0,0.03455149382352829
cf,nopre,type1,p4,l1,nopc,nob/c,226500,240.0,not_neg,not_int,not_lpsm,258000.0,sb,pr,home,1U,5280.0,CRIF,598,CIB,to_inst,87.79069767,south,direct,29.0,0.1839258074760437
cf,nopre,type1,p3,l1,nopc,nob/c,346500,360.0,not_neg,not_int,not_lpsm,508000.0,sb,pr,home,4U,5040.0,CRIF,517,EXP,to_inst,68.20866142,south,direct,44.0,0.0861159935593605
,nopre,type1,p3,l1,nopc,nob/c,636500,360.0,not_neg,not_int,not_lpsm,1408000.0,sb,pr,home,1U,11520.0,CIB,823,EXP,to_inst,45.20596591,North,direct,53.0,0.6666666865348816
cf,nopre,type1,p3,l1,nopc,nob/c,276500,360.0,not_neg,not_int,not_lpsm,368000.0,sb,pr,home,1U,4860.0,CRIF,629,CIB,to_inst,75.13586957,south,direct,43.0,0.10782501846551895
cf,nopre,type1,p4,l1,nopc,nob/c,236500,360.0,not_neg,not_int,not_lpsm,248000.0,sb,pr,home,1U,3720.0,CIB,775,CIB,to_inst,95.36290323,south,direct,39.0,0.3415384590625763
cf,nopre,type1,p4,l1,nopc,nob/c,656500,360.0,not_neg,not_int,not_lpsm,2108000.0,sb,pr,home,1U,10800.0,EXP,876,CIB,not_inst,31.14326376,North,direct,43.0,0.06420404464006424
cf,pre,type1,p3,l1,nopc,nob/c,516500,360.0,not_neg,not_int,not_lpsm,758000.0,sb,pr,home,1U,13560.0,CIB,743,EXP,to_inst,68.13984169,south,direct,26.0,0.06420404464006424
cf,nopre,type1,p3,l1,nopc,nob/c,386500,360.0,not_neg,not_int,not_lpsm,438000.0,sb,pr,home,1U,6060.0,CRIF,544,CIB,to_inst,88.24200913,south,direct,41.0,0.4184100329875946
cf,nopre,type2,p3,l1,nopc,b/c,156500,360.0,not_neg,not_int,not_lpsm,188000.0,sb,pr,home,1U,3480.0,CRIF,804,EXP,not_inst,83.24468085,North,direct,43.0,0.10782501846551895
ncf,pre,type1,p3,l1,nopc,nob/c,756500,360.0,not_neg,not_int,not_lpsm,1418000.0,sb,pr,home,1U,12780.0,CIB,772,EXP,to_inst,53.34978843,south,direct,39.0,0.24460431933403015
cf,nopre,type1,p3,l1,nopc,nob/c,196500,360.0,not_neg,not_int,not_lpsm,298000.0,sb,pr,home,1U,2580.0,CRIF,587,CIB,to_inst,65.93959732,North,direct,40.0,0.1034482792019844
cf,nopre,type1,p3,l1,nopc,nob/c,196500,240.0,not_neg,not_int,not_lpsm,378000.0,sb,pr,home,1U,13440.0,EXP,881,EXP,to_inst,51.98412698,North,direct,37.0,0.03455149382352829
cf,nopre,type1,p1,l1,nopc,nob/c,356500,360.0,not_neg,not_int,not_lpsm,378000.0,sb,pr,home,1U,4020.0,CRIF,631,CIB,not_inst,94.31216931,North,direct,44.0,0.059588298201560974
cf,nopre,type1,p3,l2,nopc,nob/c,126500,360.0,not_neg,not_int,not_lpsm,338000.0,sb,pr,home,1U,2880.0,CRIF,674,EXP,to_inst,37.4260355,central,direct,43.0,0.05779334530234337
cf,nopre,type1,p3,l1,nopc,nob/c,176500,360.0,not_neg,not_int,not_lpsm,298000.0,sb,pr,home,1U,2520.0,CRIF,669,EXP,to_inst,59.22818792,south,direct,25.0,0.14369073510169983
cf,nopre,type1,p3,l2,nopc,nob/c,226500,360.0,not_neg,not_int,not_lpsm,378000.0,sb,pr,home,1U,5640.0,CRIF,513,EXP,to_inst,59.92063492,south,direct,40.0,0.03455149382352829
cf,nopre,type1,p3,l1,nopc,nob/c,416500,240.0,not_neg,not_int,not_lpsm,608000.0,sb,pr,home,1U,9180.0,CRIF,677,EXP,not_inst,68.50328947,south,direct,21.0,0.02139037474989891
cf,nopre,type1,p3,l1,nopc,nob/c,346500,360.0,not_neg,not_int,not_lpsm,558000.0,sb,pr,home,1U,5220.0,EXP,819,EXP,not_inst,62.09677419,North,direct,32.0,0.02772643230855465
cf,nopre,type1,p4,l1,nopc,nob/c,376500,180.0,not_neg,not_int,not_lpsm,708000.0,sb,pr,home,1U,7020.0,CIB,693,CIB,to_inst,53.1779661,south,direct,30.0,0.10782501846551895
cf,nopre,type1,p4,l1,nopc,nob/c,116500,180.0,not_neg,not_int,not_lpsm,138000.0,sb,pr,home,1U,8160.0,CIB,781,CIB,to_inst,84.42028986,North,direct,6.0,0.11276596039533615
cf,nopre,type3,p3,l1,nopc,nob/c,376500,360.0,not_neg,not_int,not_lpsm,598000.0,sb,pr,home,1U,4260.0,CIB,596,EXP,to_inst,62.95986622,North,direct,46.0,0.06420404464006424
ncf,nopre,type1,p4,l1,nopc,nob/c,546500,180.0,neg_amm,not_int,not_lpsm,828000.0,sb,pr,home,1U,15540.0,CIB,900,EXP,not_inst,66.00241546,North,direct,38.0,0.10782501846551895
cf,nopre,type1,p3,l1,nopc,nob/c,386500,360.0,not_neg,not_int,not_lpsm,558000.0,sb,pr,home,1U,5520.0,CRIF,668,CIB,to_inst,69.26523297,south,direct,31.0,0.06420404464006424
cf,nopre,type1,p3,l1,nopc,nob/c,486500,360.0,not_neg,not_int,not_lpsm,658000.0,sb,pr,home,1U,5760.0,CIB,878,EXP,not_inst,73.93617021,North,direct,44.0,0.0363101065158844
cf,nopre,type1,p3,l1,nopc,nob/c,486500,180.0,neg_amm,not_int,not_lpsm,1808000.0,sb,pr,home,1U,24420.0,CIB,566,CIB,to_inst,26.90818584,North,direct,49.0,0.24460431933403015
ncf,pre,type1,p4,l1,nopc,nob/c,306500,360.0,not_neg,not_int,not_lpsm,388000.0,sb,pr,home,1U,6480.0,CRIF,697,EXP,not_inst,78.99484536,south,direct,38.0,0.03455149382352829
ncf,pre,type1,p1,l1,nopc,nob/c,376500,360.0,not_neg,not_int,not_lpsm,398000.0,sb,pr,home,1U,10080.0,CIB,725,EXP,to_inst,94.59798995,south,direct,46.0,0.059588298201560974
cf,nopre,type3,p3,l1,nopc,nob/c,356500,360.0,not_neg,not_int,not_lpsm,408000.0,sb,pr,home,1U,6480.0,CIB,710,EXP,to_inst,87.37745098,North,direct,24.0,0.06420404464006424
ncf,nopre,type1,p1,l1,nopc,nob/c,1006500,360.0,not_neg,not_int,not_lpsm,1488000.0,sb,pr,home,1U,16200.0,EXP,508,CIB,to_inst,67.64112903,south,direct,40.0,0.4184100329875946
cf,nopre,type3,p3,l1,nopc,nob/c,176500,360.0,not_neg,not_int,not_lpsm,178000.0,sb,pr,home,1U,3000.0,CIB,888,EXP,to_inst,99.15730337,south,direct,50.0,0.11089865863323212
cf,nopre,type1,p1,l1,nopc,nob/c,366500,360.0,not_neg,not_int,not_lpsm,618000.0,sb,pr,home,1U,8280.0,CRIF,820,CIB,not_inst,59.30420712,south,direct,45.0,0.03455149382352829
ncf,nopre,type1,p4,l1,nopc,nob/c,586500,360.0,not_neg,not_int,not_lpsm,768000.0,sb,pr,home,1U,25560.0,CIB,846,CIB,to_inst,76.3671875,North,direct,33.0,0.1839258074760437
cf,nopre,type1,p3,l1,nopc,nob/c,486500,360.0,not_neg,not_int,not_lpsm,658000.0,sb,pr,home,1U,11100.0,CRIF,640,EXP,to_inst,73.93617021,south,direct,31.0,0.06420404464006424
cf,nopre,type1,p1,l1,nopc,nob/c,486500,360.0,not_neg,not_int,not_lpsm,518000.0,sb,pr,home,1U,13020.0,EXP,516,EXP,to_inst,93.91891892,North,direct,23.0,0.11089865863323212
,nopre,type1,p3,l1,nopc,nob/c,426500,360.0,not_neg,not_int,not_lpsm,728000.0,sb,pr,home,1U,8460.0,EXP,638,CIB,not_inst,58.58516484,North,direct,30.0,0.02772643230855465
cf,nopre,type1,p3,l1,nopc,nob/c,406500,360.0,neg_amm,not_int,not_lpsm,528000.0,sb,pr,home,1U,8400.0,EXP,667,EXP,to_inst,76.98863636,south,direct,34.0,0.1839258074760437
cf,nopre,type1,p4,l1,nopc,nob/c,356500,180.0,not_neg,not_int,not_lpsm,678000.0,sb,pr,home,1U,8340.0,CRIF,898,CIB,not_inst,52.58112094,North,direct,30.0,0.02772643230855465
cf,nopre,type1,p1,l1,nopc,nob/c,176500,180.0,not_neg,int_only,not_lpsm,218000.0,sb,sr,home,1U,13440.0,CRIF,506,EXP,to_inst,80.96330275,south,direct,29.0,0.10782501846551895
cf,nopre,type1,p3,l1,nopc,nob/c,286500,360.0,not_neg,not_int,not_lpsm,588000.0,sb,pr,home,1U,5400.0,CRIF,696,CIB,not_inst,48.7244898,south,direct,39.0,0.03455149382352829
cf,nopre,type1,p4,l1,nopc,nob/c,306500,180.0,not_neg,not_int,not_lpsm,658000.0,sb,pr,home,1U,8520.0,CRIF,866,EXP,to_inst,46.58054711,south,direct,44.0,0.0861159935593605
cf,nopre,type1,p1,l1,nopc,nob/c,626500,360.0,not_neg,not_int,not_lpsm,658000.0,sb,pr,home,1U,7980.0,EXP,816,EXP,not_inst,95.21276596,south,direct,45.0,0.04065827652812004
cf,nopre,type1,p3,l1,nopc,nob/c,456500,360.0,neg_amm,not_int,not_lpsm,868000.0,sb,pr,home,1U,5220.0,CIB,853,CIB,to_inst,52.5921659,south,direct,46.0,0.27710843086242676
cf,nopre,type1,p3,l1,nopc,nob/c,416500,360.0,not_neg,not_int,not_lpsm,528000.0,sb,pr,home,1U,5640.0,CRIF,685,CIB,to_inst,78.88257576,North,direct,44.0,0.10782501846551895
cf,nopre,type1,p3,l1,nopc,nob/c,226500,360.0,not_neg,not_int,not_lpsm,318000.0,sb,pr,home,1U,4500.0,EXP,852,CIB,not_inst,71.22641509,North,direct,20.0,0.059588298201560974
cf,nopre,type1,p4,l1,nopc,nob/c,376500,360.0,not_neg,int_only,not_lpsm,1388000.0,sb,pr,home,1U,12960.0,CRIF,552,EXP,not_inst,27.12536023,south,direct,15.0,0.05779334530234337
cf,pre,type1,p3,l1,nopc,nob/c,376500,180.0,not_neg,not_int,not_lpsm,478000.0,sb,pr,home,1U,6360.0,CIB,837,CIB,to_inst,78.76569038,south,direct,46.0,0.14369073510169983
cf,nopre,type1,p3,l1,nopc,nob/c,316500,180.0,not_neg,not_int,not_lpsm,418000.0,sb,sr,home,1U,22140.0,CIB,730,EXP,to_inst,75.71770335,North,direct,32.0,0.06766917556524277
cf,nopre,type1,p3,l1,nopc,nob/c,106500,360.0,not_neg,not_int,not_lpsm,148000.0,sb,pr,home,1U,1440.0,EXP,759,EXP,to_inst,71.95945946,North,direct,35.0,0.11089865863323212
cf,nopre,type1,p3,l1,nopc,nob/c,186500,360.0,not_neg,not_int,not_lpsm,278000.0,sb,pr,home,1U,2640.0,CIB,668,EXP,to_inst,67.08633094,North,direct,39.0,0.06420404464006424
cf,nopre,type1,p4,l1,nopc,nob/c,406500,360.0,not_neg,not_int,not_lpsm,538000.0,sb,ir,home,1U,11760.0,EXP,721,EXP,not_inst,75.55762082,south,direct,49.0,0.14369073510169983
cf,nopre,type1,p3,l1,nopc,nob/c,206500,360.0,not_neg,not_int,not_lpsm,298000.0,sb,pr,home,1U,2820.0,CRIF,705,CIB,not_inst,69.29530201,North,direct,43.0,0.055727552622556686
cf,nopre,type2,p3,l1,nopc,b/c,286500,360.0,not_neg,not_int,not_lpsm,338000.0,sb,pr,home,1U,4800.0,CRIF,895,CIB,to_inst,84.76331361,south,direct,60.0,0.1839258074760437
cf,nopre,type1,p4,l1,nopc,nob/c,176500,360.0,not_neg,not_int,not_lpsm,208000.0,sb,pr,home,1U,2520.0,CRIF,759,EXP,to_inst,84.85576923,south,direct,45.0,0.24460431933403015
cf,nopre,type1,p4,l1,nopc,nob/c,546500,360.0,neg_amm,not_int,not_lpsm,738000.0,sb,ir,home,1U,10200.0,CIB,516,CIB,not_inst,74.05149051,south,direct,34.0,0.11089865863323212
cf,nopre,type1,p3,l1,nopc,nob/c,186500,360.0,neg_amm,not_int,not_lpsm,238000.0,sb,ir,home,1U,4320.0,CIB,747,CIB,to_inst,78.36134454,south,direct,26.0,0.7435897588729858
cf,pre,type3,p3,l1,nopc,nob/c,206500,360.0,not_neg,not_int,not_lpsm,208000.0,sb,pr,home,1U,3600.0,EXP,696,CIB,to_inst,99.27884615,south,direct,41.0,0.14369073510169983
cf,nopre,type1,p3,l1,nopc,nob/c,216500,360.0,not_neg,not_int,not_lpsm,268000.0,sb,pr,home,1U,3240.0,CRIF,877,CIB,to_inst,80.78358209,North,direct,45.0,0.14369073510169983
cf,nopre,type1,p4,l1,nopc,nob/c,246500,360.0,not_neg,not_int,not_lpsm,278000.0,sb,pr,home,1U,4560.0,EXP,714,CIB,to_inst,88.66906475,south,direct,27.0,0.24460431933403015
cf,nopre,type1,p1,l1,nopc,nob/c,106500,360.0,not_neg,not_int,not_lpsm,168000.0,sb,pr,home,1U,2160.0,EXP,659,EXP,to_inst,63.39285714,North,direct,43.0,0.0861159935593605
cf,nopre,type1,p3,l1,nopc,nob/c,176500,360.0,not_neg,not_int,not_lpsm,228000.0,sb,pr,home,1U,2580.0,EXP,855,EXP,to_inst,77.4122807,North,direct,30.0,0.10782501846551895
cf,nopre,type1,p3,l1,nopc,nob/c,106500,180.0,not_neg,not_int,not_lpsm,198000.0,sb,pr,home,1U,1980.0,CIB,790,CIB,to_inst,53.78787879,North,direct,38.0,0.10782501846551895
cf,nopre,type1,p3,l1,nopc,nob/c,206500,360.0,not_neg,not_int,not_lpsm,308000.0,sb,pr,home,1U,4680.0,CRIF,557,EXP,to_inst,67.04545455,North,direct,31.0,0.05779334530234337
ncf,nopre,type1,p3,l2,nopc,nob/c,966500,360.0,not_neg,not_int,not_lpsm,1208000.0,sb,pr,home,1U,13920.0,EXP,826,EXP,to_inst,80.00827815,south,direct,39.0,0.24460431933403015
cf,pre,type1,p1,l1,nopc,nob/c,136500,240.0,not_neg,not_int,not_lpsm,148000.0,sb,pr,home,1U,5040.0,CRIF,714,CIB,to_inst,92.22972973,North,direct,46.0,0.05779334530234337
cf,nopre,type1,p1,l1,nopc,nob/c,406500,360.0,not_neg,not_int,not_lpsm,518000.0,sb,pr,home,1U,7800.0,CIB,663,EXP,to_inst,78.47490347,south,direct,37.0,0.0861159935593605
cf,nopre,type1,p1,l1,nopc,nob/c,256500,360.0,not_neg,not_int,not_lpsm,318000.0,sb,pr,home,1U,7800.0,CIB,723,CIB,to_inst,80.66037736,North,direct,32.0,0.06420404464006424
cf,nopre,type1,p4,l1,nopc,nob/c,146500,360.0,not_neg,not_int,not_lpsm,268000.0,sb,pr,home,1U,4320.0,CIB,876,EXP,to_inst,54.6641791,south,direct,27.0,0.10144927352666855
cf,nopre,type1,p3,l1,nopc,nob/c,246500,180.0,not_neg,not_int,not_lpsm,418000.0,sb,pr,home,1U,9780.0,EXP,808,CIB,to_inst,58.97129187,North,direct,23.0,0.0363101065158844
cf,pre,type1,p3,l1,nopc,nob/c,176500,180.0,not_neg,not_int,not_lpsm,258000.0,sb,pr,home,1U,4140.0,CIB,885,CIB,to_inst,68.41085271,North,direct,42.0,0.06766917556524277
cf,nopre,type1,p1,l2,nopc,nob/c,276500,360.0,not_neg,not_int,not_lpsm,368000.0,sb,ir,home,1U,13320.0,CIB,806,EXP,not_inst,75.13586957,North,direct,47.0,0.03455149382352829
cf,nopre,type1,p4,l1,nopc,nob/c,336500,180.0,not_neg,not_int,not_lpsm,938000.0,sb,ir,home,1U,9420.0,EXP,619,EXP,not_inst,35.87420043,south,direct,40.0,0.06420404464006424
cf,nopre,type1,p4,l1,nopc,nob/c,126500,96.0,not_neg,not_int,not_lpsm,168000.0,sb,pr,home,1U,12060.0,CRIF,500,CIB,to_inst,75.29761905,North,direct,24.0,0.05779334530234337
cf,nopre,type1,p3,l1,nopc,nob/c,156500,360.0,not_neg,not_int,not_lpsm,208000.0,sb,pr,home,1U,3000.0,CIB,676,CIB,to_inst,75.24038462,North,direct,31.0,0.10144927352666855
cf,nopre,type1,p1,l1,nopc,nob/c,76500,360.0,not_neg,not_int,not_lpsm,78000.0,sb,pr,home,1U,1500.0,CIB,854,CIB,to_inst,98.07692308,North,direct,32.0,0.27710843086242676
cf,nopre,type2,p4,l1,nopc,b/c,506500,360.0,not_neg,not_int,not_lpsm,538000.0,sb,pr,home,1U,6060.0,EXP,775,EXP,not_inst,94.14498141,south,direct,50.0,0.24460431933403015
cf,pre,type1,p3,l1,nopc,nob/c,586500,360.0,not_neg,not_int,not_lpsm,778000.0,sb,pr,home,1U,48960.0,EXP,537,EXP,not_inst,75.38560411,south,direct,18.0,0.10782501846551895
cf,nopre,type1,p3,l1,nopc,nob/c,466500,360.0,neg_amm,not_int,not_lpsm,618000.0,sb,ir,home,1U,9840.0,CIB,652,CIB,to_inst,75.48543689,central,direct,40.0,0.5
cf,nopre,type1,p4,l1,nopc,nob/c,486500,360.0,not_neg,not_int,not_lpsm,818000.0,sb,pr,home,1U,4500.0,CIB,629,CIB,not_inst,59.47432763,North,direct,48.0,0.06420404464006424
cf,nopre,type1,p4,l1,nopc,nob/c,446500,360.0,neg_amm,int_only,not_lpsm,888000.0,sb,pr,home,1U,6180.0,CIB,680,CIB,not_inst,50.28153153,south,direct,37.0,0.03455149382352829
cf,nopre,type1,p1,l1,nopc,nob/c,286500,360.0,not_neg,not_int,not_lpsm,358000.0,sb,pr,home,1U,4140.0,CIB,718,CIB,not_inst,80.02793296,North,direct,28.0,0.059588298201560974
cf,nopre,type1,p4,l1,nopc,nob/c,386500,360.0,not_neg,not_int,not_lpsm,658000.0,sb,pr,home,1U,6240.0,CRIF,669,EXP,not_inst,58.73860182,North,direct,44.0,0.02772643230855465
cf,nopre,type1,p4,l1,nopc,nob/c,296500,360.0,neg_amm,not_int,not_lpsm,388000.0,sb,pr,home,1U,4620.0,CIB,851,EXP,to_inst,76.41752577,south,direct,44.0,0.24460431933403015
cf,nopre,type1,p3,l1,nopc,nob/c,236500,360.0,not_neg,not_int,not_lpsm,358000.0,sb,pr,home,1U,4320.0,CIB,696,CIB,to_inst,66.06145251,south,direct,33.0,0.06626944988965988
cf,nopre,type1,p1,l1,nopc,nob/c,246500,360.0,not_neg,not_int,not_lpsm,258000.0,sb,pr,home,1U,3420.0,CIB,791,CIB,not_inst,95.54263566,North,direct,37.0,0.059588298201560974
cf,nopre,type1,p3,l1,nopc,nob/c,236500,360.0,not_neg,not_int,not_lpsm,308000.0,sb,ir,home,1U,2580.0,CRIF,629,CIB,to_inst,76.78571429,south,direct,39.0,0.5
cf,pre,type1,p4,l1,nopc,nob/c,356500,360.0,not_neg,not_int,not_lpsm,378000.0,sb,pr,home,1U,4560.0,CIB,558,CIB,not_inst,94.31216931,south,direct,45.0,0.11089865863323212
cf,nopre,type1,p3,l1,nopc,nob/c,186500,360.0,not_neg,not_int,not_lpsm,358000.0,sb,pr,home,1U,2280.0,CIB,819,EXP,to_inst,52.09497207,south,direct,47.0,0.11089865863323212
cf,nopre,type1,p4,l1,nopc,nob/c,386500,180.0,not_neg,int_only,not_lpsm,958000.0,sb,pr,home,1U,21060.0,CIB,888,EXP,to_inst,40.34446764,central,direct,19.0,0.11089865863323212
cf,nopre,type1,p4,l1,nopc,nob/c,326500,324.0,not_neg,not_int,not_lpsm,428000.0,sb,pr,home,1U,11820.0,CIB,826,EXP,to_inst,76.28504673,south,direct,21.0,0.0363101065158844
cf,nopre,type1,p1,l1,nopc,nob/c,296500,360.0,not_neg,not_int,not_lpsm,318000.0,sb,pr,home,1U,3840.0,EXP,822,CIB,not_inst,93.23899371,south,direct,34.0,0.06420404464006424
cf,nopre,type1,p4,l1,nopc,nob/c,86500,180.0,not_neg,not_int,not_lpsm,148000.0,sb,pr,home,1U,3360.0,CRIF,866,EXP,to_inst,58.44594595,south,direct,13.0,0.17307692766189575
cf,nopre,type2,p1,l1,nopc,b/c,576500,360.0,not_neg,not_int,not_lpsm,588000.0,sb,pr,home,1U,7740.0,EXP,777,EXP,not_inst,98.04421769,North,direct,41.0,0.10782501846551895
cf,nopre,type1,p3,l1,nopc,nob/c,506500,360.0,not_neg,not_int,not_lpsm,638000.0,sb,pr,home,1U,9480.0,CRIF,764,CIB,to_inst,79.38871473,central,direct,37.0,0.14369073510169983
cf,nopre,type1,p4,l1,nopc,nob/c,246500,360.0,neg_amm,not_int,not_lpsm,488000.0,sb,ir,home,1U,8220.0,CRIF,663,CIB,to_inst,50.51229508,North,direct,40.0,0.24460431933403015
cf,nopre,type2,p3,l1,nopc,b/c,276500,360.0,not_neg,not_int,not_lpsm,348000.0,sb,pr,home,1U,8280.0,EXP,877,CIB,to_inst,79.45402299,south,direct,37.0,0.14369073510169983
cf,nopre,type1,p1,l1,nopc,nob/c,316500,360.0,not_neg,not_int,not_lpsm,348000.0,sb,pr,home,1U,5460.0,EXP,614,CIB,to_inst,90.94827586,North,direct,46.0,0.14369073510169983
cf,nopre,type1,p1,l1,nopc,nob/c,246500,360.0,not_neg,not_int,not_lpsm,318000.0,sb,pr,home,1U,6840.0,CIB,615,EXP,to_inst,77.51572327,south,direct,21.0,0.06420404464006424
cf,nopre,type1,p3,l1,nopc,nob/c,206500,360.0,not_neg,not_int,not_lpsm,308000.0,sb,pr,home,1U,5640.0,CIB,628,CIB,to_inst,67.04545455,North,direct,49.0,0.10782501846551895
cf,nopre,type1,p3,l1,nopc,nob/c,166500,360.0,not_neg,not_int,not_lpsm,208000.0,sb,pr,home,1U,5100.0,EXP,892,CIB,to_inst,80.04807692,North,direct,31.0,0.0861159935593605
cf,nopre,type1,p4,l1,nopc,nob/c,396500,360.0,not_neg,not_int,not_lpsm,658000.0,sb,pr,home,1U,2640.0,CIB,895,CIB,not_inst,60.25835866,south,direct,38.0,0.3913043439388275
cf,nopre,type3,p3,l1,nopc,nob/c,416500,360.0,not_neg,not_int,not_lpsm,418000.0,sb,pr,home,1U,4500.0,CRIF,540,EXP,to_inst,99.64114833,south,direct,39.0,0.11276596039533615
cf,nopre,type3,p3,l1,nopc,nob/c,216500,360.0,not_neg,not_int,not_lpsm,288000.0,sb,pr,home,1U,4140.0,CIB,895,EXP,to_inst,75.17361111,North,direct,27.0,0.05779334530234337
cf,pre,type1,p4,l1,nopc,nob/c,246500,180.0,not_neg,not_int,not_lpsm,318000.0,sb,pr,home,1U,4740.0,CIB,675,CIB,to_inst,77.51572327,North,direct,30.0,0.06766917556524277
cf,nopre,type2,p1,l1,nopc,b/c,256500,324.0,neg_amm,not_int,not_lpsm,258000.0,sb,pr,home,1U,5100.0,CIB,811,CIB,to_inst,99.41860465,south,direct,48.0,0.3913043439388275
cf,nopre,type1,p3,l1,nopc,nob/c,396500,144.0,not_neg,not_int,not_lpsm,588000.0,sb,pr,home,1U,10980.0,CRIF,743,EXP,to_inst,67.43197279,south,direct,43.0,0.06420404464006424
cf,pre,type3,p1,l1,nopc,nob/c,296500,360.0,not_neg,not_int,not_lpsm,298000.0,sb,pr,home,1U,5340.0,CIB,654,EXP,to_inst,99.4966443,south,direct,36.0,0.0363101065158844
cf,nopre,type1,p4,l1,nopc,nob/c,146500,180.0,not_neg,not_int,not_lpsm,208000.0,sb,pr,home,1U,7920.0,CIB,628,CIB,to_inst,70.43269231,North,direct,46.0,0.10782501846551895
cf,nopre,type1,p1,l1,nopc,nob/c,686500,360.0,not_neg,not_int,not_lpsm,778000.0,sb,pr,home,1U,7800.0,EXP,877,CIB,not_inst,88.23907455,south,direct,43.0,0.05779334530234337
cf,nopre,type2,p1,l1,nopc,b/c,86500,360.0,neg_amm,not_int,not_lpsm,98000.0,sb,pr,home,1U,5520.0,CIB,532,CIB,to_inst,88.26530612,south,direct,21.0,0.4184100329875946
cf,nopre,type2,p3,l1,nopc,b/c,56500,360.0,neg_amm,not_int,not_lpsm,308000.0,sb,pr,home,1U,600.0,CIB,819,CIB,to_inst,18.34415584,North,direct,54.0,0.6978417038917542
cf,nopre,type1,p4,l1,nopc,nob/c,256500,360.0,not_neg,not_int,not_lpsm,448000.0,sb,pr,home,1U,3780.0,CRIF,798,EXP,to_inst,57.25446429,south,direct,37.0,0.0861159935593605
cf,nopre,type1,p3,l1,nopc,nob/c,136500,360.0,not_neg,not_int,not_lpsm,268000.0,sb,pr,home,1U,2280.0,EXP,807,CIB,to_inst,50.93283582,south,direct,30.0,0.10782501846551895
cf,nopre,type1,p3,l1,nopc,nob/c,356500,360.0,not_neg,not_int,not_lpsm,448000.0,sb,pr,home,1U,9120.0,CRIF,874,EXP,to_inst,79.57589286,south,direct,47.0,0.10782501846551895
cf,nopre,type1,p4,l1,nopc,nob/c,406500,360.0,not_neg,not_int,not_lpsm,688000.0,sb,pr,home,1U,5580.0,EXP,819,CIB,to_inst,59.08430233,south,direct,39.0,0.06420404464006424
cf,nopre,type1,p1,l1,nopc,nob/c,556500,360.0,neg_amm,not_int,not_lpsm,678000.0,sb,pr,home,1U,3300.0,CRIF,808,CIB,to_inst,82.07964602,south,direct,54.0,0.9869565367698669
cf,nopre,type1,p3,l1,nopc,nob/c,366500,360.0,not_neg,not_int,not_lpsm,548000.0,sb,pr,home,1U,3900.0,CIB,665,CIB,to_inst,66.87956204,central,direct,41.0,0.10782501846551895
cf,nopre,type1,p4,l1,nopc,nob/c,246500,180.0,not_neg,not_int,not_lpsm,538000.0,sb,pr,home,1U,11760.0,CIB,786,CIB,not_inst,45.81784387,North,direct,19.0,0.03455149382352829
cf,pre,type1,p3,l1,nopc,nob/c,276500,360.0,not_neg,not_int,not_lpsm,358000.0,sb,pr,home,1U,4500.0,CRIF,649,CIB,to_inst,77.23463687,North,direct,44.0,0.10782501846551895
cf,nopre,type1,p3,l1,nopc,nob/c,266500,360.0,not_neg,not_int,not_lpsm,318000.0,sb,pr,home,1U,6000.0,CIB,552,CIB,to_inst,83.80503145,central,direct,42.0,0.17307692766189575
cf,nopre,type1,p4,l1,nopc,nob/c,446500,360.0,not_neg,not_int,not_lpsm,808000.0,sb,pr,home,1U,8040.0,CIB,786,EXP,not_inst,55.25990099,south,direct,22.0,0.02772643230855465
cf,nopre,type1,p1,l1,nopc,nob/c,186500,360.0,not_neg,not_int,not_lpsm,238000.0,sb,pr,home,1U,4260.0,CIB,774,CIB,not_inst,78.36134454,North,direct,49.0,0.055727552622556686
,nopre,type1,p3,l1,nopc,nob/c,306500,360.0,not_neg,not_int,not_lpsm,428000.0,sb,pr,home,1U,5760.0,CRIF,765,CIB,not_inst,71.61214953,North,direct,40.0,0.03455149382352829
cf,nopre,type2,p3,l1,nopc,b/c,216500,360.0,not_neg,not_int,not_lpsm,258000.0,sb,pr,home,1U,4200.0,CIB,713,EXP,to_inst,83.91472868,south,direct,46.0,0.14369073510169983
cf,nopre,type1,p4,l1,nopc,nob/c,456500,360.0,not_neg,not_int,not_lpsm,1108000.0,sb,pr,home,1U,13020.0,EXP,526,EXP,not_inst,41.20036101,south,direct,18.0,0.0363101065158844
cf,nopre,type1,p4,l1,nopc,nob/c,346500,360.0,not_neg,not_int,not_lpsm,608000.0,sb,pr,home,1U,7140.0,EXP,649,EXP,to_inst,56.99013158,south,direct,21.0,0.05779334530234337
cf,pre,type2,p1,l1,nopc,b/c,26500,300.0,neg_amm,not_int,not_lpsm,38000.0,sb,pr,home,1U,3060.0,CIB,524,EXP,to_inst,69.73684211,south,direct,34.0,0.1839258074760437
cf,nopre,type1,p4,l1,nopc,nob/c,446500,360.0,not_neg,not_int,not_lpsm,508000.0,sb,pr,home,1U,4200.0,CIB,860,EXP,not_inst,87.89370079,south,direct,45.0,0.0861159935593605
cf,nopre,type1,p1,l1,nopc,nob/c,116500,360.0,not_neg,not_int,not_lpsm,138000.0,sb,pr,home,1U,5340.0,CRIF,814,CIB,to_inst,84.42028986,central,direct,38.0,0.1839258074760437
cf,nopre,type1,p2,l1,nopc,nob/c,56500,360.0,not_neg,not_int,not_lpsm,148000.0,sb,pr,home,1U,1200.0,CRIF,634,CIB,to_inst,38.17567568,south,direct,45.0,0.24460431933403015
cf,nopre,type1,p4,l1,nopc,nob/c,256500,360.0,not_neg,not_int,not_lpsm,598000.0,sb,pr,home,1U,2760.0,CRIF,804,CIB,not_inst,42.89297659,south,direct,44.0,0.0861159935593605
cf,nopre,type2,p3,l1,nopc,b/c,306500,180.0,not_neg,not_int,not_lpsm,468000.0,sb,pr,home,1U,6720.0,CRIF,784,CIB,to_inst,65.49145299,North,direct,46.0,0.24460431933403015
cf,nopre,type1,p3,l1,nopc,nob/c,156500,360.0,neg_amm,not_int,not_lpsm,198000.0,sb,pr,home,1U,3480.0,CIB,885,CIB,to_inst,79.04040404,North,direct,30.0,0.23026315867900848
cf,nopre,type2,p3,l1,nopc,b/c,86500,360.0,not_neg,not_int,lpsm,108000.0,sb,pr,home,1U,6000.0,EXP,777,CIB,to_inst,80.09259259,south,direct,18.0,0.7596899271011353
cf,nopre,type1,p1,l1,nopc,nob/c,626500,360.0,not_neg,not_int,not_lpsm,788000.0,sb,pr,home,1U,4140.0,EXP,685,CIB,not_inst,79.50507614,North,direct,51.0,0.8414633870124817
cf,nopre,type1,p1,l1,nopc,nob/c,436500,360.0,not_neg,not_int,not_lpsm,578000.0,sb,sr,home,1U,17940.0,EXP,826,CIB,to_inst,75.51903114,south,direct,30.0,0.11089865863323212
cf,nopre,type1,p3,l1,nopc,nob/c,426500,180.0,not_neg,not_int,not_lpsm,538000.0,sb,pr,home,1U,7440.0,CIB,527,CIB,to_inst,79.27509294,central,direct,46.0,0.17307692766189575
cf,nopre,type1,p1,l1,nopc,nob/c,666500,180.0,not_neg,not_int,not_lpsm,1128000.0,sb,pr,home,1U,14040.0,CRIF,699,EXP,not_inst,59.08687943,central,direct,28.0,0.02772643230855465
cf,nopre,type1,p4,l1,nopc,nob/c,706500,360.0,not_neg,not_int,not_lpsm,1658000.0,sb,pr,home,1U,17460.0,CIB,593,EXP,not_inst,42.61158022,North,direct,25.0,0.014285714365541935
cf,nopre,type1,p4,l1,nopc,nob/c,296500,360.0,not_neg,not_int,not_lpsm,458000.0,sb,pr,home,1U,6600.0,EXP,640,EXP,not_inst,64.73799127,North,direct,48.0,0.0363101065158844
cf,nopre,type1,p1,l1,nopc,nob/c,356500,360.0,neg_amm,not_int,not_lpsm,368000.0,sb,pr,home,1U,4920.0,CRIF,688,CIB,to_inst,96.875,North,direct,48.0,0.4184100329875946
cf,nopre,type1,p3,l1,nopc,nob/c,656500,360.0,not_neg,not_int,not_lpsm,1188000.0,sb,pr,home,1U,8220.0,CRIF,516,EXP,not_inst,55.26094276,south,direct,42.0,0.03455149382352829
cf,nopre,type1,p3,l1,nopc,nob/c,446500,360.0,neg_amm,not_int,not_lpsm,738000.0,sb,ir,home,1U,6360.0,CIB,699,CIB,to_inst,60.50135501,south,direct,42.0,0.3913043439388275
cf,nopre,type1,p3,l1,nopc,nob/c,306500,180.0,not_neg,not_int,not_lpsm,378000.0,sb,pr,home,1U,6600.0,CRIF,563,CIB,to_inst,81.08465608,south,direct,34.0,0.14369073510169983
cf,nopre,type1,p3,l1,nopc,nob/c,406500,360.0,not_neg,not_int,not_lpsm,508000.0,sb,pr,home,1U,13380.0,CRIF,548,EXP,to_inst,80.01968504,North,direct,37.0,0.059588298201560974
cf,nopre,type1,p2,l1,nopc,nob/c,106500,360.0,not_neg,not_int,not_lpsm,178000.0,sb,pr,home,1U,1260.0,EXP,593,CIB,to_inst,59.83146067,south,direct,46.0,0.24460431933403015
cf,nopre,type2,p3,l1,nopc,b/c,186500,360.0,neg_amm,not_int,not_lpsm,238000.0,sb,pr,home,1U,2040.0,CIB,692,EXP,to_inst,78.36134454,North,direct,46.0,0.4184100329875946
cf,nopre,type1,p3,l1,nopc,nob/c,216500,180.0,not_neg,not_int,not_lpsm,388000.0,sb,pr,home,1U,4980.0,CIB,544,EXP,to_inst,55.79896907,south,direct,44.0,0.06766917556524277
cf,pre,type1,p1,l1,nopc,nob/c,436500,360.0,neg_amm,not_int,not_lpsm,468000.0,sb,pr,home,1U,10920.0,CIB,652,EXP,to_inst,93.26923077,south,direct,37.0,0.03435804694890976
cf,nopre,type1,p1,l1,nopc,nob/c,236500,360.0,not_neg,not_int,not_lpsm,248000.0,sb,pr,home,1U,3300.0,EXP,831,CIB,not_inst,95.36290323,central,direct,34.0,0.11089865863323212
ncf,nopre,type3,p3,l1,nopc,nob/c,516500,360.0,not_neg,not_int,not_lpsm,528000.0,sb,pr,home,1U,9120.0,CIB,643,EXP,to_inst,97.8219697,south,direct,43.0,0.19203747808933258
cf,nopre,type1,p1,l2,nopc,nob/c,566500,360.0,not_neg,not_int,not_lpsm,948000.0,sb,pr,home,1U,9660.0,CIB,519,CIB,to_inst,59.75738397,North-East,direct,40.0,0.05914480984210968
cf,nopre,type2,p3,l1,nopc,b/c,156500,360.0,not_neg,not_int,not_lpsm,208000.0,sb,pr,home,1U,3540.0,EXP,594,EXP,to_inst,75.24038462,North,direct,36.0,0.10782501846551895
cf,nopre,type1,p3,l1,nopc,nob/c,276500,360.0,not_neg,not_int,not_lpsm,458000.0,sb,pr,home,1U,3000.0,EXP,547,CIB,to_inst,60.37117904,North,direct,40.0,0.10782501846551895
cf,nopre,type1,p4,l1,nopc,nob/c,96500,180.0,not_neg,not_int,not_lpsm,188000.0,sb,pr,home,1U,2160.0,CRIF,770,CIB,to_inst,51.32978723,south,direct,49.0,0.19203747808933258
cf,pre,type1,p1,l1,nopc,nob/c,316500,360.0,not_neg,not_int,not_lpsm,328000.0,sb,pr,home,1U,17760.0,EXP,506,EXP,to_inst,96.49390244,south,direct,31.0,0.05779334530234337
cf,nopre,type1,p3,l1,nopc,nob/c,206500,360.0,not_neg,not_int,not_lpsm,278000.0,sb,pr,home,1U,3300.0,CIB,867,CIB,to_inst,74.28057554,south,direct,37.0,0.0861159935593605
cf,nopre,type1,p4,l1,nopc,nob/c,106500,360.0,neg_amm,not_int,not_lpsm,158000.0,sb,ir,home,1U,8400.0,CRIF,721,CIB,to_inst,67.40506329,south,direct,51.0,0.9869565367698669
cf,pre,type2,p1,l1,nopc,b/c,76500,360.0,not_neg,not_int,not_lpsm,78000.0,sb,pr,home,1U,2460.0,CIB,741,EXP,to_inst,98.07692308,North,direct,27.0,0.14369073510169983
,nopre,type1,p1,l1,nopc,nob/c,106500,360.0,not_neg,not_int,not_lpsm,128000.0,sb,sr,home,1U,3300.0,CRIF,670,CIB,not_inst,83.203125,North,direct,23.0,0.3415384590625763
cf,nopre,type1,p4,l1,nopc,nob/c,546500,360.0,not_neg,not_int,not_lpsm,788000.0,sb,pr,home,1U,9120.0,CIB,654,CIB,to_inst,69.35279188,south,direct,37.0,0.06420404464006424
cf,nopre,type1,p3,l1,nopc,nob/c,106500,360.0,not_neg,not_int,not_lpsm,168000.0,sb,ir,home,1U,2520.0,CIB,504,EXP,not_inst,63.39285714,North,direct,37.0,0.10782501846551895
cf,nopre,type1,p4,l1,nopc,nob/c,146500,360.0,not_neg,not_int,not_lpsm,558000.0,sb,pr,home,1U,6120.0,EXP,718,CIB,to_inst,26.25448029,North,direct,29.0,0.06420404464006424
ncf,nopre,type1,p4,l1,nopc,nob/c,626500,360.0,not_neg,not_int,not_lpsm,1158000.0,sb,pr,home,1U,13140.0,CRIF,709,EXP,to_inst,54.10189983,south,direct,12.0,0.3415384590625763
cf,nopre,type2,p3,l1,nopc,b/c,126500,360.0,neg_amm,not_int,not_lpsm,148000.0,sb,pr,home,1U,3420.0,CIB,783,CIB,to_inst,85.47297297,North,direct,49.0,0.3913043439388275
cf,nopre,type1,p4,l1,nopc,nob/c,416500,360.0,neg_amm,not_int,not_lpsm,528000.0,sb,pr,home,1U,6780.0,CIB,546,EXP,not_inst,78.88257576,North,direct,49.0,0.11089865863323212
cf,nopre,type1,p3,l1,nopc,nob/c,306500,360.0,not_neg,not_int,not_lpsm,788000.0,sb,pr,home,1U,5280.0,CIB,714,CIB,not_inst,38.89593909,south,direct,30.0,0.0363101065158844
cf,nopre,type1,p4,l1,nopc,nob/c,276500,360.0,neg_amm,not_int,not_lpsm,378000.0,sb,pr,home,1U,4440.0,EXP,627,CIB,to_inst,73.14814815,North,direct,36.0,0.1839258074760437
cf,nopre,type1,p4,l1,nopc,nob/c,636500,360.0,not_neg,not_int,not_lpsm,778000.0,sb,pr,home,1U,11100.0,CIB,708,CIB,not_inst,81.81233933,North,direct,43.0,0.03455149382352829
cf,nopre,type1,p1,l1,nopc,nob/c,726500,180.0,not_neg,not_int,not_lpsm,838000.0,sb,pr,home,1U,34920.0,CIB,708,CIB,not_inst,86.69451074,south,direct,14.0,0.11089865863323212
cf,nopre,type1,p3,l1,nopc,nob/c,156500,240.0,not_neg,not_int,not_lpsm,208000.0,sb,pr,home,1U,2700.0,CRIF,604,CIB,to_inst,75.24038462,south,direct,49.0,0.14369073510169983
cf,nopre,type1,p3,l1,nopc,nob/c,386500,360.0,not_neg,not_int,not_lpsm,478000.0,sb,pr,home,1U,7620.0,CIB,852,EXP,to_inst,80.85774059,south,direct,31.0,0.06420404464006424
cf,nopre,type1,p3,l1,nopc,nob/c,226500,360.0,not_neg,not_int,not_lpsm,318000.0,sb,pr,home,1U,3960.0,CIB,881,CIB,to_inst,71.22641509,south,direct,40.0,0.10782501846551895
cf,nopre,type1,p3,l1,nopc,nob/c,206500,360.0,not_neg,not_int,not_lpsm,438000.0,sb,pr,home,1U,2400.0,CRIF,767,CIB,not_inst,47.14611872,North,direct,44.0,0.059588298201560974
cf,nopre,type1,p1,l1,nopc,nob/c,246500,360.0,not_neg,not_int,not_lpsm,258000.0,sb,pr,home,1U,0.0,EXP,605,CIB,to_inst,95.54263566,south,direct,8.0,0.9899497628211975
cf,nopre,type1,p4,l1,nopc,nob/c,586500,180.0,not_neg,not_int,not_lpsm,1308000.0,sb,pr,home,1U,9180.0,CRIF,788,CIB,to_inst,44.83944954,south,direct,43.0,0.11089865863323212
cf,nopre,type1,p3,l1,nopc,nob/c,106500,360.0,not_neg,not_int,not_lpsm,148000.0,sb,pr,home,1U,3600.0,EXP,540,CIB,to_inst,71.95945946,North,direct,45.0,0.10782501846551895
cf,nopre,type1,p4,l1,nopc,nob/c,396500,240.0,not_neg,not_int,not_lpsm,408000.0,sb,pr,home,1U,5820.0,CRIF,883,EXP,to_inst,97.18137255,North,direct,37.0,0.6186440587043762
cf,nopre,type1,p3,l1,nopc,nob/c,296500,360.0,not_neg,not_int,not_lpsm,468000.0,sb,pr,home,1U,8280.0,CRIF,500,CIB,not_inst,63.35470085,North,direct,26.0,0.02772643230855465
cf,nopre,type1,p3,l1,nopc,nob/c,466500,360.0,not_neg,not_int,not_lpsm,778000.0,sb,ir,home,1U,6420.0,CIB,758,CIB,not_inst,59.96143959,south,direct,23.0,0.0861159935593605
cf,pre,type1,p1,l1,nopc,nob/c,316500,240.0,not_neg,not_int,not_lpsm,398000.0,sb,pr,home,1U,7860.0,CIB,584,EXP,to_inst,79.52261307,North,direct,40.0,0.04065827652812004
cf,nopre,type1,p4,l1,nopc,nob/c,586500,360.0,not_neg,not_int,not_lpsm,688000.0,sb,pr,home,1U,12660.0,EXP,654,EXP,not_inst,85.24709302,North,direct,28.0,0.03435804694890976
cf,pre,type1,p3,l1,nopc,nob/c,296500,180.0,not_neg,not_int,not_lpsm,728000.0,sb,pr,home,1U,5100.0,EXP,552,EXP,to_inst,40.72802198,North,direct,40.0,0.06766917556524277
cf,nopre,type1,p3,l1,nopc,nob/c,206500,180.0,neg_amm,not_int,not_lpsm,618000.0,sb,pr,home,1U,14580.0,CIB,523,EXP,to_inst,33.41423948,North,direct,16.0,0.11276596039533615
,nopre,type1,p1,l1,nopc,nob/c,356500,360.0,not_neg,not_int,not_lpsm,448000.0,sb,pr,home,1U,5280.0,CIB,537,CIB,to_inst,79.57589286,North,direct,37.0,0.0861159935593605
cf,nopre,type1,p3,l1,nopc,nob/c,376500,360.0,not_neg,not_int,not_lpsm,498000.0,sb,pr,home,1U,6420.0,EXP,833,EXP,to_inst,75.60240964,North,direct,51.0,0.6666666865348816
cf,pre,type1,p4,l1,nopc,nob/c,296500,360.0,not_neg,not_int,not_lpsm,588000.0,sb,pr,home,1U,3420.0,CIB,575,CIB,not_inst,50.42517007,central,direct,48.0,0.0861159935593605
cf,nopre,type1,p3,l1,nopc,nob/c,486500,360.0,not_neg,not_int,not_lpsm,658000.0,sb,pr,home,1U,10620.0,CIB,646,EXP,to_inst,73.93617021,south,direct,38.0,0.06420404464006424
cf,nopre,type1,p3,l1,nopc,nob/c,496500,360.0,not_neg,not_int,not_lpsm,668000.0,sb,pr,home,1U,4920.0,EXP,652,CIB,not_inst,74.32634731,central,direct,49.0,0.0861159935593605
cf,nopre,type2,p3,l1,nopc,b/c,326500,360.0,not_neg,not_int,not_lpsm,388000.0,sb,pr,home,1U,6540.0,EXP,569,CIB,to_inst,84.14948454,south,direct,59.0,0.24460431933403015
cf,nopre,type1,p1,l1,nopc,nob/c,366500,360.0,not_neg,not_int,not_lpsm,408000.0,sb,pr,home,1U,4860.0,CIB,662,CIB,to_inst,89.82843137,North,direct,49.0,0.1839258074760437
cf,nopre,type1,p4,l1,nopc,nob/c,376500,360.0,neg_amm,not_int,not_lpsm,688000.0,sb,pr,home,1U,5040.0,CIB,780,CIB,to_inst,54.72383721,North,direct,53.0,0.7843137383460999
cf,nopre,type2,p1,l1,nopc,b/c,156500,360.0,not_neg,not_int,not_lpsm,158000.0,sb,pr,home,1U,6000.0,CRIF,891,CIB,to_inst,99.05063291,North,direct,51.0,0.1839258074760437
cf,nopre,type3,p3,l1,nopc,nob/c,276500,300.0,not_neg,not_int,not_lpsm,278000.0,sb,pr,home,1U,3960.0,CIB,748,CIB,to_inst,99.46043165,North,direct,51.0,0.11089865863323212
ncf,nopre,type1,p3,l2,nopc,nob/c,786500,360.0,not_neg,not_int,not_lpsm,1158000.0,sb,pr,home,1U,12420.0,CRIF,544,CIB,to_inst,67.91882556,North,direct,41.0,0.24460431933403015
cf,nopre,type1,p4,l2,nopc,nob/c,676500,360.0,not_neg,not_int,not_lpsm,1008000.0,sb,ir,home,1U,7680.0,CIB,816,EXP,not_inst,67.11309524,south,direct,40.0,0.11089865863323212
cf,pre,type1,p1,l1,nopc,nob/c,226500,360.0,not_neg,not_int,not_lpsm,258000.0,sb,pr,home,1U,2880.0,CIB,614,EXP,to_inst,87.79069767,south,direct,38.0,0.0861159935593605
cf,nopre,type1,p4,l1,nopc,nob/c,316500,180.0,not_neg,not_int,not_lpsm,678000.0,sb,pr,home,1U,9000.0,EXP,665,CIB,not_inst,46.68141593,North,direct,27.0,0.02772643230855465
cf,nopre,type1,p4,l1,nopc,nob/c,346500,360.0,not_neg,not_int,not_lpsm,448000.0,sb,pr,home,1U,4320.0,CIB,701,CIB,not_inst,77.34375,North,direct,39.0,0.0363101065158844
cf,,type1,p3,l1,nopc,nob/c,376500,180.0,not_neg,not_int,not_lpsm,628000.0,sb,pr,home,1U,7920.0,CIB,830,CIB,not_inst,59.9522293,North,direct,41.0,0.03455149382352829
cf,nopre,type2,p1,l1,nopc,b/c,286500,360.0,not_neg,not_int,not_lpsm,298000.0,sb,pr,home,1U,8400.0,CRIF,558,EXP,to_inst,96.1409396,North,direct,50.0,0.14369073510169983
cf,nopre,type1,p4,l2,nopc,nob/c,136500,180.0,not_neg,not_int,not_lpsm,178000.0,sb,pr,home,1U,6000.0,CRIF,563,EXP,to_inst,76.68539326,south,direct,26.0,0.10782501846551895
cf,pre,type1,p1,l1,nopc,nob/c,256500,360.0,not_neg,not_int,not_lpsm,368000.0,sb,pr,home,1U,5040.0,EXP,660,CIB,not_inst,69.70108696,North,direct,39.0,0.03435804694890976
cf,pre,type2,p4,l1,nopc,b/c,236500,360.0,not_neg,not_int,not_lpsm,278000.0,sb,pr,home,1U,2700.0,EXP,528,EXP,to_inst,85.07194245,south,direct,18.0,0.9869565367698669
cf,nopre,type1,p3,l2,nopc,nob/c,336500,360.0,not_neg,not_int,not_lpsm,808000.0,sb,pr,home,1U,3900.0,CRIF,674,EXP,to_inst,41.6460396,south,direct,60.0,0.6186440587043762
cf,pre,type1,p1,l1,nopc,nob/c,296500,360.0,not_neg,not_int,not_lpsm,318000.0,sb,pr,home,1U,5940.0,CIB,519,CIB,to_inst,93.23899371,central,direct,46.0,0.05000000074505806
cf,nopre,type2,p3,l1,nopc,b/c,166500,360.0,not_neg,not_int,not_lpsm,198000.0,sb,pr,home,1U,2460.0,EXP,885,CIB,to_inst,84.09090909,North,direct,49.0,0.1839258074760437
cf,nopre,type1,p1,l1,nopc,nob/c,76500,360.0,neg_amm,not_int,not_lpsm,78000.0,sb,pr,home,1U,1740.0,CIB,863,CIB,to_inst,98.07692308,North,direct,45.0,0.5465116500854492
cf,pre,type2,p3,l1,nopc,b/c,356500,360.0,not_neg,not_int,not_lpsm,418000.0,sb,pr,home,1U,9060.0,CIB,554,EXP,to_inst,85.28708134,south,direct,32.0,0.14369073510169983
cf,nopre,type1,p3,l2,nopc,nob/c,116500,240.0,not_neg,not_int,not_lpsm,208000.0,sb,pr,home,1U,1800.0,EXP,583,CIB,to_inst,56.00961538,central,direct,49.0,0.11089865863323212
cf,nopre,type1,p3,l1,nopc,nob/c,376500,360.0,not_neg,not_int,not_lpsm,848000.0,sb,pr,home,1U,13500.0,CIB,517,EXP,not_inst,44.39858491,North,direct,8.0,0.02772643230855465
cf,nopre,type1,p3,l1,nopc,nob/c,126500,360.0,neg_amm,not_int,not_lpsm,168000.0,sb,pr,home,1U,4560.0,CIB,833,CIB,to_inst,75.29761905,North,direct,30.0,0.19203747808933258
cf,nopre,type1,p3,l1,nopc,nob/c,156500,240.0,not_neg,not_int,not_lpsm,358000.0,sb,pr,home,1U,4620.0,CIB,591,EXP,to_inst,43.7150838,North,direct,24.0,0.0363101065158844
cf,nopre,type1,p4,l1,nopc,nob/c,276500,360.0,not_neg,not_int,not_lpsm,348000.0,sb,pr,home,1U,6540.0,CRIF,592,EXP,not_inst,79.45402299,south,direct,39.0,0.03455149382352829
cf,pre,type1,p1,l1,nopc,nob/c,386500,324.0,neg_amm,not_int,not_lpsm,418000.0,sb,pr,home,1U,11160.0,CIB,766,EXP,to_inst,92.46411483,North,direct,29.0,0.02772643230855465
cf,nopre,type1,p1,l1,nopc,nob/c,156500,180.0,not_neg,not_int,not_lpsm,538000.0,sb,pr,home,1U,4740.0,EXP,649,EXP,to_inst,29.08921933,south,direct,57.0,0.5
cf,nopre,type1,p3,l1,nopc,nob/c,676500,360.0,not_neg,not_int,not_lpsm,848000.0,sb,pr,home,1U,6960.0,CIB,848,CIB,to_inst,79.7759434,North,direct,59.0,0.9253731369972229
cf,nopre,type1,p3,l1,nopc,nob/c,106500,360.0,not_neg,not_int,not_lpsm,158000.0,sb,pr,home,1U,2040.0,EXP,699,CIB,to_inst,67.40506329,south,direct,41.0,0.10782501846551895
cf,pre,type3,p1,l1,nopc,nob/c,286500,360.0,not_neg,not_int,not_lpsm,288000.0,sb,pr,home,1U,3720.0,CRIF,737,EXP,to_inst,99.47916667,North,direct,57.0,0.05779334530234337
cf,nopre,type1,p1,l1,nopc,nob/c,316500,360.0,not_neg,not_int,not_lpsm,358000.0,sb,sr,home,1U,8640.0,EXP,660,EXP,to_inst,88.40782123,North,direct,38.0,0.11089865863323212
cf,nopre,type1,p4,l1,nopc,nob/c,106500,360.0,not_neg,not_int,not_lpsm,138000.0,sb,pr,home,1U,2460.0,CRIF,708,CIB,to_inst,77.17391304,south,direct,32.0,0.14369073510169983
cf,nopre,type1,p1,l2,nopc,nob/c,366500,360.0,not_neg,not_int,not_lpsm,378000.0,sb,pr,home,1U,7860.0,CRIF,642,CIB,not_inst,96.95767196,North,direct,40.0,0.04065827652812004
cf,nopre,type2,p4,l1,nopc,b/c,476500,360.0,not_neg,not_int,not_lpsm,538000.0,sb,pr,home,1U,11100.0,CRIF,672,EXP,not_inst,88.56877323,central,direct,23.0,0.06766917556524277
cf,nopre,type1,p3,l1,nopc,nob/c,316500,240.0,not_neg,not_int,not_lpsm,1368000.0,sb,pr,home,1U,7740.0,EXP,871,EXP,to_inst,23.13596491,south,direct,20.0,0.06420404464006424
cf,nopre,type1,p1,l1,nopc,nob/c,266500,360.0,not_neg,not_int,not_lpsm,388000.0,sb,pr,home,1U,6900.0,CRIF,743,EXP,not_inst,68.68556701,North,direct,49.0,0.03455149382352829
cf,nopre,type1,p3,l1,nopc,nob/c,216500,180.0,not_neg,not_int,not_lpsm,408000.0,sb,pr,home,1U,5220.0,CIB,852,CIB,to_inst,53.06372549,North,direct,24.0,0.06766917556524277
ncf,pre,type1,p3,l1,nopc,nob/c,296500,360.0,not_neg,not_int,not_lpsm,1228000.0,sb,pr,home,1U,13800.0,CRIF,747,EXP,not_inst,24.14495114,south,direct,11.0,0.05000000074505806
cf,nopre,type1,p3,l1,nopc,nob/c,366500,240.0,not_neg,not_int,not_lpsm,578000.0,sb,pr,home,1U,8100.0,EXP,658,EXP,to_inst,63.4083045,south,direct,34.0,0.0363101065158844
cf,nopre,type1,p3,l1,nopc,nob/c,486500,360.0,not_neg,int_only,not_lpsm,818000.0,sb,pr,home,1U,12000.0,CIB,771,EXP,to_inst,59.47432763,North,direct,22.0,0.04065827652812004
ncf,pre,type1,p4,l1,nopc,nob/c,416500,360.0,not_neg,not_int,not_lpsm,498000.0,sb,pr,home,1U,11340.0,CRIF,886,EXP,to_inst,83.63453815,south,direct,45.0,0.19203747808933258
cf,nopre,type1,p1,l1,nopc,nob/c,186500,360.0,not_neg,not_int,not_lpsm,388000.0,sb,ir,home,1U,8340.0,CIB,617,EXP,to_inst,48.06701031,south,direct,48.0,0.14369073510169983
cf,nopre,type3,p1,l1,nopc,nob/c,626500,360.0,not_neg,not_int,not_lpsm,738000.0,sb,pr,home,1U,5040.0,EXP,722,CIB,not_inst,84.89159892,south,direct,58.0,0.10782501846551895
cf,nopre,type1,p3,l1,nopc,nob/c,126500,360.0,not_neg,not_int,not_lpsm,218000.0,sb,pr,home,1U,1440.0,EXP,673,EXP,to_inst,58.02752294,North,direct,51.0,0.6978417038917542
cf,nopre,type1,p3,l1,nopc,nob/c,316500,360.0,not_neg,not_int,not_lpsm,398000.0,sb,pr,home,1U,4860.0,CIB,748,EXP,to_inst,79.52261307,south,direct,49.0,0.14369073510169983
cf,pre,type2,p1,l1,nopc,b/c,226500,360.0,not_neg,not_int,not_lpsm,228000.0,sb,pr,home,1U,4200.0,EXP,895,CIB,to_inst,99.34210526,North-East,direct,53.0,0.059588298201560974
cf,pre,type1,p1,l1,nopc,nob/c,126500,360.0,not_neg,not_int,not_lpsm,178000.0,sb,ir,home,1U,2160.0,CRIF,579,CIB,to_inst,71.06741573,south,direct,28.0,0.24460431933403015
cf,nopre,type1,p3,l1,nopc,nob/c,106500,240.0,not_neg,not_int,not_lpsm,408000.0,sb,pr,home,1U,5040.0,CRIF,625,CIB,to_inst,26.10294118,south,direct,45.0,0.10782501846551895
cf,nopre,type2,p4,l1,nopc,b/c,76500,300.0,not_neg,not_int,not_lpsm,138000.0,sb,pr,home,1U,2040.0,CRIF,685,EXP,to_inst,55.43478261,south,direct,30.0,0.23076923191547394
cf,nopre,type3,p3,l1,nopc,nob/c,206500,180.0,not_neg,not_int,not_lpsm,258000.0,sb,pr,home,1U,5880.0,CIB,560,EXP,to_inst,80.03875969,North,direct,46.0,0.059588298201560974
cf,nopre,type2,p3,l1,nopc,b/c,216500,360.0,not_neg,not_int,not_lpsm,208000.0,sb,pr,home,1U,2940.0,EXP,669,CIB,to_inst,104.0865385,south,direct,37.0,0.9899497628211975
cf,nopre,type1,p4,l1,nopc,nob/c,296500,360.0,not_neg,not_int,not_lpsm,448000.0,sb,pr,home,1U,3900.0,CIB,640,EXP,not_inst,66.18303571,North,direct,40.0,0.03455149382352829
cf,nopre,type1,p3,l1,nopc,nob/c,306500,360.0,not_neg,not_int,not_lpsm,428000.0,sb,pr,home,1U,3720.0,CRIF,663,CIB,not_inst,71.61214953,North,direct,44.0,0.0363101065158844
cf,pre,type1,p3,l1,nopc,nob/c,196500,360.0,not_neg,not_int,not_lpsm,248000.0,sb,pr,home,1U,4920.0,CIB,799,EXP,to_inst,79.23387097,south,direct,26.0,0.10782501846551895
cf,pre,type1,p3,l1,nopc,nob/c,426500,360.0,not_neg,not_int,not_lpsm,618000.0,sb,pr,home,1U,9720.0,EXP,774,EXP,to_inst,69.01294498,North,direct,31.0,0.03455149382352829
cf,nopre,type1,p3,l1,nopc,nob/c,226500,360.0,not_neg,not_int,not_lpsm,288000.0,sb,pr,home,1U,0.0,CRIF,825,CIB,to_inst,78.64583333,south,direct,9.0,0.9899497628211975
cf,nopre,type1,p4,l1,nopc,nob/c,286500,360.0,not_neg,not_int,not_lpsm,428000.0,sb,pr,home,1U,2820.0,CIB,794,CIB,to_inst,66.93925234,south,direct,48.0,0.16867469251155853
cf,nopre,type1,p1,l1,nopc,nob/c,356500,360.0,not_neg,not_int,not_lpsm,568000.0,sb,pr,home,1U,4740.0,EXP,883,CIB,not_inst,62.76408451,North,direct,48.0,0.0363101065158844
cf,nopre,type1,p4,l1,nopc,nob/c,216500,288.0,not_neg,not_int,not_lpsm,298000.0,sb,pr,home,1U,4020.0,CRIF,891,EXP,to_inst,72.65100671,North,direct,43.0,0.06420404464006424
cf,nopre,type1,p1,l1,nopc,nob/c,96500,360.0,neg_amm,int_only,not_lpsm,138000.0,sb,ir,home,1U,5280.0,CIB,699,CIB,not_inst,69.92753623,North,direct,21.0,0.06420404464006424
cf,nopre,type1,p1,l1,nopc,nob/c,66500,360.0,neg_amm,not_int,not_lpsm,148000.0,sb,pr,home,1U,10200.0,CIB,561,EXP,to_inst,44.93243243,North,direct,49.0,0.24460431933403015
cf,nopre,type3,p3,l1,nopc,nob/c,126500,360.0,not_neg,int_only,not_lpsm,158000.0,sb,pr,home,1U,2580.0,CIB,708,CIB,to_inst,80.06329114,central,direct,12.0,0.5465116500854492
cf,nopre,type1,p1,l1,nopc,nob/c,686500,360.0,neg_amm,not_int,not_lpsm,808000.0,sb,pr,home,1U,9420.0,CRIF,792,EXP,not_inst,84.96287129,south,direct,38.0,0.11089865863323212
cf,pre,type1,p3,l1,nopc,nob/c,206500,360.0,not_neg,not_int,not_lpsm,438000.0,sb,pr,home,1U,5520.0,CRIF,836,CIB,to_inst,47.14611872,North,direct,26.0,0.06420404464006424
cf,nopre,type1,p3,l1,nopc,nob/c,546500,360.0,not_neg,not_int,not_lpsm,728000.0,sb,pr,home,1U,6540.0,CIB,501,EXP,not_inst,75.06868132,south,direct,42.0,0.03455149382352829
cf,pre,type1,p3,l1,nopc,nob/c,396500,360.0,not_neg,not_int,not_lpsm,528000.0,sb,pr,home,1U,9540.0,CRIF,569,CIB,to_inst,75.09469697,North-East,direct,29.0,0.10782501846551895
cf,nopre,type1,p1,l1,nopc,nob/c,526500,360.0,not_neg,not_int,not_lpsm,558000.0,sb,pr,home,1U,7200.0,EXP,683,CIB,not_inst,94.35483871,North,direct,45.0,0.03455149382352829
cf,nopre,type1,p3,l1,nopc,nob/c,526500,360.0,not_neg,not_int,not_lpsm,878000.0,sb,pr,home,1U,6660.0,EXP,712,EXP,to_inst,59.96583144,North,direct,40.0,0.04065827652812004
cf,nopre,type1,p3,l1,nopc,nob/c,156500,180.0,not_neg,not_int,not_lpsm,848000.0,sb,pr,home,1U,3240.0,CRIF,808,EXP,to_inst,18.45518868,North,direct,36.0,0.059588298201560974
cf,nopre,type1,p3,l1,nopc,nob/c,126500,360.0,not_neg,not_int,not_lpsm,268000.0,sb,pr,home,1U,3360.0,EXP,660,CIB,to_inst,47.20149254,south,direct,43.0,0.10782501846551895
cf,nopre,type1,p3,l1,nopc,nob/c,156500,156.0,not_neg,not_int,not_lpsm,308000.0,sb,pr,home,1U,6180.0,EXP,538,CIB,to_inst,50.81168831,North,direct,31.0,0.0861159935593605
cf,nopre,type1,p4,l1,nopc,nob/c,356500,360.0,not_neg,not_int,lpsm,598000.0,sb,pr,home,1U,3720.0,EXP,741,CIB,to_inst,59.61538462,south,direct,46.0,0.6666666865348816
cf,nopre,type1,p3,l1,nopc,nob/c,566500,360.0,not_neg,not_int,not_lpsm,888000.0,sb,pr,home,1U,12180.0,EXP,812,CIB,not_inst,63.79504505,south,direct,30.0,0.03455149382352829
cf,nopre,type1,p1,l1,nopc,nob/c,456500,360.0,not_neg,not_int,not_lpsm,488000.0,sb,pr,home,1U,3600.0,CRIF,719,CIB,not_inst,93.54508197,North,direct,13.0,0.9869565367698669
ncf,pre,type1,p1,l1,nopc,nob/c,436500,324.0,neg_amm,not_int,not_lpsm,548000.0,sb,pr,home,1U,5400.0,CIB,775,CIB,to_inst,79.65328467,North,direct,47.0,0.04065827652812004
cf,nopre,type1,p4,l1,nopc,nob/c,456500,360.0,neg_amm,not_int,not_lpsm,768000.0,sb,pr,home,1U,7800.0,CRIF,703,CIB,not_inst,59.44010417,North,direct,41.0,0.06420404464006424
cf,pre,type1,p4,l1,nopc,nob/c,266500,360.0,not_neg,not_int,not_lpsm,458000.0,sb,pr,home,1U,5820.0,CRIF,568,EXP,to_inst,58.18777293,North,direct,32.0,0.04065827652812004
cf,pre,type3,p3,l1,nopc,nob/c,276500,360.0,neg_amm,not_int,not_lpsm,238000.0,sb,pr,home,1U,3300.0,CRIF,710,CIB,to_inst,116.1764706,south,direct,40.0,0.9869565367698669
cf,nopre,type1,p4,l1,nopc,nob/c,236500,360.0,not_neg,not_int,lpsm,278000.0,sb,pr,home,1U,4980.0,CRIF,631,EXP,to_inst,85.07194245,south,direct,50.0,0.9869565367698669
cf,nopre,type1,p1,l1,nopc,nob/c,196500,360.0,not_neg,not_int,not_lpsm,218000.0,sb,sr,home,1U,6900.0,CRIF,900,EXP,to_inst,90.13761468,south,direct,47.0,0.19203747808933258
cf,nopre,type3,p1,l1,nopc,nob/c,326500,360.0,not_neg,int_only,not_lpsm,328000.0,sb,pr,home,1U,2520.0,CRIF,897,CIB,not_inst,99.54268293,North,direct,51.0,0.14369073510169983
cf,pre,type1,p4,l1,nopc,nob/c,396500,360.0,not_neg,not_int,not_lpsm,558000.0,sb,pr,home,1U,8280.0,CIB,564,CIB,not_inst,71.05734767,south,direct,36.0,0.03435804694890976
cf,nopre,type1,p4,l1,nopc,nob/c,186500,180.0,not_neg,not_int,not_lpsm,268000.0,sb,pr,home,1U,5880.0,EXP,874,CIB,to_inst,69.58955224,North,direct,37.0,0.0861159935593605
cf,nopre,type1,p1,l1,nopc,nob/c,206500,360.0,not_neg,not_int,not_lpsm,258000.0,sb,pr,home,1U,4980.0,CIB,735,CIB,to_inst,80.03875969,North,direct,28.0,0.10782501846551895
cf,nopre,type1,p3,l1,nopc,nob/c,206500,360.0,neg_amm,not_int,not_lpsm,308000.0,sb,pr,home,1U,2340.0,EXP,567,CIB,to_inst,67.04545455,central,direct,46.0,0.3415384590625763
cf,nopre,type2,p3,l1,nopc,b/c,176500,240.0,not_neg,not_int,not_lpsm,238000.0,sb,pr,home,1U,5880.0,CIB,899,EXP,to_inst,74.15966387,south,direct,60.0,0.1839258074760437
cf,nopre,type1,p4,l1,nopc,nob/c,286500,360.0,not_neg,not_int,not_lpsm,478000.0,sb,pr,home,1U,2220.0,CRIF,769,EXP,to_inst,59.93723849,North,direct,45.0,0.14369073510169983
cf,nopre,type2,p4,l1,nopc,b/c,146500,360.0,not_neg,not_int,not_lpsm,148000.0,sb,pr,home,1U,2520.0,CRIF,641,CIB,to_inst,98.98648649,south,direct,54.0,0.6978417038917542
cf,nopre,type2,p1,l1,nopc,b/c,126500,360.0,not_neg,not_int,not_lpsm,128000.0,sb,pr,home,1U,1620.0,EXP,526,CIB,to_inst,98.828125,North,direct,60.0,0.3415384590625763
cf,nopre,type1,p3,l1,nopc,nob/c,486500,360.0,not_neg,not_int,not_lpsm,678000.0,sb,pr,home,1U,13200.0,EXP,847,EXP,not_inst,71.75516224,North,direct,11.0,0.04065827652812004
cf,nopre,type1,p3,l1,nopc,nob/c,316500,240.0,not_neg,not_int,not_lpsm,818000.0,sb,pr,home,3U,5220.0,EXP,663,CIB,not_inst,38.69193154,North,direct,45.0,0.10782501846551895
cf,pre,type1,p1,l1,nopc,nob/c,236500,360.0,not_neg,not_int,not_lpsm,298000.0,sb,pr,home,1U,6060.0,CRIF,736,EXP,to_inst,79.36241611,south,direct,8.0,0.0861159935593605
cf,nopre,type1,p1,l1,nopc,nob/c,296500,360.0,not_neg,not_int,not_lpsm,308000.0,sb,pr,home,1U,7440.0,CIB,602,EXP,to_inst,96.26623377,North,direct,38.0,0.14369073510169983
cf,nopre,type1,p4,l1,nopc,nob/c,266500,324.0,not_neg,not_int,not_lpsm,288000.0,sb,pr,home,1U,14400.0,CRIF,523,EXP,to_inst,92.53472222,south,direct,33.0,0.16867469251155853
cf,pre,type1,p4,l1,nopc,nob/c,236500,180.0,not_neg,not_int,not_lpsm,308000.0,sb,pr,home,1U,4980.0,CRIF,881,EXP,to_inst,76.78571429,south,direct,35.0,0.11089865863323212
cf,pre,type2,p3,l1,nopc,b/c,126500,360.0,not_neg,not_int,not_lpsm,168000.0,sb,pr,home,1U,2340.0,CRIF,839,CIB,to_inst,75.29761905,south,direct,34.0,0.24460431933403015
cf,nopre,type1,p3,l1,nopc,nob/c,146500,324.0,neg_amm,not_int,not_lpsm,198000.0,sb,pr,home,1U,3600.0,CRIF,810,CIB,to_inst,73.98989899,south,direct,27.0,0.24460431933403015
cf,nopre,type2,p3,l1,nopc,b/c,216500,360.0,neg_amm,not_int,not_lpsm,248000.0,sb,pr,home,1U,7080.0,CIB,851,EXP,to_inst,87.2983871,south,direct,40.0,0.3415384590625763
,nopre,type1,p4,l1,nopc,nob/c,226500,180.0,not_neg,not_int,not_lpsm,378000.0,sb,pr,home,1U,6960.0,CIB,725,CIB,to_inst,59.92063492,North,direct,28.0,0.059588298201560974
cf,nopre,type1,p4,l1,nopc,nob/c,376500,360.0,neg_amm,not_int,not_lpsm,448000.0,sb,pr,home,1U,6000.0,CIB,509,CIB,to_inst,84.04017857,North,direct,42.0,0.2857142984867096
cf,pre,type1,p1,l1,nopc,nob/c,336500,360.0,not_neg,not_int,not_lpsm,358000.0,sb,pr,home,1U,10620.0,CIB,804,EXP,not_inst,93.99441341,North,direct,28.0,0.02772643230855465
cf,nopre,type1,p3,l1,nopc,nob/c,396500,360.0,neg_amm,not_int,not_lpsm,528000.0,sb,pr,home,1U,4200.0,EXP,704,CIB,to_inst,75.09469697,south,direct,45.0,0.3415384590625763
cf,nopre,type2,p1,l1,nopc,b/c,286500,360.0,not_neg,not_int,not_lpsm,288000.0,sb,pr,home,1U,10440.0,CRIF,830,EXP,not_inst,99.47916667,North,direct,28.0,0.10782501846551895
cf,nopre,type1,p1,l1,nopc,nob/c,236500,360.0,not_neg,not_int,not_lpsm,258000.0,sb,pr,home,1U,2580.0,CRIF,771,CIB,not_inst,91.66666667,North,direct,44.0,0.0861159935593605
cf,nopre,type1,p4,l1,nopc,nob/c,106500,180.0,not_neg,not_int,not_lpsm,198000.0,sb,pr,home,1U,4200.0,CIB,856,CIB,not_inst,53.78787879,central,direct,48.0,0.10782501846551895
cf,nopre,type1,p3,l1,nopc,nob/c,246500,360.0,not_neg,not_int,not_lpsm,358000.0,sb,pr,home,1U,5400.0,EXP,747,EXP,to_inst,68.8547486,North,direct,40.0,0.0363101065158844
cf,nopre,type1,p3,l1,nopc,nob/c,206500,360.0,neg_amm,not_int,not_lpsm,428000.0,sb,pr,home,1U,2760.0,CRIF,848,CIB,to_inst,48.24766355,North,direct,48.0,0.27710843086242676
cf,pre,type1,p1,l1,nopc,nob/c,726500,360.0,not_neg,not_int,not_lpsm,768000.0,sb,pr,home,1U,18780.0,CIB,500,EXP,not_inst,94.59635417,North,direct,36.0,0.014285714365541935
cf,nopre,type1,p1,l1,nopc,nob/c,556500,360.0,not_neg,not_int,not_lpsm,748000.0,sb,pr,home,1U,12660.0,CIB,738,EXP,not_inst,74.39839572,North,direct,30.0,0.02139037474989891
,nopre,type1,p3,l1,nopc,nob/c,246500,360.0,not_neg,not_int,not_lpsm,588000.0,sb,pr,home,1U,2820.0,CIB,561,CIB,to_inst,41.92176871,North,direct,41.0,0.10782501846551895
cf,nopre,type1,p1,l1,nopc,nob/c,296500,360.0,not_neg,not_int,not_lpsm,368000.0,sb,sr,home,1U,9060.0,EXP,766,CIB,not_inst,80.57065217,south,direct,43.0,0.06420404464006424
ncf,pre,type1,p1,l1,nopc,nob/c,246500,360.0,not_neg,not_int,not_lpsm,268000.0,sb,pr,home,1U,0.0,CRIF,861,EXP,not_inst,91.97761194,North,direct,7.0,0.9899497628211975
cf,nopre,type1,p4,l1,nopc,nob/c,536500,360.0,not_neg,int_only,not_lpsm,778000.0,sb,pr,home,1U,10320.0,CRIF,572,EXP,to_inst,68.95886889,North,direct,33.0,0.055727552622556686
,nopre,type1,p1,l1,nopc,nob/c,676500,360.0,not_neg,not_int,not_lpsm,768000.0,sb,pr,home,1U,8280.0,CRIF,550,CIB,not_inst,88.0859375,south,direct,39.0,0.0363101065158844
cf,nopre,type1,p3,l2,opc,nob/c,206500,360.0,neg_amm,int_only,not_lpsm,618000.0,sb,pr,home,1U,14580.0,CIB,535,EXP,to_inst,33.41423948,North,direct,20.0,0.19203747808933258
cf,nopre,type3,p1,l1,nopc,nob/c,386500,360.0,not_neg,not_int,not_lpsm,388000.0,sb,pr,home,1U,6600.0,EXP,763,EXP,not_inst,99.61340206,central,direct,56.0,0.06420404464006424
cf,pre,type1,p3,l1,nopc,nob/c,456500,360.0,not_neg,not_int,not_lpsm,548000.0,sb,pr,home,1U,13500.0,EXP,858,CIB,to_inst,83.30291971,south,direct,22.0,0.24460431933403015
cf,nopre,type1,p3,l1,nopc,nob/c,486500,360.0,not_neg,not_int,not_lpsm,788000.0,sb,pr,home,1U,6720.0,CIB,889,CIB,to_inst,61.73857868,south,direct,39.0,0.10782501846551895
cf,nopre,type1,p3,l1,nopc,nob/c,636500,360.0,not_neg,not_int,not_lpsm,858000.0,sb,pr,home,1U,10260.0,CIB,691,EXP,to_inst,74.18414918,south,direct,41.0,0.06420404464006424
cf,pre,type2,p1,l1,nopc,b/c,156500,360.0,not_neg,not_int,not_lpsm,178000.0,sb,pr,home,1U,2040.0,CRIF,556,EXP,to_inst,87.92134831,North,direct,51.0,0.11089865863323212
cf,nopre,type1,p1,l1,nopc,nob/c,386500,360.0,not_neg,not_int,not_lpsm,728000.0,sb,pr,home,1U,10140.0,CRIF,584,CIB,not_inst,53.09065934,North,direct,30.0,0.03435804694890976
cf,nopre,type2,p4,l1,nopc,b/c,576500,360.0,not_neg,not_int,lpsm,588000.0,sb,pr,home,1U,9900.0,CRIF,684,CIB,not_inst,98.04421769,North,direct,47.0,0.6186440587043762
cf,nopre,type1,p1,l1,nopc,nob/c,466500,360.0,not_neg,not_int,not_lpsm,588000.0,sb,pr,home,1U,17940.0,EXP,644,EXP,not_inst,79.33673469,south,direct,38.0,0.02772643230855465
cf,nopre,type1,p1,l1,nopc,nob/c,516500,360.0,neg_amm,not_int,not_lpsm,568000.0,sb,pr,home,1U,5820.0,CRIF,836,CIB,not_inst,90.93309859,south,direct,46.0,0.14369073510169983
cf,nopre,type1,p3,l1,nopc,nob/c,376500,360.0,not_neg,int_only,not_lpsm,538000.0,sb,pr,home,1U,6180.0,CRIF,836,CIB,not_inst,69.98141264,North,direct,36.0,0.04065827652812004
cf,nopre,type1,p1,l1,nopc,nob/c,536500,360.0,not_neg,not_int,not_lpsm,568000.0,sb,pr,home,1U,6300.0,EXP,568,CIB,not_inst,94.45422535,North,direct,43.0,0.03455149382352829
cf,pre,type1,p1,l1,nopc,nob/c,546500,360.0,not_neg,not_int,not_lpsm,608000.0,sb,pr,home,1U,5580.0,CRIF,578,EXP,to_inst,89.88486842,south,direct,47.0,0.06420404464006424
cf,nopre,type1,p3,l1,nopc,nob/c,136500,360.0,not_neg,not_int,not_lpsm,168000.0,sb,pr,home,1U,1920.0,CRIF,759,CIB,to_inst,81.25,south,direct,51.0,0.8414633870124817
cf,pre,type1,p1,l1,nopc,nob/c,136500,180.0,not_neg,not_int,not_lpsm,178000.0,sb,pr,home,1U,4380.0,CIB,704,CIB,to_inst,76.68539326,North,direct,32.0,0.055727552622556686
cf,nopre,type1,p4,l1,nopc,nob/c,386500,360.0,not_neg,not_int,not_lpsm,518000.0,sb,pr,home,1U,7560.0,EXP,733,CIB,not_inst,74.61389961,south,direct,41.0,0.03455149382352829
cf,nopre,type1,p4,l1,nopc,nob/c,126500,240.0,not_neg,not_int,not_lpsm,258000.0,sb,pr,home,1U,4680.0,CIB,512,EXP,to_inst,49.03100775,North,direct,33.0,0.055727552622556686
cf,nopre,type1,p2,l1,nopc,nob/c,226500,360.0,not_neg,not_int,not_lpsm,318000.0,sb,pr,home,1U,12660.0,CIB,573,CIB,not_inst,71.22641509,North,direct,19.0,0.059588298201560974
cf,nopre,type1,p3,l1,nopc,nob/c,726500,360.0,not_neg,not_int,not_lpsm,1298000.0,sb,pr,home,1U,16200.0,CRIF,568,EXP,to_inst,55.97072419,south,direct,42.0,0.06420404464006424
cf,nopre,type1,p3,l1,nopc,nob/c,376500,360.0,neg_amm,not_int,not_lpsm,478000.0,sb,pr,home,1U,4680.0,CRIF,611,EXP,to_inst,78.76569038,south,direct,41.0,0.24460431933403015
cf,nopre,type1,p3,l1,nopc,nob/c,416500,360.0,not_neg,int_only,not_lpsm,608000.0,sb,ir,home,1U,18480.0,EXP,834,EXP,to_inst,68.50328947,North,direct,5.0,0.16867469251155853
cf,nopre,type1,p3,l1,nopc,nob/c,306500,360.0,not_neg,not_int,not_lpsm,998000.0,sb,pr,home,1U,12900.0,EXP,890,EXP,not_inst,30.71142285,North,direct,45.0,0.03455149382352829
cf,nopre,type1,p3,l1,nopc,nob/c,546500,360.0,not_neg,not_int,not_lpsm,1278000.0,sb,ir,home,1U,15900.0,CIB,862,CIB,not_inst,42.76212833,North,direct,38.0,0.04065827652812004
cf,nopre,type1,p3,l1,nopc,nob/c,456500,360.0,neg_amm,not_int,not_lpsm,628000.0,sb,ir,home,1U,19200.0,CIB,753,EXP,to_inst,72.6910828,central,direct,17.0,0.3415384590625763
cf,nopre,type1,p3,l1,nopc,nob/c,306500,180.0,not_neg,not_int,not_lpsm,648000.0,sb,pr,home,1U,8400.0,CRIF,773,EXP,not_inst,47.29938272,North,direct,36.0,0.02139037474989891
cf,nopre,type1,p3,l1,nopc,nob/c,546500,360.0,not_neg,not_int,not_lpsm,768000.0,sb,pr,home,1U,6660.0,CRIF,711,CIB,to_inst,71.15885417,south,direct,49.0,0.14369073510169983
cf,nopre,type2,p3,l1,nopc,b/c,136500,360.0,not_neg,not_int,not_lpsm,178000.0,sb,pr,home,1U,4140.0,CIB,816,CIB,to_inst,76.68539326,North,direct,34.0,0.11089865863323212
cf,nopre,type1,p4,l1,nopc,nob/c,566500,360.0,not_neg,not_int,not_lpsm,958000.0,sb,pr,home,1U,6300.0,CIB,653,EXP,to_inst,59.13361169,North,direct,36.0,0.059588298201560974
cf,nopre,type1,p3,l1,nopc,nob/c,236500,360.0,not_neg,not_int,not_lpsm,358000.0,sb,pr,home,1U,11220.0,CRIF,737,CIB,to_inst,66.06145251,south,direct,8.0,0.06766917556524277
cf,nopre,type1,p1,l1,nopc,nob/c,246500,360.0,not_neg,not_int,not_lpsm,308000.0,sb,sr,home,1U,16620.0,CRIF,526,EXP,not_inst,80.03246753,North,direct,28.0,0.04065827652812004
cf,nopre,type1,p3,l1,nopc,nob/c,696500,360.0,not_neg,not_int,not_lpsm,1178000.0,sb,pr,home,1U,13260.0,EXP,537,EXP,not_inst,59.12563667,central,direct,31.0,0.03435804694890976
cf,nopre,type1,p1,l1,nopc,nob/c,436500,360.0,not_neg,not_int,not_lpsm,848000.0,sb,pr,home,1U,15180.0,CRIF,628,EXP,not_inst,51.4740566,south,direct,43.0,0.02772643230855465
cf,nopre,type1,p4,l1,nopc,nob/c,386500,360.0,not_neg,not_int,not_lpsm,458000.0,sb,pr,home,1U,8460.0,EXP,501,EXP,not_inst,84.38864629,south,direct,38.0,0.03455149382352829
cf,nopre,type1,p4,l1,nopc,nob/c,226500,360.0,not_neg,not_int,not_lpsm,288000.0,sb,pr,home,1U,4920.0,CRIF,688,CIB,to_inst,78.64583333,North,direct,39.0,0.0861159935593605
cf,nopre,type1,p3,l1,nopc,nob/c,326500,300.0,not_neg,not_int,not_lpsm,398000.0,sb,pr,home,1U,7020.0,CIB,813,CIB,to_inst,82.03517588,south,direct,30.0,0.14369073510169983
ncf,nopre,type1,p3,l2,opc,nob/c,506500,360.0,not_neg,int_only,not_lpsm,2908000.0,sb,pr,home,1U,24780.0,CIB,619,EXP,to_inst,17.41746905,south,direct,44.0,0.14369073510169983
cf,nopre,type1,p3,l1,nopc,nob/c,306500,360.0,not_neg,not_int,not_lpsm,398000.0,sb,pr,home,1U,3540.0,CRIF,626,CIB,to_inst,77.01005025,North,direct,42.0,0.10782501846551895
cf,nopre,type1,p3,l1,nopc,nob/c,156500,360.0,not_neg,not_int,not_lpsm,358000.0,sb,pr,home,1U,4260.0,CRIF,722,EXP,to_inst,43.7150838,south,direct,33.0,0.06420404464006424
cf,nopre,type1,p3,l1,nopc,nob/c,126500,180.0,not_neg,not_int,not_lpsm,208000.0,sb,pr,home,1U,2160.0,CIB,701,CIB,to_inst,60.81730769,North,direct,38.0,0.10144927352666855
cf,nopre,type1,p3,l1,nopc,nob/c,116500,240.0,not_neg,not_int,not_lpsm,218000.0,sb,pr,home,1U,3660.0,CRIF,737,EXP,to_inst,53.44036697,south,direct,32.0,0.05779334530234337
ncf,nopre,type1,p1,l1,nopc,nob/c,586500,360.0,not_neg,not_int,not_lpsm,728000.0,sb,pr,home,1U,7140.0,CRIF,865,EXP,not_inst,80.56318681,central,direct,48.0,0.0861159935593605
cf,nopre,type1,p4,l1,nopc,nob/c,516500,360.0,not_neg,not_int,not_lpsm,628000.0,sb,pr,home,1U,7440.0,CRIF,516,EXP,not_inst,82.24522293,North,direct,42.0,0.03455149382352829
cf,nopre,type2,p3,l1,nopc,b/c,276500,360.0,not_neg,not_int,not_lpsm,348000.0,sb,pr,home,1U,3120.0,CRIF,786,CIB,to_inst,79.45402299,south,direct,49.0,0.23026315867900848
cf,pre,type1,p3,l1,nopc,nob/c,156500,360.0,not_neg,not_int,not_lpsm,168000.0,sb,pr,home,1U,2400.0,CRIF,900,CIB,to_inst,93.1547619,south,direct,30.0,0.6978417038917542
cf,nopre,type1,p2,l1,nopc,nob/c,406500,360.0,not_neg,not_int,not_lpsm,548000.0,sb,ir,home,1U,11040.0,CIB,742,EXP,not_inst,74.17883212,south,direct,49.0,0.10782501846551895
cf,nopre,type1,p4,l2,nopc,nob/c,436500,360.0,not_neg,not_int,not_lpsm,648000.0,sb,pr,home,1U,8760.0,EXP,839,EXP,to_inst,67.36111111,south,direct,32.0,0.04065827652812004
cf,nopre,type1,p4,l1,nopc,nob/c,266500,360.0,not_neg,not_int,not_lpsm,448000.0,sb,pr,home,1U,3540.0,EXP,759,CIB,not_inst,59.48660714,North,direct,44.0,0.0363101065158844
cf,nopre,type1,p3,l1,nopc,nob/c,166500,360.0,not_neg,not_int,not_lpsm,308000.0,sb,pr,home,1U,1620.0,EXP,534,CIB,to_inst,54.05844156,North,direct,43.0,0.17307692766189575
cf,nopre,type1,p3,l1,nopc,nob/c,376500,360.0,not_neg,not_int,not_lpsm,1988000.0,sb,pr,home,1U,4080.0,CRIF,853,CIB,to_inst,18.93863179,south,direct,45.0,0.11153101921081543
cf,pre,type1,p3,l1,nopc,nob/c,416500,360.0,not_neg,not_int,not_lpsm,568000.0,sb,pr,home,3U,3360.0,CIB,548,EXP,not_inst,73.32746479,south,direct,52.0,0.9869565367698669
cf,nopre,type3,p3,l1,nopc,nob/c,96500,360.0,not_neg,not_int,not_lpsm,98000.0,sb,pr,home,1U,3960.0,CIB,545,EXP,to_inst,98.46938776,south,direct,43.0,0.14369073510169983
cf,nopre,type1,p3,l1,nopc,nob/c,86500,360.0,not_neg,not_int,not_lpsm,118000.0,sb,pr,home,1U,3300.0,CRIF,864,CIB,to_inst,73.30508475,central,direct,32.0,0.11089865863323212
cf,nopre,type1,p3,l1,nopc,nob/c,366500,360.0,not_neg,not_int,not_lpsm,548000.0,sb,pr,home,1U,5580.0,CRIF,613,CIB,to_inst,66.87956204,North,direct,37.0,0.059588298201560974
cf,nopre,type1,p3,l1,nopc,nob/c,156500,180.0,not_neg,not_int,not_lpsm,218000.0,sb,pr,home,1U,4680.0,CRIF,672,EXP,to_inst,71.78899083,North,direct,42.0,0.059588298201560974
cf,nopre,type1,p4,l1,nopc,nob/c,226500,300.0,not_neg,not_int,not_lpsm,368000.0,sb,pr,home,1U,7380.0,CRIF,878,EXP,to_inst,61.54891304,south,direct,22.0,0.04065827652812004
cf,nopre,type1,p3,l1,nopc,nob/c,286500,360.0,not_neg,not_int,not_lpsm,428000.0,sb,pr,home,1U,5460.0,CRIF,800,CIB,not_inst,66.93925234,North,direct,31.0,0.03435804694890976
cf,nopre,type1,p3,l1,nopc,nob/c,136500,360.0,not_neg,not_int,not_lpsm,218000.0,sb,pr,home,1U,2820.0,CIB,680,EXP,to_inst,62.6146789,North,direct,41.0,0.059588298201560974
cf,nopre,type1,p3,l1,nopc,nob/c,286500,360.0,not_neg,not_int,not_lpsm,338000.0,sb,pr,home,1U,5280.0,CRIF,728,CIB,to_inst,84.76331361,central,direct,49.0,0.27710843086242676
ncf,pre,type1,p1,l1,nopc,nob/c,406500,360.0,not_neg,not_int,not_lpsm,478000.0,sb,pr,home,1U,3600.0,EXP,568,CIB,not_inst,85.041841,North,direct,49.0,0.06766917556524277
cf,nopre,type1,p3,l1,nopc,nob/c,146500,180.0,not_neg,int_only,not_lpsm,198000.0,sb,pr,home,1U,10260.0,CIB,723,EXP,to_inst,73.98989899,south,direct,44.0,0.06766917556524277
cf,nopre,type1,p3,l1,nopc,nob/c,466500,360.0,not_neg,not_int,not_lpsm,658000.0,sb,pr,home,1U,12180.0,CRIF,746,EXP,not_inst,70.89665653,central,direct,28.0,0.03455149382352829
ncf,nopre,type3,p1,l1,nopc,nob/c,766500,360.0,not_neg,not_int,not_lpsm,898000.0,sb,pr,home,1U,6780.0,CIB,640,EXP,not_inst,85.35634744,North,direct,50.0,0.059588298201560974
cf,nopre,type1,p4,l1,nopc,nob/c,706500,360.0,not_neg,not_int,not_lpsm,908000.0,sb,pr,home,2U,6600.0,CIB,800,CIB,not_inst,77.80837004,North,direct,58.0,0.9869565367698669
ncf,pre,type1,p1,l1,nopc,nob/c,256500,324.0,neg_amm,not_int,not_lpsm,268000.0,sb,pr,home,1U,6000.0,CIB,804,EXP,to_inst,95.70895522,North,direct,37.0,0.03455149382352829
cf,nopre,type1,p3,l1,nopc,nob/c,376500,360.0,not_neg,not_int,not_lpsm,498000.0,sb,pr,home,1U,5580.0,EXP,759,EXP,not_inst,75.60240964,central,direct,38.0,0.04065827652812004
cf,nopre,type1,p4,l1,nopc,nob/c,326500,360.0,not_neg,int_only,not_lpsm,428000.0,sb,pr,home,1U,6540.0,CIB,759,CIB,to_inst,76.28504673,North,direct,25.0,0.10782501846551895
cf,nopre,type1,p4,l1,nopc,nob/c,186500,360.0,not_neg,not_int,not_lpsm,278000.0,sb,pr,home,1U,3480.0,CRIF,713,CIB,to_inst,67.08633094,North,direct,37.0,0.06420404464006424
cf,nopre,type1,p3,l1,nopc,nob/c,336500,360.0,not_neg,not_int,not_lpsm,768000.0,sb,pr,home,1U,4200.0,CRIF,628,EXP,to_inst,43.81510417,south,direct,41.0,0.0861159935593605
,nopre,type1,p4,l1,nopc,nob/c,226500,360.0,not_neg,not_int,not_lpsm,308000.0,sb,pr,home,1U,3900.0,CRIF,557,EXP,not_inst,73.53896104,North,direct,36.0,0.0363101065158844
cf,nopre,type1,p4,l1,nopc,nob/c,106500,360.0,not_neg,not_int,not_lpsm,178000.0,sb,pr,home,1U,4200.0,CRIF,593,CIB,to_inst,59.83146067,North,direct,24.0,0.06420404464006424
cf,nopre,type1,p4,l1,nopc,nob/c,276500,360.0,not_neg,not_int,not_lpsm,318000.0,sb,pr,home,1U,10560.0,CIB,711,EXP,to_inst,86.94968553,south,direct,33.0,0.11089865863323212
cf,nopre,type1,p3,l1,nopc,nob/c,266500,360.0,not_neg,not_int,not_lpsm,568000.0,sb,pr,home,1U,5520.0,CIB,560,CIB,to_inst,46.91901408,North,direct,20.0,0.0861159935593605
cf,nopre,type1,p4,l1,nopc,nob/c,486500,360.0,not_neg,not_int,not_lpsm,978000.0,sb,ir,home,1U,8880.0,CRIF,678,EXP,not_inst,49.74437628,central,direct,30.0,0.059588298201560974
cf,nopre,type1,p3,l1,nopc,nob/c,266500,180.0,not_neg,not_int,not_lpsm,398000.0,sb,pr,home,1U,2580.0,EXP,635,CIB,not_inst,66.95979899,south,direct,59.0,0.8414633870124817
ncf,pre,type1,p4,l1,nopc,nob/c,806500,360.0,not_neg,not_int,not_lpsm,1558000.0,sb,pr,home,1U,15600.0,CIB,552,EXP,to_inst,51.76508344,south,direct,22.0,0.19203747808933258
cf,pre,type1,p3,l1,nopc,nob/c,346500,324.0,not_neg,not_int,not_lpsm,458000.0,sb,pr,home,1U,7740.0,EXP,540,CIB,to_inst,75.65502183,North,direct,38.0,0.06420404464006424
ncf,nopre,type1,p3,l1,nopc,nob/c,556500,360.0,not_neg,not_int,not_lpsm,758000.0,sb,pr,home,1U,8400.0,CIB,777,CIB,to_inst,73.41688654,south,direct,48.0,0.24460431933403015
cf,nopre,type1,p4,l1,nopc,nob/c,586500,360.0,not_neg,not_int,not_lpsm,738000.0,sb,pr,home,1U,19620.0,EXP,736,EXP,not_inst,79.47154472,North,direct,19.0,0.0363101065158844
cf,nopre,type1,p1,l1,nopc,nob/c,226500,360.0,not_neg,not_int,not_lpsm,438000.0,sb,pr,home,1U,24120.0,CIB,619,EXP,to_inst,51.71232877,North,direct,22.0,0.0363101065158844
cf,nopre,type1,p4,l1,nopc,nob/c,306500,360.0,not_neg,not_int,not_lpsm,558000.0,sb,pr,home,1U,6600.0,EXP,833,CIB,to_inst,54.92831541,North,direct,33.0,0.06420404464006424
cf,nopre,type3,p1,l1,nopc,nob/c,176500,360.0,not_neg,int_only,not_lpsm,178000.0,sb,pr,home,1U,2520.0,CIB,524,CIB,to_inst,99.15730337,south,direct,42.0,0.11089865863323212
cf,nopre,type1,p4,l1,nopc,nob/c,306500,360.0,not_neg,int_only,not_lpsm,408000.0,sb,pr,home,1U,4680.0,CRIF,678,CIB,not_inst,75.12254902,North,direct,33.0,0.0363101065158844
cf,nopre,type2,p4,l1,nopc,b/c,206500,360.0,not_neg,not_int,not_lpsm,258000.0,sb,pr,home,1U,1740.0,CRIF,588,EXP,to_inst,80.03875969,North,direct,12.0,0.9869565367698669
cf,nopre,type1,p3,l1,nopc,nob/c,276500,360.0,not_neg,not_int,not_lpsm,828000.0,sb,pr,home,1U,2700.0,CRIF,742,CIB,not_inst,33.39371981,North,direct,44.0,0.0861159935593605
cf,nopre,type3,p1,l1,nopc,nob/c,376500,360.0,not_neg,not_int,not_lpsm,378000.0,sb,pr,home,1U,10080.0,CIB,889,CIB,to_inst,99.6031746,south,direct,32.0,0.11276596039533615
cf,nopre,type1,p3,l1,nopc,nob/c,86500,360.0,not_neg,not_int,not_lpsm,448000.0,sb,sr,home,1U,9120.0,CIB,610,EXP,to_inst,19.30803571,North,direct,20.0,0.05779334530234337
cf,pre,type1,p4,l1,nopc,nob/c,426500,360.0,not_neg,not_int,not_lpsm,808000.0,sb,pr,home,1U,8880.0,EXP,601,EXP,to_inst,52.78465347,North,direct,30.0,0.0363101065158844
cf,nopre,type1,p4,l1,nopc,nob/c,276500,360.0,not_neg,not_int,not_lpsm,318000.0,sb,pr,home,1U,3240.0,EXP,859,CIB,to_inst,86.94968553,south,direct,49.0,0.24460431933403015
cf,pre,type1,p4,l1,nopc,nob/c,136500,240.0,not_neg,not_int,not_lpsm,378000.0,sb,pr,home,1U,5580.0,CIB,651,CIB,to_inst,36.11111111,south,direct,20.0,0.06420404464006424
cf,nopre,type1,p3,l1,nopc,nob/c,286500,360.0,not_neg,not_int,not_lpsm,388000.0,sb,pr,home,1U,6240.0,CIB,570,CIB,to_inst,73.84020619,North,direct,32.0,0.059588298201560974
cf,nopre,type1,p1,l1,nopc,nob/c,426500,360.0,not_neg,not_int,not_lpsm,438000.0,sb,pr,home,1U,9300.0,EXP,740,EXP,not_inst,97.37442922,North,direct,36.0,0.10782501846551895
cf,pre,type1,p4,l1,nopc,nob/c,176500,180.0,not_neg,not_int,not_lpsm,498000.0,sb,ir,home,1U,8460.0,CRIF,591,CIB,to_inst,35.44176707,North,direct,42.0,0.11089865863323212
cf,nopre,type3,p3,l1,nopc,nob/c,336500,360.0,not_neg,not_int,not_lpsm,378000.0,sb,pr,home,1U,11940.0,CIB,575,EXP,to_inst,89.02116402,central,direct,26.0,0.11089865863323212
cf,nopre,type1,p1,l1,nopc,nob/c,426500,360.0,not_neg,int_only,not_lpsm,538000.0,sb,pr,home,1U,6480.0,CRIF,768,CIB,not_inst,79.27509294,south,direct,26.0,0.04065827652812004
cf,nopre,type3,p3,l1,nopc,nob/c,376500,360.0,neg_amm,not_int,not_lpsm,458000.0,sb,pr,home,1U,5700.0,CRIF,539,EXP,to_inst,82.20524017,south,direct,56.0,0.24460431933403015
cf,nopre,type1,p4,l2,nopc,nob/c,596500,240.0,not_neg,not_int,not_lpsm,698000.0,sb,pr,home,1U,9420.0,CRIF,882,CIB,to_inst,85.45845272,south,direct,47.0,0.3913043439388275
cf,nopre,type1,p1,l1,nopc,nob/c,266500,360.0,not_neg,not_int,not_lpsm,558000.0,sb,pr,home,1U,7020.0,CIB,825,EXP,not_inst,47.75985663,south,direct,31.0,0.03435804694890976
cf,nopre,type1,p4,l1,nopc,nob/c,326500,288.0,not_neg,not_int,not_lpsm,558000.0,sb,pr,home,1U,14700.0,CIB,610,EXP,to_inst,58.5125448,North,direct,28.0,0.02772643230855465
cf,nopre,type1,p4,l1,nopc,nob/c,306500,360.0,not_neg,not_int,not_lpsm,908000.0,sb,pr,home,1U,3120.0,CRIF,612,EXP,not_inst,33.75550661,south,direct,48.0,0.1034482792019844
cf,nopre,type1,p4,l1,nopc,nob/c,536500,360.0,not_neg,not_int,not_lpsm,678000.0,sb,pr,home,1U,8220.0,EXP,709,EXP,not_inst,79.12979351,south,direct,45.0,0.03455149382352829
cf,nopre,type1,p4,l1,nopc,nob/c,426500,360.0,not_neg,not_int,not_lpsm,728000.0,sb,pr,home,1U,8400.0,CIB,753,EXP,not_inst,58.58516484,North,direct,42.0,0.02772643230855465
cf,nopre,type3,p3,l1,nopc,nob/c,96500,360.0,not_neg,not_int,not_lpsm,138000.0,sb,pr,home,1U,1440.0,CRIF,522,CIB,to_inst,69.92753623,North,direct,61.0,0.24460431933403015
cf,nopre,type2,p3,l1,nopc,b/c,696500,360.0,not_neg,not_int,not_lpsm,808000.0,sb,pr,home,1U,7320.0,CRIF,763,EXP,to_inst,86.20049505,south,direct,49.0,0.3415384590625763
ncf,nopre,type1,p3,l1,nopc,nob/c,776500,360.0,not_neg,not_int,not_lpsm,1858000.0,sb,pr,home,1U,16740.0,CIB,538,CIB,to_inst,41.79224973,south,direct,25.0,0.24460431933403015
ncf,nopre,type1,p4,l1,nopc,nob/c,676500,360.0,not_neg,not_int,not_lpsm,1408000.0,sb,pr,home,1U,16680.0,CIB,792,CIB,to_inst,48.046875,North,direct,20.0,0.16867469251155853
cf,nopre,type1,p4,l1,nopc,nob/c,296500,180.0,not_neg,not_int,not_lpsm,508000.0,sb,pr,home,1U,7380.0,CIB,725,EXP,to_inst,58.36614173,south,direct,31.0,0.0363101065158844
cf,nopre,type1,p1,l1,nopc,nob/c,276500,360.0,not_neg,not_int,lpsm,378000.0,sb,ir,home,1U,4020.0,CIB,560,CIB,not_inst,73.14814815,North,direct,32.0,0.6186440587043762
cf,nopre,type1,p3,l1,nopc,nob/c,416500,360.0,not_neg,not_int,not_lpsm,3428000.0,sb,pr,home,1U,17580.0,CRIF,862,EXP,not_inst,12.14994166,North,direct,33.0,0.04065827652812004
cf,nopre,type1,p4,l1,nopc,nob/c,306500,180.0,not_neg,not_int,not_lpsm,648000.0,sb,pr,home,1U,22380.0,CRIF,635,CIB,to_inst,47.29938272,North,direct,9.0,0.06420404464006424
cf,nopre,type1,p3,l1,nopc,nob/c,486500,360.0,not_neg,not_int,not_lpsm,718000.0,sb,pr,home,1U,5100.0,EXP,819,CIB,to_inst,67.75766017,south,direct,41.0,0.11089865863323212
cf,nopre,type1,p4,l1,nopc,nob/c,426500,324.0,not_neg,not_int,not_lpsm,538000.0,sb,pr,home,1U,4860.0,CIB,748,CIB,to_inst,79.27509294,south,direct,45.0,0.11089865863323212
cf,nopre,type1,p3,l1,nopc,nob/c,446500,360.0,not_neg,not_int,not_lpsm,588000.0,sb,pr,home,1U,5040.0,CRIF,681,CIB,not_inst,75.93537415,North,direct,38.0,0.04065827652812004
cf,nopre,type1,p4,l1,nopc,nob/c,526500,360.0,not_neg,not_int,not_lpsm,638000.0,sb,pr,home,1U,8400.0,EXP,800,CIB,not_inst,82.52351097,North,direct,32.0,0.03455149382352829
cf,pre,type1,p3,l1,nopc,nob/c,256500,360.0,not_neg,not_int,not_lpsm,568000.0,sb,pr,home,1U,4860.0,CRIF,826,EXP,to_inst,45.1584507,south,direct,42.0,0.06420404464006424
cf,nopre,type1,p3,l1,nopc,nob/c,446500,360.0,not_neg,not_int,not_lpsm,638000.0,sb,ir,home,2U,8820.0,CIB,619,EXP,to_inst,69.98432602,south,direct,43.0,0.11089865863323212
cf,nopre,type1,p3,l1,nopc,nob/c,116500,360.0,not_neg,not_int,not_lpsm,188000.0,sb,pr,home,2U,1680.0,CRIF,514,CIB,to_inst,61.96808511,North,direct,41.0,0.14369073510169983
cf,nopre,type2,p4,l1,nopc,b/c,236500,240.0,not_neg,not_int,not_lpsm,238000.0,sb,pr,home,1U,3300.0,EXP,611,CIB,to_inst,99.3697479,south,direct,50.0,0.6666666865348816
cf,nopre,type1,p1,l1,nopc,nob/c,276500,360.0,not_neg,not_int,not_lpsm,308000.0,sb,pr,home,1U,5940.0,CRIF,623,CIB,to_inst,89.77272727,North,direct,47.0,0.16867469251155853
,nopre,type2,p1,l1,nopc,b/c,86500,280.0,neg_amm,not_int,not_lpsm,98000.0,sb,pr,home,1U,1740.0,EXP,735,CIB,to_inst,88.26530612,North,direct,20.0,0.6666666865348816
,nopre,type2,p3,l1,nopc,b/c,256500,360.0,not_neg,not_int,not_lpsm,298000.0,sb,pr,home,1U,3540.0,CIB,671,CIB,to_inst,86.0738255,south,direct,32.0,0.1839258074760437
cf,pre,type1,p4,l1,nopc,nob/c,206500,180.0,not_neg,not_int,not_lpsm,208000.0,sb,pr,home,1U,4020.0,EXP,576,EXP,to_inst,99.27884615,south,direct,25.0,0.7596899271011353
cf,nopre,type1,p1,l1,nopc,nob/c,266500,360.0,not_neg,not_int,not_lpsm,328000.0,sb,ir,home,1U,4320.0,CRIF,738,EXP,to_inst,81.25,North,direct,38.0,0.19203747808933258
cf,nopre,type1,p3,l1,nopc,nob/c,236500,180.0,not_neg,not_int,not_lpsm,428000.0,sb,pr,home,1U,13140.0,CIB,685,EXP,to_inst,55.25700935,south,direct,28.0,0.03455149382352829
cf,nopre,type2,p3,l1,nopc,b/c,336500,360.0,not_neg,int_only,not_lpsm,748000.0,sb,pr,home,1U,1260.0,CIB,517,CIB,to_inst,44.98663102,south,direct,27.0,0.9899497628211975
cf,nopre,type1,p3,l1,nopc,nob/c,136500,360.0,not_neg,not_int,not_lpsm,358000.0,sb,pr,home,1U,3660.0,CIB,532,EXP,to_inst,38.12849162,North,direct,60.0,0.6186440587043762
cf,nopre,type1,p4,l1,nopc,nob/c,346500,360.0,not_neg,not_int,not_lpsm,508000.0,sb,pr,home,1U,5220.0,CIB,572,CIB,to_inst,68.20866142,North,direct,38.0,0.05779334530234337
cf,pre,type1,p1,l1,nopc,nob/c,316500,180.0,not_neg,not_int,not_lpsm,428000.0,sb,pr,home,1U,4620.0,CIB,574,CIB,to_inst,73.94859813,south,direct,49.0,0.10782501846551895
cf,nopre,type1,p4,l1,nopc,nob/c,216500,180.0,not_neg,not_int,not_lpsm,278000.0,sb,pr,home,1U,3060.0,CRIF,823,EXP,to_inst,77.87769784,south,direct,46.0,0.14369073510169983
cf,nopre,type1,p3,l1,nopc,nob/c,326500,360.0,not_neg,not_int,not_lpsm,438000.0,sb,pr,home,1U,8820.0,CRIF,644,EXP,not_inst,74.543379,south,direct,19.0,0.0363101065158844
cf,nopre,type2,p1,l1,nopc,b/c,146500,360.0,not_neg,not_int,not_lpsm,148000.0,sb,pr,home,1U,3660.0,CIB,874,EXP,to_inst,98.98648649,south,direct,22.0,0.24460431933403015
cf,nopre,type1,p1,l1,nopc,nob/c,296500,360.0,not_neg,not_int,not_lpsm,508000.0,sb,pr,home,1U,9300.0,CIB,723,EXP,not_inst,58.36614173,North,direct,10.0,0.03435804694890976
cf,nopre,type1,p3,l1,nopc,nob/c,276500,360.0,not_neg,not_int,not_lpsm,688000.0,sb,pr,home,1U,6360.0,EXP,751,EXP,to_inst,40.18895349,south,direct,30.0,0.059588298201560974
cf,nopre,type1,p1,l1,nopc,nob/c,116500,360.0,not_neg,not_int,not_lpsm,118000.0,sb,pr,home,1U,1980.0,EXP,592,CIB,to_inst,98.72881356,south,direct,44.0,0.24460431933403015
cf,nopre,type1,p4,l2,nopc,nob/c,366500,360.0,not_neg,not_int,not_lpsm,458000.0,sb,pr,home,1U,6240.0,CRIF,502,CIB,to_inst,80.02183406,North,direct,31.0,0.10782501846551895
cf,nopre,type1,p3,l1,nopc,nob/c,256500,360.0,neg_amm,not_int,not_lpsm,338000.0,sb,ir,home,1U,5460.0,EXP,508,EXP,not_inst,75.88757396,south,direct,42.0,0.19203747808933258
cf,nopre,type1,p1,l1,nopc,nob/c,416500,360.0,not_neg,not_int,lpsm,608000.0,sb,pr,home,1U,12660.0,CIB,521,EXP,to_inst,68.50328947,North,direct,35.0,0.5
cf,nopre,type1,p3,l2,nopc,nob/c,656500,300.0,neg_amm,not_int,not_lpsm,1598000.0,sb,pr,home,1U,9360.0,CIB,839,EXP,not_inst,41.08260325,south,direct,36.0,0.7596899271011353
cf,pre,type1,p4,l1,nopc,nob/c,356500,360.0,not_neg,not_int,not_lpsm,378000.0,sb,pr,home,1U,11460.0,CIB,761,EXP,to_inst,94.31216931,south,direct,35.0,0.19203747808933258
cf,nopre,type1,p4,l1,nopc,nob/c,236500,360.0,not_neg,not_int,not_lpsm,408000.0,sb,ir,home,1U,7860.0,CRIF,633,EXP,not_inst,57.96568627,North,direct,49.0,0.0861159935593605
cf,nopre,type1,p4,l1,nopc,nob/c,536500,360.0,not_neg,not_int,not_lpsm,808000.0,sb,pr,home,1U,6720.0,EXP,507,CIB,not_inst,66.39851485,North,direct,42.0,0.03435804694890976
cf,nopre,type1,p3,l2,nopc,nob/c,316500,240.0,not_neg,not_int,not_lpsm,748000.0,sb,pr,home,1U,5460.0,EXP,609,CIB,to_inst,42.31283422,North,direct,48.0,0.06420404464006424
cf,nopre,type1,p3,l2,nopc,nob/c,446500,300.0,neg_amm,int_only,not_lpsm,818000.0,sb,pr,home,1U,4380.0,CRIF,808,CIB,to_inst,54.58435208,North,direct,49.0,0.9869565367698669
cf,nopre,type3,p3,l1,nopc,nob/c,226500,360.0,not_neg,not_int,not_lpsm,318000.0,sb,pr,home,1U,4200.0,EXP,793,CIB,to_inst,71.22641509,south,direct,26.0,0.10782501846551895
cf,nopre,type1,p3,l1,nopc,nob/c,366500,360.0,not_neg,not_int,not_lpsm,458000.0,sb,pr,home,1U,7680.0,EXP,561,EXP,to_inst,80.02183406,North,direct,42.0,0.059588298201560974
cf,nopre,type1,p4,l1,nopc,nob/c,456500,360.0,neg_amm,not_int,not_lpsm,1008000.0,sb,pr,home,1U,5040.0,CRIF,618,CIB,not_inst,45.28769841,south,direct,50.0,0.7857142686843872
cf,nopre,type1,p3,l1,nopc,nob/c,106500,360.0,not_neg,not_int,not_lpsm,168000.0,sb,pr,home,1U,1500.0,CRIF,507,CIB,to_inst,63.39285714,south,direct,36.0,0.11089865863323212
cf,nopre,type1,p3,l1,nopc,nob/c,136500,180.0,not_neg,not_int,not_lpsm,238000.0,sb,pr,home,1U,4140.0,CRIF,819,CIB,to_inst,57.35294118,North,direct,38.0,0.06766917556524277
cf,pre,type2,p1,l1,nopc,b/c,246500,360.0,not_neg,not_int,not_lpsm,248000.0,sb,pr,home,1U,3720.0,EXP,885,EXP,to_inst,99.39516129,North,direct,40.0,0.06766917556524277
cf,nopre,type3,p3,l1,nopc,nob/c,186500,360.0,not_neg,not_int,not_lpsm,188000.0,sb,pr,home,1U,2280.0,CIB,867,EXP,to_inst,99.20212766,south,direct,49.0,0.11276596039533615
cf,nopre,type1,p4,l1,nopc,nob/c,236500,300.0,not_neg,not_int,not_lpsm,358000.0,sb,pr,home,1U,2520.0,CIB,539,CIB,to_inst,66.06145251,south,direct,44.0,0.11089865863323212
,nopre,type1,p4,l1,nopc,nob/c,326500,360.0,neg_amm,not_int,not_lpsm,378000.0,sb,pr,home,1U,9660.0,CIB,567,CIB,to_inst,86.37566138,south,direct,23.0,0.24460431933403015
cf,nopre,type1,p4,l1,nopc,nob/c,226500,360.0,not_neg,not_int,not_lpsm,258000.0,sb,pr,home,1U,3720.0,CIB,554,EXP,to_inst,87.79069767,North,direct,45.0,0.1839258074760437
cf,pre,type1,p1,l1,nopc,nob/c,406500,360.0,not_neg,not_int,not_lpsm,1768000.0,sb,pr,home,1U,10680.0,CRIF,759,EXP,not_inst,22.99208145,south,direct,38.0,0.02772643230855465
cf,nopre,type2,p3,l1,nopc,b/c,126500,360.0,neg_amm,not_int,not_lpsm,148000.0,sb,pr,home,1U,2040.0,CRIF,548,CIB,to_inst,85.47297297,North,direct,53.0,0.5360383987426758
cf,,type1,p3,l1,nopc,nob/c,166500,240.0,not_neg,not_int,not_lpsm,228000.0,sb,pr,home,1U,5940.0,EXP,525,CIB,to_inst,73.02631579,North,direct,30.0,0.059588298201560974
cf,nopre,type1,p4,l1,nopc,nob/c,566500,324.0,neg_amm,not_int,not_lpsm,818000.0,sb,pr,home,1U,10740.0,CRIF,776,EXP,to_inst,69.25427873,south,direct,36.0,0.11089865863323212
cf,nopre,type1,p4,l1,nopc,nob/c,416500,360.0,not_neg,not_int,not_lpsm,448000.0,sb,pr,home,1U,4620.0,CIB,614,CIB,not_inst,92.96875,North,direct,45.0,0.06420404464006424
ncf,nopre,type1,p1,l1,nopc,nob/c,326500,360.0,not_neg,not_int,not_lpsm,418000.0,sb,pr,home,1U,4500.0,CRIF,521,CIB,to_inst,78.11004785,North,direct,48.0,0.14369073510169983
cf,nopre,type1,p4,l1,nopc,nob/c,336500,360.0,not_neg,not_int,not_lpsm,498000.0,sb,pr,home,1U,960.0,EXP,755,CIB,to_inst,67.57028112,North,direct,13.0,0.9899497628211975
cf,nopre,type1,p3,l1,nopc,nob/c,226500,360.0,neg_amm,not_int,not_lpsm,328000.0,sb,pr,home,1U,5160.0,CIB,721,EXP,to_inst,69.05487805,south,direct,37.0,0.11276596039533615
cf,nopre,type1,p4,l1,nopc,nob/c,566500,360.0,neg_amm,not_int,not_lpsm,948000.0,sb,pr,home,1U,11940.0,EXP,758,CIB,to_inst,59.75738397,central,direct,49.0,0.24460431933403015
cf,nopre,type1,p4,l1,nopc,nob/c,116500,360.0,not_neg,not_int,not_lpsm,148000.0,sb,pr,home,1U,2580.0,EXP,806,EXP,to_inst,78.71621622,south,direct,36.0,0.11276596039533615
cf,nopre,type1,p3,l1,nopc,nob/c,326500,360.0,not_neg,not_int,not_lpsm,588000.0,sb,pr,home,1U,3240.0,CRIF,551,EXP,not_inst,55.52721088,south,direct,41.0,0.059588298201560974
cf,nopre,type1,p4,l1,nopc,nob/c,556500,360.0,not_neg,not_int,not_lpsm,708000.0,sb,pr,home,1U,10680.0,CRIF,654,EXP,not_inst,78.60169492,central,direct,36.0,0.03455149382352829
cf,nopre,type1,p4,l1,nopc,nob/c,256500,360.0,not_neg,not_int,not_lpsm,268000.0,sb,pr,home,1U,4140.0,EXP,767,CIB,to_inst,95.70895522,North,direct,37.0,0.4184100329875946
cf,nopre,type1,p1,l1,nopc,nob/c,186500,240.0,not_neg,not_int,lpsm,238000.0,sb,sr,home,1U,4380.0,CIB,703,CIB,to_inst,78.36134454,North,direct,44.0,0.4883720874786377
cf,nopre,type1,p3,l1,nopc,nob/c,306500,360.0,not_neg,not_int,not_lpsm,498000.0,sb,pr,home,1U,4620.0,CIB,543,CIB,to_inst,61.54618474,central,direct,41.0,0.10782501846551895
cf,nopre,type1,p3,l1,nopc,nob/c,316500,360.0,not_neg,not_int,not_lpsm,458000.0,sb,pr,home,1U,4500.0,CRIF,897,CIB,to_inst,69.10480349,south,direct,34.0,0.059588298201560974
cf,pre,type2,p3,l1,nopc,b/c,116500,180.0,not_neg,not_int,not_lpsm,138000.0,sb,pr,home,1U,6180.0,CRIF,512,EXP,to_inst,84.42028986,south,direct,55.0,0.24460431933403015
cf,nopre,type1,p4,l1,nopc,nob/c,196500,360.0,not_neg,not_int,not_lpsm,308000.0,sb,pr,home,1U,5040.0,CRIF,594,CIB,to_inst,63.7987013,south,direct,26.0,0.0861159935593605
cf,nopre,type2,p3,l1,nopc,b/c,76500,180.0,not_neg,not_int,not_lpsm,108000.0,sb,pr,home,1U,7320.0,CIB,842,CIB,to_inst,70.83333333,south,direct,38.0,0.14369073510169983
cf,nopre,type1,p4,l1,nopc,nob/c,396500,360.0,not_neg,not_int,not_lpsm,458000.0,sb,pr,home,1U,5400.0,EXP,831,EXP,not_inst,86.5720524,North,direct,47.0,0.055727552622556686
cf,nopre,type1,p3,l1,nopc,nob/c,256500,360.0,not_neg,not_int,not_lpsm,438000.0,sb,pr,home,1U,3660.0,EXP,773,CIB,to_inst,58.56164384,North,direct,30.0,0.06420404464006424
cf,nopre,type1,p3,l1,nopc,nob/c,426500,360.0,not_neg,not_int,not_lpsm,508000.0,sb,pr,home,1U,9840.0,EXP,568,CIB,to_inst,83.95669291,south,direct,21.0,0.1839258074760437
ncf,nopre,type1,p4,l1,nopc,nob/c,236500,360.0,not_neg,not_int,not_lpsm,308000.0,sb,pr,home,1U,7260.0,CIB,529,CIB,to_inst,76.78571429,North,direct,37.0,0.0861159935593605
cf,nopre,type1,p4,l1,nopc,nob/c,216500,360.0,not_neg,not_int,not_lpsm,268000.0,sb,pr,home,1U,6300.0,CIB,698,EXP,to_inst,80.78358209,North,direct,41.0,0.05779334530234337
cf,nopre,type1,p1,l1,nopc,nob/c,486500,180.0,not_neg,not_int,not_lpsm,668000.0,sb,pr,home,1U,13200.0,CRIF,838,CIB,to_inst,72.82934132,North,direct,24.0,0.10782501846551895
cf,nopre,type1,p4,l1,nopc,nob/c,126500,144.0,not_neg,not_int,not_lpsm,408000.0,sb,pr,home,1U,6180.0,EXP,534,CIB,to_inst,31.00490196,North,direct,19.0,0.1839258074760437
cf,nopre,type1,p3,l1,nopc,nob/c,166500,216.0,not_neg,not_int,not_lpsm,238000.0,sb,pr,home,1U,4860.0,CRIF,830,EXP,to_inst,69.95798319,south,direct,59.0,0.6666666865348816
cf,nopre,type2,p2,l1,nopc,b/c,56500,360.0,not_neg,not_int,not_lpsm,158000.0,sb,pr,home,1U,2580.0,CIB,709,CIB,to_inst,35.75949367,North-East,direct,39.0,0.27710843086242676
cf,nopre,type1,p4,l1,nopc,nob/c,516500,240.0,neg_amm,int_only,not_lpsm,1228000.0,sb,ir,home,4U,13800.0,CRIF,560,EXP,not_inst,42.06026059,North,direct,39.0,0.0363101065158844
cf,nopre,type1,p4,l1,nopc,nob/c,86500,360.0,not_neg,not_int,not_lpsm,148000.0,sb,pr,home,1U,6120.0,CIB,756,CIB,to_inst,58.44594595,North,direct,28.0,0.059588298201560974
cf,nopre,type2,p4,l1,nopc,b/c,126500,360.0,not_neg,not_int,not_lpsm,268000.0,sb,pr,home,1U,1920.0,CRIF,535,EXP,to_inst,47.20149254,North,direct,36.0,0.3913043439388275
cf,pre,type1,p4,l1,nopc,nob/c,426500,180.0,not_neg,not_int,not_lpsm,578000.0,sb,pr,home,1U,8700.0,CIB,726,EXP,to_inst,73.78892734,south,direct,33.0,0.04065827652812004
cf,nopre,type1,p1,l2,nopc,nob/c,376500,360.0,not_neg,not_int,not_lpsm,398000.0,sb,pr,home,1U,6900.0,CIB,813,CIB,to_inst,94.59798995,south,direct,47.0,0.10782501846551895
cf,pre,type1,p4,l1,nopc,nob/c,266500,360.0,not_neg,not_int,not_lpsm,338000.0,sb,pr,home,1U,2880.0,CIB,537,CIB,to_inst,78.84615385,south,direct,16.0,0.7857142686843872
cf,nopre,type1,p3,l1,nopc,nob/c,256500,360.0,not_neg,not_int,not_lpsm,378000.0,sb,pr,home,1U,5400.0,CIB,776,CIB,to_inst,67.85714286,south,direct,44.0,0.06766917556524277
cf,nopre,type1,p3,l1,nopc,nob/c,266500,360.0,not_neg,not_int,not_lpsm,378000.0,sb,pr,home,1U,4980.0,CIB,657,EXP,to_inst,70.5026455,North,direct,35.0,0.0363101065158844
cf,nopre,type1,p3,l1,nopc,nob/c,276500,360.0,not_neg,not_int,not_lpsm,818000.0,sb,pr,home,1U,6240.0,CIB,520,CIB,to_inst,33.80195599,south,direct,36.0,0.0861159935593605
cf,nopre,type1,p1,l1,nopc,nob/c,256500,360.0,neg_amm,not_int,not_lpsm,268000.0,sb,pr,home,1U,4620.0,EXP,811,CIB,to_inst,95.70895522,North,direct,44.0,0.3415384590625763
cf,nopre,type1,p4,l1,nopc,nob/c,236500,360.0,not_neg,not_int,not_lpsm,338000.0,sb,pr,home,1U,3360.0,CIB,704,CIB,not_inst,69.9704142,North,direct,44.0,0.04065827652812004
cf,nopre,type1,p4,l1,nopc,nob/c,396500,360.0,not_neg,not_int,not_lpsm,578000.0,sb,pr,home,1U,5940.0,EXP,894,CIB,to_inst,68.59861592,North,direct,36.0,0.05779334530234337
cf,nopre,type2,p1,l1,nopc,b/c,616500,360.0,not_neg,not_int,not_lpsm,648000.0,sb,pr,home,1U,10200.0,EXP,769,CIB,not_inst,95.13888889,central,direct,33.0,0.06420404464006424
cf,nopre,type1,p1,l1,nopc,nob/c,626500,360.0,not_neg,not_int,not_lpsm,698000.0,sb,pr,home,1U,9060.0,EXP,587,CIB,not_inst,89.75644699,North,direct,32.0,0.03455149382352829
cf,nopre,type1,p3,l2,nopc,nob/c,346500,360.0,not_neg,not_int,not_lpsm,428000.0,sb,pr,home,1U,8280.0,CIB,695,CIB,to_inst,80.95794393,south,direct,44.0,0.0861159935593605
cf,nopre,type2,p1,l1,nopc,b/c,296500,360.0,not_neg,not_int,not_lpsm,298000.0,sb,pr,home,1U,3720.0,CIB,580,CIB,to_inst,99.4966443,North,direct,61.0,0.1839258074760437
,nopre,type2,p3,l1,nopc,b/c,196500,360.0,neg_amm,not_int,not_lpsm,438000.0,sb,pr,home,1U,1740.0,EXP,543,CIB,to_inst,44.8630137,North,direct,51.0,0.7843137383460999
cf,pre,type1,p1,l1,nopc,nob/c,206500,360.0,not_neg,not_int,not_lpsm,618000.0,sb,pr,home,1U,5520.0,CIB,602,EXP,not_inst,33.41423948,central,direct,30.0,0.03455149382352829
cf,nopre,type1,p1,l1,nopc,nob/c,396500,360.0,not_neg,not_int,not_lpsm,498000.0,sb,pr,home,1U,6120.0,CRIF,545,CIB,not_inst,79.6184739,central,direct,47.0,0.0363101065158844
cf,nopre,type1,p4,l1,nopc,nob/c,686500,360.0,not_neg,not_int,not_lpsm,1158000.0,sb,pr,home,1U,12420.0,CRIF,555,EXP,to_inst,59.28324698,south,direct,43.0,0.06420404464006424
cf,nopre,type2,p3,l1,nopc,b/c,166500,360.0,not_neg,not_int,not_lpsm,188000.0,sb,pr,home,1U,2340.0,CRIF,577,CIB,to_inst,88.56382979,North,direct,31.0,0.4184100329875946
cf,nopre,type2,p3,l1,nopc,b/c,86500,360.0,not_neg,not_int,not_lpsm,98000.0,sb,pr,home,1U,960.0,CIB,880,CIB,to_inst,88.26530612,south,direct,52.0,0.6666666865348816
cf,nopre,type1,p3,l1,nopc,nob/c,336500,360.0,not_neg,not_int,not_lpsm,528000.0,sb,pr,home,1U,7620.0,EXP,722,EXP,to_inst,63.73106061,North,direct,29.0,0.03455149382352829
cf,nopre,type1,p3,l1,nopc,nob/c,96500,180.0,not_neg,not_int,not_lpsm,348000.0,sb,pr,home,1U,3600.0,CIB,583,EXP,to_inst,27.72988506,North,direct,26.0,0.0861159935593605
cf,nopre,type1,p1,l1,nopc,nob/c,426500,360.0,not_neg,not_int,not_lpsm,448000.0,sb,pr,home,1U,11460.0,CIB,731,EXP,not_inst,95.20089286,south,direct,42.0,0.0363101065158844
cf,nopre,type1,p1,l1,nopc,nob/c,136500,360.0,neg_amm,int_only,not_lpsm,138000.0,sb,pr,home,1U,3180.0,CRIF,698,CIB,to_inst,98.91304348,south,direct,47.0,0.16867469251155853
cf,nopre,type1,p3,l1,nopc,nob/c,276500,360.0,not_neg,not_int,not_lpsm,348000.0,sb,pr,home,1U,5640.0,EXP,826,EXP,not_inst,79.45402299,North,direct,44.0,0.0363101065158844
cf,pre,type1,p1,l2,nopc,nob/c,36500,360.0,not_neg,not_int,not_lpsm,48000.0,sb,pr,home,1U,2520.0,CIB,540,CIB,to_inst,76.04166667,south,direct,47.0,0.05779334530234337
cf,nopre,type1,p3,l1,nopc,nob/c,316500,360.0,not_neg,not_int,not_lpsm,478000.0,sb,pr,home,1U,6060.0,EXP,581,EXP,to_inst,66.21338912,south,direct,49.0,0.10782501846551895
cf,nopre,type1,p2,l1,nopc,nob/c,526500,360.0,not_neg,not_int,not_lpsm,738000.0,sb,sr,home,1U,9240.0,EXP,680,EXP,not_inst,71.34146341,south,direct,49.0,0.11089865863323212
ncf,nopre,type1,p3,l1,nopc,nob/c,156500,360.0,not_neg,not_int,not_lpsm,218000.0,sb,pr,home,1U,5160.0,CIB,692,EXP,to_inst,71.78899083,south,direct,28.0,0.06766917556524277
cf,nopre,type1,p3,l1,nopc,nob/c,136500,360.0,not_neg,not_int,not_lpsm,248000.0,sb,pr,home,1U,2520.0,CRIF,699,CIB,to_inst,55.04032258,North,direct,30.0,0.0861159935593605
cf,pre,type1,p1,l1,nopc,nob/c,376500,360.0,not_neg,not_int,not_lpsm,448000.0,sb,pr,home,1U,8400.0,CIB,507,CIB,to_inst,84.04017857,south,direct,35.0,0.04065827652812004
ncf,pre,type2,p1,l1,nopc,b/c,116500,324.0,neg_amm,not_int,not_lpsm,118000.0,sb,pr,home,1U,2700.0,CIB,665,CIB,to_inst,98.72881356,central,direct,61.0,0.0861159935593605
cf,nopre,type1,p4,l1,nopc,nob/c,346500,360.0,not_neg,not_int,not_lpsm,458000.0,sb,pr,home,1U,9780.0,EXP,573,EXP,not_inst,75.65502183,central,direct,49.0,0.05779334530234337
cf,nopre,type1,p2,l1,nopc,nob/c,236500,180.0,neg_amm,not_int,not_lpsm,458000.0,sb,pr,home,1U,12180.0,CIB,758,CIB,to_inst,51.63755459,North,direct,27.0,0.1839258074760437
cf,nopre,type1,p3,l1,nopc,nob/c,576500,360.0,not_neg,int_only,not_lpsm,1068000.0,sb,pr,home,1U,4740.0,EXP,877,EXP,to_inst,53.97940075,North,direct,53.0,0.7843137383460999
ncf,nopre,type1,p3,l1,nopc,nob/c,966500,180.0,not_neg,not_int,not_lpsm,1678000.0,sb,pr,home,1U,24180.0,CRIF,677,EXP,to_inst,57.59833135,south,direct,36.0,0.14369073510169983
cf,pre,type1,p1,l1,nopc,nob/c,216500,360.0,not_neg,int_only,not_lpsm,228000.0,sb,pr,home,1U,1740.0,CRIF,575,CIB,to_inst,94.95614035,south,direct,48.0,0.14369073510169983
cf,nopre,type1,p4,l1,nopc,nob/c,126500,180.0,not_neg,not_int,not_lpsm,178000.0,sb,pr,home,1U,4200.0,CRIF,663,CIB,to_inst,71.06741573,south,direct,25.0,0.11089865863323212
cf,nopre,type1,p3,l1,nopc,nob/c,126500,360.0,not_neg,not_int,not_lpsm,208000.0,sb,pr,home,1U,3180.0,CIB,797,EXP,to_inst,60.81730769,south,direct,41.0,0.0861159935593605
cf,nopre,type1,p3,l1,nopc,nob/c,396500,360.0,not_neg,not_int,not_lpsm,1208000.0,sb,pr,home,1U,3900.0,CRIF,571,CIB,not_inst,32.82284768,North,direct,49.0,0.14369073510169983
cf,nopre,type1,p3,l1,nopc,nob/c,306500,360.0,not_neg,not_int,not_lpsm,418000.0,sb,pr,home,1U,3060.0,EXP,564,CIB,to_inst,73.32535885,North,direct,48.0,0.11089865863323212
cf,nopre,type2,p3,l1,nopc,b/c,196500,360.0,not_neg,not_int,not_lpsm,248000.0,sb,pr,home,1U,0.0,CRIF,847,CIB,to_inst,79.23387097,North,direct,16.0,0.9899497628211975
cf,pre,type1,p1,l1,nopc,nob/c,326500,360.0,neg_amm,not_int,not_lpsm,368000.0,sb,sr,home,1U,9780.0,CRIF,561,EXP,to_inst,88.72282609,south,direct,45.0,0.03455149382352829
cf,pre,type1,p3,l1,nopc,nob/c,256500,360.0,not_neg,not_int,not_lpsm,378000.0,sb,ir,home,1U,6000.0,EXP,737,EXP,not_inst,67.85714286,North,direct,44.0,0.05779334530234337
cf,pre,type1,p3,l1,nopc,nob/c,356500,360.0,not_neg,not_int,not_lpsm,518000.0,sb,ir,home,3U,,EXP,633,CIB,not_inst,68.82239382,North,direct,31.0,0.11089865863323212
cf,nopre,type1,p4,l1,nopc,nob/c,546500,360.0,not_neg,not_int,not_lpsm,758000.0,sb,pr,home,1U,19080.0,CRIF,564,EXP,not_inst,72.09762533,North,direct,31.0,0.02139037474989891
cf,nopre,type1,p3,l1,nopc,nob/c,306500,360.0,neg_amm,not_int,not_lpsm,388000.0,sb,pr,home,1U,7500.0,CRIF,514,EXP,to_inst,78.99484536,south,direct,43.0,0.1839258074760437
cf,nopre,type1,p4,l1,nopc,nob/c,266500,360.0,not_neg,not_int,not_lpsm,328000.0,sb,pr,home,1U,7560.0,CRIF,598,EXP,to_inst,81.25,south,direct,25.0,0.10782501846551895
cf,nopre,type1,p4,l1,nopc,nob/c,396500,324.0,not_neg,not_int,not_lpsm,458000.0,sb,pr,home,1U,8640.0,CRIF,766,CIB,to_inst,86.5720524,North,direct,46.0,0.14369073510169983
cf,nopre,type1,p3,l2,nopc,nob/c,376500,360.0,not_neg,not_int,not_lpsm,548000.0,sb,pr,home,1U,11400.0,CIB,542,EXP,not_inst,68.70437956,North,direct,28.0,0.02139037474989891
cf,nopre,type1,p3,l1,nopc,nob/c,306500,180.0,not_neg,not_int,not_lpsm,638000.0,sb,pr,home,1U,7020.0,CIB,616,CIB,to_inst,48.04075235,south,direct,46.0,0.11089865863323212
cf,nopre,type1,p3,l1,nopc,nob/c,96500,360.0,not_neg,not_int,not_lpsm,168000.0,sb,pr,home,1U,1560.0,CRIF,665,CIB,to_inst,57.44047619,North,direct,31.0,0.11089865863323212
cf,nopre,type1,p1,l1,nopc,nob/c,346500,360.0,not_neg,not_int,not_lpsm,428000.0,sb,pr,home,1U,9600.0,CRIF,603,CIB,to_inst,80.95794393,North,direct,26.0,0.06420404464006424
ncf,nopre,type1,p4,l1,nopc,nob/c,146500,180.0,not_neg,not_int,not_lpsm,198000.0,sb,pr,home,1U,5640.0,CRIF,761,EXP,to_inst,73.98989899,North,direct,35.0,0.0861159935593605
cf,pre,type1,p3,l1,nopc,nob/c,156500,360.0,not_neg,not_int,not_lpsm,198000.0,sb,pr,home,1U,7980.0,CIB,747,CIB,to_inst,79.04040404,south,direct,19.0,0.0861159935593605
cf,nopre,type1,p3,l2,nopc,nob/c,706500,360.0,not_neg,not_int,not_lpsm,1168000.0,sb,pr,home,1U,10920.0,EXP,539,EXP,not_inst,60.4880137,south,direct,38.0,0.02772643230855465
cf,nopre,type3,p1,l1,nopc,nob/c,526500,360.0,not_neg,not_int,not_lpsm,518000.0,sb,pr,home,1U,9540.0,CIB,519,EXP,not_inst,101.6409266,central,direct,56.0,0.0861159935593605
cf,nopre,type1,p3,l1,nopc,nob/c,296500,360.0,not_neg,not_int,not_lpsm,408000.0,sb,pr,home,1U,4740.0,CRIF,570,CIB,not_inst,72.67156863,North,direct,37.0,0.0363101065158844
cf,nopre,type1,p3,l1,nopc,nob/c,256500,360.0,not_neg,not_int,not_lpsm,348000.0,sb,pr,home,1U,3960.0,EXP,727,EXP,to_inst,73.70689655,North,direct,40.0,0.06420404464006424
cf,nopre,type2,p3,l1,nopc,b/c,246500,360.0,not_neg,not_int,not_lpsm,298000.0,sb,pr,home,1U,8580.0,CRIF,614,EXP,to_inst,82.71812081,central,direct,31.0,0.11276596039533615
cf,nopre,type2,p1,l1,nopc,b/c,246500,360.0,not_neg,not_int,not_lpsm,258000.0,sb,pr,home,1U,3720.0,CIB,548,EXP,to_inst,95.54263566,North,direct,42.0,0.1839258074760437
cf,nopre,type1,p1,l1,nopc,nob/c,256500,360.0,not_neg,not_int,not_lpsm,328000.0,sb,pr,home,1U,9000.0,CRIF,553,CIB,not_inst,78.20121951,North,direct,30.0,0.03435804694890976
cf,nopre,type3,p3,l1,nopc,nob/c,306500,360.0,not_neg,not_int,not_lpsm,428000.0,sb,pr,home,1U,3240.0,CRIF,839,CIB,to_inst,71.61214953,North,direct,48.0,0.11089865863323212
cf,nopre,type1,p4,l1,nopc,nob/c,166500,360.0,neg_amm,int_only,not_lpsm,458000.0,sb,pr,home,1U,5100.0,CIB,718,EXP,to_inst,36.35371179,south,direct,10.0,0.14369073510169983
cf,nopre,type3,p3,l1,nopc,nob/c,416500,360.0,not_neg,not_int,not_lpsm,448000.0,sb,pr,home,1U,9960.0,EXP,634,CIB,to_inst,92.96875,North,direct,26.0,0.14369073510169983
cf,pre,type2,p1,l1,nopc,b/c,206500,360.0,not_neg,not_int,not_lpsm,218000.0,sb,pr,home,1U,3000.0,CIB,672,CIB,not_inst,94.72477064,North,direct,44.0,0.10782501846551895
cf,nopre,type1,p4,l1,nopc,nob/c,116500,360.0,neg_amm,not_int,not_lpsm,128000.0,sb,pr,home,1U,1680.0,CRIF,888,CIB,to_inst,91.015625,south,direct,43.0,0.6666666865348816
cf,nopre,type1,p4,l1,nopc,nob/c,336500,180.0,not_neg,not_int,not_lpsm,328000.0,sb,pr,home,1U,10020.0,CIB,895,CIB,to_inst,102.5914634,south,direct,39.0,0.9899497628211975
cf,nopre,type1,p3,l1,nopc,nob/c,466500,360.0,not_neg,not_int,not_lpsm,828000.0,sb,pr,home,1U,5760.0,EXP,821,CIB,not_inst,56.34057971,North,direct,9.0,0.5465116500854492
cf,nopre,type2,p4,l1,nopc,b/c,206500,360.0,not_neg,not_int,not_lpsm,208000.0,sb,pr,home,1U,3180.0,CIB,564,CIB,to_inst,99.27884615,south,direct,49.0,0.6666666865348816
cf,nopre,type1,p4,l1,nopc,nob/c,226500,360.0,neg_amm,not_int,not_lpsm,408000.0,sb,pr,home,1U,2520.0,CRIF,668,CIB,to_inst,55.51470588,North,direct,49.0,0.3415384590625763
cf,nopre,type1,p4,l1,nopc,nob/c,176500,360.0,not_neg,not_int,not_lpsm,398000.0,sb,pr,home,1U,5280.0,CRIF,742,CIB,to_inst,44.34673367,North,direct,29.0,0.0861159935593605
cf,nopre,type1,p3,l1,nopc,nob/c,256500,360.0,neg_amm,not_int,not_lpsm,398000.0,sb,pr,home,1U,3300.0,CIB,882,CIB,to_inst,64.44723618,south,direct,38.0,0.24460431933403015
cf,nopre,type1,p4,l1,nopc,nob/c,546500,360.0,not_neg,not_int,not_lpsm,708000.0,sb,pr,home,1U,6840.0,CIB,862,EXP,not_inst,77.18926554,North,direct,37.0,0.03455149382352829
cf,pre,type1,p1,l2,nopc,nob/c,326500,360.0,not_neg,not_int,not_lpsm,338000.0,sb,pr,home,1U,3840.0,CIB,611,CIB,to_inst,96.59763314,North,direct,47.0,0.03455149382352829
cf,nopre,type1,p3,l1,nopc,nob/c,236500,360.0,not_neg,not_int,not_lpsm,408000.0,sb,pr,home,1U,4980.0,CRIF,732,CIB,to_inst,57.96568627,North,direct,32.0,0.06420404464006424
cf,nopre,type1,p1,l1,nopc,nob/c,206500,180.0,not_neg,not_int,not_lpsm,758000.0,sb,pr,home,1U,5580.0,CIB,819,CIB,not_inst,27.24274406,North,direct,35.0,0.04065827652812004
cf,nopre,type1,p3,l1,nopc,nob/c,226500,360.0,not_neg,not_int,not_lpsm,298000.0,sb,pr,home,1U,7020.0,CIB,815,CIB,to_inst,76.00671141,North,direct,8.0,0.10782501846551895
cf,nopre,type1,p2,l1,nopc,nob/c,136500,360.0,neg_amm,not_int,not_lpsm,318000.0,sb,ir,home,1U,15120.0,CIB,541,EXP,to_inst,42.9245283,south,direct,39.0,0.14369073510169983
cf,nopre,type1,p3,l1,nopc,nob/c,156500,360.0,neg_amm,not_int,not_lpsm,218000.0,sb,pr,home,1U,2220.0,EXP,610,CIB,to_inst,71.78899083,North,direct,39.0,0.19203747808933258
cf,nopre,type2,p1,l1,nopc,b/c,506500,360.0,not_neg,not_int,not_lpsm,518000.0,sb,pr,home,1U,7440.0,CIB,514,EXP,not_inst,97.77992278,south,direct,43.0,0.06420404464006424
cf,nopre,type1,p3,l1,nopc,nob/c,196500,240.0,not_neg,not_int,not_lpsm,408000.0,sb,pr,home,1U,3540.0,EXP,855,EXP,to_inst,48.16176471,south,direct,37.0,0.06420404464006424
cf,nopre,type1,p1,l1,nopc,nob/c,406500,180.0,neg_amm,not_int,not_lpsm,448000.0,sb,pr,home,1U,6300.0,CIB,892,CIB,not_inst,90.73660714,North,direct,45.0,0.14369073510169983
cf,nopre,type1,p1,l1,nopc,nob/c,516500,360.0,not_neg,not_int,not_lpsm,688000.0,sb,sr,home,1U,20460.0,CIB,845,EXP,not_inst,75.07267442,south,direct,39.0,0.04065827652812004
cf,nopre,type1,p4,l1,nopc,nob/c,196500,360.0,neg_amm,not_int,not_lpsm,198000.0,sb,pr,home,1U,2760.0,CIB,688,CIB,to_inst,99.24242424,North,direct,36.0,0.7845013737678528
cf,nopre,type1,p3,l1,nopc,nob/c,466500,180.0,not_neg,not_int,not_lpsm,698000.0,sb,pr,home,1U,11460.0,CRIF,807,CIB,not_inst,66.83381089,North,direct,37.0,0.03455149382352829
cf,nopre,type1,p4,l1,nopc,nob/c,216500,360.0,not_neg,not_int,not_lpsm,268000.0,sb,pr,home,1U,6420.0,CRIF,753,CIB,to_inst,80.78358209,North,direct,42.0,0.10782501846551895
cf,nopre,type1,p3,l2,nopc,nob/c,256500,360.0,not_neg,not_int,not_lpsm,328000.0,sb,pr,home,1U,5940.0,CIB,842,CIB,to_inst,78.20121951,North-East,direct,32.0,0.059588298201560974
cf,nopre,type1,p1,l1,nopc,nob/c,126500,360.0,not_neg,not_int,not_lpsm,128000.0,sb,pr,home,1U,2280.0,CIB,702,CIB,not_inst,98.828125,North,direct,38.0,0.11089865863323212
cf,nopre,type1,p4,l1,nopc,nob/c,406500,324.0,not_neg,not_int,not_lpsm,698000.0,sb,pr,home,1U,5760.0,CIB,894,CIB,not_inst,58.23782235,south,direct,43.0,0.03455149382352829
cf,nopre,type1,p1,l1,nopc,nob/c,686500,360.0,not_neg,not_int,not_lpsm,1108000.0,sb,ir,home,1U,15720.0,CIB,777,EXP,not_inst,61.95848375,south,direct,31.0,0.0363101065158844
cf,nopre,type1,p3,l1,nopc,nob/c,536500,360.0,not_neg,not_int,not_lpsm,738000.0,sb,pr,home,1U,16380.0,CRIF,575,EXP,to_inst,72.69647696,south,direct,41.0,0.06420404464006424
ncf,nopre,type2,p1,l1,nopc,b/c,276500,360.0,not_neg,not_int,not_lpsm,278000.0,sb,pr,home,1U,5280.0,EXP,658,EXP,not_inst,99.46043165,North,direct,39.0,0.10782501846551895
cf,pre,type1,p4,l1,nopc,nob/c,226500,360.0,not_neg,not_int,not_lpsm,378000.0,sb,ir,home,1U,6120.0,EXP,842,EXP,not_inst,59.92063492,North,direct,38.0,0.05779334530234337
cf,nopre,type1,p1,l1,nopc,nob/c,596500,360.0,not_neg,not_int,not_lpsm,748000.0,sb,pr,home,1U,14940.0,CIB,514,EXP,to_inst,79.7459893,south,direct,43.0,0.06420404464006424
cf,nopre,type1,p3,l1,nopc,nob/c,176500,360.0,not_neg,not_int,lpsm,298000.0,sb,pr,home,1U,8400.0,EXP,635,CIB,to_inst,59.22818792,North,direct,26.0,0.4883720874786377
cf,nopre,type1,p4,l1,nopc,nob/c,476500,360.0,neg_amm,not_int,not_lpsm,698000.0,sb,pr,home,1U,6900.0,CRIF,678,EXP,to_inst,68.26647564,North,direct,47.0,0.17307692766189575
cf,nopre,type1,p4,l1,nopc,nob/c,266500,360.0,not_neg,not_int,not_lpsm,458000.0,sb,pr,home,1U,3420.0,EXP,689,CIB,to_inst,58.18777293,North,direct,43.0,0.0861159935593605
cf,pre,type2,p1,l1,nopc,b/c,146500,360.0,not_neg,not_int,not_lpsm,148000.0,sb,pr,home,1U,2220.0,EXP,706,CIB,to_inst,98.98648649,North,direct,53.0,0.11089865863323212
cf,pre,type3,p1,l1,nopc,nob/c,76500,360.0,not_neg,not_int,not_lpsm,78000.0,sb,pr,home,1U,2580.0,CIB,668,CIB,to_inst,98.07692308,North,direct,12.0,0.24460431933403015
cf,nopre,type2,p1,l2,nopc,b/c,266500,360.0,not_neg,not_int,not_lpsm,278000.0,sb,pr,home,1U,4560.0,CRIF,585,EXP,not_inst,95.86330935,central,direct,40.0,0.04065827652812004
cf,nopre,type1,p1,l1,nopc,nob/c,436500,360.0,not_neg,not_int,not_lpsm,488000.0,sb,pr,home,1U,8340.0,CRIF,670,CIB,not_inst,89.44672131,south,direct,40.0,0.03455149382352829
cf,pre,type1,p4,l1,nopc,nob/c,276500,360.0,not_neg,not_int,not_lpsm,298000.0,sb,pr,home,1U,6120.0,CRIF,502,CIB,to_inst,92.7852349,North,direct,47.0,0.24460431933403015
cf,nopre,type1,p4,l1,nopc,nob/c,726500,360.0,not_neg,int_only,not_lpsm,1308000.0,sb,pr,home,1U,16800.0,EXP,638,EXP,not_inst,55.54281346,south,direct,35.0,0.0363101065158844
cf,nopre,type1,p4,l1,nopc,nob/c,226500,240.0,not_neg,int_only,not_lpsm,328000.0,sb,pr,home,1U,3420.0,CRIF,623,EXP,to_inst,69.05487805,south,direct,47.0,0.11276596039533615
cf,nopre,type2,p1,l1,nopc,b/c,456500,360.0,not_neg,not_int,lpsm,458000.0,sb,pr,home,1U,5700.0,CIB,863,EXP,not_inst,99.67248908,North,direct,49.0,0.7596899271011353
cf,nopre,type1,p1,l1,nopc,nob/c,126500,360.0,not_neg,not_int,not_lpsm,138000.0,sb,pr,home,1U,2880.0,CRIF,578,CIB,not_inst,91.66666667,south,direct,48.0,0.0861159935593605
cf,nopre,type1,p1,l1,nopc,nob/c,86500,360.0,neg_amm,not_int,not_lpsm,138000.0,sb,pr,home,1U,1380.0,CRIF,801,CIB,to_inst,62.68115942,North,direct,57.0,0.7596899271011353
cf,nopre,type1,p3,l1,nopc,nob/c,486500,360.0,not_neg,not_int,not_lpsm,778000.0,sb,pr,home,1U,8820.0,EXP,700,EXP,to_inst,62.53213368,south,direct,32.0,0.04065827652812004
cf,nopre,type2,p3,l1,nopc,b/c,226500,360.0,neg_amm,not_int,not_lpsm,268000.0,sb,pr,home,1U,3180.0,EXP,603,CIB,to_inst,84.51492537,south,direct,52.0,0.4883720874786377
cf,pre,type1,p4,l1,nopc,nob/c,406500,360.0,not_neg,not_int,not_lpsm,518000.0,sb,pr,home,1U,6600.0,CIB,652,EXP,not_inst,78.47490347,North,direct,30.0,0.02772643230855465
cf,nopre,type1,p4,l1,nopc,nob/c,156500,180.0,not_neg,not_int,not_lpsm,258000.0,sb,ir,home,1U,4740.0,EXP,817,CIB,to_inst,60.65891473,North,direct,37.0,0.14369073510169983
ncf,nopre,type3,p3,l1,nopc,nob/c,216500,360.0,not_neg,not_int,not_lpsm,218000.0,sb,pr,home,1U,6000.0,EXP,636,EXP,to_inst,99.31192661,south,direct,55.0,0.10782501846551895
cf,nopre,type1,p3,l1,nopc,nob/c,226500,360.0,not_neg,not_int,not_lpsm,318000.0,sb,pr,home,1U,4980.0,EXP,766,CIB,not_inst,71.22641509,south,direct,38.0,0.03455149382352829
cf,nopre,type1,p2,l1,nopc,nob/c,286500,360.0,not_neg,not_int,not_lpsm,338000.0,sb,pr,home,1U,4260.0,CIB,575,CIB,to_inst,84.76331361,North-East,direct,45.0,0.27710843086242676
cf,nopre,type1,p3,l1,nopc,nob/c,136500,192.0,not_neg,not_int,not_lpsm,278000.0,sb,pr,home,1U,3480.0,CRIF,854,CIB,to_inst,49.10071942,North,direct,36.0,0.06420404464006424
cf,nopre,type1,p1,l1,nopc,nob/c,596500,360.0,not_neg,not_int,not_lpsm,638000.0,sb,pr,home,1U,7260.0,CRIF,576,CIB,not_inst,93.49529781,south,direct,40.0,0.0363101065158844
cf,nopre,type1,p3,l1,nopc,nob/c,466500,360.0,not_neg,not_int,not_lpsm,908000.0,sb,pr,home,1U,5340.0,CIB,628,EXP,to_inst,51.37665198,North,direct,54.0,0.6666666865348816
cf,pre,type1,p3,l1,nopc,nob/c,156500,360.0,not_neg,not_int,not_lpsm,428000.0,sb,pr,home,1U,2640.0,CRIF,750,CIB,to_inst,36.56542056,south,direct,28.0,0.14369073510169983
cf,nopre,type1,p4,l1,nopc,nob/c,316500,360.0,not_neg,not_int,not_lpsm,618000.0,sb,ir,home,1U,2820.0,CRIF,827,EXP,not_inst,51.21359223,south,direct,36.0,0.11089865863323212
cf,pre,type1,p1,l1,nopc,nob/c,676500,360.0,not_neg,not_int,not_lpsm,728000.0,sb,pr,home,1U,10140.0,EXP,561,EXP,not_inst,92.92582418,North,direct,37.0,0.02772643230855465
ncf,nopre,type3,p3,l1,nopc,nob/c,216500,360.0,not_neg,not_int,not_lpsm,258000.0,sb,pr,home,1U,5580.0,CIB,564,CIB,to_inst,83.91472868,central,direct,20.0,0.14369073510169983
cf,nopre,type2,p1,l1,nopc,b/c,216500,360.0,not_neg,not_int,lpsm,218000.0,sb,pr,home,1U,2220.0,EXP,714,CIB,not_inst,99.31192661,North,direct,58.0,0.6666666865348816
cf,nopre,type1,p4,l1,nopc,nob/c,176500,240.0,not_neg,not_int,not_lpsm,258000.0,sb,pr,home,1U,3840.0,CRIF,677,CIB,to_inst,68.41085271,south,direct,37.0,0.059588298201560974
cf,nopre,type1,p1,l1,nopc,nob/c,306500,360.0,neg_amm,not_int,not_lpsm,308000.0,sb,pr,home,1U,8040.0,CIB,567,EXP,not_inst,99.51298701,south,direct,39.0,0.3415384590625763
ncf,pre,type1,p1,l1,nopc,nob/c,66500,324.0,neg_amm,not_int,not_lpsm,78000.0,sb,pr,home,1U,2220.0,EXP,552,CIB,to_inst,85.25641026,central,direct,45.0,0.06420404464006424
cf,pre,type1,p3,l1,nopc,nob/c,176500,360.0,not_neg,not_int,not_lpsm,258000.0,sb,pr,home,1U,4260.0,CIB,745,CIB,to_inst,68.41085271,North,direct,39.0,0.06420404464006424
ncf,nopre,type2,p3,l1,nopc,b/c,66500,360.0,not_neg,not_int,not_lpsm,88000.0,sb,pr,home,1U,1560.0,CIB,808,CIB,to_inst,75.56818182,south,direct,61.0,0.3913043439388275
cf,nopre,type1,p4,l1,nopc,nob/c,256500,360.0,not_neg,not_int,not_lpsm,288000.0,sb,pr,home,1U,5580.0,CRIF,515,CIB,to_inst,89.0625,south,direct,31.0,0.23026315867900848
cf,nopre,type1,p4,l1,nopc,nob/c,246500,360.0,not_neg,not_int,not_lpsm,548000.0,sb,pr,home,1U,3540.0,EXP,656,CIB,to_inst,44.98175182,south,direct,38.0,0.10782501846551895
cf,pre,type1,p4,l1,nopc,nob/c,386500,360.0,neg_amm,not_int,not_lpsm,1008000.0,sb,pr,home,1U,11160.0,CRIF,589,CIB,to_inst,38.34325397,North,direct,14.0,0.14369073510169983
cf,nopre,type1,p1,l2,nopc,nob/c,246500,360.0,not_neg,not_int,not_lpsm,268000.0,sb,pr,home,1U,5580.0,CRIF,736,EXP,to_inst,91.97761194,south,direct,43.0,0.06420404464006424
cf,nopre,type1,p4,l2,nopc,nob/c,76500,180.0,not_neg,not_int,not_lpsm,228000.0,sb,pr,home,1U,8880.0,EXP,892,EXP,to_inst,33.55263158,south,direct,30.0,0.11089865863323212
cf,nopre,type1,p3,l1,nopc,nob/c,516500,360.0,not_neg,not_int,not_lpsm,698000.0,sb,pr,home,1U,8880.0,CRIF,520,EXP,to_inst,73.99713467,south,direct,39.0,0.06420404464006424
cf,nopre,type3,p3,l1,nopc,nob/c,326500,360.0,not_neg,not_int,not_lpsm,318000.0,sb,pr,home,1U,7200.0,CRIF,738,EXP,to_inst,102.672956,North,direct,41.0,0.24460431933403015
cf,nopre,type1,p3,l1,nopc,nob/c,316500,360.0,not_neg,not_int,not_lpsm,448000.0,sb,pr,home,1U,4500.0,EXP,634,EXP,to_inst,70.64732143,central,direct,42.0,0.0861159935593605
cf,nopre,type1,p3,l1,nopc,nob/c,486500,360.0,not_neg,not_int,not_lpsm,1018000.0,sb,pr,home,1U,6720.0,CIB,608,CIB,to_inst,47.78978389,North-East,direct,46.0,0.14369073510169983
cf,nopre,type2,p3,l1,nopc,b/c,186500,360.0,not_neg,not_int,not_lpsm,238000.0,sb,pr,home,1U,5280.0,CRIF,729,CIB,to_inst,78.36134454,North,direct,42.0,0.11089865863323212
cf,nopre,type1,p4,l1,nopc,nob/c,466500,360.0,not_neg,not_int,not_lpsm,568000.0,sb,pr,home,1U,6360.0,CIB,771,CIB,not_inst,82.13028169,south,direct,40.0,0.0363101065158844
cf,pre,type1,p3,l1,nopc,nob/c,446500,180.0,not_neg,not_int,not_lpsm,838000.0,sb,ir,home,1U,7800.0,CRIF,719,CIB,to_inst,53.28162291,central,direct,45.0,0.1839258074760437
cf,nopre,type1,p3,l1,nopc,nob/c,166500,360.0,neg_amm,not_int,not_lpsm,268000.0,sb,pr,home,1U,3840.0,CRIF,775,EXP,to_inst,62.12686567,North,direct,43.0,0.14369073510169983
cf,nopre,type1,p4,l1,nopc,nob/c,226500,324.0,not_neg,not_int,not_lpsm,328000.0,sb,pr,home,1U,7980.0,EXP,830,EXP,to_inst,69.05487805,North,direct,20.0,0.03455149382352829
ncf,nopre,type1,p1,l1,nopc,nob/c,76500,360.0,not_neg,not_int,not_lpsm,118000.0,sb,pr,home,1U,5640.0,EXP,702,EXP,to_inst,64.83050847,North,direct,45.0,0.11276596039533615
cf,nopre,type1,p4,l1,nopc,nob/c,126500,180.0,not_neg,not_int,not_lpsm,198000.0,sb,pr,home,1U,2880.0,CIB,831,CIB,to_inst,63.88888889,North-East,direct,45.0,0.14369073510169983
cf,nopre,type1,p1,l1,nopc,nob/c,376500,360.0,not_neg,not_int,not_lpsm,518000.0,sb,pr,home,1U,4320.0,CIB,880,EXP,to_inst,72.68339768,south,direct,8.0,0.6666666865348816
cf,nopre,type2,p2,l1,nopc,b/c,56500,360.0,not_neg,not_int,not_lpsm,258000.0,sb,pr,home,1U,1320.0,CRIF,648,CIB,to_inst,21.89922481,south,direct,60.0,0.4184100329875946
cf,pre,type1,p1,l1,nopc,nob/c,376500,180.0,not_neg,not_int,not_lpsm,788000.0,sb,pr,home,1U,10860.0,CRIF,660,EXP,to_inst,47.77918782,North,direct,20.0,0.0363101065158844
cf,nopre,type1,p1,l1,nopc,nob/c,646500,360.0,not_neg,not_int,not_lpsm,728000.0,sb,pr,home,1U,13980.0,CRIF,525,CIB,not_inst,88.80494505,North,direct,23.0,0.0363101065158844
cf,pre,type1,p4,l1,nopc,nob/c,216500,360.0,not_neg,not_int,not_lpsm,428000.0,sb,pr,home,1U,8400.0,EXP,777,CIB,not_inst,50.58411215,south,direct,45.0,0.0363101065158844
cf,pre,type1,p1,l1,nopc,nob/c,346500,360.0,not_neg,not_int,not_lpsm,408000.0,sb,pr,home,1U,6180.0,CIB,865,EXP,to_inst,84.92647059,south,direct,41.0,0.055727552622556686
