ID,year,loan_limit,Gender,approv_in_adv,loan_type,loan_purpose,Credit_Worthiness,open_credit,business_or_commercial,loan_amount,rate_of_interest,Interest_rate_spread,Upfront_charges,term,Neg_ammortization,interest_only,lump_sum_payment,property_value,construction_type,occupancy_type,Secured_by,total_units,income,credit_type,Credit_Score,co-applicant_credit_type,age,submission_of_application,LTV,Region,Security_Type,Status,dtir1
113822,2019,,Joint,nopre,type1,p3,l1,nopc,nob/c,226500,,,,360.0,neg_amm,not_int,not_lpsm,348000.0,sb,pr,home,1U,0.0,EXP,850,EXP,45-54,to_inst,65.0862069,North,direct,1,17.0
150527,2019,cf,Sex Not Available,nopre,type2,p3,l1,nopc,b/c,326500,,,,360.0,not_neg,not_int,not_lpsm,348000.0,sb,pr,home,1U,14760.0,EXP,836,CIB,35-44,to_inst,93.82183908,south,direct,1,36.0
49832,2019,cf,Joint,nopre,type1,p3,l1,nopc,nob/c,216500,,,,360.0,not_neg,not_int,not_lpsm,388000.0,sb,pr,home,1U,2700.0,EXP,588,EXP,45-54,to_inst,55.79896907,south,direct,1,54.0
75817,2019,cf,Female,nopre,type1,p4,l1,nopc,nob/c,226500,3.75,0.6195,1528.85,180.0,not_neg,not_int,not_lpsm,288000.0,sb,pr,home,1U,4260.0,CIB,581,CIB,65-74,to_inst,78.64583333,south,direct,0,41.0
101043,2019,cf,Joint,nopre,type1,p1,l2,nopc,nob/c,406500,4.5,1.0402,0.0,240.0,not_neg,not_int,not_lpsm,428000.0,sb,pr,home,1U,6900.0,EXP,759,EXP,45-54,not_inst,94.97663551,North,direct,0,49.0
164446,2019,cf,Female,nopre,type1,p4,l1,nopc,nob/c,676500,4.25,-0.246,0.0,360.0,not_neg,not_int,not_lpsm,898000.0,sb,pr,home,1U,7020.0,CRIF,682,CIB,25-34,not_inst,75.33407572,south,direct,0,47.0
136092,2019,cf,Female,nopre,type1,p2,l1,nopc,nob/c,156500,3.99,0.3153,1150.5,360.0,not_neg,not_int,not_lpsm,928000.0,sb,pr,home,1U,3600.0,EXP,701,CIB,35-44,not_inst,16.86422414,south,direct,0,37.0
116968,2019,cf,Joint,nopre,type3,p1,l1,nopc,nob/c,426500,3.25,-0.2537,814.55,360.0,not_neg,not_int,not_lpsm,468000.0,sb,pr,home,1U,7800.0,CIB,501,EXP,35-44,not_inst,91.13247863,North,direct,0,28.0
36088,2019,cf,Male,nopre,type1,p3,l1,nopc,nob/c,376500,3.875,0.1652,1749.0,300.0,not_neg,not_int,not_lpsm,508000.0,sb,pr,home,1U,6600.0,CIB,542,CIB,35-44,not_inst,74.11417323,North,direct,0,40.0
148206,2019,cf,Sex Not Available,nopre,type1,p4,l1,nopc,nob/c,166500,4.99,0.6086,0.0,360.0,not_neg,not_int,not_lpsm,268000.0,sb,pr,home,1U,1800.0,EXP,877,CIB,65-74,to_inst,62.12686567,south,direct,0,42.0
62107,2019,cf,Joint,nopre,type2,p3,l1,nopc,b/c,286500,3.25,0.2388,0.0,360.0,not_neg,not_int,not_lpsm,358000.0,sb,pr,home,1U,6180.0,EXP,633,EXP,45-54,not_inst,80.02793296,central,direct,0,42.0
119303,2019,cf,Male,nopre,type1,p4,l1,nopc,nob/c,376500,3.625,0.0444,0.0,360.0,not_neg,int_only,not_lpsm,448000.0,sb,pr,home,1U,7080.0,EXP,657,EXP,55-64,not_inst,84.04017857,North,direct,0,29.0
34023,2019,cf,Joint,nopre,type1,p3,l1,nopc,nob/c,586500,3.875,0.1464,3486.7,360.0,not_neg,not_int,not_lpsm,908000.0,sb,pr,home,1U,7860.0,EXP,514,EXP,55-64,not_inst,64.59251101,North,direct,0,45.0
93742,2019,cf,Female,nopre,type3,p3,l1,nopc,nob/c,426500,3.5,-0.0067,4452.38,360.0,not_neg,not_int,not_lpsm,428000.0,sb,pr,home,1U,9960.0,CIB,758,EXP,35-44,to_inst,99.64953271,North,direct,0,42.0
105443,2019,cf,Joint,nopre,type1,p2,l1,nopc,nob/c,276500,4.375,0.1825,5875.0,360.0,not_neg,not_int,not_lpsm,428000.0,sb,pr,home,1U,3360.0,EXP,886,EXP,65-74,to_inst,64.60280374,North,direct,0,49.0
158332,2019,cf,Sex Not Available,nopre,type1,p3,l1,nopc,nob/c,236500,4.5,1.0018,1150.0,240.0,not_neg,not_int,not_lpsm,328000.0,sb,pr,home,1U,6420.0,EXP,719,EXP,35-44,to_inst,72.10365854,south,direct,0,41.0
63259,2019,cf,Sex Not Available,pre,type1,p2,l1,nopc,nob/c,206500,4.99,1.4437,3990.5,360.0,not_neg,not_int,not_lpsm,298000.0,sb,ir,home,2U,8340.0,CRIF,664,CIB,55-64,to_inst,69.29530201,south,direct,0,28.0
168765,2019,cf,Male,nopre,type1,p4,l1,nopc,nob/c,286500,4.625,1.1359,4966.5,360.0,not_neg,not_int,not_lpsm,368000.0,sb,pr,home,1U,8160.0,EXP,759,EXP,35-44,to_inst,77.85326087,south,direct,0,47.0
166029,2019,cf,Female,pre,type1,p3,l1,nopc,nob/c,176500,3.5,-0.0611,6007.5,360.0,not_neg,not_int,not_lpsm,308000.0,sb,pr,home,1U,1740.0,CIB,601,CIB,65-74,to_inst,57.30519481,North,direct,0,43.0
88277,2019,cf,Sex Not Available,nopre,type1,p4,l1,nopc,nob/c,186500,3.99,0.0148,4114.46,360.0,not_neg,not_int,not_lpsm,288000.0,sb,pr,home,1U,4920.0,CIB,709,EXP,55-64,to_inst,64.75694444,south,direct,0,28.0
25757,2019,cf,Sex Not Available,nopre,type1,p4,l1,nopc,nob/c,266500,3.99,0.4623,1250.0,360.0,not_neg,not_int,not_lpsm,338000.0,sb,pr,home,1U,4320.0,EXP,826,CIB,65-74,to_inst,78.84615385,south,direct,0,36.0
160545,2019,cf,Female,nopre,type1,p3,l1,nopc,nob/c,226500,3.625,-0.0468,1098.0,360.0,not_neg,not_int,not_lpsm,488000.0,sb,pr,home,1U,3840.0,EXP,502,CIB,55-64,not_inst,46.41393443,North,direct,0,36.0
32766,2019,ncf,Sex Not Available,nopre,type1,p1,l1,nopc,nob/c,156500,3.875,0.8228,4203.13,180.0,not_neg,not_int,not_lpsm,298000.0,sb,pr,home,1U,4500.0,EXP,631,CIB,45-54,to_inst,52.51677852,south,direct,0,30.0
58555,2019,cf,Male,nopre,type1,p3,l1,nopc,nob/c,306500,3.625,0.0456,756.85,360.0,not_neg,not_int,not_lpsm,688000.0,sb,pr,home,1U,4620.0,EXP,728,CIB,45-54,not_inst,44.5494186,North,direct,0,43.0
108031,2019,cf,Sex Not Available,nopre,type1,p4,l1,nopc,nob/c,346500,4.56,0.1584,0.0,360.0,not_neg,not_int,not_lpsm,468000.0,sb,ir,home,1U,5340.0,CIB,652,CIB,45-54,not_inst,74.03846154,south,direct,0,32.0
131391,2019,cf,Joint,nopre,type1,p3,l1,nopc,nob/c,326500,4.875,0.5587,0.0,360.0,not_neg,not_int,not_lpsm,598000.0,sb,ir,home,1U,5160.0,CRIF,735,EXP,55-64,not_inst,54.59866221,south,direct,0,49.0
144703,2019,cf,Male,nopre,type1,p3,l1,nopc,nob/c,376500,4.56,0.6019,6920.0,360.0,not_neg,not_int,not_lpsm,558000.0,sb,pr,home,1U,4200.0,CRIF,644,CIB,55-64,to_inst,67.47311828,North,direct,0,49.0
36713,2019,ncf,Female,pre,type1,p1,l1,nopc,nob/c,636500,4.25,0.1699,6900.0,360.0,not_neg,not_int,not_lpsm,798000.0,sb,pr,home,1U,7260.0,CIB,796,CIB,25-34,not_inst,79.76190476,North,direct,0,48.0
98319,2019,cf,Joint,nopre,type2,p3,l1,nopc,b/c,56500,3.99,1.5892,1448.77,180.0,not_neg,not_int,not_lpsm,118000.0,sb,pr,home,1U,2940.0,EXP,654,EXP,65-74,to_inst,47.88135593,North,direct,0,44.0
136899,2019,cf,Sex Not Available,pre,type1,p1,l1,nopc,nob/c,466500,3.875,0.484,7685.0,360.0,not_neg,not_int,not_lpsm,528000.0,sb,pr,home,1U,5400.0,CIB,605,CIB,55-64,to_inst,88.35227273,central,direct,0,48.0
91434,2019,cf,Sex Not Available,nopre,type1,p4,l1,nopc,nob/c,466500,4.25,-0.1014,6385.93,360.0,not_neg,not_int,not_lpsm,808000.0,sb,pr,home,1U,8220.0,CRIF,599,CIB,>74,to_inst,57.73514851,south,direct,0,21.0
70260,2019,cf,Sex Not Available,nopre,type1,p3,l1,nopc,nob/c,236500,4.5,0.7547,650.0,360.0,not_neg,not_int,not_lpsm,298000.0,sb,pr,home,1U,4440.0,CIB,603,CIB,45-54,to_inst,79.36241611,south,direct,0,40.0
28682,2019,,Female,nopre,type1,p3,l1,nopc,nob/c,326500,3.99,0.4016,1250.0,360.0,not_neg,not_int,not_lpsm,488000.0,sb,pr,home,1U,7440.0,EXP,777,CIB,55-64,to_inst,66.9057377,North,direct,0,22.0
78289,2019,cf,Male,pre,type1,p1,l1,nopc,nob/c,226500,3.875,0.2477,0.0,360.0,not_neg,not_int,not_lpsm,238000.0,sb,pr,home,1U,5040.0,EXP,617,CIB,25-34,to_inst,95.16806723,North,direct,0,44.0
101099,2019,cf,Male,nopre,type1,p3,l1,nopc,nob/c,466500,3.75,0.1839,11179.3,360.0,not_neg,not_int,not_lpsm,628000.0,sb,pr,home,1U,6840.0,CIB,698,CIB,55-64,to_inst,74.28343949,south,direct,0,37.0
96926,2019,cf,Female,nopre,type1,p3,l1,nopc,nob/c,176500,3.625,0.8856,5054.25,180.0,not_neg,not_int,not_lpsm,268000.0,sb,pr,home,1U,3180.0,CRIF,755,CIB,55-64,to_inst,65.85820896,North,direct,0,41.0
29119,2019,cf,Male,nopre,type2,p4,l1,nopc,b/c,186500,,,,360.0,not_neg,not_int,not_lpsm,218000.0,sb,pr,home,1U,4740.0,CRIF,568,CIB,45-54,to_inst,85.55045872,North,direct,1,48.0
111260,2019,cf,Sex Not Available,pre,type1,p1,l2,nopc,nob/c,326500,3.99,0.4666,5101.72,360.0,not_neg,not_int,not_lpsm,338000.0,sb,pr,home,1U,5820.0,EXP,765,CIB,35-44,to_inst,96.59763314,south,direct,0,37.0
27863,2019,ncf,Sex Not Available,pre,type1,p4,l1,nopc,nob/c,286500,,,,360.0,not_neg,not_int,not_lpsm,608000.0,sb,pr,home,1U,10920.0,EXP,562,CIB,55-64,to_inst,47.12171053,south,direct,1,33.0
152947,2019,cf,Male,nopre,type1,p3,l1,nopc,nob/c,336500,4.125,0.0497,1765.0,360.0,not_neg,not_int,not_lpsm,458000.0,sb,pr,home,1U,3540.0,EXP,716,CIB,45-54,not_inst,73.47161572,North,direct,0,52.0
126228,2019,cf,Sex Not Available,nopre,type1,p2,l1,nopc,nob/c,216500,3.99,0.4686,5450.0,360.0,not_neg,not_int,not_lpsm,388000.0,sb,ir,home,1U,4560.0,EXP,758,CIB,55-64,to_inst,55.79896907,south,direct,0,25.0
145297,2019,cf,Male,nopre,type1,p3,l1,nopc,nob/c,206500,4.5,1.0827,4000.0,360.0,not_neg,not_int,not_lpsm,298000.0,sb,pr,home,1U,3960.0,EXP,654,CIB,55-64,to_inst,69.29530201,North,direct,0,33.0
162256,2019,cf,Sex Not Available,nopre,type1,p4,l1,nopc,nob/c,246500,3.125,0.1653,2790.0,180.0,not_neg,not_int,not_lpsm,308000.0,sb,pr,home,1U,10500.0,CRIF,541,EXP,35-44,to_inst,80.03246753,south,direct,0,45.0
124814,2019,cf,Male,nopre,type1,p3,l1,nopc,nob/c,136500,4.75,0.368,2570.52,360.0,not_neg,not_int,not_lpsm,208000.0,sb,pr,home,1U,1860.0,CRIF,816,CIB,65-74,to_inst,65.625,North,direct,0,37.0
25376,2019,cf,Sex Not Available,nopre,type1,p3,l1,nopc,nob/c,226500,5.375,0.9403,3931.25,360.0,neg_amm,not_int,not_lpsm,318000.0,sb,pr,home,1U,2820.0,CIB,678,CIB,55-64,to_inst,71.22641509,south,direct,0,48.0
72945,2019,cf,Sex Not Available,nopre,type1,p3,l1,nopc,nob/c,236500,3.99,0.3732,4125.0,360.0,not_neg,not_int,not_lpsm,378000.0,sb,pr,home,1U,2460.0,CIB,704,EXP,65-74,to_inst,62.56613757,south,direct,0,44.0
125620,2019,cf,Male,pre,type1,p3,l1,nopc,nob/c,296500,3.99,0.4244,3749.74,360.0,not_neg,not_int,not_lpsm,558000.0,sb,pr,home,1U,3900.0,CIB,750,EXP,45-54,not_inst,53.13620072,North,direct,0,44.0
91703,2019,cf,Sex Not Available,nopre,type1,p3,l1,nopc,nob/c,246500,4.875,0.7473,,360.0,not_neg,not_int,not_lpsm,298000.0,sb,pr,home,1U,8400.0,CRIF,781,EXP,35-44,to_inst,82.71812081,south,direct,0,30.0
133283,2019,cf,Female,nopre,type1,p4,l1,nopc,nob/c,266500,,,,360.0,neg_amm,not_int,not_lpsm,338000.0,sb,pr,home,1U,6000.0,CIB,566,EXP,55-64,to_inst,78.84615385,North,direct,1,49.0
78026,2019,cf,Joint,nopre,type1,p1,l2,nopc,nob/c,226500,4.25,0.2935,5500.0,360.0,not_neg,not_int,not_lpsm,328000.0,sb,sr,home,1U,9960.0,EXP,764,EXP,45-54,not_inst,69.05487805,North,direct,0,37.0
64656,2019,cf,Joint,nopre,type1,p3,l1,nopc,nob/c,486500,3.625,-0.1684,97.48,360.0,not_neg,int_only,not_lpsm,1258000.0,sb,pr,home,1U,5040.0,CRIF,666,EXP,>74,not_inst,38.67249603,North,direct,0,46.0
62098,2019,cf,Sex Not Available,nopre,type1,p3,l1,nopc,nob/c,306500,3.99,0.6389,5836.25,360.0,not_neg,not_int,not_lpsm,458000.0,sb,pr,home,1U,5760.0,CIB,805,EXP,55-64,to_inst,66.92139738,south,direct,0,31.0
85437,2019,ncf,Male,nopre,type1,p3,l1,nopc,nob/c,806500,,,,360.0,not_neg,not_int,not_lpsm,1158000.0,sb,pr,home,1U,16380.0,EXP,549,CIB,55-64,not_inst,69.64594128,North,direct,1,39.0
70962,2019,cf,Joint,pre,type1,p3,l1,nopc,nob/c,726500,4.5,0.1297,0.0,360.0,not_neg,not_int,not_lpsm,2308000.0,sb,pr,home,1U,29760.0,CIB,778,EXP,45-54,not_inst,31.47746967,North,direct,0,30.0
26196,2019,cf,Female,pre,type1,p3,l1,nopc,nob/c,206500,,,,360.0,not_neg,not_int,not_lpsm,318000.0,sb,ir,home,1U,6000.0,CRIF,891,CIB,65-74,to_inst,64.93710692,North,direct,1,30.0
45532,2019,cf,Male,nopre,type1,p1,l1,nopc,nob/c,426500,4.75,0.5069,3678.65,360.0,not_neg,not_int,not_lpsm,448000.0,sb,pr,home,1U,5100.0,CRIF,721,CIB,25-34,not_inst,95.20089286,North,direct,0,38.0
163375,2019,ncf,Female,nopre,type1,p4,l1,nopc,nob/c,186500,,,,360.0,not_neg,not_int,not_lpsm,258000.0,sb,pr,home,1U,2640.0,CRIF,775,CIB,>74,to_inst,72.28682171,North,direct,1,42.0
155937,2019,cf,Female,nopre,type1,p3,l1,nopc,nob/c,116500,3.99,1.4149,3150.72,180.0,not_neg,not_int,not_lpsm,258000.0,sb,pr,home,1U,2340.0,CRIF,854,CIB,65-74,to_inst,45.15503876,North,direct,0,42.0
57289,2019,cf,Female,nopre,type1,p3,l1,nopc,nob/c,106500,5.5,0.7602,0.0,360.0,not_neg,not_int,not_lpsm,238000.0,sb,pr,home,1U,2880.0,CRIF,540,CIB,35-44,not_inst,44.74789916,North,direct,0,30.0
37106,2019,cf,Female,nopre,type1,p4,l1,nopc,nob/c,446500,4.0,0.2131,1481.22,360.0,not_neg,not_int,not_lpsm,478000.0,sb,pr,home,1U,10080.0,CRIF,539,CIB,25-34,not_inst,93.41004184,south,direct,0,42.0
113031,2019,cf,Female,nopre,type2,p3,l1,nopc,b/c,96500,3.5,1.4321,2039.6,180.0,neg_amm,not_int,not_lpsm,128000.0,sb,pr,home,1U,1980.0,CIB,500,CIB,55-64,to_inst,75.390625,North,direct,0,61.0
169628,2019,cf,Female,nopre,type2,p3,l1,nopc,b/c,116500,4.375,0.8548,1731.29,360.0,not_neg,not_int,not_lpsm,138000.0,sb,pr,home,1U,1680.0,CRIF,731,CIB,55-64,to_inst,84.42028986,North,direct,0,49.0
54852,2019,cf,Joint,nopre,type1,p4,l1,nopc,nob/c,396500,3.625,0.5169,1800.0,240.0,not_neg,not_int,not_lpsm,628000.0,sb,pr,home,1U,7440.0,EXP,691,EXP,35-44,not_inst,63.13694268,south,direct,0,38.0
27781,2019,ncf,Sex Not Available,nopre,type2,p3,l1,nopc,b/c,266500,4.5,1.0832,2567.0,360.0,not_neg,not_int,not_lpsm,318000.0,sb,pr,home,1U,2820.0,CIB,657,CIB,35-44,to_inst,83.80503145,south,direct,0,46.0
106436,2019,cf,Female,nopre,type1,p4,l1,nopc,nob/c,336500,4.375,0.1758,0.0,348.0,not_neg,not_int,not_lpsm,448000.0,sb,pr,home,1U,6060.0,CRIF,626,CIB,25-34,not_inst,75.11160714,North,direct,0,39.0
35030,2019,cf,Joint,nopre,type1,p3,l1,nopc,nob/c,546500,4.5,0.2891,14683.05,360.0,neg_amm,not_int,not_lpsm,828000.0,sb,pr,home,1U,4500.0,CIB,513,EXP,55-64,not_inst,66.00241546,south,direct,0,49.0
138970,2019,cf,Joint,nopre,type1,p3,l1,nopc,nob/c,166500,3.99,0.3784,4700.63,360.0,not_neg,not_int,not_lpsm,438000.0,sb,pr,home,1U,2280.0,CRIF,895,EXP,55-64,to_inst,38.01369863,North,direct,0,44.0
43841,2019,cf,Female,nopre,type1,p4,l1,nopc,nob/c,406500,4.5,0.3548,0.0,360.0,not_neg,not_int,not_lpsm,448000.0,sb,pr,home,1U,6540.0,EXP,852,CIB,25-34,not_inst,90.73660714,North,direct,0,33.0
77707,2019,cf,Male,nopre,type1,p4,l1,nopc,nob/c,336500,,,,360.0,not_neg,int_only,not_lpsm,488000.0,sb,ir,home,1U,3300.0,CIB,691,CIB,65-74,not_inst,68.95491803,North,direct,1,42.0
31876,2019,cf,Sex Not Available,nopre,type1,p3,l1,nopc,nob/c,226500,4.75,0.5299,3110.0,360.0,not_neg,not_int,not_lpsm,288000.0,sb,pr,home,1U,3120.0,CIB,640,CIB,45-54,to_inst,78.64583333,south,direct,0,49.0
116416,2019,cf,Male,nopre,type1,p4,l2,nopc,nob/c,996500,,,,360.0,not_neg,not_int,not_lpsm,1678000.0,sb,pr,home,4U,7740.0,CRIF,895,CIB,45-54,not_inst,59.38617402,North,direct,1,59.0
70808,2019,cf,Female,nopre,type2,p1,l1,nopc,b/c,276500,2.99,0.3007,0.0,360.0,not_neg,not_int,not_lpsm,278000.0,sb,pr,home,1U,5700.0,CRIF,863,EXP,25-34,not_inst,99.46043165,North,direct,0,37.0
138663,2019,cf,Male,nopre,type1,p3,l1,nopc,nob/c,726500,,,,360.0,not_neg,not_int,not_lpsm,908000.0,sb,pr,home,1U,8040.0,CIB,825,CIB,35-44,not_inst,80.01101322,North,direct,1,47.0
130132,2019,cf,Male,nopre,type1,p1,l1,nopc,nob/c,406500,3.99,0.2756,0.0,360.0,not_neg,not_int,not_lpsm,458000.0,sb,pr,home,1U,4320.0,CIB,770,CIB,25-34,not_inst,88.75545852,North,direct,0,38.0
104394,2019,cf,Sex Not Available,nopre,type1,p3,l1,nopc,nob/c,476500,3.875,0.4232,8330.0,360.0,not_neg,not_int,not_lpsm,898000.0,sb,pr,home,1U,12540.0,CIB,754,EXP,45-54,to_inst,53.0623608,south,direct,0,31.0
44023,2019,cf,Male,nopre,type1,p3,l1,nopc,nob/c,196500,,,,360.0,not_neg,not_int,not_lpsm,778000.0,sb,pr,home,1U,2400.0,EXP,700,CIB,55-64,to_inst,25.25706941,south,direct,1,47.0
56843,2019,cf,Joint,pre,type1,p3,l1,nopc,nob/c,346500,4.5,0.9359,6831.88,360.0,not_neg,not_int,not_lpsm,558000.0,sb,pr,home,1U,3360.0,CIB,798,EXP,>74,to_inst,62.09677419,North,direct,0,57.0
62209,2019,cf,Male,nopre,type2,p3,l1,nopc,b/c,156500,3.99,0.9618,1557.27,360.0,not_neg,int_only,not_lpsm,188000.0,sb,pr,home,1U,6060.0,CIB,634,CIB,45-54,to_inst,83.24468085,North,direct,0,37.0
68622,2019,cf,Sex Not Available,nopre,type1,p3,l1,nopc,nob/c,426500,3.75,-0.0128,0.0,360.0,not_neg,not_int,not_lpsm,768000.0,sb,pr,home,1U,8760.0,CRIF,845,EXP,55-64,not_inst,55.53385417,central,direct,0,48.0
163058,2019,cf,Joint,nopre,type1,p4,l1,nopc,nob/c,296500,3.0,-0.0837,1172.25,180.0,not_neg,not_int,not_lpsm,858000.0,sb,pr,home,1U,6300.0,CIB,846,EXP,35-44,not_inst,34.55710956,south,direct,0,37.0
166400,2019,cf,Male,nopre,type1,p1,l1,nopc,nob/c,486500,4.375,0.1401,0.0,360.0,not_neg,int_only,not_lpsm,998000.0,sb,pr,home,1U,5760.0,CRIF,899,CIB,25-34,not_inst,48.74749499,south,direct,0,47.0
171324,2019,,Sex Not Available,nopre,type3,p3,l1,nopc,nob/c,456500,3.625,0.2228,4375.55,360.0,not_neg,not_int,not_lpsm,468000.0,sb,pr,home,1U,7020.0,CIB,608,EXP,45-54,to_inst,97.54273504,south,direct,0,49.0
26313,2019,cf,Joint,nopre,type1,p1,l1,nopc,nob/c,406500,3.625,-0.0772,0.0,360.0,not_neg,not_int,not_lpsm,458000.0,sb,pr,home,1U,3720.0,CRIF,678,EXP,25-34,not_inst,88.75545852,south,direct,0,49.0
42944,2019,cf,Joint,pre,type3,p3,l1,nopc,nob/c,266500,3.375,-0.1428,7650.38,360.0,not_neg,not_int,not_lpsm,378000.0,sb,pr,home,1U,9180.0,CIB,881,EXP,65-74,to_inst,70.5026455,North,direct,0,23.0
155760,2019,cf,Female,nopre,type1,p3,l1,nopc,nob/c,156500,4.5,0.9577,4628.75,360.0,not_neg,not_int,not_lpsm,208000.0,sb,pr,home,1U,3780.0,EXP,722,CIB,55-64,to_inst,75.24038462,North,direct,0,32.0
167115,2019,ncf,Sex Not Available,pre,type1,p4,l1,nopc,nob/c,206500,3.99,0.3379,4325.01,360.0,not_neg,not_int,not_lpsm,408000.0,sb,pr,home,1U,2820.0,CRIF,626,CIB,45-54,to_inst,50.6127451,south,direct,0,44.0
32199,2019,ncf,Male,nopre,type1,p3,l1,nopc,nob/c,696500,4.375,0.6323,2988.7,360.0,not_neg,not_int,not_lpsm,1458000.0,sb,pr,home,1U,38400.0,EXP,695,CIB,35-44,to_inst,47.77091907,North,direct,0,13.0
145740,2019,cf,Joint,pre,type1,p4,l1,nopc,nob/c,256500,,,,360.0,not_neg,not_int,not_lpsm,448000.0,sb,pr,home,1U,2760.0,CRIF,800,EXP,35-44,to_inst,57.25446429,central,direct,1,46.0
160342,2019,cf,Female,nopre,type1,p1,l1,nopc,nob/c,406500,3.5,-0.0267,493.0,360.0,not_neg,not_int,not_lpsm,818000.0,sb,pr,home,1U,4860.0,EXP,784,CIB,55-64,not_inst,49.69437653,North,direct,0,46.0
97085,2019,cf,Male,nopre,type2,p1,l1,nopc,b/c,306500,3.0,0.2432,0.0,360.0,not_neg,not_int,not_lpsm,318000.0,sb,pr,home,1U,2700.0,EXP,771,CIB,25-34,not_inst,96.3836478,south,direct,0,58.0
136703,2019,cf,Joint,nopre,type1,p4,l1,nopc,nob/c,206500,4.125,0.151,4012.38,360.0,not_neg,not_int,not_lpsm,288000.0,sb,pr,home,1U,3060.0,CIB,645,EXP,55-64,to_inst,71.70138889,south,direct,0,43.0
84507,2019,cf,Joint,pre,type2,p4,l1,nopc,b/c,316500,,,,360.0,not_neg,not_int,not_lpsm,348000.0,sb,pr,home,1U,7740.0,CRIF,578,EXP,25-34,to_inst,90.94827586,south,direct,1,36.0
87232,2019,ncf,Joint,nopre,type2,p3,l1,nopc,b/c,566500,4.25,0.886,6101.62,360.0,not_neg,not_int,not_lpsm,708000.0,sb,pr,home,1U,12360.0,CRIF,564,EXP,55-64,not_inst,80.01412429,North,direct,0,52.0
156763,2019,cf,Sex Not Available,nopre,type1,p3,l1,nopc,nob/c,226500,4.625,1.056,6530.0,360.0,not_neg,not_int,not_lpsm,348000.0,sb,pr,home,1U,3720.0,EXP,778,CIB,45-54,to_inst,65.0862069,south,direct,0,38.0
123206,2019,cf,Male,nopre,type1,p3,l1,nopc,nob/c,156500,3.99,0.598,2795.0,300.0,not_neg,not_int,not_lpsm,298000.0,sb,pr,home,1U,3420.0,CIB,790,EXP,35-44,to_inst,52.51677852,North,direct,0,29.0
64469,2019,cf,Joint,pre,type1,p1,l1,nopc,nob/c,196500,3.875,0.1261,1775.0,360.0,not_neg,not_int,not_lpsm,288000.0,sb,pr,home,1U,24540.0,EXP,549,EXP,45-54,to_inst,68.22916667,North,direct,0,31.0
28753,2019,cf,Joint,nopre,type1,p3,l1,nopc,nob/c,586500,,,,360.0,not_neg,not_int,lpsm,728000.0,sb,pr,home,1U,12180.0,CRIF,606,EXP,25-34,not_inst,80.56318681,south,direct,1,40.0
118546,2019,cf,Female,nopre,type1,p2,l1,nopc,nob/c,76500,4.625,1.4256,2937.5,360.0,not_neg,not_int,not_lpsm,128000.0,sb,pr,home,1U,1020.0,EXP,571,CIB,55-64,to_inst,59.765625,North,direct,0,30.0
33625,2019,cf,Female,nopre,type1,p3,l1,nopc,nob/c,146500,4.25,0.7745,3352.5,360.0,not_neg,not_int,not_lpsm,208000.0,sb,pr,home,1U,1680.0,EXP,892,CIB,>74,to_inst,70.43269231,south,direct,0,39.0
107488,2019,cf,Sex Not Available,nopre,type1,p1,l1,nopc,nob/c,266500,3.375,-0.1175,896.19,360.0,not_neg,not_int,not_lpsm,298000.0,sb,pr,home,1U,2160.0,EXP,631,CIB,35-44,to_inst,89.4295302,south,direct,0,50.0
92319,2019,ncf,Male,nopre,type1,p3,l1,nopc,nob/c,736500,3.75,-0.3691,13942.5,360.0,neg_amm,not_int,not_lpsm,1358000.0,sb,pr,home,1U,9540.0,CIB,616,CIB,45-54,to_inst,54.23416789,North,direct,0,39.0
75075,2019,cf,Joint,nopre,type1,p4,l1,nopc,nob/c,516500,3.5,-0.1165,6380.01,360.0,not_neg,not_int,not_lpsm,1458000.0,sb,pr,home,1U,8880.0,CRIF,584,EXP,55-64,not_inst,35.42524005,central,direct,0,36.0
169734,2019,cf,Sex Not Available,pre,type1,p3,l1,nopc,nob/c,266500,2.875,-0.1263,4231.25,180.0,not_neg,not_int,not_lpsm,468000.0,sb,pr,home,1U,8220.0,EXP,858,CIB,55-64,to_inst,56.94444444,south,direct,0,30.0
167175,2019,cf,Female,nopre,type1,p2,l1,nopc,nob/c,86500,4.5,1.3635,3074.46,360.0,not_neg,not_int,not_lpsm,228000.0,sb,pr,home,1U,2400.0,CRIF,659,CIB,55-64,to_inst,37.93859649,North,direct,0,27.0
82574,2019,cf,Female,nopre,type1,p1,l1,nopc,nob/c,236500,4.375,0.5294,0.0,360.0,not_neg,not_int,not_lpsm,248000.0,sb,pr,home,1U,3780.0,EXP,639,CIB,25-34,not_inst,95.36290323,North,direct,0,41.0
151376,2019,cf,Female,pre,type1,p3,l1,nopc,nob/c,156500,5.75,1.4947,1726.0,360.0,not_neg,not_int,not_lpsm,198000.0,sb,pr,home,1U,4560.0,EXP,575,CIB,55-64,to_inst,79.04040404,south,direct,0,36.0
140697,2019,ncf,Female,nopre,type1,p3,l1,nopc,nob/c,206500,,,,360.0,not_neg,not_int,not_lpsm,418000.0,sb,pr,home,1U,2460.0,CIB,591,CIB,65-74,to_inst,49.40191388,south,direct,1,43.0
144551,2019,cf,Male,nopre,type1,p4,l1,nopc,nob/c,266500,,,,360.0,not_neg,not_int,not_lpsm,408000.0,sb,pr,home,1U,4500.0,CIB,584,CIB,45-54,to_inst,65.31862745,North,direct,1,53.0
122818,2019,cf,Male,nopre,type1,p4,l1,nopc,nob/c,206500,3.0,-0.2714,295.0,360.0,not_neg,not_int,not_lpsm,378000.0,sb,pr,home,1U,4860.0,CIB,762,CIB,>74,to_inst,54.62962963,North,direct,0,34.0
92665,2019,cf,Male,nopre,type1,p4,l1,nopc,nob/c,246500,3.75,0.7835,3745.1,240.0,not_neg,not_int,not_lpsm,438000.0,sb,pr,home,1U,4860.0,EXP,810,CIB,65-74,to_inst,56.27853881,North,direct,0,42.0
150836,2019,cf,Sex Not Available,nopre,type2,p3,l1,nopc,b/c,196500,4.875,1.1998,1155.75,360.0,not_neg,not_int,not_lpsm,228000.0,sb,pr,home,1U,5040.0,CIB,659,EXP,45-54,to_inst,86.18421053,south,direct,0,31.0
52916,2019,cf,Joint,nopre,type1,p1,l1,nopc,nob/c,446500,3.5,-0.2146,4400.0,360.0,not_neg,int_only,not_lpsm,558000.0,sb,pr,home,1U,13560.0,CRIF,656,EXP,35-44,not_inst,80.01792115,central,direct,0,24.0
157451,2019,cf,Joint,pre,type1,p1,l1,nopc,nob/c,296500,4.875,0.7265,2215.5,360.0,not_neg,not_int,not_lpsm,428000.0,sb,pr,home,1U,4140.0,CIB,803,EXP,55-64,to_inst,69.27570093,North,direct,0,42.0
114298,2019,cf,Female,nopre,type1,p3,l1,nopc,nob/c,356500,3.75,0.1428,6946.03,360.0,neg_amm,not_int,not_lpsm,508000.0,sb,pr,home,1U,3300.0,CRIF,520,CIB,65-74,to_inst,70.17716535,North,direct,0,40.0
76494,2019,cf,Joint,nopre,type1,p4,l1,nopc,nob/c,136500,3.875,0.2364,921.08,360.0,not_neg,not_int,not_lpsm,388000.0,sb,pr,home,1U,6060.0,EXP,888,EXP,65-74,not_inst,35.18041237,North,direct,0,36.0
60586,2019,cf,Sex Not Available,nopre,type3,p3,l1,nopc,nob/c,266500,,,,360.0,not_neg,not_int,not_lpsm,298000.0,sb,pr,home,1U,6540.0,EXP,646,EXP,55-64,to_inst,89.4295302,south,direct,1,18.0
96260,2019,cf,Female,nopre,type1,p3,l1,nopc,nob/c,96500,4.875,1.0558,2837.5,360.0,not_neg,not_int,not_lpsm,358000.0,sb,pr,home,1U,2280.0,EXP,784,CIB,55-64,to_inst,26.95530726,North,direct,0,21.0
87522,2019,cf,Male,,type1,p3,l1,nopc,nob/c,166500,4.875,0.7288,1472.84,360.0,not_neg,not_int,not_lpsm,218000.0,sb,sr,home,1U,5880.0,CRIF,557,CIB,35-44,not_inst,76.37614679,North,direct,0,40.0
65288,2019,cf,Female,nopre,type2,p3,l1,nopc,b/c,216500,3.375,0.2902,0.0,360.0,not_neg,not_int,not_lpsm,258000.0,sb,pr,home,1U,2760.0,CRIF,763,CIB,35-44,not_inst,83.91472868,North,direct,0,58.0
106435,2019,cf,Male,pre,type1,p1,l1,nopc,nob/c,176500,4.5,0.8613,3550.75,360.0,not_neg,not_int,not_lpsm,188000.0,sb,pr,home,1U,2820.0,EXP,699,EXP,65-74,to_inst,93.88297872,North,direct,0,40.0
108007,2019,cf,Joint,nopre,type2,p3,l1,nopc,b/c,406500,3.875,0.6385,3952.5,360.0,not_neg,not_int,not_lpsm,468000.0,sb,pr,home,1U,8940.0,CIB,541,EXP,25-34,to_inst,86.85897436,North,direct,0,43.0
86561,2019,cf,Male,nopre,type2,p3,l1,nopc,b/c,216500,3.375,0.5314,4729.25,360.0,not_neg,not_int,not_lpsm,268000.0,sb,pr,home,1U,4980.0,CIB,860,CIB,35-44,to_inst,80.78358209,North,direct,0,26.0
71985,2019,cf,Joint,nopre,type1,p3,l1,nopc,nob/c,676500,4.125,0.5145,0.0,360.0,not_neg,not_int,not_lpsm,1338000.0,sb,pr,home,1U,9180.0,EXP,692,EXP,45-54,not_inst,50.56053812,North,direct,0,35.0
88201,2019,cf,Male,nopre,type1,p4,l1,nopc,nob/c,626500,4.56,0.4183,0.0,360.0,not_neg,not_int,not_lpsm,908000.0,sb,pr,home,1U,12180.0,CRIF,693,CIB,25-34,not_inst,68.99779736,south,direct,0,27.0
68891,2019,cf,Sex Not Available,nopre,type1,p3,l1,nopc,nob/c,256500,3.75,0.1353,2528.0,360.0,not_neg,not_int,not_lpsm,778000.0,sb,pr,home,1U,3960.0,CIB,627,EXP,65-74,to_inst,32.96915167,south,direct,0,30.0
56371,2019,ncf,Male,nopre,type1,p3,l1,nopc,nob/c,186500,4.125,1.0839,3700.0,240.0,not_neg,not_int,not_lpsm,368000.0,sb,pr,home,1U,6000.0,EXP,878,EXP,65-74,to_inst,50.67934783,central,direct,0,46.0
168072,2019,cf,Sex Not Available,nopre,type2,p3,l1,nopc,b/c,346500,3.25,0.2031,0.0,360.0,not_neg,not_int,not_lpsm,428000.0,sb,pr,home,1U,5400.0,CIB,740,EXP,45-54,to_inst,80.95794393,south,direct,0,61.0
37471,2019,cf,Joint,nopre,type1,p4,l1,nopc,nob/c,666500,4.99,1.202,0.0,360.0,not_neg,not_int,not_lpsm,778000.0,sb,pr,home,1U,11580.0,CIB,576,EXP,25-34,not_inst,85.66838046,south,direct,0,38.0
42757,2019,cf,Joint,nopre,type1,p4,l1,nopc,nob/c,166500,3.25,-0.0013,5779.55,360.0,not_neg,not_int,not_lpsm,198000.0,sb,pr,home,1U,3960.0,CRIF,821,EXP,45-54,not_inst,84.09090909,North,direct,0,40.0
66164,2019,cf,Male,nopre,type2,p1,l1,nopc,b/c,276500,4.25,1.7911,7400.48,360.0,not_neg,not_int,not_lpsm,278000.0,sb,pr,home,1U,6420.0,CRIF,769,EXP,25-34,not_inst,99.46043165,North,direct,0,28.0
46444,2019,cf,Joint,nopre,type1,p4,l1,nopc,nob/c,576500,2.5,-0.722,295.0,360.0,not_neg,not_int,not_lpsm,2008000.0,sb,pr,home,1U,55140.0,EXP,769,EXP,45-54,to_inst,28.71015936,North,direct,0,15.0
99434,2019,cf,Joint,nopre,type1,p1,l1,nopc,nob/c,56500,4.875,1.1769,1577.12,360.0,not_neg,not_int,not_lpsm,68000.0,sb,pr,home,1U,3060.0,EXP,888,EXP,55-64,not_inst,83.08823529,central,direct,0,21.0
151207,2019,cf,Joint,nopre,type1,p3,l1,nopc,nob/c,186500,3.75,0.4578,2418.75,132.0,not_neg,int_only,not_lpsm,358000.0,sb,pr,home,1U,7860.0,CIB,897,EXP,55-64,to_inst,52.09497207,North,direct,0,26.0
148723,2019,cf,Male,nopre,type1,p4,l1,nopc,nob/c,156500,4.18,0.1007,1233.0,360.0,not_neg,not_int,not_lpsm,408000.0,sb,pr,home,1U,3000.0,CIB,722,CIB,35-44,not_inst,38.35784314,North,direct,0,45.0
147268,2019,,Joint,nopre,type1,p3,l1,nopc,nob/c,266500,4.25,0.2229,1250.0,360.0,not_neg,not_int,not_lpsm,348000.0,sb,pr,home,1U,7020.0,CRIF,892,EXP,45-54,to_inst,76.58045977,North,direct,0,31.0
78929,2019,cf,Joint,pre,type1,p1,l1,nopc,nob/c,216500,,,,360.0,not_neg,not_int,not_lpsm,228000.0,sb,pr,home,1U,6300.0,CRIF,661,EXP,35-44,to_inst,94.95614035,North,direct,1,49.0
126217,2019,cf,Male,nopre,type1,p4,l1,nopc,nob/c,286500,3.75,0.0792,3792.5,360.0,not_neg,not_int,not_lpsm,488000.0,sb,pr,home,1U,6840.0,CRIF,717,EXP,45-54,to_inst,58.70901639,North,direct,0,37.0
150150,2019,cf,Joint,nopre,type1,p4,l1,nopc,nob/c,596500,3.625,-0.1171,428.76,360.0,not_neg,not_int,not_lpsm,1208000.0,sb,pr,home,1U,8640.0,CRIF,518,EXP,35-44,not_inst,49.37913907,North,direct,0,44.0
172160,2019,cf,Joint,nopre,type1,p1,l1,nopc,nob/c,366500,3.65,-0.1206,885.13,360.0,not_neg,not_int,not_lpsm,508000.0,sb,pr,home,1U,5340.0,CRIF,598,EXP,25-34,to_inst,72.14566929,North,direct,0,43.0
97889,2019,cf,Female,nopre,type1,p3,l1,nopc,nob/c,216500,3.99,1.1388,5253.13,240.0,not_neg,not_int,not_lpsm,308000.0,sb,pr,home,1U,12900.0,EXP,697,CIB,55-64,to_inst,70.29220779,North,direct,0,32.0
124816,2019,cf,Joint,pre,type2,p1,l1,nopc,b/c,326500,,,,360.0,not_neg,not_int,not_lpsm,338000.0,sb,pr,home,1U,4920.0,CRIF,730,EXP,55-64,not_inst,96.59763314,central,direct,1,39.0
137807,2019,cf,Sex Not Available,pre,type1,p1,l1,nopc,nob/c,396500,4.56,0.3254,7633.75,360.0,not_neg,not_int,not_lpsm,428000.0,sb,pr,home,1U,8040.0,CRIF,758,EXP,25-34,to_inst,92.64018692,south,direct,0,38.0
138532,2019,cf,Female,pre,type1,p1,l1,nopc,nob/c,236500,3.99,0.4001,4150.0,360.0,not_neg,not_int,not_lpsm,298000.0,sb,sr,home,1U,12480.0,EXP,796,CIB,55-64,to_inst,79.36241611,North,direct,0,36.0
77636,2019,cf,Female,nopre,type1,p4,l1,nopc,nob/c,386500,4.375,0.7275,2609.23,360.0,not_neg,not_int,not_lpsm,468000.0,sb,pr,home,1U,6060.0,EXP,573,CIB,55-64,to_inst,82.58547009,North,direct,0,47.0
142027,2019,cf,Sex Not Available,pre,type1,p3,l1,nopc,nob/c,276500,3.75,0.6489,3698.75,180.0,not_neg,not_int,not_lpsm,458000.0,sb,pr,home,1U,6240.0,CRIF,883,EXP,65-74,to_inst,60.37117904,south,direct,0,34.0
65468,2019,,Sex Not Available,nopre,type1,p2,l1,nopc,nob/c,176500,4.375,0.8452,3073.75,180.0,not_neg,not_int,not_lpsm,238000.0,sb,pr,home,1U,16260.0,CRIF,857,EXP,55-64,to_inst,74.15966387,south,direct,0,41.0
116561,2019,cf,Sex Not Available,nopre,type1,p4,l1,nopc,nob/c,256500,,,,180.0,neg_amm,not_int,not_lpsm,298000.0,sb,pr,home,1U,4980.0,CIB,628,EXP,25-34,to_inst,86.0738255,south,direct,1,50.0
62470,2019,cf,Female,nopre,type2,p3,l1,nopc,b/c,186500,4.5,1.6845,1785.0,360.0,not_neg,not_int,not_lpsm,218000.0,sb,pr,home,1U,3660.0,EXP,600,CIB,35-44,to_inst,85.55045872,south,direct,0,56.0
132228,2019,cf,Male,nopre,type1,p4,l1,nopc,nob/c,286500,3.75,0.542,0.0,228.0,not_neg,not_int,not_lpsm,578000.0,sb,pr,home,1U,3900.0,CIB,558,CIB,45-54,not_inst,49.56747405,North,direct,0,38.0
131067,2019,cf,Female,pre,type1,p1,l1,nopc,nob/c,406500,3.625,-0.1366,0.0,360.0,not_neg,not_int,not_lpsm,1768000.0,sb,pr,home,1U,10680.0,CRIF,759,EXP,45-54,not_inst,22.99208145,south,direct,0,38.0
159218,2019,cf,Sex Not Available,pre,type1,p3,l1,nopc,nob/c,316500,,,,360.0,not_neg,not_int,not_lpsm,388000.0,sb,pr,home,1U,6420.0,EXP,772,EXP,45-54,to_inst,81.57216495,south,direct,1,37.0
165555,2019,cf,Sex Not Available,nopre,type1,p3,l1,nopc,nob/c,246500,4.25,0.7932,4900.0,360.0,not_neg,int_only,not_lpsm,358000.0,sb,pr,home,1U,6000.0,EXP,642,CIB,65-74,to_inst,68.8547486,south,direct,0,26.0
46390,2019,cf,Male,pre,type1,p3,l1,nopc,nob/c,136500,,,,360.0,not_neg,not_int,not_lpsm,188000.0,sb,pr,home,1U,3780.0,EXP,846,EXP,55-64,to_inst,72.60638298,North,direct,1,44.0
35416,2019,cf,Female,,type1,p2,l1,nopc,nob/c,276500,4.375,0.254,1150.0,360.0,not_neg,not_int,not_lpsm,398000.0,sb,sr,home,1U,7380.0,CRIF,860,CIB,>74,not_inst,69.47236181,North,direct,0,47.0
73074,2019,cf,Joint,pre,type1,p1,l1,nopc,nob/c,326500,5.25,0.7651,5950.0,360.0,neg_amm,not_int,not_lpsm,408000.0,sb,pr,home,1U,7800.0,CRIF,770,EXP,45-54,to_inst,80.0245098,North,direct,0,46.0
152820,2019,cf,Joint,pre,type1,p1,l1,nopc,nob/c,216500,3.375,-0.0844,7550.0,360.0,not_neg,not_int,not_lpsm,398000.0,sb,pr,home,1U,30120.0,CRIF,630,EXP,35-44,to_inst,54.39698492,south,direct,0,24.0
144809,2019,cf,Joint,nopre,type1,p3,l1,nopc,nob/c,606500,4.875,0.7918,0.0,360.0,not_neg,not_int,not_lpsm,758000.0,sb,pr,home,1U,9180.0,CIB,524,EXP,35-44,not_inst,80.01319261,south,direct,0,32.0
40213,2019,cf,Male,nopre,type1,p1,l1,nopc,nob/c,276500,3.625,0.1477,1584.12,360.0,not_neg,not_int,not_lpsm,298000.0,sb,pr,home,1U,7440.0,CRIF,590,EXP,25-34,not_inst,92.7852349,North,direct,0,40.0
123530,2019,cf,Male,nopre,type2,p3,l1,nopc,b/c,236500,3.625,0.6448,254.48,360.0,not_neg,not_int,not_lpsm,278000.0,sb,pr,home,1U,3960.0,CRIF,664,CIB,55-64,to_inst,85.07194245,North,direct,0,36.0
41319,2019,cf,Joint,nopre,type1,p3,l1,nopc,nob/c,206500,3.99,0.1056,5747.8,360.0,not_neg,not_int,not_lpsm,438000.0,sb,pr,home,1U,3600.0,CRIF,701,EXP,>74,to_inst,47.14611872,south,direct,0,41.0
51548,2019,cf,Joint,nopre,type1,p4,l1,nopc,nob/c,396500,3.75,0.1178,206.35,360.0,not_neg,not_int,not_lpsm,468000.0,sb,pr,home,1U,4680.0,CIB,725,EXP,45-54,not_inst,84.72222222,south,direct,0,49.0
136776,2019,ncf,Joint,nopre,type1,p3,l1,nopc,nob/c,1606500,,,,360.0,not_neg,not_int,not_lpsm,4558000.0,sb,pr,home,1U,21900.0,EXP,649,EXP,>74,to_inst,35.24572181,south,direct,1,41.0
71156,2019,cf,Male,nopre,type1,p4,l1,nopc,nob/c,396500,3.875,0.5853,256.49,240.0,not_neg,not_int,not_lpsm,508000.0,sb,pr,home,1U,5220.0,CIB,688,CIB,35-44,not_inst,78.0511811,south,direct,0,47.0
48373,2019,cf,Joint,nopre,type1,p1,l1,nopc,nob/c,666500,3.99,0.2593,1706.8,360.0,not_neg,not_int,not_lpsm,738000.0,sb,pr,home,1U,14520.0,CRIF,632,EXP,45-54,not_inst,90.31165312,south,direct,0,24.0
151104,2019,cf,Joint,nopre,type1,p4,l1,nopc,nob/c,436500,3.99,0.192,0.0,360.0,not_neg,not_int,not_lpsm,508000.0,sb,pr,home,1U,9120.0,CRIF,665,EXP,25-34,not_inst,85.92519685,North,direct,0,36.0
67466,2019,cf,Joint,nopre,type2,p1,l1,nopc,b/c,266500,3.75,0.6792,0.0,360.0,not_neg,not_int,not_lpsm,278000.0,sb,pr,home,1U,2820.0,EXP,764,EXP,25-34,not_inst,95.86330935,North,direct,0,46.0
105717,2019,cf,Female,nopre,type1,p4,l1,nopc,nob/c,656500,3.99,0.383,0.0,360.0,not_neg,not_int,not_lpsm,878000.0,sb,pr,home,1U,9000.0,CRIF,594,CIB,25-34,not_inst,74.77220957,North,direct,0,42.0
90363,2019,cf,Male,nopre,type1,p4,l1,nopc,nob/c,236500,3.75,0.283,3927.5,360.0,not_neg,not_int,not_lpsm,348000.0,sb,pr,home,1U,4140.0,CIB,687,CIB,55-64,to_inst,67.95977011,North,direct,0,41.0
142517,2019,cf,Female,nopre,type1,p4,l1,nopc,nob/c,346500,3.99,0.3076,6334.73,360.0,not_neg,not_int,not_lpsm,838000.0,sb,pr,home,1U,4500.0,EXP,600,CIB,>74,to_inst,41.34844869,south,direct,0,45.0
102783,2019,cf,Male,nopre,type2,p1,l1,nopc,b/c,76500,4.625,1.5896,1211.35,360.0,not_neg,not_int,not_lpsm,78000.0,sb,pr,home,1U,2880.0,EXP,520,EXP,<25,to_inst,98.07692308,North,direct,0,35.0
141089,2019,cf,Female,pre,type1,p1,l1,nopc,nob/c,186500,4.125,0.938,2682.53,360.0,not_neg,not_int,not_lpsm,188000.0,sb,pr,home,1U,3060.0,CRIF,621,CIB,25-34,to_inst,99.20212766,North,direct,0,49.0
119169,2019,cf,Sex Not Available,nopre,type1,p4,l1,nopc,nob/c,416500,3.99,0.293,4036.86,360.0,not_neg,int_only,not_lpsm,788000.0,sb,pr,home,1U,5520.0,CIB,529,EXP,45-54,to_inst,52.85532995,south,direct,0,37.0
146900,2019,cf,Male,nopre,type1,p3,l1,nopc,nob/c,366500,3.5,0.0566,,360.0,not_neg,not_int,not_lpsm,578000.0,sb,pr,home,1U,4740.0,CRIF,869,CIB,35-44,to_inst,63.4083045,North,direct,0,36.0
47484,2019,cf,Sex Not Available,nopre,type3,p3,l1,nopc,nob/c,326500,3.375,0.1091,7985.03,360.0,not_neg,not_int,not_lpsm,368000.0,sb,pr,home,1U,6480.0,CRIF,561,EXP,>74,to_inst,88.72282609,south,direct,0,33.0
43814,2019,cf,Male,nopre,type1,p4,l1,nopc,nob/c,516500,4.125,-0.213,0.0,360.0,not_neg,not_int,not_lpsm,1008000.0,sb,pr,home,1U,15000.0,CIB,848,CIB,45-54,not_inst,51.24007937,North,direct,0,42.0
112456,2019,cf,Joint,nopre,type1,p4,l1,nopc,nob/c,576500,4.0,0.4254,7529.47,360.0,not_neg,not_int,not_lpsm,648000.0,sb,pr,home,1U,8700.0,CIB,552,EXP,35-44,not_inst,88.96604938,North,direct,0,44.0
70501,2019,cf,Sex Not Available,nopre,type1,p3,l1,nopc,nob/c,686500,4.625,1.3181,21457.5,360.0,not_neg,not_int,not_lpsm,868000.0,sb,pr,home,1U,16200.0,EXP,882,EXP,45-54,to_inst,79.08986175,south,direct,0,31.0
105635,2019,cf,Sex Not Available,nopre,type1,p4,l1,nopc,nob/c,456500,3.875,0.2225,3525.75,360.0,not_neg,not_int,not_lpsm,658000.0,sb,pr,home,1U,6000.0,CIB,534,CIB,35-44,to_inst,69.3768997,south,direct,0,44.0
158238,2019,cf,Sex Not Available,nopre,type1,p3,l1,nopc,nob/c,236500,3.99,0.3161,2775.0,360.0,not_neg,not_int,not_lpsm,328000.0,sb,pr,home,1U,7380.0,EXP,711,CIB,35-44,to_inst,72.10365854,south,direct,0,36.0
126352,2019,cf,Sex Not Available,nopre,type1,p4,l1,nopc,nob/c,596500,,,,360.0,not_neg,not_int,lpsm,878000.0,sb,pr,home,1U,8220.0,CIB,511,CIB,55-64,to_inst,67.93849658,south,direct,1,49.0
73601,2019,cf,Joint,nopre,type2,p3,l1,nopc,b/c,396500,4.125,0.7733,5884.13,360.0,not_neg,not_int,not_lpsm,468000.0,sb,pr,home,1U,9900.0,CIB,863,EXP,45-54,to_inst,84.72222222,North,direct,0,36.0
84198,2019,cf,Sex Not Available,nopre,type2,p3,l1,nopc,b/c,196500,3.49,0.5207,2356.34,360.0,not_neg,not_int,not_lpsm,228000.0,sb,pr,home,1U,3600.0,CIB,780,CIB,45-54,to_inst,86.18421053,south,direct,0,48.0
87611,2019,cf,Male,nopre,type2,p1,l1,nopc,b/c,126500,,,,360.0,not_neg,not_int,not_lpsm,128000.0,sb,pr,home,1U,2160.0,CIB,750,CIB,45-54,to_inst,98.828125,North,direct,1,54.0
143081,2019,cf,Sex Not Available,pre,type1,p3,l1,nopc,nob/c,586500,4.375,0.0749,5870.0,360.0,not_neg,not_int,not_lpsm,1918000.0,sb,pr,home,2U,6360.0,EXP,638,EXP,>74,not_inst,30.57872784,south,direct,0,44.0
172406,2019,cf,Joint,nopre,type1,p4,l1,nopc,nob/c,246500,3.75,0.6619,3343.22,240.0,not_neg,not_int,not_lpsm,448000.0,sb,ir,home,1U,12360.0,EXP,503,EXP,55-64,not_inst,55.02232143,North,direct,0,47.0
26287,2019,cf,Male,nopre,type1,p3,l1,nopc,nob/c,126500,4.75,0.4879,2343.75,360.0,not_neg,not_int,not_lpsm,758000.0,sb,pr,home,1U,1680.0,CIB,745,CIB,65-74,to_inst,16.68865435,North,direct,0,61.0
123826,2019,cf,Joint,nopre,type1,p3,l1,nopc,nob/c,346500,3.99,0.133,0.0,360.0,not_neg,not_int,lpsm,468000.0,sb,pr,home,1U,10380.0,CIB,842,EXP,45-54,not_inst,74.03846154,North,direct,0,21.0
50044,2019,cf,Female,nopre,type1,p4,l1,nopc,nob/c,246500,,,,360.0,neg_amm,not_int,not_lpsm,298000.0,sb,pr,home,1U,3600.0,CRIF,757,EXP,55-64,to_inst,82.71812081,North,direct,1,35.0
138372,2019,cf,Male,nopre,type1,p4,l1,nopc,nob/c,156500,3.99,0.5888,3620.15,324.0,not_neg,not_int,not_lpsm,188000.0,sb,pr,home,1U,3420.0,CIB,615,CIB,55-64,to_inst,83.24468085,North,direct,0,38.0
105600,2019,cf,Male,nopre,type1,p1,l1,nopc,nob/c,56500,4.375,1.3553,1867.48,360.0,not_neg,not_int,lpsm,58000.0,sb,pr,home,1U,2880.0,CRIF,889,CIB,55-64,to_inst,97.4137931,North,direct,0,45.0
50451,2019,cf,Female,nopre,type1,p4,l1,nopc,nob/c,186500,3.99,0.2533,3809.73,360.0,not_neg,not_int,not_lpsm,208000.0,sb,pr,home,1U,7740.0,CIB,516,CIB,35-44,to_inst,89.66346154,south,direct,0,11.0
105671,2019,cf,Male,nopre,type3,p3,l1,nopc,nob/c,206500,,,,360.0,not_neg,not_int,not_lpsm,188000.0,sb,pr,home,1U,4800.0,EXP,740,CIB,65-74,to_inst,109.8404255,North,direct,1,44.0
70459,2019,ncf,Female,nopre,type1,p1,l1,nopc,nob/c,486500,4.5,0.5053,2612.22,360.0,not_neg,not_int,not_lpsm,698000.0,sb,ir,home,1U,3300.0,CIB,557,CIB,45-54,not_inst,69.6991404,North,direct,0,49.0
111674,2019,cf,Male,nopre,type1,p3,l1,nopc,nob/c,296500,3.99,0.4615,8175.63,360.0,neg_amm,not_int,not_lpsm,358000.0,sb,pr,home,1U,3540.0,CRIF,529,EXP,55-64,to_inst,82.82122905,south,direct,0,43.0
68897,2019,cf,Female,pre,type1,p3,l1,nopc,nob/c,196500,4.99,1.433,1250.0,360.0,not_neg,not_int,not_lpsm,228000.0,sb,pr,home,1U,2700.0,CRIF,871,CIB,55-64,to_inst,86.18421053,North,direct,0,42.0
33105,2019,cf,Joint,nopre,type1,p1,l1,nopc,nob/c,556500,3.5,0.2405,506.45,180.0,not_neg,not_int,not_lpsm,858000.0,sb,pr,home,1U,51540.0,EXP,773,EXP,35-44,not_inst,64.86013986,North,direct,0,8.0
58315,2019,cf,Female,nopre,type1,p3,l1,nopc,nob/c,726500,4.18,-0.1443,0.0,360.0,not_neg,not_int,not_lpsm,1248000.0,sb,pr,home,1U,7800.0,EXP,587,CIB,45-54,not_inst,58.21314103,south,direct,0,42.0
154500,2019,cf,Sex Not Available,nopre,type1,p1,l1,nopc,nob/c,206500,4.75,1.217,6128.2,360.0,neg_amm,not_int,not_lpsm,218000.0,sb,pr,home,1U,4140.0,EXP,826,EXP,55-64,to_inst,94.72477064,south,direct,0,47.0
148255,2019,cf,Joint,nopre,type1,p1,l1,nopc,nob/c,306500,3.5,-0.1209,1273.12,360.0,not_neg,not_int,not_lpsm,388000.0,sb,sr,home,1U,30600.0,EXP,556,EXP,35-44,not_inst,78.99484536,south,direct,0,26.0
148146,2019,ncf,Female,nopre,type1,p4,l1,nopc,nob/c,356500,4.0,-0.1254,0.0,360.0,not_neg,not_int,not_lpsm,508000.0,sb,pr,home,1U,4500.0,CIB,804,CIB,55-64,not_inst,70.17716535,North,direct,0,48.0
37740,2019,cf,Sex Not Available,nopre,type1,p1,l1,nopc,nob/c,516500,4.375,-0.0325,1852.44,360.0,neg_amm,not_int,not_lpsm,648000.0,sb,pr,home,1U,6480.0,CRIF,622,CIB,35-44,not_inst,79.70679012,south,direct,0,42.0
73245,2019,ncf,Joint,nopre,type1,p4,l1,nopc,nob/c,986500,,,,360.0,neg_amm,not_int,not_lpsm,1418000.0,sb,pr,home,1U,17220.0,CRIF,539,EXP,35-44,not_inst,69.56981664,south,direct,1,38.0
139472,2019,cf,Joint,nopre,type1,p3,l1,nopc,nob/c,326500,3.99,0.4648,3551.92,360.0,not_neg,not_int,not_lpsm,488000.0,sb,pr,home,1U,5400.0,EXP,836,EXP,55-64,to_inst,66.9057377,North,direct,0,49.0
159426,2019,cf,Joint,nopre,type2,p3,l1,nopc,b/c,156500,4.375,1.1424,2141.42,360.0,not_neg,not_int,not_lpsm,208000.0,sb,pr,home,1U,3540.0,EXP,594,EXP,45-54,to_inst,75.24038462,North,direct,0,36.0
170405,2019,cf,Female,nopre,type1,p3,l1,nopc,nob/c,276500,4.18,-0.1453,762.2,360.0,not_neg,not_int,not_lpsm,628000.0,sb,pr,home,1U,8940.0,EXP,691,CIB,65-74,not_inst,44.02866242,central,direct,0,20.0
43450,2019,cf,Sex Not Available,pre,type1,p3,l1,nopc,nob/c,456500,4.75,1.1398,7520.0,360.0,not_neg,not_int,not_lpsm,588000.0,sb,pr,home,1U,6180.0,CIB,718,EXP,35-44,to_inst,77.63605442,south,direct,0,48.0
146920,2019,cf,Sex Not Available,nopre,type1,p4,l1,nopc,nob/c,896500,3.1,-0.3178,348.4,360.0,not_neg,not_int,not_lpsm,1608000.0,sb,pr,home,2U,14160.0,CRIF,761,EXP,55-64,to_inst,55.75248756,south,direct,0,49.0
107806,2019,,Female,nopre,type1,p4,l1,nopc,nob/c,406500,3.875,-0.2194,0.0,360.0,not_neg,not_int,not_lpsm,548000.0,sb,pr,home,1U,4320.0,EXP,718,CIB,55-64,not_inst,74.17883212,south,direct,0,44.0
65411,2019,cf,Male,nopre,type3,p1,l1,nopc,nob/c,596500,3.375,-0.0937,4999.01,360.0,not_neg,not_int,not_lpsm,628000.0,sb,pr,home,2U,6360.0,EXP,725,CIB,25-34,not_inst,94.98407643,North,direct,0,53.0
148455,2019,cf,Sex Not Available,pre,type1,p3,l1,nopc,nob/c,176500,4.56,0.4145,3340.0,360.0,not_neg,not_int,not_lpsm,218000.0,sb,pr,home,1U,2820.0,CIB,694,CIB,65-74,to_inst,80.96330275,south,direct,0,33.0
77849,2019,cf,Female,nopre,type1,p3,l1,nopc,nob/c,346500,3.99,0.3045,3435.0,360.0,not_neg,not_int,not_lpsm,588000.0,sb,pr,home,1U,4920.0,CRIF,646,EXP,45-54,to_inst,58.92857143,North,direct,0,40.0
40430,2019,cf,Female,pre,type1,p4,l1,nopc,nob/c,416500,3.375,-0.4706,728.63,360.0,not_neg,not_int,not_lpsm,1258000.0,sb,pr,home,1U,5160.0,CIB,515,CIB,55-64,not_inst,33.10810811,North,direct,0,47.0
139870,2019,cf,Male,pre,type1,p1,l2,nopc,nob/c,326500,4.5,0.192,1150.0,360.0,not_neg,not_int,not_lpsm,418000.0,sb,pr,home,1U,5280.0,CRIF,704,CIB,45-54,to_inst,78.11004785,south,direct,0,48.0
58023,2019,cf,Sex Not Available,nopre,type1,p3,l1,nopc,nob/c,166500,,,,360.0,neg_amm,not_int,not_lpsm,198000.0,sb,pr,home,1U,3780.0,CIB,622,CIB,55-64,to_inst,84.09090909,south,direct,1,46.0
70041,2019,cf,Female,pre,type1,p1,l1,nopc,nob/c,306500,3.5,0.2681,3244.0,360.0,not_neg,int_only,not_lpsm,318000.0,sb,pr,home,1U,6600.0,EXP,681,CIB,35-44,to_inst,96.3836478,North,direct,0,24.0
164561,2019,cf,Joint,nopre,type1,p4,l1,nopc,nob/c,346500,3.875,0.5564,7252.5,360.0,not_neg,not_int,not_lpsm,388000.0,sb,pr,home,1U,5460.0,EXP,603,EXP,35-44,to_inst,89.30412371,south,direct,0,43.0
127132,2019,cf,Sex Not Available,pre,type1,p1,l1,nopc,nob/c,186500,,,,360.0,not_neg,not_int,not_lpsm,228000.0,sb,pr,home,1U,3120.0,EXP,602,CIB,35-44,to_inst,81.79824561,south,direct,1,38.0
43556,2019,cf,Joint,pre,type1,p3,l1,nopc,nob/c,176500,4.5,1.1478,4308.13,360.0,not_neg,not_int,not_lpsm,238000.0,sb,ir,home,1U,6900.0,CIB,861,EXP,45-54,to_inst,74.15966387,North,direct,0,49.0
112942,2019,cf,Joint,nopre,type1,p2,l1,nopc,nob/c,486500,4.75,0.319,1768.55,360.0,neg_amm,not_int,not_lpsm,1058000.0,sb,ir,home,1U,18600.0,CRIF,634,EXP,55-64,not_inst,45.98298677,south,direct,0,48.0
134738,2019,cf,Joint,nopre,type1,p3,l1,nopc,nob/c,176500,4.75,1.3799,2900.0,240.0,not_neg,not_int,not_lpsm,258000.0,sb,pr,home,1U,3660.0,EXP,555,EXP,55-64,to_inst,68.41085271,south,direct,0,48.0
103081,2019,cf,Sex Not Available,nopre,type3,p3,l1,nopc,nob/c,326500,3.75,0.3426,7780.26,360.0,not_neg,not_int,not_lpsm,338000.0,sb,pr,home,1U,4920.0,CIB,820,EXP,65-74,to_inst,96.59763314,south,direct,0,36.0
163184,2019,cf,Male,nopre,type1,p1,l1,nopc,nob/c,326500,4.375,-0.0334,2170.44,360.0,neg_amm,not_int,not_lpsm,418000.0,sb,pr,home,1U,3600.0,EXP,668,CIB,25-34,not_inst,78.11004785,south,direct,0,48.0
136315,2019,cf,Joint,nopre,type1,p4,l1,nopc,nob/c,386500,3.75,0.0533,0.0,360.0,not_neg,not_int,not_lpsm,1038000.0,sb,pr,home,1U,5460.0,CIB,656,EXP,>74,not_inst,37.23506744,North,direct,0,45.0
113989,2019,cf,Sex Not Available,nopre,type1,p3,l1,nopc,nob/c,386500,3.5,-0.0289,2212.5,360.0,not_neg,not_int,not_lpsm,588000.0,sb,pr,home,1U,4260.0,CIB,629,CIB,45-54,to_inst,65.73129252,south,direct,0,49.0
95406,2019,ncf,Joint,pre,type1,p3,l1,nopc,nob/c,486500,4.5,0.4103,1851.25,360.0,not_neg,not_int,not_lpsm,828000.0,sb,pr,home,1U,9960.0,CIB,881,EXP,55-64,to_inst,58.75603865,North,direct,0,37.0
158128,2019,cf,Female,nopre,type1,p3,l1,nopc,nob/c,256500,3.875,0.9269,5397.5,240.0,not_neg,not_int,not_lpsm,368000.0,sb,pr,home,1U,3240.0,CIB,720,CIB,65-74,to_inst,69.70108696,North,direct,0,42.0
78683,2019,cf,Joint,nopre,type1,p4,l1,nopc,nob/c,216500,3.875,0.83,2623.45,240.0,not_neg,not_int,not_lpsm,308000.0,sb,pr,home,1U,5460.0,EXP,846,EXP,45-54,to_inst,70.29220779,North,direct,0,37.0
159008,2019,cf,Sex Not Available,nopre,type1,p4,l1,nopc,nob/c,186500,3.5,0.0417,,300.0,not_neg,not_int,not_lpsm,248000.0,sb,pr,home,1U,3540.0,CIB,640,CIB,25-34,to_inst,75.2016129,south,direct,0,49.0
140081,2019,ncf,Sex Not Available,nopre,type1,p3,l1,nopc,nob/c,146500,4.75,0.8538,2692.5,360.0,not_neg,not_int,not_lpsm,258000.0,sb,pr,home,1U,1800.0,CRIF,800,CIB,25-34,to_inst,56.78294574,south,direct,0,42.0
142731,2019,cf,Joint,nopre,type1,p4,l1,nopc,nob/c,316500,3.125,-0.0164,401.16,180.0,not_neg,not_int,not_lpsm,948000.0,sb,pr,home,1U,26400.0,CIB,655,EXP,55-64,not_inst,33.38607595,North,direct,0,23.0
134104,2019,cf,Sex Not Available,nopre,type1,p3,l2,opc,nob/c,186500,,,,360.0,not_neg,int_only,lpsm,2928000.0,sb,pr,home,1U,40620.0,CRIF,887,EXP,55-64,to_inst,6.369535519,south,direct,1,44.0
35903,2019,cf,Male,nopre,type1,p3,l1,nopc,nob/c,116500,4.75,1.122,3083.75,180.0,not_neg,not_int,not_lpsm,148000.0,sb,pr,home,1U,7980.0,CIB,624,CIB,45-54,to_inst,78.71621622,North,direct,0,27.0
133979,2019,cf,Female,nopre,type1,p1,l1,nopc,nob/c,196500,4.99,1.1237,3304.27,360.0,not_neg,not_int,not_lpsm,208000.0,sb,pr,home,1U,2520.0,EXP,823,EXP,45-54,not_inst,94.47115385,central,direct,0,44.0
42177,2019,cf,Male,nopre,type3,p1,l1,nopc,nob/c,346500,3.5,-0.2106,5057.39,360.0,not_neg,not_int,not_lpsm,468000.0,sb,pr,home,1U,4320.0,CIB,852,CIB,55-64,to_inst,74.03846154,North,direct,0,42.0
141413,2019,ncf,Joint,nopre,type1,p3,l1,nopc,nob/c,406500,4.375,0.4786,14250.0,360.0,not_neg,not_int,not_lpsm,638000.0,sb,pr,home,2U,4200.0,CRIF,627,EXP,65-74,to_inst,63.71473354,south,direct,0,43.0
97273,2019,cf,Joint,nopre,type1,p4,l1,nopc,nob/c,606500,3.875,0.1229,0.0,360.0,not_neg,not_int,not_lpsm,818000.0,sb,pr,home,1U,12360.0,CRIF,519,EXP,35-44,not_inst,74.14425428,North,direct,0,25.0
145127,2019,cf,Female,nopre,type1,p4,l1,nopc,nob/c,356500,3.75,0.1063,1688.75,360.0,not_neg,not_int,not_lpsm,448000.0,sb,pr,home,1U,5580.0,CIB,774,CIB,35-44,to_inst,79.57589286,North,direct,0,36.0
131756,2019,cf,Joint,nopre,type3,p3,l1,nopc,nob/c,166500,2.99,-0.5596,5427.5,360.0,not_neg,not_int,not_lpsm,168000.0,sb,pr,home,1U,2400.0,EXP,887,EXP,>74,to_inst,99.10714286,North,direct,0,35.0
173082,2019,cf,Joint,nopre,type1,p3,l1,nopc,nob/c,296500,3.5,-0.0451,5871.68,360.0,not_neg,not_int,not_lpsm,778000.0,sb,pr,home,1U,4920.0,CRIF,530,EXP,65-74,not_inst,38.11053985,North,direct,0,31.0
33541,2019,cf,Sex Not Available,nopre,type1,p1,l1,nopc,nob/c,176500,3.5,-0.2659,2604.0,360.0,not_neg,not_int,not_lpsm,248000.0,sb,sr,home,1U,14940.0,CRIF,598,EXP,45-54,to_inst,71.16935484,south,direct,0,9.0
52210,2019,cf,Female,nopre,type1,p3,l1,nopc,nob/c,366500,4.75,0.5178,9900.0,360.0,not_neg,not_int,not_lpsm,488000.0,sb,pr,home,1U,4980.0,CIB,887,CIB,55-64,to_inst,75.10245902,North,direct,0,37.0
142286,2019,cf,Sex Not Available,nopre,type1,p1,l1,nopc,nob/c,186500,4.75,1.242,5386.0,360.0,not_neg,not_int,not_lpsm,238000.0,sb,pr,home,1U,7680.0,EXP,839,EXP,45-54,to_inst,78.36134454,south,direct,0,31.0
64571,2019,cf,Sex Not Available,nopre,type1,p3,l1,nopc,nob/c,286500,4.56,0.2942,1150.0,336.0,not_neg,not_int,not_lpsm,468000.0,sb,pr,home,1U,5460.0,CIB,787,CIB,55-64,to_inst,61.21794872,south,direct,0,31.0
109110,2019,cf,Sex Not Available,nopre,type1,p4,l1,nopc,nob/c,216500,3.375,0.4609,2346.0,180.0,not_neg,not_int,not_lpsm,278000.0,sb,pr,home,1U,6000.0,CIB,666,CIB,45-54,to_inst,77.87769784,south,direct,0,31.0
55303,2019,cf,Female,nopre,type1,p3,l1,nopc,nob/c,126500,4.99,0.7384,3550.0,360.0,not_neg,not_int,not_lpsm,158000.0,sb,pr,home,1U,2100.0,EXP,598,CIB,65-74,to_inst,80.06329114,North,direct,0,43.0
100493,2019,cf,Joint,pre,type1,p1,l1,nopc,nob/c,556500,4.375,-0.0359,0.0,360.0,not_neg,not_int,not_lpsm,898000.0,sb,sr,home,1U,32160.0,CIB,655,EXP,45-54,not_inst,61.97104677,North,direct,0,36.0
77523,2019,cf,Joint,nopre,type1,p1,l1,nopc,nob/c,476500,5.125,1.1535,5357.6,360.0,not_neg,not_int,not_lpsm,638000.0,sb,ir,home,1U,11400.0,CRIF,812,EXP,35-44,not_inst,74.68652038,south,direct,0,47.0
95327,2019,cf,Female,nopre,type1,p4,l1,nopc,nob/c,306500,4.25,0.6709,2770.0,360.0,not_neg,not_int,not_lpsm,388000.0,sb,pr,home,1U,7980.0,CIB,798,CIB,55-64,to_inst,78.99484536,North,direct,0,30.0
147753,2019,cf,Joint,nopre,type1,p3,l1,nopc,nob/c,446500,4.18,0.1285,313.04,360.0,not_neg,not_int,not_lpsm,758000.0,sb,pr,home,1U,7500.0,EXP,812,EXP,35-44,not_inst,58.90501319,south,direct,0,48.0
133173,2019,cf,Male,nopre,type1,p4,l1,nopc,nob/c,546500,3.625,0.007,3250.0,360.0,not_neg,not_int,not_lpsm,638000.0,sb,pr,home,1U,6180.0,CIB,880,CIB,25-34,not_inst,85.65830721,south,direct,0,38.0
51549,2019,cf,Joint,nopre,type1,p1,l1,nopc,nob/c,426500,,,,360.0,neg_amm,not_int,not_lpsm,718000.0,sb,ir,home,1U,6900.0,CIB,525,EXP,55-64,to_inst,59.40111421,North,direct,1,15.0
151485,2019,cf,Male,pre,type1,p3,l1,nopc,nob/c,206500,4.5,0.8304,2270.0,360.0,not_neg,not_int,not_lpsm,258000.0,sb,pr,home,1U,3780.0,CIB,794,CIB,45-54,to_inst,80.03875969,south,direct,0,44.0
124236,2019,cf,Sex Not Available,pre,type2,p3,l1,nopc,b/c,286500,,,,360.0,not_neg,not_int,not_lpsm,338000.0,sb,pr,home,1U,3600.0,CIB,583,CIB,25-34,to_inst,84.76331361,south,direct,1,45.0
83522,2019,cf,Male,nopre,type1,p4,l1,nopc,nob/c,346500,3.5,-0.148,0.0,360.0,neg_amm,not_int,not_lpsm,668000.0,sb,pr,home,1U,4140.0,EXP,845,CIB,55-64,not_inst,51.87125749,south,direct,0,40.0
140919,2019,ncf,Joint,nopre,type1,p4,l1,nopc,nob/c,596500,4.25,0.166,1390.0,360.0,not_neg,not_int,not_lpsm,868000.0,sb,pr,home,1U,11640.0,EXP,839,EXP,45-54,not_inst,68.72119816,North,direct,0,46.0
171675,2019,cf,Sex Not Available,pre,type1,p4,l1,nopc,nob/c,236500,4.25,0.7499,,360.0,not_neg,not_int,not_lpsm,358000.0,sb,pr,home,1U,4140.0,CRIF,592,CIB,55-64,to_inst,66.06145251,south,direct,0,34.0
157694,2019,cf,Joint,nopre,type1,p1,l1,nopc,nob/c,266500,4.125,1.1471,4715.0,360.0,not_neg,not_int,not_lpsm,288000.0,sb,pr,home,1U,5280.0,CIB,761,EXP,55-64,not_inst,92.53472222,central,direct,0,37.0
27987,2019,cf,Male,pre,type1,p3,l1,nopc,nob/c,296500,3.99,0.6398,9062.5,360.0,not_neg,not_int,not_lpsm,418000.0,sb,pr,home,1U,3720.0,EXP,707,CIB,65-74,to_inst,70.93301435,North,direct,0,34.0
163077,2019,cf,Sex Not Available,pre,type1,p3,l1,nopc,nob/c,546500,,,,360.0,not_neg,not_int,not_lpsm,878000.0,sb,pr,home,1U,10320.0,CRIF,560,CIB,45-54,to_inst,62.24373576,south,direct,1,39.0
29109,2019,cf,Joint,nopre,type1,p3,l1,nopc,nob/c,396500,4.125,1.2671,10890.0,216.0,not_neg,not_int,not_lpsm,508000.0,sb,pr,home,1U,4440.0,CRIF,791,EXP,45-54,to_inst,78.0511811,North,direct,0,49.0
153202,2019,cf,Sex Not Available,nopre,type1,p3,l1,nopc,nob/c,366500,3.625,-0.0786,3050.0,360.0,not_neg,not_int,not_lpsm,608000.0,sb,pr,home,1U,7440.0,EXP,568,EXP,35-44,to_inst,60.27960526,south,direct,0,20.0
148139,2019,cf,Joint,nopre,type1,p4,l1,nopc,nob/c,306500,3.125,0.0365,1425.14,156.0,not_neg,not_int,not_lpsm,458000.0,sb,pr,home,1U,9600.0,CRIF,613,EXP,35-44,not_inst,66.92139738,North,direct,0,36.0
130790,2019,cf,Joint,nopre,type1,p4,l1,nopc,nob/c,396500,4.125,0.2487,583.42,360.0,not_neg,not_int,not_lpsm,438000.0,sb,pr,home,1U,5940.0,CIB,699,EXP,55-64,not_inst,90.52511416,south,direct,0,45.0
40951,2019,cf,Female,nopre,type1,p4,l1,nopc,nob/c,416500,3.5,-0.2657,322.55,360.0,not_neg,not_int,not_lpsm,908000.0,sb,pr,home,1U,11700.0,CIB,717,EXP,65-74,not_inst,45.87004405,North,direct,0,21.0
153433,2019,cf,Male,nopre,type1,p4,l1,nopc,nob/c,366500,,,,360.0,neg_amm,not_int,not_lpsm,568000.0,sb,sr,home,1U,48300.0,CRIF,732,CIB,55-64,to_inst,64.52464789,North,direct,1,16.0
73673,2019,cf,Female,nopre,type1,p3,l1,nopc,nob/c,286500,4.375,0.8196,6550.0,180.0,not_neg,not_int,not_lpsm,368000.0,sb,pr,home,1U,5100.0,CIB,810,CIB,55-64,to_inst,77.85326087,south,direct,0,30.0
102673,2019,cf,Male,nopre,type1,p4,l1,nopc,nob/c,536500,3.99,0.1639,1250.0,360.0,not_neg,int_only,not_lpsm,648000.0,sb,pr,home,1U,8700.0,CRIF,629,CIB,25-34,to_inst,82.79320988,North,direct,0,25.0
59700,2019,cf,Male,nopre,type1,p4,l1,nopc,nob/c,76500,3.99,1.378,2622.8,180.0,not_neg,not_int,not_lpsm,338000.0,sb,pr,home,1U,5760.0,EXP,845,EXP,55-64,to_inst,22.63313609,North,direct,0,14.0
48865,2019,cf,Female,nopre,type1,p4,l1,nopc,nob/c,286500,,,,360.0,not_neg,not_int,not_lpsm,488000.0,sb,pr,home,1U,2160.0,EXP,524,EXP,45-54,not_inst,58.70901639,North,direct,1,49.0
132929,2019,cf,Joint,nopre,type1,p4,l1,nopc,nob/c,606500,4.0,-0.1709,1925.0,360.0,neg_amm,not_int,not_lpsm,958000.0,sb,pr,home,1U,19500.0,EXP,779,EXP,45-54,not_inst,63.30897704,south,direct,0,26.0
40040,2019,cf,Joint,nopre,type1,p3,l1,nopc,nob/c,156500,4.25,0.0811,4950.27,360.0,not_neg,not_int,not_lpsm,328000.0,sb,pr,home,1U,4740.0,CIB,761,EXP,55-64,to_inst,47.71341463,North,direct,0,33.0
52870,2019,cf,Joint,nopre,type1,p4,l2,nopc,nob/c,566500,4.75,1.1221,,360.0,not_neg,not_int,not_lpsm,738000.0,sb,pr,home,1U,9480.0,CIB,566,EXP,55-64,to_inst,76.76151762,south,direct,0,40.0
98861,2019,cf,Male,pre,type1,p3,l1,nopc,nob/c,106500,4.875,1.4182,3116.0,360.0,not_neg,not_int,not_lpsm,148000.0,sb,pr,home,1U,2100.0,EXP,775,CIB,55-64,to_inst,71.95945946,North,direct,0,20.0
79384,2019,cf,Joint,nopre,type1,p1,l2,nopc,nob/c,246500,4.75,0.5515,0.0,360.0,not_neg,not_int,not_lpsm,258000.0,sb,pr,home,1U,3300.0,CRIF,662,EXP,65-74,not_inst,95.54263566,North,direct,0,44.0
49129,2019,cf,Sex Not Available,,type1,p4,l1,nopc,nob/c,336500,3.99,0.4621,3318.51,360.0,not_neg,int_only,not_lpsm,478000.0,sb,pr,home,1U,4980.0,CRIF,572,EXP,45-54,to_inst,70.39748954,south,direct,0,37.0
48002,2019,cf,Female,pre,type3,p3,l1,nopc,nob/c,306500,4.5,0.6394,0.0,360.0,not_neg,not_int,not_lpsm,538000.0,sb,pr,home,1U,3240.0,CIB,606,CIB,45-54,to_inst,56.97026022,south,direct,0,44.0
132027,2019,cf,Sex Not Available,nopre,type1,p4,l1,nopc,nob/c,296500,3.99,0.4685,3188.95,360.0,not_neg,not_int,not_lpsm,418000.0,sb,pr,home,1U,7020.0,CRIF,888,EXP,65-74,to_inst,70.93301435,south,direct,0,35.0
99675,2019,cf,Sex Not Available,nopre,type2,p3,l1,nopc,b/c,156500,3.99,1.1147,2622.65,360.0,neg_amm,not_int,not_lpsm,188000.0,sb,pr,home,1U,2100.0,CIB,570,CIB,65-74,to_inst,83.24468085,south,direct,0,39.0
140616,2019,cf,Sex Not Available,nopre,type1,p3,l1,nopc,nob/c,336500,3.5,0.591,9116.0,240.0,not_neg,not_int,not_lpsm,648000.0,sb,pr,home,1U,6660.0,CIB,706,CIB,35-44,to_inst,51.92901235,south,direct,0,22.0
129963,2019,cf,Male,nopre,type1,p4,l1,nopc,nob/c,266500,3.5,-0.0904,295.0,360.0,not_neg,not_int,not_lpsm,378000.0,sb,pr,home,1U,8160.0,CRIF,680,CIB,25-34,to_inst,70.5026455,North,direct,0,10.0
68983,2019,cf,Sex Not Available,nopre,type1,p3,l2,nopc,nob/c,216500,4.25,0.3422,5630.4,360.0,not_neg,not_int,not_lpsm,328000.0,sb,pr,home,1U,3840.0,CIB,749,CIB,35-44,to_inst,66.00609756,south,direct,0,33.0
52284,2019,cf,Male,pre,type1,p1,l1,nopc,nob/c,166500,,,,360.0,not_neg,not_int,not_lpsm,168000.0,sb,pr,home,1U,4800.0,CRIF,508,CIB,25-34,to_inst,99.10714286,North,direct,1,30.0
43588,2019,cf,Joint,nopre,type1,p4,l1,nopc,nob/c,636500,3.69,0.032,5285.0,360.0,not_neg,not_int,not_lpsm,1198000.0,sb,pr,home,1U,10860.0,CRIF,860,EXP,45-54,not_inst,53.13021703,south,direct,0,38.0
170374,2019,cf,Male,nopre,type1,p4,l1,nopc,nob/c,506500,4.0,0.2691,1618.48,360.0,not_neg,not_int,not_lpsm,678000.0,sb,pr,home,1U,7380.0,EXP,668,CIB,55-64,not_inst,74.70501475,North,direct,0,46.0
76964,2019,cf,Joint,nopre,type1,p4,l1,nopc,nob/c,226500,4.875,0.5186,1403.18,360.0,not_neg,int_only,not_lpsm,328000.0,sb,ir,home,1U,10440.0,EXP,749,EXP,55-64,not_inst,69.05487805,south,direct,0,41.0
115458,2019,cf,Male,nopre,type2,p3,l1,nopc,b/c,86500,4.25,1.1266,2458.07,360.0,not_neg,not_int,not_lpsm,108000.0,sb,pr,home,1U,2520.0,EXP,598,CIB,65-74,to_inst,80.09259259,North,direct,0,45.0
68198,2019,cf,Male,nopre,type1,p4,l1,nopc,nob/c,356500,4.125,0.387,0.0,360.0,not_neg,not_int,not_lpsm,528000.0,sb,pr,home,1U,8520.0,CIB,540,CIB,45-54,not_inst,67.51893939,North,direct,0,22.0
29606,2019,cf,Male,nopre,type1,p4,l1,nopc,nob/c,186500,3.75,0.7539,1250.0,228.0,not_neg,not_int,not_lpsm,258000.0,sb,pr,home,1U,5940.0,EXP,699,CIB,45-54,to_inst,72.28682171,North,direct,0,6.0
110264,2019,cf,Male,nopre,type1,p2,l1,nopc,nob/c,176500,,,,360.0,not_neg,not_int,not_lpsm,308000.0,sb,pr,home,1U,2520.0,CIB,898,CIB,25-34,not_inst,57.30519481,North,direct,1,40.0
51351,2019,cf,Sex Not Available,pre,type1,p1,l1,nopc,nob/c,516500,3.65,-0.1381,0.0,360.0,not_neg,not_int,not_lpsm,868000.0,sb,pr,home,1U,14160.0,CIB,667,EXP,>74,to_inst,59.50460829,south,direct,0,29.0
40070,2019,cf,Male,nopre,type1,p4,l1,nopc,nob/c,316500,3.875,0.2681,900.88,360.0,not_neg,not_int,not_lpsm,338000.0,sb,pr,home,1U,5940.0,CRIF,812,CIB,25-34,not_inst,93.63905325,south,direct,0,21.0
52004,2019,cf,Sex Not Available,nopre,type2,p3,l1,nopc,b/c,66500,3.75,1.2872,2451.9,360.0,not_neg,not_int,not_lpsm,278000.0,sb,pr,home,1U,2640.0,CRIF,572,CIB,55-64,to_inst,23.92086331,south,direct,0,31.0
78978,2019,cf,Sex Not Available,nopre,type1,p1,l1,nopc,nob/c,96500,,,,360.0,neg_amm,not_int,not_lpsm,128000.0,sb,ir,home,1U,10080.0,CIB,575,EXP,65-74,to_inst,75.390625,south,direct,1,40.0
166616,2019,cf,Joint,nopre,type1,p4,l1,nopc,nob/c,456500,3.875,-0.1388,2546.0,180.0,not_neg,not_int,not_lpsm,688000.0,sb,pr,home,1U,17700.0,CRIF,819,EXP,45-54,not_inst,66.35174419,North,direct,0,32.0
124731,2019,cf,Sex Not Available,nopre,type1,p3,l1,nopc,nob/c,86500,4.75,1.2607,2755.0,360.0,not_neg,not_int,not_lpsm,158000.0,sb,pr,home,1U,2040.0,CRIF,836,EXP,65-74,to_inst,54.74683544,south,direct,0,30.0
71751,2019,cf,Sex Not Available,nopre,type1,p4,l1,nopc,nob/c,436500,3.625,0.4739,795.0,240.0,not_neg,not_int,not_lpsm,888000.0,sb,pr,home,1U,9420.0,EXP,710,CIB,45-54,to_inst,49.15540541,south,direct,0,40.0
149501,2019,ncf,Sex Not Available,nopre,type1,p1,l1,nopc,nob/c,566500,3.75,0.0401,4513.51,360.0,not_neg,not_int,not_lpsm,748000.0,sb,pr,home,1U,10440.0,CRIF,743,CIB,45-54,to_inst,75.73529412,south,direct,0,36.0
47551,2019,cf,Joint,pre,type2,p1,l1,nopc,b/c,396500,3.375,0.7135,3958.55,360.0,not_neg,not_int,not_lpsm,408000.0,sb,pr,home,1U,5280.0,CRIF,772,EXP,35-44,not_inst,97.18137255,North,direct,0,53.0
112236,2019,cf,Sex Not Available,nopre,type1,p3,l1,nopc,nob/c,296500,4.5,0.3242,7050.0,312.0,not_neg,not_int,not_lpsm,418000.0,sb,pr,home,1U,6120.0,CIB,785,EXP,55-64,to_inst,70.93301435,south,direct,0,32.0
137053,2019,cf,Male,nopre,type1,p1,l1,nopc,nob/c,136500,,,,360.0,not_neg,not_int,not_lpsm,148000.0,sb,pr,home,1U,3900.0,CIB,894,EXP,55-64,to_inst,92.22972973,North,direct,1,48.0
89211,2019,cf,Joint,pre,type1,p1,l1,nopc,nob/c,386500,3.75,0.2018,8975.0,360.0,not_neg,not_int,not_lpsm,518000.0,sb,pr,home,1U,6000.0,CRIF,787,EXP,25-34,to_inst,74.61389961,central,direct,0,32.0
120910,2019,cf,Joint,nopre,type1,p4,l1,nopc,nob/c,556500,3.875,0.38,0.0,360.0,not_neg,not_int,not_lpsm,598000.0,sb,pr,home,1U,16080.0,CRIF,522,EXP,35-44,not_inst,93.06020067,North,direct,0,15.0
86915,2019,cf,Joint,pre,type2,p1,l1,nopc,b/c,96500,,,,360.0,not_neg,not_int,not_lpsm,108000.0,sb,pr,home,1U,5220.0,EXP,627,EXP,25-34,to_inst,89.35185185,North,direct,1,45.0
130696,2019,cf,Female,nopre,type1,p1,l1,nopc,nob/c,406500,,,,360.0,not_neg,not_int,not_lpsm,518000.0,sb,pr,home,1U,12420.0,CRIF,773,EXP,45-54,not_inst,78.47490347,central,direct,1,54.0
126026,2019,cf,Male,pre,type1,p3,l1,nopc,nob/c,476500,3.99,0.3061,4225.0,360.0,not_neg,not_int,not_lpsm,668000.0,sb,pr,home,1U,8280.0,CRIF,509,CIB,45-54,to_inst,71.33233533,North,direct,0,26.0
78050,2019,cf,Male,nopre,type1,p3,l1,nopc,nob/c,136500,4.375,0.5254,4422.5,360.0,not_neg,not_int,not_lpsm,508000.0,sb,pr,home,1U,2760.0,CRIF,800,EXP,>74,to_inst,26.87007874,south,direct,0,36.0
136727,2019,cf,Male,nopre,type1,p1,l1,nopc,nob/c,556500,3.99,0.2392,295.0,360.0,not_neg,not_int,not_lpsm,698000.0,sb,pr,home,1U,9780.0,CIB,507,CIB,35-44,to_inst,79.7277937,south,direct,0,48.0
81596,2019,cf,Female,nopre,type2,p3,l1,nopc,b/c,106500,3.875,0.7939,,360.0,not_neg,not_int,not_lpsm,188000.0,sb,pr,home,1U,1740.0,CIB,844,EXP,65-74,to_inst,56.64893617,south,direct,0,44.0
155832,2019,cf,Female,nopre,type1,p3,l1,nopc,nob/c,176500,,,,360.0,not_neg,not_int,not_lpsm,238000.0,sb,pr,home,1U,9180.0,CIB,797,CIB,55-64,not_inst,74.15966387,central,direct,1,33.0
79403,2019,cf,Male,nopre,type1,p3,l1,nopc,nob/c,196500,3.99,0.0547,4277.1,360.0,not_neg,not_int,not_lpsm,328000.0,sb,pr,home,1U,2880.0,CIB,592,CIB,45-54,not_inst,59.90853659,North,direct,0,37.0
148708,2019,cf,Male,nopre,type1,p4,l1,nopc,nob/c,436500,,,,360.0,not_neg,not_int,not_lpsm,548000.0,sb,ir,home,1U,9600.0,CIB,678,CIB,35-44,not_inst,79.65328467,North,direct,1,53.0
142023,2019,ncf,Sex Not Available,pre,type1,p1,l1,nopc,nob/c,456500,4.625,0.6049,4070.31,360.0,not_neg,not_int,not_lpsm,478000.0,sb,pr,home,1U,6480.0,CIB,804,CIB,35-44,to_inst,95.50209205,south,direct,0,32.0
146209,2019,cf,Joint,nopre,type3,p3,l1,nopc,nob/c,166500,3.99,0.9903,5040.8,240.0,not_neg,not_int,not_lpsm,178000.0,sb,pr,home,1U,4680.0,CRIF,694,EXP,65-74,to_inst,93.53932584,North,direct,0,56.0
95789,2019,cf,Joint,nopre,type1,p1,l1,nopc,nob/c,276500,4.75,1.2647,9350.0,360.0,not_neg,not_int,not_lpsm,338000.0,sb,ir,home,1U,26100.0,CRIF,576,EXP,45-54,to_inst,81.80473373,central,direct,0,37.0
119178,2019,cf,Male,nopre,type1,p1,l1,nopc,nob/c,396500,3.99,-0.0982,12535.0,360.0,not_neg,not_int,not_lpsm,448000.0,sb,pr,home,1U,6780.0,CIB,771,CIB,35-44,to_inst,88.50446429,south,direct,0,21.0
42636,2019,,Joint,nopre,type1,p1,l1,nopc,nob/c,286500,4.56,1.084,0.0,360.0,not_neg,not_int,not_lpsm,298000.0,sb,pr,home,1U,6000.0,CRIF,636,EXP,35-44,not_inst,96.1409396,North,direct,0,49.0
143023,2019,cf,Joint,nopre,type1,p4,l1,nopc,nob/c,366500,3.5,0.4715,5401.25,180.0,not_neg,not_int,not_lpsm,508000.0,sb,pr,home,1U,12540.0,CRIF,877,EXP,55-64,to_inst,72.14566929,North,direct,0,33.0
72239,2019,cf,Male,nopre,type1,p4,l1,nopc,nob/c,376500,,,,360.0,not_neg,not_int,not_lpsm,488000.0,sb,pr,home,1U,12000.0,CRIF,528,CIB,25-34,to_inst,77.15163934,North,direct,1,23.0
149509,2019,cf,Female,nopre,type1,p4,l1,nopc,nob/c,176500,4.75,0.0679,795.0,360.0,not_neg,not_int,not_lpsm,618000.0,sb,pr,home,1U,4560.0,CIB,685,CIB,65-74,to_inst,28.55987055,south,direct,0,32.0
44992,2019,cf,Male,nopre,type1,p3,l1,nopc,nob/c,156500,3.99,0.5747,2436.0,360.0,not_neg,not_int,not_lpsm,198000.0,sb,pr,home,1U,2460.0,CIB,596,CIB,55-64,not_inst,79.04040404,North,direct,0,34.0
125899,2019,cf,Sex Not Available,nopre,type1,p4,l1,nopc,nob/c,286500,3.5,0.3672,9068.25,300.0,not_neg,not_int,not_lpsm,338000.0,sb,pr,home,1U,4920.0,EXP,661,EXP,35-44,to_inst,84.76331361,south,direct,0,23.0
67492,2019,cf,Joint,pre,type1,p3,l1,nopc,nob/c,126500,4.375,0.8888,3812.0,360.0,not_neg,not_int,not_lpsm,208000.0,sb,pr,home,1U,2520.0,CRIF,692,EXP,55-64,to_inst,60.81730769,North,direct,0,21.0
117764,2019,cf,Sex Not Available,nopre,type1,p4,l1,nopc,nob/c,566500,3.5,-0.028,0.0,360.0,not_neg,int_only,not_lpsm,758000.0,sb,pr,home,1U,6360.0,CIB,803,CIB,35-44,not_inst,74.73614776,south,direct,0,42.0
146328,2019,cf,Female,nopre,type1,p3,l1,nopc,nob/c,126500,4.75,1.3629,2178.13,360.0,not_neg,not_int,not_lpsm,168000.0,sb,pr,home,1U,1920.0,EXP,670,CIB,65-74,to_inst,75.29761905,North,direct,0,44.0
167810,2019,cf,Joint,nopre,type1,p1,l1,nopc,nob/c,596500,3.69,-0.0472,1195.07,360.0,not_neg,not_int,not_lpsm,698000.0,sb,pr,home,1U,11880.0,EXP,885,EXP,25-34,not_inst,85.45845272,central,direct,0,27.0
69171,2019,cf,Joint,,type1,p1,l1,nopc,nob/c,586500,3.5,-0.0701,0.0,360.0,not_neg,int_only,not_lpsm,658000.0,sb,pr,home,1U,10620.0,CRIF,777,EXP,25-34,not_inst,89.1337386,North,direct,0,35.0
125463,2019,cf,Male,nopre,type1,p4,l2,nopc,nob/c,676500,4.25,0.5278,49.44,360.0,not_neg,not_int,not_lpsm,768000.0,sb,pr,home,1U,11640.0,EXP,793,EXP,25-34,not_inst,88.0859375,North,direct,0,33.0
63344,2019,cf,Female,pre,type1,p1,l1,nopc,nob/c,56500,,,,360.0,not_neg,not_int,not_lpsm,68000.0,sb,pr,home,1U,1920.0,CIB,570,CIB,35-44,to_inst,83.08823529,North,direct,1,36.0
93937,2019,cf,Sex Not Available,nopre,type1,p3,l1,nopc,nob/c,286500,,,,360.0,not_neg,not_int,lpsm,358000.0,sb,pr,home,1U,6240.0,CIB,761,CIB,35-44,to_inst,80.02793296,south,direct,1,34.0
95862,2019,cf,Sex Not Available,nopre,type1,p4,l1,nopc,nob/c,266500,,,,360.0,not_neg,not_int,not_lpsm,328000.0,sb,pr,home,1U,2760.0,CRIF,854,CIB,65-74,to_inst,81.25,south,direct,1,43.0
81378,2019,cf,Sex Not Available,pre,type3,p3,l1,nopc,nob/c,256500,,,,360.0,not_neg,not_int,not_lpsm,288000.0,sb,pr,home,1U,3180.0,CRIF,639,CIB,45-54,to_inst,89.0625,south,direct,1,44.0
133334,2019,cf,Sex Not Available,nopre,type2,p3,l1,nopc,b/c,216500,3.5,0.7028,6614.28,360.0,not_neg,not_int,not_lpsm,268000.0,sb,pr,home,1U,2940.0,CRIF,822,EXP,65-74,to_inst,80.78358209,south,direct,0,48.0
135232,2019,cf,Male,nopre,type1,p3,l1,nopc,nob/c,136500,2.875,0.2669,3882.5,180.0,not_neg,not_int,not_lpsm,228000.0,sb,pr,home,1U,2220.0,EXP,875,CIB,55-64,to_inst,59.86842105,North,direct,0,33.0
153036,2019,ncf,Male,nopre,type1,p3,l1,nopc,nob/c,296500,4.875,0.8331,809.56,360.0,not_neg,not_int,not_lpsm,378000.0,sb,pr,home,1U,6660.0,CRIF,743,CIB,55-64,not_inst,78.43915344,south,direct,0,45.0
137719,2019,cf,Joint,nopre,type1,p3,l1,nopc,nob/c,426500,6.125,1.457,0.0,360.0,not_neg,not_int,not_lpsm,538000.0,sb,pr,home,1U,12180.0,CRIF,575,EXP,35-44,not_inst,79.27509294,North,direct,0,20.0
151531,2019,cf,Sex Not Available,nopre,type1,p3,l1,nopc,nob/c,256500,4.56,0.5259,3240.5,360.0,not_neg,not_int,not_lpsm,468000.0,sb,pr,home,1U,3060.0,CRIF,726,EXP,65-74,to_inst,54.80769231,south,direct,0,48.0
124490,2019,cf,Sex Not Available,nopre,type1,p1,l1,nopc,nob/c,466500,4.0,0.1489,914.62,360.0,not_neg,not_int,not_lpsm,628000.0,sb,ir,home,1U,11940.0,EXP,534,EXP,35-44,not_inst,74.28343949,south,direct,0,40.0
123773,2019,cf,Female,nopre,type1,p4,l1,nopc,nob/c,706500,3.5,0.0701,7080.0,360.0,not_neg,not_int,not_lpsm,798000.0,sb,pr,home,1U,10380.0,EXP,735,CIB,35-44,not_inst,88.53383459,North,direct,0,38.0
86167,2019,cf,Joint,nopre,type1,p3,l2,nopc,nob/c,236500,4.375,0.2384,909.04,360.0,not_neg,not_int,not_lpsm,318000.0,sb,pr,home,1U,5820.0,CIB,725,EXP,65-74,not_inst,74.37106918,North,direct,0,42.0
37355,2019,cf,Sex Not Available,nopre,type3,p3,l1,nopc,nob/c,396500,3.625,0.1821,492.75,360.0,not_neg,not_int,not_lpsm,438000.0,sb,pr,home,1U,14880.0,CIB,759,EXP,35-44,to_inst,90.52511416,south,direct,0,39.0
166073,2019,cf,Sex Not Available,nopre,type1,p3,l1,nopc,nob/c,316500,4.875,0.5975,,360.0,not_neg,not_int,not_lpsm,398000.0,sb,pr,home,1U,3720.0,EXP,590,CIB,65-74,to_inst,79.52261307,south,direct,0,49.0
41755,2019,cf,Joint,nopre,type1,p3,l1,nopc,nob/c,306500,3.5,0.6668,4479.11,180.0,neg_amm,not_int,not_lpsm,478000.0,sb,ir,home,1U,8220.0,CRIF,666,EXP,45-54,not_inst,64.12133891,North,direct,0,36.0
164262,2019,ncf,Joint,nopre,type1,p3,l1,nopc,nob/c,646500,4.875,0.9668,12450.0,360.0,not_neg,not_int,not_lpsm,918000.0,sb,pr,home,1U,9300.0,CRIF,577,EXP,45-54,to_inst,70.4248366,North,direct,0,44.0
170655,2019,cf,Joint,nopre,type1,p4,l1,nopc,nob/c,716500,3.99,0.3682,0.0,240.0,not_neg,not_int,not_lpsm,778000.0,sb,pr,home,1U,14640.0,CRIF,674,EXP,35-44,not_inst,92.09511568,North,direct,0,37.0
66940,2019,cf,Sex Not Available,nopre,type1,p3,l1,nopc,nob/c,136500,3.99,0.5185,4075.0,360.0,not_neg,not_int,not_lpsm,258000.0,sb,pr,home,1U,4320.0,EXP,531,CIB,45-54,to_inst,52.90697674,south,direct,0,34.0
115694,2019,cf,Female,nopre,type1,p1,l1,nopc,nob/c,256500,3.125,0.013,6900.0,180.0,not_neg,not_int,not_lpsm,268000.0,sb,pr,home,1U,7800.0,CRIF,632,CIB,<25,not_inst,95.70895522,North,direct,0,6.0
60301,2019,cf,Sex Not Available,pre,type1,p4,l1,nopc,nob/c,126500,4.25,0.0028,3634.46,360.0,neg_amm,not_int,not_lpsm,268000.0,sb,pr,home,1U,6420.0,CIB,739,CIB,45-54,to_inst,47.20149254,south,direct,0,7.0
166831,2019,cf,Male,nopre,type2,p1,l1,nopc,b/c,196500,3.5,0.846,6041.98,360.0,not_neg,not_int,not_lpsm,198000.0,sb,pr,home,1U,3660.0,CIB,566,CIB,25-34,to_inst,99.24242424,North,direct,0,27.0
61112,2019,cf,Joint,pre,type1,p1,l1,nopc,nob/c,346500,4.25,0.6423,3480.0,360.0,not_neg,not_int,not_lpsm,438000.0,sb,pr,home,1U,6840.0,CRIF,867,EXP,25-34,to_inst,79.10958904,south,direct,0,33.0
92150,2019,cf,Sex Not Available,nopre,type1,p3,l1,nopc,nob/c,216500,4.625,0.6584,4670.34,360.0,not_neg,not_int,not_lpsm,288000.0,sb,pr,home,1U,2160.0,CIB,680,CIB,65-74,to_inst,75.17361111,south,direct,0,44.0
61540,2019,ncf,Joint,nopre,type1,p4,l1,nopc,nob/c,276500,3.875,0.1382,0.0,180.0,neg_amm,not_int,not_lpsm,808000.0,sb,pr,home,1U,9600.0,EXP,786,EXP,55-64,not_inst,34.22029703,North,direct,0,30.0
149669,2019,cf,Sex Not Available,nopre,type1,p3,l1,nopc,nob/c,476500,4.5,0.8869,8985.0,360.0,not_neg,not_int,not_lpsm,598000.0,sb,pr,home,1U,16260.0,CRIF,765,CIB,65-74,to_inst,79.68227425,south,direct,0,42.0
49472,2019,cf,Sex Not Available,nopre,type1,p3,l1,nopc,nob/c,186500,4.375,1.0984,3229.77,180.0,not_neg,not_int,not_lpsm,268000.0,sb,pr,home,1U,4620.0,CRIF,747,EXP,45-54,to_inst,69.58955224,south,direct,0,60.0
129811,2019,cf,Joint,nopre,type3,p1,l1,nopc,nob/c,706500,3.5,-0.0994,0.0,360.0,not_neg,not_int,not_lpsm,708000.0,sb,pr,home,1U,12000.0,CRIF,526,EXP,25-34,not_inst,99.78813559,south,direct,0,49.0
128901,2019,cf,Joint,nopre,type1,p4,l1,nopc,nob/c,176500,3.75,0.1486,4888.56,360.0,not_neg,not_int,not_lpsm,428000.0,sb,pr,home,1U,3840.0,CIB,680,EXP,>74,to_inst,41.23831776,North,direct,0,22.0
104891,2019,cf,Sex Not Available,nopre,type1,p4,l1,nopc,nob/c,586500,4.375,-0.173,0.0,360.0,,not_int,not_lpsm,888000.0,sb,pr,home,1U,6660.0,CIB,611,CIB,35-44,not_inst,66.0472973,south,direct,0,49.0
96200,2019,cf,Joint,nopre,type1,p1,l1,nopc,nob/c,496500,3.99,-0.0054,0.0,360.0,not_neg,not_int,not_lpsm,638000.0,sb,pr,home,1U,10920.0,CIB,637,EXP,35-44,not_inst,77.82131661,south,direct,0,22.0
39983,2019,cf,Sex Not Available,nopre,type1,p4,l1,nopc,nob/c,166500,3.625,1.2785,4456.0,180.0,not_neg,not_int,not_lpsm,168000.0,sb,pr,home,1U,4800.0,CIB,588,EXP,55-64,to_inst,99.10714286,south,direct,0,31.0
124797,2019,cf,Joint,nopre,type1,p4,l2,nopc,nob/c,266500,4.125,0.4942,0.0,180.0,not_neg,not_int,not_lpsm,608000.0,sb,pr,home,1U,6780.0,CRIF,708,EXP,55-64,to_inst,43.83223684,south,direct,0,49.0
25333,2019,cf,Female,pre,type1,p3,l1,nopc,nob/c,406500,,,,240.0,not_neg,not_int,not_lpsm,678000.0,sb,pr,home,1U,3780.0,CIB,742,CIB,45-54,not_inst,59.95575221,North,direct,1,52.0
76992,2019,cf,Male,nopre,type1,p4,l1,nopc,nob/c,626500,4.875,0.5233,,360.0,not_neg,not_int,not_lpsm,908000.0,sb,pr,home,1U,10140.0,CRIF,500,CIB,45-54,to_inst,68.99779736,North,direct,0,34.0
141021,2019,cf,Joint,nopre,type1,p1,l1,nopc,nob/c,596500,4.375,0.2791,0.0,360.0,not_neg,not_int,not_lpsm,738000.0,sb,pr,home,1U,7440.0,CRIF,528,EXP,55-64,not_inst,80.82655827,North,direct,0,46.0
86122,2019,ncf,Joint,pre,type1,p1,l1,nopc,nob/c,1106500,3.125,-0.3997,795.0,360.0,not_neg,not_int,not_lpsm,1388000.0,sb,pr,home,1U,18900.0,CIB,874,EXP,45-54,to_inst,79.71902017,North,direct,0,38.0
141501,2019,cf,Male,pre,type1,p3,l1,nopc,nob/c,146500,4.875,1.3665,4161.0,360.0,not_neg,not_int,not_lpsm,228000.0,sb,pr,home,1U,1680.0,EXP,617,EXP,65-74,to_inst,64.25438596,North,direct,0,43.0
108898,2019,cf,Joint,nopre,type1,p3,l1,nopc,nob/c,476500,4.99,0.4469,0.0,360.0,not_neg,not_int,not_lpsm,648000.0,sb,pr,home,1U,8220.0,CIB,533,EXP,45-54,to_inst,73.53395062,North,direct,0,48.0
159346,2019,cf,Male,nopre,type1,p4,l1,nopc,nob/c,256500,3.99,0.6057,,300.0,not_neg,not_int,not_lpsm,378000.0,sb,pr,home,1U,9420.0,CIB,575,CIB,55-64,to_inst,67.85714286,North,direct,0,30.0
115866,2019,cf,Female,nopre,type1,p4,l1,nopc,nob/c,416500,4.25,-0.248,0.0,360.0,not_neg,not_int,not_lpsm,608000.0,sb,pr,home,1U,7560.0,EXP,619,CIB,55-64,not_inst,68.50328947,North,direct,0,31.0
172155,2019,cf,Female,nopre,type1,p3,l1,nopc,nob/c,126500,,,,360.0,neg_amm,not_int,not_lpsm,188000.0,sb,pr,home,1U,2100.0,CIB,660,CIB,65-74,to_inst,67.28723404,North,direct,1,43.0
45794,2019,cf,Female,pre,type1,p4,l1,nopc,nob/c,166500,4.25,-0.0232,1532.03,360.0,not_neg,not_int,not_lpsm,218000.0,sb,pr,home,1U,1740.0,CRIF,551,CIB,65-74,to_inst,76.37614679,North,direct,0,45.0
90135,2019,cf,Male,nopre,type1,p4,l1,nopc,nob/c,266500,5.375,0.908,,360.0,not_neg,not_int,not_lpsm,958000.0,sb,ir,home,1U,9360.0,CRIF,664,CIB,55-64,not_inst,27.81837161,south,direct,0,44.0
135065,2019,cf,Male,nopre,type2,p4,l1,nopc,b/c,216500,3.99,1.3325,0.0,360.0,not_neg,int_only,not_lpsm,218000.0,sb,pr,home,1U,5220.0,CIB,712,CIB,45-54,to_inst,99.31192661,North,direct,0,42.0
153691,2019,cf,Joint,pre,type1,p1,l1,nopc,nob/c,626500,4.125,0.3603,2028.75,360.0,not_neg,not_int,not_lpsm,898000.0,sb,pr,home,1U,18540.0,CIB,611,EXP,55-64,to_inst,69.76614699,North,direct,0,26.0
158007,2019,cf,Female,nopre,type1,p1,l1,nopc,nob/c,386500,3.625,0.3266,204.8,360.0,not_neg,not_int,not_lpsm,398000.0,sb,pr,home,1U,3780.0,CRIF,633,CIB,25-34,not_inst,97.11055276,North,direct,0,44.0
36638,2019,cf,Joint,nopre,type1,p4,l1,nopc,nob/c,306500,4.75,0.3053,1000.0,360.0,not_neg,not_int,not_lpsm,478000.0,sb,ir,home,2U,14400.0,CRIF,858,EXP,55-64,not_inst,64.12133891,south,direct,0,48.0
67100,2019,cf,Sex Not Available,nopre,type1,p2,l1,nopc,nob/c,406500,3.5,0.0198,535.0,360.0,not_neg,not_int,not_lpsm,998000.0,sb,pr,home,1U,11460.0,EXP,524,EXP,65-74,not_inst,40.73146293,North,direct,0,31.0
172449,2019,cf,Female,nopre,type1,p4,l1,nopc,nob/c,496500,3.5,-0.136,0.0,360.0,not_neg,int_only,not_lpsm,858000.0,sb,pr,home,1U,5280.0,EXP,570,CIB,65-74,not_inst,57.86713287,south,direct,0,38.0
105983,2019,cf,Male,nopre,type1,p3,l1,nopc,nob/c,206500,3.625,0.6789,5392.6,240.0,not_neg,not_int,not_lpsm,268000.0,sb,pr,home,1U,12000.0,EXP,647,CIB,45-54,to_inst,77.05223881,North,direct,0,19.0
119788,2019,cf,Sex Not Available,nopre,type2,p1,l1,nopc,b/c,116500,5.25,1.9151,1116.01,360.0,neg_amm,not_int,not_lpsm,118000.0,sb,pr,home,1U,3000.0,CIB,699,EXP,25-34,to_inst,98.72881356,south,direct,0,47.0
42324,2019,cf,Female,pre,type2,p3,l1,nopc,b/c,66500,3.375,1.5535,2150.29,180.0,not_neg,not_int,not_lpsm,88000.0,sb,pr,home,1U,2940.0,CRIF,889,CIB,55-64,to_inst,75.56818182,North,direct,0,42.0
165935,2019,cf,Joint,nopre,type1,p4,l1,nopc,nob/c,386500,3.625,-0.0054,0.0,360.0,not_neg,int_only,not_lpsm,558000.0,sb,pr,home,1U,10800.0,EXP,738,EXP,55-64,not_inst,69.26523297,south,direct,0,37.0
89451,2019,cf,Female,nopre,type1,p3,l1,nopc,nob/c,326500,3.5,0.0597,10608.13,360.0,not_neg,not_int,not_lpsm,758000.0,sb,pr,home,1U,2820.0,EXP,578,CIB,55-64,to_inst,43.07387863,North,direct,0,49.0
26569,2019,,Sex Not Available,nopre,type1,p2,l1,nopc,nob/c,246500,4.99,0.8891,0.0,360.0,not_neg,not_int,not_lpsm,328000.0,sb,pr,home,1U,4320.0,CRIF,647,CIB,55-64,to_inst,75.15243902,south,direct,0,37.0
44583,2019,cf,Male,nopre,type2,p3,l1,nopc,b/c,576500,,,,360.0,not_neg,not_int,not_lpsm,718000.0,sb,pr,home,1U,10320.0,EXP,854,CIB,45-54,not_inst,80.29247911,North,direct,1,5.0
96632,2019,cf,Female,nopre,type1,p3,l1,nopc,nob/c,336500,4.75,0.4314,4894.0,360.0,not_neg,not_int,not_lpsm,418000.0,sb,pr,home,1U,5400.0,CRIF,853,CIB,55-64,to_inst,80.50239234,North,direct,0,48.0
78027,2019,cf,Male,nopre,type1,p3,l1,nopc,nob/c,476500,4.375,0.5573,4727.5,240.0,neg_amm,not_int,not_lpsm,858000.0,sb,pr,home,1U,10680.0,EXP,518,CIB,55-64,to_inst,55.53613054,south,direct,0,22.0
33170,2019,cf,Male,nopre,type1,p4,l1,nopc,nob/c,466500,,,,324.0,neg_amm,not_int,not_lpsm,578000.0,sb,pr,home,1U,13200.0,EXP,826,EXP,45-54,to_inst,80.70934256,North,direct,1,34.0
52660,2019,cf,Joint,nopre,type1,p2,l1,nopc,nob/c,206500,4.25,0.207,2170.0,360.0,not_neg,not_int,not_lpsm,488000.0,sb,pr,home,1U,4620.0,CIB,866,EXP,65-74,not_inst,42.31557377,south,direct,0,57.0
41831,2019,cf,Joint,nopre,type1,p1,l1,nopc,nob/c,466500,3.75,0.3799,0.0,360.0,not_neg,not_int,not_lpsm,498000.0,sb,pr,home,1U,5220.0,CIB,832,EXP,35-44,not_inst,93.6746988,North,direct,0,43.0
63063,2019,cf,Female,pre,type2,p3,l1,nopc,b/c,86500,3.75,0.9718,2096.21,360.0,not_neg,not_int,not_lpsm,148000.0,sb,pr,home,1U,2940.0,CIB,857,CIB,45-54,to_inst,58.44594595,south,direct,0,38.0
113504,2019,cf,Male,nopre,type1,p4,l1,nopc,nob/c,446500,4.5,0.642,0.0,360.0,not_neg,not_int,not_lpsm,508000.0,sb,pr,home,1U,9180.0,CIB,775,CIB,55-64,not_inst,87.89370079,south,direct,0,25.0
167448,2019,cf,Joint,nopre,type1,p1,l1,nopc,nob/c,656500,4.375,0.4574,3670.26,360.0,not_neg,not_int,not_lpsm,728000.0,sb,pr,home,1U,13080.0,EXP,519,EXP,25-34,not_inst,90.17857143,North,direct,0,37.0
111055,2019,cf,Joint,nopre,type1,p4,l1,nopc,nob/c,626500,3.5,-0.1117,5653.0,360.0,not_neg,not_int,not_lpsm,1408000.0,sb,pr,home,1U,11760.0,CRIF,571,EXP,35-44,to_inst,44.49573864,south,direct,0,35.0
139437,2019,cf,Sex Not Available,pre,type1,p4,l1,nopc,nob/c,276500,3.75,0.0147,1150.0,180.0,not_neg,not_int,not_lpsm,538000.0,sb,pr,home,1U,10500.0,CIB,794,EXP,35-44,to_inst,51.39405204,south,direct,0,5.0
170401,2019,cf,Sex Not Available,nopre,type1,p3,l1,nopc,nob/c,226500,3.99,0.571,6552.64,360.0,not_neg,not_int,not_lpsm,338000.0,sb,pr,home,1U,2340.0,EXP,661,EXP,65-74,to_inst,67.01183432,south,direct,0,42.0
92853,2019,cf,Male,nopre,type1,p4,l1,nopc,nob/c,86500,,,,360.0,not_neg,not_int,not_lpsm,158000.0,sb,ir,home,1U,0.0,EXP,741,CIB,45-54,to_inst,54.74683544,North,direct,1,7.0
137590,2019,cf,Joint,nopre,type1,p3,l1,nopc,nob/c,216500,5.5,1.3017,6662.5,360.0,not_neg,not_int,not_lpsm,338000.0,sb,ir,home,1U,5820.0,EXP,787,EXP,>74,to_inst,64.05325444,central,direct,0,44.0
85218,2019,cf,Male,nopre,type2,p3,l1,nopc,b/c,246500,,,,360.0,not_neg,not_int,not_lpsm,348000.0,sb,pr,home,1U,2880.0,CIB,712,CIB,45-54,to_inst,70.83333333,North,direct,1,42.0
119967,2019,cf,Female,nopre,type1,p4,l1,nopc,nob/c,326500,3.875,0.1359,791.24,360.0,not_neg,not_int,not_lpsm,558000.0,sb,pr,home,1U,12660.0,CRIF,602,EXP,35-44,not_inst,58.5125448,North,direct,0,20.0
92982,2019,cf,Joint,nopre,type3,p1,l1,nopc,nob/c,186500,5.25,1.2546,923.19,360.0,neg_amm,not_int,not_lpsm,188000.0,sb,pr,home,1U,3660.0,CIB,710,EXP,<25,not_inst,99.20212766,North,direct,0,32.0
144290,2019,cf,Joint,nopre,type3,p3,l1,nopc,nob/c,486500,,,,360.0,not_neg,not_int,not_lpsm,528000.0,sb,pr,home,1U,10380.0,EXP,666,EXP,45-54,to_inst,92.14015152,south,direct,1,44.0
115895,2019,cf,Female,pre,type1,p3,l1,nopc,nob/c,406500,3.875,0.1642,2438.0,360.0,not_neg,not_int,not_lpsm,748000.0,sb,pr,home,1U,7080.0,CRIF,768,CIB,45-54,not_inst,54.34491979,south,direct,0,31.0
31563,2019,cf,Joint,nopre,type1,p4,l1,nopc,nob/c,586500,3.5,-0.197,6595.0,360.0,not_neg,not_int,not_lpsm,828000.0,sb,pr,home,1U,8340.0,CRIF,814,EXP,35-44,not_inst,70.83333333,south,direct,0,38.0
144623,2019,,Male,nopre,type1,p3,l1,nopc,nob/c,266500,4.625,0.6174,3200.0,360.0,not_neg,not_int,not_lpsm,328000.0,sb,pr,home,1U,4260.0,CRIF,532,CIB,25-34,to_inst,81.25,North,direct,0,23.0
98094,2019,cf,Male,nopre,type1,p3,l1,nopc,nob/c,136500,,,,360.0,neg_amm,not_int,not_lpsm,208000.0,sb,pr,home,1U,4380.0,CRIF,577,CIB,65-74,to_inst,65.625,North,direct,1,24.0
163720,2019,cf,Female,nopre,type2,p3,l1,nopc,b/c,146500,3.5,0.6835,4585.16,360.0,not_neg,not_int,not_lpsm,188000.0,sb,pr,home,1U,2820.0,CIB,814,CIB,65-74,to_inst,77.92553191,south,direct,0,34.0
36318,2019,cf,Sex Not Available,nopre,type1,p4,l1,nopc,nob/c,286500,4.5,0.5844,5036.78,360.0,not_neg,not_int,not_lpsm,388000.0,sb,pr,home,1U,7020.0,EXP,529,EXP,25-34,to_inst,73.84020619,south,direct,0,45.0
117981,2019,cf,Sex Not Available,nopre,type1,p3,l1,nopc,nob/c,376500,3.75,0.3603,12935.65,324.0,not_neg,not_int,not_lpsm,648000.0,sb,pr,home,1U,6480.0,CIB,848,EXP,>74,to_inst,58.10185185,south,direct,0,42.0
131284,2019,cf,Sex Not Available,pre,type1,p3,l1,nopc,nob/c,156500,4.125,0.5496,4554.03,360.0,not_neg,not_int,not_lpsm,188000.0,sb,pr,home,1U,2400.0,CIB,516,EXP,55-64,to_inst,83.24468085,south,direct,0,44.0
135678,2019,cf,Female,nopre,type1,p4,l1,nopc,nob/c,366500,3.625,0.4172,5638.85,360.0,not_neg,not_int,not_lpsm,398000.0,sb,pr,home,1U,3660.0,EXP,712,CIB,35-44,not_inst,92.08542714,central,direct,0,49.0
59836,2019,cf,Joint,nopre,type3,p3,l1,nopc,nob/c,256500,4.5,0.6948,1812.5,360.0,not_neg,not_int,not_lpsm,258000.0,sb,pr,home,1U,3600.0,EXP,680,EXP,55-64,to_inst,99.41860465,North,direct,0,44.0
99147,2019,cf,Sex Not Available,nopre,type3,p3,l1,nopc,nob/c,146500,,,,360.0,neg_amm,not_int,not_lpsm,148000.0,sb,pr,home,1U,1620.0,EXP,569,CIB,65-74,to_inst,98.98648649,south,direct,1,52.0
50956,2019,cf,Male,pre,type1,p1,l1,nopc,nob/c,176500,3.5,-0.3431,2769.8,360.0,not_neg,not_int,not_lpsm,208000.0,sb,pr,home,1U,1500.0,CRIF,726,CIB,55-64,to_inst,84.85576923,North,direct,0,49.0
72916,2019,cf,Joint,nopre,type1,p4,l1,nopc,nob/c,386500,4.5,0.4332,239.56,360.0,not_neg,not_int,not_lpsm,558000.0,sb,ir,home,1U,14940.0,CIB,770,EXP,45-54,not_inst,69.26523297,North,direct,0,40.0
120042,2019,cf,Sex Not Available,nopre,type1,p4,l1,nopc,nob/c,296500,3.99,0.6607,950.0,360.0,not_neg,not_int,not_lpsm,328000.0,sb,pr,home,1U,3120.0,CIB,629,EXP,25-34,to_inst,90.39634146,south,direct,0,49.0
82327,2019,cf,Male,nopre,type1,p3,l1,nopc,nob/c,336500,3.375,-0.2052,3377.54,360.0,not_neg,not_int,not_lpsm,488000.0,sb,pr,home,1U,6540.0,EXP,862,CIB,35-44,not_inst,68.95491803,North,direct,0,36.0
97751,2019,cf,Male,pre,type1,p1,l1,nopc,nob/c,306500,4.5,0.4112,0.0,360.0,not_neg,not_int,not_lpsm,388000.0,sb,pr,home,1U,15900.0,CIB,706,CIB,25-34,to_inst,78.99484536,North,direct,0,19.0
168209,2019,cf,Male,nopre,type1,p4,l1,nopc,nob/c,376500,3.75,0.0521,0.0,360.0,not_neg,not_int,not_lpsm,698000.0,sb,pr,home,1U,4980.0,EXP,809,CIB,45-54,not_inst,53.93982808,North,direct,0,44.0
100751,2019,cf,Male,nopre,type3,p3,l1,nopc,nob/c,296500,4.99,0.7414,3987.5,360.0,neg_amm,not_int,not_lpsm,298000.0,sb,pr,home,1U,4380.0,CRIF,525,CIB,45-54,to_inst,99.4966443,central,direct,0,52.0
149373,2019,cf,Male,nopre,type1,p4,l1,nopc,nob/c,246500,2.7,-0.2929,2178.25,360.0,not_neg,int_only,not_lpsm,988000.0,sb,ir,home,1U,19260.0,CIB,710,CIB,55-64,to_inst,24.94939271,North,direct,0,43.0
25189,2019,cf,Sex Not Available,nopre,type1,p3,l1,nopc,nob/c,156500,3.875,0.9983,,240.0,not_neg,not_int,not_lpsm,328000.0,sb,pr,home,1U,5880.0,CIB,545,CIB,45-54,to_inst,47.71341463,south,direct,0,23.0
166291,2019,cf,Female,nopre,type2,p3,l1,nopc,b/c,116500,,,,360.0,not_neg,not_int,not_lpsm,268000.0,sb,pr,home,1U,1500.0,CRIF,793,CIB,55-64,to_inst,43.47014925,south,direct,1,41.0
124380,2019,cf,Male,pre,type1,p1,l1,nopc,nob/c,296500,4.75,0.5814,0.0,360.0,not_neg,not_int,not_lpsm,318000.0,sb,pr,home,1U,7140.0,CIB,635,CIB,35-44,not_inst,93.23899371,North,direct,0,27.0
58498,2019,cf,Female,nopre,type1,p3,l1,nopc,nob/c,226500,3.99,0.4831,4275.0,360.0,not_neg,not_int,not_lpsm,278000.0,sb,pr,home,1U,5220.0,CIB,613,CIB,25-34,to_inst,81.47482014,North,direct,0,38.0
144202,2019,cf,Joint,nopre,type1,p4,l1,nopc,nob/c,336500,3.75,0.302,995.0,360.0,not_neg,not_int,not_lpsm,358000.0,sb,pr,home,1U,8640.0,CIB,686,EXP,35-44,not_inst,93.99441341,North,direct,0,36.0
72383,2019,cf,Joint,pre,type1,p1,l1,nopc,nob/c,486500,3.875,0.4763,1919.26,360.0,not_neg,not_int,not_lpsm,538000.0,sb,pr,home,1U,4620.0,CRIF,829,EXP,25-34,not_inst,90.42750929,North,direct,0,47.0
146266,2019,cf,Female,nopre,type1,p3,l1,nopc,nob/c,276500,3.875,0.8694,4000.75,240.0,not_neg,not_int,not_lpsm,378000.0,sb,pr,home,1U,4440.0,CIB,573,CIB,55-64,to_inst,73.14814815,North,direct,0,34.0
129690,2019,cf,Joint,nopre,type1,p3,l1,nopc,nob/c,436500,4.75,0.3545,3835.0,360.0,not_neg,not_int,not_lpsm,598000.0,sb,pr,home,1U,5820.0,CRIF,689,EXP,45-54,to_inst,72.99331104,south,direct,0,38.0
29956,2019,cf,Sex Not Available,nopre,type1,p3,l1,nopc,nob/c,106500,4.875,1.3325,3087.5,360.0,not_neg,not_int,not_lpsm,158000.0,sb,pr,home,1U,3120.0,EXP,831,CIB,65-74,to_inst,67.40506329,south,direct,0,34.0
152997,2019,cf,Joint,nopre,type1,p3,l1,nopc,nob/c,256500,4.125,0.3415,0.0,360.0,not_neg,not_int,not_lpsm,508000.0,sb,pr,home,1U,7500.0,CRIF,843,EXP,45-54,not_inst,50.49212598,North,direct,0,14.0
104872,2019,cf,Female,nopre,type1,p2,l1,nopc,nob/c,266500,4.99,0.4281,837.25,324.0,neg_amm,not_int,not_lpsm,528000.0,sb,pr,home,1U,11700.0,CRIF,898,CIB,55-64,to_inst,50.47348485,North,direct,0,49.0
124339,2019,cf,Female,nopre,type1,p4,l1,nopc,nob/c,116500,3.875,1.2948,,180.0,not_neg,not_int,not_lpsm,278000.0,sb,pr,home,1U,2520.0,CRIF,751,CIB,65-74,to_inst,41.90647482,south,direct,0,45.0
123302,2019,cf,Sex Not Available,nopre,type1,p4,l1,nopc,nob/c,406500,3.99,0.4984,5152.81,360.0,not_neg,not_int,not_lpsm,528000.0,sb,pr,home,1U,5340.0,EXP,501,EXP,45-54,to_inst,76.98863636,south,direct,0,45.0
83724,2019,cf,Sex Not Available,nopre,type2,p1,l1,nopc,b/c,156500,3.99,1.3039,2463.93,360.0,not_neg,not_int,not_lpsm,158000.0,sb,pr,home,1U,2700.0,CRIF,653,CIB,<25,to_inst,99.05063291,south,direct,0,51.0
162320,2019,cf,Joint,nopre,type1,p4,l1,nopc,nob/c,336500,5.5,1.2003,0.0,360.0,not_neg,not_int,not_lpsm,388000.0,sb,pr,home,1U,5280.0,CRIF,804,EXP,65-74,to_inst,86.72680412,North,direct,0,43.0
167394,2019,cf,Joint,nopre,type3,p3,l1,nopc,nob/c,316500,2.875,-0.7487,2992.89,360.0,not_neg,not_int,not_lpsm,568000.0,sb,pr,home,1U,4200.0,EXP,661,EXP,65-74,not_inst,55.72183099,central,direct,0,32.0
134588,2019,cf,Female,nopre,type1,p2,l1,opc,nob/c,106500,6.24,1.042,,360.0,neg_amm,int_only,not_lpsm,1028000.0,sb,pr,home,1U,2280.0,CRIF,820,CIB,65-74,to_inst,10.35992218,North,direct,0,36.0
46601,2019,cf,Joint,nopre,type1,p4,l1,nopc,nob/c,596500,3.875,-0.2767,5931.0,360.0,not_neg,not_int,not_lpsm,688000.0,sb,pr,home,1U,6720.0,CRIF,855,EXP,35-44,not_inst,86.7005814,North,direct,0,30.0
89733,2019,cf,Joint,nopre,type1,p3,l1,nopc,nob/c,306500,3.99,0.7119,10310.0,360.0,not_neg,not_int,not_lpsm,408000.0,sb,pr,home,1U,4320.0,CIB,579,EXP,65-74,to_inst,75.12254902,south,direct,0,42.0
160034,2019,cf,Sex Not Available,nopre,type1,p4,l1,nopc,nob/c,356500,3.875,0.366,6536.0,300.0,not_neg,not_int,not_lpsm,508000.0,sb,pr,home,1U,6540.0,CIB,678,CIB,45-54,to_inst,70.17716535,south,direct,0,42.0
146654,2019,cf,Male,nopre,type1,p3,l1,nopc,nob/c,136500,4.125,1.3294,2762.0,180.0,not_neg,int_only,not_lpsm,168000.0,sb,pr,home,1U,4620.0,CIB,575,CIB,45-54,to_inst,81.25,south,direct,0,38.0
57293,2019,cf,Male,nopre,type1,p1,l1,nopc,nob/c,86500,4.25,0.8606,918.78,360.0,not_neg,not_int,not_lpsm,118000.0,sb,pr,home,1U,1980.0,CIB,647,CIB,25-34,to_inst,73.30508475,North,direct,0,42.0
72560,2019,cf,Sex Not Available,nopre,type1,p3,l1,nopc,nob/c,406500,3.99,0.5098,9200.3,360.0,not_neg,not_int,not_lpsm,568000.0,sb,pr,home,1U,6300.0,EXP,833,EXP,45-54,to_inst,71.56690141,south,direct,0,45.0
164965,2019,cf,Female,nopre,type1,p4,l1,nopc,nob/c,606500,4.625,0.5661,3645.11,360.0,not_neg,not_int,not_lpsm,748000.0,sb,pr,home,1U,8100.0,CRIF,898,EXP,45-54,not_inst,81.0828877,North,direct,0,49.0
125644,2019,cf,Male,pre,type1,p3,l1,nopc,nob/c,306500,4.25,-0.0032,4500.0,360.0,not_neg,not_int,not_lpsm,468000.0,sb,pr,home,1U,3600.0,EXP,876,CIB,55-64,not_inst,65.49145299,North,direct,0,48.0
156569,2019,cf,Sex Not Available,nopre,type1,p3,l1,nopc,nob/c,266500,,,,360.0,not_neg,not_int,not_lpsm,318000.0,sb,pr,home,1U,2940.0,CRIF,580,EXP,25-34,to_inst,83.80503145,south,direct,1,58.0
87408,2019,cf,Joint,nopre,type1,p1,l1,nopc,nob/c,516500,3.625,0.0383,9541.0,360.0,not_neg,not_int,not_lpsm,638000.0,sb,pr,home,1U,8880.0,CRIF,671,EXP,35-44,not_inst,80.95611285,North,direct,0,27.0
118194,2019,ncf,Female,nopre,type1,p1,l1,nopc,nob/c,316500,4.25,0.8016,624.2,360.0,not_neg,not_int,not_lpsm,328000.0,sb,pr,home,1U,7080.0,CIB,732,EXP,35-44,not_inst,96.49390244,North,direct,0,41.0
138828,2019,cf,Female,nopre,type1,p1,l1,nopc,nob/c,206500,4.75,0.539,0.0,360.0,neg_amm,not_int,not_lpsm,218000.0,sb,pr,home,1U,3240.0,EXP,579,CIB,65-74,not_inst,94.72477064,North,direct,0,45.0
31075,2019,cf,Male,nopre,type3,p3,l1,nopc,nob/c,196500,,,,360.0,not_neg,not_int,not_lpsm,218000.0,sb,pr,home,1U,4860.0,CRIF,506,CIB,65-74,to_inst,90.13761468,North,direct,1,34.0
137636,2019,cf,Male,nopre,type1,p1,l1,nopc,nob/c,536500,3.625,-0.0236,5724.04,360.0,not_neg,not_int,not_lpsm,628000.0,sb,pr,home,1U,7560.0,CIB,554,CIB,35-44,not_inst,85.42993631,North,direct,0,36.0
71337,2019,cf,Joint,nopre,type1,p3,l1,nopc,nob/c,586500,4.75,0.5861,19297.41,360.0,neg_amm,not_int,not_lpsm,968000.0,sb,pr,home,1U,6360.0,CIB,813,EXP,55-64,to_inst,60.58884298,central,direct,0,43.0
75171,2019,ncf,Male,nopre,type2,p1,l1,nopc,b/c,226500,4.125,0.9786,3275.87,360.0,not_neg,not_int,not_lpsm,228000.0,sb,pr,home,1U,4140.0,CRIF,649,CIB,35-44,to_inst,99.34210526,central,direct,0,52.0
92216,2019,cf,Male,nopre,type1,p4,l1,nopc,nob/c,726500,4.25,0.5449,0.0,360.0,not_neg,not_int,not_lpsm,1168000.0,sb,pr,home,1U,12120.0,EXP,753,CIB,25-34,not_inst,62.20034247,North,direct,0,40.0
122237,2019,cf,Sex Not Available,nopre,type1,p4,l1,nopc,nob/c,396500,3.45,-0.0919,0.0,360.0,not_neg,not_int,not_lpsm,548000.0,sb,pr,home,1U,6060.0,CIB,744,CIB,25-34,to_inst,72.3540146,south,direct,0,32.0
52634,2019,cf,Joint,nopre,type1,p4,l1,nopc,nob/c,466500,3.625,0.0366,476.94,360.0,not_neg,int_only,not_lpsm,618000.0,sb,pr,home,1U,17700.0,EXP,790,EXP,55-64,not_inst,75.48543689,North,direct,0,28.0
150134,2019,cf,Sex Not Available,nopre,type2,p4,l1,nopc,b/c,316500,,,,360.0,not_neg,not_int,not_lpsm,368000.0,sb,pr,home,1U,9720.0,CRIF,618,EXP,55-64,to_inst,86.00543478,south,direct,1,37.0
78206,2019,cf,Joint,nopre,type1,p3,l1,nopc,nob/c,106500,4.99,1.1603,2462.5,360.0,not_neg,not_int,not_lpsm,248000.0,sb,pr,home,1U,2760.0,CIB,821,EXP,65-74,to_inst,42.94354839,North,direct,0,37.0
98794,2019,cf,Male,nopre,type1,p3,l1,nopc,nob/c,326500,4.99,0.533,800.0,360.0,not_neg,not_int,not_lpsm,408000.0,sb,pr,home,1U,5460.0,CRIF,865,CIB,35-44,to_inst,80.0245098,North,direct,0,49.0
26076,2019,cf,Sex Not Available,nopre,type1,p3,l1,nopc,nob/c,316500,4.375,0.3254,578.72,360.0,not_neg,not_int,not_lpsm,398000.0,sb,pr,home,1U,3660.0,EXP,646,CIB,35-44,not_inst,79.52261307,south,direct,0,49.0
25447,2019,cf,Female,nopre,type2,p4,l2,nopc,b/c,186500,,,,360.0,not_neg,not_int,not_lpsm,218000.0,sb,pr,home,1U,5820.0,CIB,549,CIB,35-44,to_inst,85.55045872,North,direct,1,26.0
36752,2019,cf,Joint,nopre,type1,p1,l1,nopc,nob/c,206500,4.375,0.8806,1500.0,360.0,not_neg,not_int,not_lpsm,288000.0,sb,pr,home,1U,5640.0,CRIF,771,EXP,65-74,to_inst,71.70138889,North,direct,0,40.0
156872,2019,cf,Sex Not Available,nopre,type1,p1,l1,nopc,nob/c,116500,4.125,0.9424,4367.19,360.0,not_neg,not_int,not_lpsm,128000.0,sb,pr,home,1U,2100.0,CRIF,692,EXP,65-74,to_inst,91.015625,south,direct,0,43.0
128009,2019,cf,Joint,nopre,type1,p1,l1,nopc,nob/c,466500,3.75,0.0452,1091.65,360.0,not_neg,not_int,not_lpsm,548000.0,sb,pr,home,1U,7200.0,CRIF,599,EXP,65-74,not_inst,85.12773723,North,direct,0,34.0
100234,2019,cf,Male,nopre,type1,p3,l2,nopc,nob/c,216500,3.375,0.1886,7256.25,180.0,not_neg,not_int,not_lpsm,388000.0,sb,pr,home,1U,5640.0,EXP,522,CIB,35-44,to_inst,55.79896907,North,direct,0,32.0
131436,2019,cf,Joint,nopre,type1,p4,l1,nopc,nob/c,306500,3.875,0.1719,0.0,360.0,not_neg,not_int,not_lpsm,458000.0,sb,pr,home,1U,7260.0,EXP,859,EXP,25-34,to_inst,66.92139738,North,direct,0,20.0
104923,2019,ncf,Female,pre,type1,p1,l1,nopc,nob/c,96500,4.75,1.324,1062.94,360.0,not_neg,not_int,not_lpsm,98000.0,sb,pr,home,1U,1860.0,CIB,502,CIB,25-34,to_inst,98.46938776,North,direct,0,36.0
26527,2019,cf,Joint,nopre,type3,p3,l1,nopc,nob/c,506500,3.75,-0.011,7486.32,360.0,not_neg,not_int,not_lpsm,588000.0,sb,pr,home,1U,10560.0,CIB,667,EXP,55-64,to_inst,86.13945578,North,direct,0,35.0
33882,2019,cf,Sex Not Available,nopre,type1,p4,l1,nopc,nob/c,276500,3.99,0.4959,,360.0,not_neg,not_int,not_lpsm,378000.0,sb,pr,home,1U,2760.0,CRIF,814,CIB,25-34,to_inst,73.14814815,south,direct,0,49.0
169285,2019,cf,Joint,nopre,type1,p4,l1,nopc,nob/c,236500,3.99,0.5409,6500.0,360.0,not_neg,not_int,not_lpsm,348000.0,sb,pr,home,1U,9840.0,EXP,684,EXP,25-34,not_inst,67.95977011,North,direct,0,42.0
104018,2019,cf,Female,nopre,type1,p3,l1,nopc,nob/c,176500,3.375,-0.0598,6822.8,360.0,not_neg,not_int,not_lpsm,288000.0,sb,pr,home,1U,1680.0,CRIF,505,CIB,55-64,not_inst,61.28472222,south,direct,0,49.0
46373,2019,cf,Female,pre,type1,p3,l1,nopc,nob/c,366500,4.375,0.025,1825.0,360.0,not_neg,not_int,not_lpsm,2328000.0,sb,pr,home,1U,7260.0,CIB,812,CIB,65-74,not_inst,15.74312715,North,direct,0,26.0
111381,2019,cf,Joint,nopre,type1,p3,l1,nopc,nob/c,226500,3.75,0.3099,6653.13,360.0,not_neg,not_int,not_lpsm,328000.0,sb,pr,home,1U,3540.0,EXP,686,EXP,65-74,to_inst,69.05487805,North,direct,0,42.0
158399,2019,cf,Male,nopre,type1,p4,l1,nopc,nob/c,336500,4.75,0.4424,1567.33,360.0,not_neg,not_int,not_lpsm,408000.0,sb,pr,home,1U,10380.0,CRIF,817,CIB,35-44,to_inst,82.4754902,North,direct,0,39.0
90782,2019,cf,Female,pre,type1,p4,l1,nopc,nob/c,276500,3.625,0.0631,7636.75,360.0,not_neg,not_int,not_lpsm,378000.0,sb,pr,home,1U,3540.0,CIB,675,CIB,65-74,to_inst,73.14814815,North,direct,0,47.0
101479,2019,cf,Joint,nopre,type1,p4,l1,nopc,nob/c,476500,,,,360.0,not_neg,not_int,not_lpsm,538000.0,sb,pr,home,1U,5460.0,CRIF,739,EXP,25-34,not_inst,88.56877323,south,direct,1,53.0
29150,2019,cf,Sex Not Available,nopre,type1,p4,l1,nopc,nob/c,626500,3.625,0.0401,0.0,360.0,not_neg,not_int,not_lpsm,838000.0,sb,pr,home,1U,6540.0,EXP,534,EXP,65-74,not_inst,74.76133652,south,direct,0,48.0
169809,2019,cf,Female,nopre,type1,p4,l1,nopc,nob/c,256500,3.125,-0.013,417.5,180.0,not_neg,not_int,not_lpsm,428000.0,sb,pr,home,1U,7920.0,CRIF,747,CIB,35-44,not_inst,59.92990654,south,direct,0,37.0
51844,2019,ncf,Joint,nopre,type2,p3,l1,nopc,b/c,356500,3.5,0.2889,12806.04,360.0,not_neg,not_int,not_lpsm,468000.0,sb,pr,home,1U,3540.0,CRIF,688,EXP,65-74,to_inst,76.17521368,south,direct,0,55.0
153460,2019,cf,Sex Not Available,pre,type1,p1,l1,nopc,nob/c,166500,4.75,0.3743,5273.41,360.0,not_neg,not_int,not_lpsm,228000.0,sb,pr,home,1U,6300.0,CIB,830,EXP,35-44,to_inst,73.02631579,south,direct,0,26.0
171825,2019,cf,Joint,nopre,type1,p1,l1,nopc,nob/c,446500,3.875,0.5268,0.0,360.0,not_neg,not_int,not_lpsm,478000.0,sb,pr,home,1U,7560.0,EXP,582,EXP,25-34,not_inst,93.41004184,North,direct,0,22.0
26616,2019,cf,Joint,nopre,type2,p3,l1,nopc,b/c,236500,,,,360.0,not_neg,not_int,not_lpsm,248000.0,sb,pr,home,1U,9120.0,CRIF,817,EXP,55-64,to_inst,95.36290323,North,direct,1,43.0
150907,2019,cf,Male,nopre,type3,p3,l1,nopc,nob/c,266500,4.625,0.2347,3015.0,360.0,neg_amm,not_int,not_lpsm,268000.0,sb,pr,home,1U,5220.0,CRIF,813,CIB,>74,to_inst,99.44029851,North,direct,0,53.0
121626,2019,cf,Male,nopre,type1,p3,l1,nopc,nob/c,546500,5.5,1.3866,,360.0,,not_int,not_lpsm,738000.0,sb,ir,home,1U,16080.0,CIB,896,EXP,65-74,to_inst,74.05149051,south,direct,0,22.0
84551,2019,cf,Male,nopre,type1,p4,l1,nopc,nob/c,266500,3.625,0.11,1719.0,360.0,not_neg,not_int,not_lpsm,308000.0,sb,pr,home,1U,6600.0,CIB,501,CIB,25-34,not_inst,86.52597403,south,direct,0,27.0
108616,2019,cf,Sex Not Available,nopre,type1,p3,l1,nopc,nob/c,226500,,,,360.0,neg_amm,not_int,not_lpsm,388000.0,sb,pr,home,1U,4860.0,CRIF,544,CIB,35-44,to_inst,58.37628866,south,direct,1,29.0
53276,2019,ncf,Male,nopre,type3,p3,l1,nopc,nob/c,576500,3.99,0.189,9753.45,360.0,not_neg,not_int,not_lpsm,578000.0,sb,pr,home,1U,11220.0,EXP,784,CIB,45-54,to_inst,99.74048443,central,direct,0,56.0
87005,2019,cf,Sex Not Available,nopre,type1,p1,l1,nopc,nob/c,466500,4.375,0.8937,506.1,360.0,neg_amm,not_int,not_lpsm,538000.0,sb,pr,home,1U,5460.0,CRIF,536,EXP,45-54,not_inst,86.71003717,south,direct,0,43.0
120414,2019,cf,Joint,nopre,type1,p4,l1,nopc,nob/c,606500,3.5,-0.148,0.0,324.0,neg_amm,not_int,not_lpsm,1008000.0,sb,pr,home,1U,9360.0,CIB,879,EXP,25-34,not_inst,60.16865079,North,direct,0,31.0
98773,2019,cf,Male,nopre,type1,p3,l1,nopc,nob/c,186500,3.99,0.7655,4525.0,180.0,not_neg,not_int,not_lpsm,278000.0,sb,pr,home,1U,5040.0,CIB,511,CIB,45-54,to_inst,67.08633094,central,direct,0,29.0
154578,2019,cf,Male,nopre,type1,p4,l1,nopc,nob/c,596500,3.99,0.3456,198.0,360.0,not_neg,int_only,not_lpsm,818000.0,sb,pr,home,1U,6000.0,CRIF,786,CIB,65-74,not_inst,72.92176039,south,direct,0,43.0
143360,2019,cf,Sex Not Available,pre,type1,p3,l1,nopc,nob/c,136500,3.75,0.8361,2929.83,180.0,not_neg,not_int,not_lpsm,178000.0,sb,pr,home,1U,3480.0,CIB,857,EXP,45-54,to_inst,76.68539326,south,direct,0,31.0
145782,2019,cf,Male,nopre,type1,p3,l1,nopc,nob/c,306500,4.25,0.5811,4382.0,360.0,not_neg,not_int,not_lpsm,438000.0,sb,pr,home,1U,3780.0,EXP,549,CIB,25-34,not_inst,69.97716895,North,direct,0,41.0
74172,2019,cf,Sex Not Available,nopre,type3,p3,l1,nopc,nob/c,316500,3.5,0.0242,,360.0,not_neg,not_int,not_lpsm,428000.0,sb,pr,home,1U,6960.0,CIB,851,EXP,65-74,to_inst,73.94859813,south,direct,0,37.0
112422,2019,cf,Sex Not Available,nopre,type1,p1,l2,nopc,nob/c,156500,3.99,0.5886,3871.25,360.0,not_neg,not_int,not_lpsm,168000.0,sb,pr,home,1U,3720.0,CIB,831,CIB,55-64,to_inst,93.1547619,south,direct,0,36.0
55223,2019,cf,Sex Not Available,nopre,type2,p3,l1,nopc,b/c,606500,,,,360.0,not_neg,not_int,not_lpsm,628000.0,sb,pr,home,1U,10680.0,CIB,687,EXP,45-54,to_inst,96.57643312,south,direct,1,40.0
87819,2019,cf,Sex Not Available,pre,type1,p1,l1,nopc,nob/c,686500,3.99,0.1497,1285.33,360.0,not_neg,not_int,not_lpsm,758000.0,sb,pr,home,1U,8760.0,CIB,733,EXP,35-44,not_inst,90.56728232,south,direct,0,40.0
60303,2019,cf,Male,pre,type1,p3,l1,nopc,nob/c,216500,,,,360.0,not_neg,not_int,not_lpsm,268000.0,sb,pr,home,1U,2760.0,CIB,764,CIB,55-64,to_inst,80.78358209,central,direct,1,55.0
131432,2019,,Male,nopre,type1,p3,l1,nopc,nob/c,236500,4.625,0.7298,5581.25,360.0,not_neg,not_int,not_lpsm,338000.0,sb,pr,home,1U,4260.0,EXP,860,EXP,55-64,to_inst,69.9704142,south,direct,0,42.0
50088,2019,,Male,nopre,type1,p3,l1,nopc,nob/c,226500,4.125,0.8732,5750.0,240.0,not_neg,not_int,not_lpsm,308000.0,sb,pr,home,1U,7320.0,CIB,648,CIB,45-54,to_inst,73.53896104,North,direct,0,37.0
77670,2019,cf,Sex Not Available,nopre,type1,p3,l1,nopc,nob/c,336500,3.99,0.7174,11309.75,360.0,not_neg,not_int,not_lpsm,398000.0,sb,pr,home,1U,10380.0,CIB,840,EXP,45-54,to_inst,84.54773869,south,direct,0,41.0
80521,2019,cf,Female,nopre,type2,p3,l1,nopc,b/c,356500,4.25,0.5987,0.0,360.0,not_neg,not_int,not_lpsm,428000.0,sb,pr,home,1U,4680.0,CRIF,811,CIB,35-44,not_inst,83.29439252,North,direct,0,52.0
27226,2019,cf,Female,pre,type1,p3,l1,nopc,nob/c,116500,,,,360.0,not_neg,not_int,not_lpsm,168000.0,sb,pr,home,1U,1080.0,CIB,701,CIB,55-64,to_inst,69.3452381,central,direct,1,50.0
26656,2019,cf,Male,nopre,type1,p3,l1,nopc,nob/c,266500,,,,180.0,not_neg,not_int,lpsm,308000.0,sb,pr,home,1U,10560.0,EXP,548,EXP,45-54,to_inst,86.52597403,North,direct,1,26.0
91473,2019,cf,Joint,nopre,type1,p1,l1,nopc,nob/c,206500,4.375,0.2383,5106.0,360.0,not_neg,not_int,not_lpsm,288000.0,sb,ir,home,1U,7140.0,CIB,777,EXP,55-64,not_inst,71.70138889,North,direct,0,44.0
166590,2019,cf,Female,nopre,type1,p3,l1,nopc,nob/c,466500,3.99,0.5403,16936.25,360.0,not_neg,not_int,not_lpsm,1368000.0,sb,ir,home,1U,6600.0,CIB,557,CIB,65-74,to_inst,34.10087719,south,direct,0,25.0
39097,2019,cf,Male,nopre,type1,p4,l1,nopc,nob/c,466500,3.75,0.5223,13574.38,360.0,not_neg,not_int,not_lpsm,498000.0,sb,pr,home,1U,8460.0,EXP,574,CIB,35-44,to_inst,93.6746988,south,direct,0,42.0
43317,2019,cf,Joint,pre,type1,p3,l1,nopc,nob/c,446500,3.625,-0.1836,653.85,360.0,not_neg,not_int,not_lpsm,598000.0,sb,pr,home,1U,12000.0,CIB,761,EXP,35-44,not_inst,74.66555184,south,direct,0,22.0
155111,2019,cf,Female,nopre,type1,p4,l1,nopc,nob/c,396500,4.18,-0.1392,0.0,360.0,not_neg,not_int,not_lpsm,498000.0,sb,pr,home,1U,6600.0,CIB,641,CIB,25-34,not_inst,79.6184739,North,direct,0,35.0
171851,2019,cf,Male,nopre,type1,p4,l1,nopc,nob/c,296500,,,,360.0,not_neg,not_int,not_lpsm,488000.0,sb,ir,home,1U,17460.0,CIB,697,EXP,65-74,to_inst,60.75819672,North,direct,1,43.0
57705,2019,cf,Joint,nopre,type2,p1,l1,nopc,b/c,316500,,,,360.0,not_neg,not_int,not_lpsm,298000.0,sb,pr,home,2U,9480.0,CRIF,812,EXP,25-34,to_inst,106.2080537,North,direct,1,37.0
117457,2019,cf,Joint,pre,type1,p1,l1,nopc,nob/c,306500,4.125,1.0826,1250.0,180.0,not_neg,not_int,not_lpsm,388000.0,sb,pr,home,1U,10980.0,EXP,724,EXP,25-34,to_inst,78.99484536,North,direct,0,24.0
74725,2019,cf,Female,nopre,type1,p3,l1,nopc,nob/c,216500,3.25,0.5152,6195.5,180.0,not_neg,not_int,not_lpsm,458000.0,sb,pr,home,1U,5340.0,CIB,711,CIB,55-64,to_inst,47.27074236,North,direct,0,40.0
70218,2019,cf,Joint,nopre,type2,p1,l1,nopc,b/c,226500,4.125,1.3947,1254.22,360.0,not_neg,not_int,not_lpsm,238000.0,sb,pr,home,1U,5520.0,CIB,859,EXP,<25,not_inst,95.16806723,North,direct,0,20.0
94631,2019,cf,Joint,pre,type1,p3,l1,nopc,nob/c,666500,4.75,0.3189,352.56,360.0,not_neg,not_int,not_lpsm,838000.0,sb,pr,home,1U,13560.0,CIB,654,EXP,45-54,not_inst,79.53460621,North,direct,0,27.0
43995,2019,,Male,nopre,type1,p4,l1,nopc,nob/c,226500,4.5,0.2315,0.0,360.0,not_neg,not_int,not_lpsm,488000.0,sb,pr,home,1U,2400.0,EXP,617,CIB,25-34,not_inst,46.41393443,North,direct,0,46.0
73808,2019,cf,Female,nopre,type1,p4,l1,nopc,nob/c,546500,3.625,0.0267,0.0,360.0,not_neg,not_int,not_lpsm,758000.0,sb,pr,home,1U,8580.0,CRIF,512,CIB,35-44,not_inst,72.09762533,south,direct,0,22.0
135504,2019,cf,Joint,nopre,type1,p3,l1,nopc,nob/c,186500,4.875,0.4845,894.32,360.0,neg_amm,not_int,not_lpsm,308000.0,sb,pr,home,1U,9000.0,CIB,897,EXP,65-74,to_inst,60.55194805,North,direct,0,31.0
27503,2019,cf,Joint,pre,type1,p1,l1,nopc,nob/c,476500,4.0,0.2031,0.0,360.0,not_neg,not_int,not_lpsm,678000.0,sb,pr,home,1U,28860.0,EXP,783,EXP,>74,not_inst,70.28023599,North,direct,0,14.0
145034,2019,cf,Male,pre,type1,p4,l1,nopc,nob/c,416500,3.875,0.2626,1250.0,360.0,not_neg,not_int,not_lpsm,598000.0,sb,pr,home,1U,9660.0,CIB,685,CIB,45-54,to_inst,69.64882943,North,direct,0,32.0
133693,2019,cf,Joint,nopre,type1,p1,l1,nopc,nob/c,486500,3.625,0.1829,2460.88,360.0,not_neg,int_only,not_lpsm,588000.0,sb,pr,home,1U,7560.0,CRIF,749,EXP,25-34,to_inst,82.73809524,North,direct,0,41.0
158222,2019,cf,Sex Not Available,nopre,type1,p3,l1,nopc,nob/c,106500,,,,360.0,neg_amm,not_int,not_lpsm,428000.0,sb,pr,home,1U,1440.0,CRIF,626,CIB,65-74,to_inst,24.88317757,south,direct,1,37.0
76239,2019,,Joint,nopre,type1,p3,l1,nopc,nob/c,296500,3.99,0.0942,6502.82,360.0,not_neg,not_int,not_lpsm,398000.0,sb,pr,home,1U,5820.0,CIB,690,EXP,35-44,to_inst,74.49748744,south,direct,0,33.0
80489,2019,cf,Joint,pre,type2,p3,l1,nopc,b/c,136500,4.625,1.9484,1320.0,360.0,not_neg,not_int,not_lpsm,168000.0,sb,pr,home,1U,5100.0,CIB,682,EXP,45-54,to_inst,81.25,North,direct,0,50.0
106532,2019,cf,Joint,nopre,type1,p4,l1,nopc,nob/c,226500,4.75,0.6105,0.0,360.0,not_neg,not_int,not_lpsm,238000.0,sb,pr,home,1U,10740.0,CRIF,533,EXP,35-44,to_inst,95.16806723,south,direct,0,29.0
50667,2019,cf,Female,nopre,type1,p3,l1,nopc,nob/c,256500,,,,360.0,not_neg,not_int,lpsm,348000.0,sb,pr,home,1U,3000.0,CRIF,610,CIB,55-64,to_inst,73.70689655,North,direct,1,41.0
92089,2019,cf,Male,nopre,type3,p3,l1,nopc,nob/c,196500,3.99,-0.0603,3568.13,360.0,not_neg,not_int,not_lpsm,238000.0,sb,pr,home,1U,4920.0,CRIF,505,CIB,55-64,to_inst,82.56302521,North,direct,0,50.0
78718,2019,cf,Joint,nopre,type1,p1,l1,nopc,nob/c,306500,3.125,0.1042,295.0,180.0,not_neg,not_int,not_lpsm,478000.0,sb,pr,home,1U,10140.0,CRIF,771,EXP,>74,to_inst,64.12133891,North,direct,0,35.0
80583,2019,cf,Female,nopre,type1,p4,l1,nopc,nob/c,156500,3.75,0.1724,4310.0,360.0,not_neg,not_int,not_lpsm,258000.0,sb,pr,home,1U,2640.0,EXP,852,CIB,>74,to_inst,60.65891473,North,direct,0,38.0
73229,2019,cf,Female,pre,type1,p4,l1,nopc,nob/c,536500,3.625,-0.2113,586.1,360.0,not_neg,not_int,not_lpsm,908000.0,sb,pr,home,1U,9000.0,CRIF,827,CIB,35-44,not_inst,59.08590308,south,direct,0,32.0
85979,2019,cf,Male,nopre,type1,p3,l1,nopc,nob/c,456500,3.99,0.0612,12550.0,360.0,not_neg,not_int,not_lpsm,568000.0,sb,pr,home,1U,6180.0,CRIF,819,CIB,45-54,to_inst,80.36971831,North,direct,0,43.0
84511,2019,cf,Sex Not Available,nopre,type1,p4,l1,nopc,nob/c,276500,3.875,0.1979,2276.84,324.0,not_neg,not_int,not_lpsm,408000.0,sb,pr,home,1U,10380.0,CIB,738,CIB,55-64,to_inst,67.76960784,south,direct,0,14.0
115760,2019,cf,Joint,nopre,type1,p1,l1,nopc,nob/c,506500,4.56,0.7673,0.0,360.0,not_neg,not_int,not_lpsm,538000.0,sb,pr,home,1U,7920.0,CRIF,722,EXP,45-54,not_inst,94.14498141,North,direct,0,39.0
79030,2019,cf,Sex Not Available,pre,type1,p3,l1,nopc,nob/c,256500,4.25,0.6538,3025.0,180.0,not_neg,not_int,not_lpsm,318000.0,sb,pr,home,1U,5160.0,CIB,857,CIB,55-64,to_inst,80.66037736,south,direct,0,45.0
38157,2019,cf,Female,nopre,type2,p4,l1,nopc,b/c,36500,4.5,1.728,1188.04,360.0,not_neg,not_int,not_lpsm,58000.0,sb,pr,home,1U,1920.0,EXP,502,CIB,65-74,to_inst,62.93103448,central,direct,0,37.0
73963,2019,cf,Joint,nopre,type1,p3,l1,nopc,nob/c,486500,3.5,-0.2559,829.48,360.0,not_neg,not_int,lpsm,908000.0,sb,pr,home,1U,7920.0,CRIF,553,EXP,55-64,not_inst,53.57929515,south,direct,0,42.0
77144,2019,cf,Male,nopre,type3,p3,l1,nopc,nob/c,386500,4.75,0.8778,0.0,360.0,not_neg,not_int,not_lpsm,518000.0,sb,pr,home,1U,5040.0,EXP,826,CIB,55-64,to_inst,74.61389961,North,direct,0,57.0
151394,2019,cf,Male,nopre,type1,p1,l1,nopc,nob/c,246500,5.19,1.2295,3674.64,360.0,not_neg,not_int,not_lpsm,308000.0,sb,ir,home,1U,4080.0,CRIF,537,CIB,55-64,not_inst,80.03246753,North-East,direct,0,30.0
95054,2019,cf,Male,nopre,type1,p3,l1,nopc,nob/c,286500,4.99,1.1985,0.0,240.0,not_neg,not_int,not_lpsm,428000.0,sb,pr,home,1U,8760.0,CRIF,555,CIB,55-64,to_inst,66.93925234,North,direct,0,20.0
117812,2019,cf,Sex Not Available,nopre,type1,p4,l1,nopc,nob/c,316500,3.5,0.0319,,360.0,not_neg,not_int,not_lpsm,418000.0,sb,pr,home,1U,3720.0,CIB,848,CIB,65-74,to_inst,75.71770335,south,direct,0,40.0
115109,2019,cf,Female,nopre,type1,p3,l1,nopc,nob/c,256500,3.625,0.22,3855.0,360.0,not_neg,not_int,not_lpsm,348000.0,sb,pr,home,1U,2580.0,EXP,517,CIB,25-34,not_inst,73.70689655,North,direct,0,40.0
34215,2019,cf,Male,pre,type1,p1,l1,nopc,nob/c,186500,4.5,0.1632,6583.75,360.0,not_neg,not_int,not_lpsm,248000.0,sb,pr,home,1U,2400.0,CRIF,530,CIB,25-34,to_inst,75.2016129,south,direct,0,46.0
126445,2019,cf,Sex Not Available,nopre,type1,p3,l1,nopc,nob/c,186500,4.25,0.5921,3537.5,360.0,not_neg,not_int,not_lpsm,398000.0,sb,pr,home,1U,2460.0,CRIF,888,EXP,65-74,to_inst,46.85929648,south,direct,0,46.0
70276,2019,cf,Sex Not Available,nopre,type1,p4,l1,nopc,nob/c,146500,3.375,0.7702,4142.0,180.0,not_neg,not_int,not_lpsm,248000.0,sb,pr,home,1U,4620.0,CRIF,812,CIB,65-74,to_inst,59.07258065,south,direct,0,43.0
26235,2019,cf,Male,nopre,type1,p3,l1,nopc,nob/c,276500,3.99,0.1242,6650.0,360.0,not_neg,not_int,not_lpsm,778000.0,sb,pr,home,1U,6540.0,EXP,743,CIB,65-74,to_inst,35.53984576,central,direct,0,7.0
74300,2019,cf,Male,nopre,type1,p3,l1,nopc,nob/c,606500,4.5,0.0679,334.0,360.0,not_neg,int_only,not_lpsm,3108000.0,sb,pr,home,1U,7440.0,CIB,851,CIB,>74,not_inst,19.51415701,North,direct,0,38.0
35423,2019,cf,Male,nopre,type1,p3,l1,nopc,nob/c,146500,3.875,1.1568,4161.5,180.0,not_neg,not_int,not_lpsm,218000.0,sb,pr,home,1U,2940.0,CIB,776,CIB,45-54,to_inst,67.20183486,central,direct,0,39.0
162710,2019,cf,Female,nopre,type1,p4,l1,nopc,nob/c,266500,4.125,0.5655,1911.25,360.0,not_neg,not_int,not_lpsm,378000.0,sb,pr,home,1U,4860.0,CRIF,653,CIB,35-44,to_inst,70.5026455,south,direct,0,38.0
104723,2019,cf,Male,nopre,type2,p1,l1,nopc,b/c,146500,3.625,0.9153,245.02,360.0,not_neg,not_int,not_lpsm,148000.0,sb,pr,home,1U,2220.0,CRIF,684,CIB,45-54,not_inst,98.98648649,North,direct,0,49.0
85905,2019,cf,Female,nopre,type1,p4,l2,nopc,nob/c,176500,3.99,0.6676,3697.5,180.0,not_neg,not_int,not_lpsm,448000.0,sb,pr,home,1U,8760.0,CIB,520,EXP,35-44,to_inst,39.39732143,North,direct,0,28.0
114178,2019,cf,Sex Not Available,nopre,type1,p4,l1,nopc,nob/c,206500,3.5,-0.0351,2180.35,360.0,not_neg,not_int,not_lpsm,288000.0,sb,pr,home,1U,5820.0,EXP,728,EXP,35-44,to_inst,71.70138889,south,direct,0,32.0
135553,2019,ncf,Male,nopre,type3,p3,l1,nopc,nob/c,256500,3.875,0.2075,6375.0,360.0,not_neg,not_int,not_lpsm,258000.0,sb,pr,home,1U,3120.0,CRIF,548,CIB,65-74,to_inst,99.41860465,south,direct,0,43.0
25352,2019,cf,Joint,nopre,type1,p1,l1,nopc,nob/c,506500,3.875,0.3239,0.0,360.0,not_neg,not_int,not_lpsm,538000.0,sb,pr,home,1U,4980.0,CRIF,698,EXP,45-54,not_inst,94.14498141,North,direct,0,47.0
117868,2019,cf,Joint,nopre,type1,p1,l1,nopc,nob/c,646500,4.375,0.5683,0.0,360.0,not_neg,not_int,not_lpsm,688000.0,sb,pr,home,1U,12060.0,CIB,517,EXP,35-44,not_inst,93.96802326,North,direct,0,42.0
132311,2019,cf,Joint,nopre,type1,p4,l1,nopc,nob/c,246500,4.125,-0.2786,0.0,360.0,not_neg,not_int,not_lpsm,588000.0,sb,pr,home,1U,4020.0,CIB,706,EXP,35-44,not_inst,41.92176871,central,direct,0,38.0
84535,2019,cf,Sex Not Available,nopre,type1,p3,l1,nopc,nob/c,306500,4.375,0.371,0.0,360.0,not_neg,not_int,not_lpsm,428000.0,sb,pr,home,1U,4620.0,CRIF,524,CIB,55-64,not_inst,71.61214953,south,direct,0,30.0
91079,2019,cf,Male,nopre,type1,p3,l1,nopc,nob/c,126500,4.5,0.6905,3281.25,360.0,not_neg,not_int,not_lpsm,238000.0,sb,pr,home,1U,2160.0,CRIF,653,CIB,55-64,to_inst,53.1512605,south,direct,0,32.0
102845,2019,cf,Male,nopre,type1,p1,l1,nopc,nob/c,226500,3.875,0.557,6378.75,360.0,not_neg,not_int,not_lpsm,238000.0,sb,pr,home,1U,3480.0,CIB,554,CIB,25-34,to_inst,95.16806723,North,direct,0,38.0
91575,2019,cf,Joint,pre,type2,p1,l2,nopc,b/c,326500,4.375,0.8035,2200.0,360.0,not_neg,not_int,not_lpsm,388000.0,sb,pr,home,1U,11580.0,CRIF,898,EXP,55-64,to_inst,84.14948454,North,direct,0,43.0
171344,2019,cf,Male,nopre,type1,p4,l1,nopc,nob/c,206500,4.375,0.6027,3695.0,180.0,neg_amm,not_int,not_lpsm,428000.0,sb,ir,home,1U,3600.0,EXP,851,CIB,65-74,to_inst,48.24766355,North,direct,0,50.0
136709,2019,cf,Joint,nopre,type2,p1,l1,nopc,b/c,466500,3.375,0.2592,0.0,360.0,not_neg,not_int,not_lpsm,578000.0,sb,pr,home,1U,5160.0,EXP,827,EXP,25-34,not_inst,80.70934256,North,direct,0,60.0
85351,2019,cf,Female,nopre,type1,p3,l1,nopc,nob/c,236500,4.625,0.8892,6976.75,360.0,not_neg,not_int,not_lpsm,308000.0,sb,pr,home,1U,3840.0,CIB,899,CIB,45-54,to_inst,76.78571429,south,direct,0,30.0
67852,2019,cf,Male,pre,type1,p3,l1,nopc,nob/c,426500,,,,360.0,not_neg,not_int,not_lpsm,538000.0,sb,pr,home,1U,9120.0,CIB,803,CIB,35-44,to_inst,79.27509294,south,direct,1,37.0
48530,2019,cf,Female,nopre,type1,p3,l1,nopc,nob/c,366500,3.75,0.292,1326.9,360.0,not_neg,not_int,not_lpsm,438000.0,sb,pr,home,1U,6240.0,CIB,504,CIB,55-64,to_inst,83.67579909,North,direct,0,42.0
96791,2019,cf,Joint,pre,type1,p4,l1,nopc,nob/c,306500,3.875,0.1567,1183.5,360.0,not_neg,not_int,not_lpsm,428000.0,sb,pr,home,1U,4020.0,CIB,852,EXP,55-64,not_inst,71.61214953,North,direct,0,45.0
59028,2019,cf,Male,pre,type1,p4,l1,nopc,nob/c,176500,3.75,0.4823,4892.91,360.0,not_neg,not_int,not_lpsm,298000.0,sb,pr,home,1U,3480.0,CIB,830,CIB,45-54,to_inst,59.22818792,North,direct,0,24.0
53679,2019,cf,Sex Not Available,pre,type1,p4,l1,nopc,nob/c,276500,,,,324.0,not_neg,not_int,not_lpsm,298000.0,sb,pr,home,1U,2820.0,CIB,788,CIB,25-34,to_inst,92.7852349,south,direct,1,50.0
172738,2019,cf,Male,nopre,type1,p4,l1,nopc,nob/c,666500,4.25,0.397,0.0,360.0,not_neg,not_int,not_lpsm,898000.0,sb,pr,home,1U,8100.0,CRIF,681,EXP,25-34,not_inst,74.22048998,south,direct,0,36.0
75345,2019,cf,Male,nopre,type3,p4,l1,nopc,nob/c,186500,4.625,0.2413,1075.8,360.0,not_neg,not_int,not_lpsm,198000.0,sb,pr,home,1U,6660.0,EXP,847,CIB,45-54,to_inst,94.19191919,North,direct,0,36.0
137247,2019,cf,Male,nopre,type2,p1,l1,nopc,b/c,116500,,,,360.0,not_neg,not_int,not_lpsm,138000.0,sb,pr,home,1U,2040.0,CIB,500,CIB,<25,to_inst,84.42028986,North,direct,1,47.0
67106,2019,ncf,Joint,nopre,type1,p1,l1,nopc,nob/c,646500,3.5,-0.1355,10398.26,360.0,not_neg,not_int,not_lpsm,808000.0,sb,pr,home,1U,13440.0,EXP,596,EXP,45-54,not_inst,80.01237624,North,direct,0,39.0
43991,2019,cf,Female,pre,type2,p1,l1,nopc,b/c,356500,4.625,1.0505,2950.0,360.0,not_neg,not_int,not_lpsm,378000.0,sb,pr,home,1U,7200.0,CRIF,757,CIB,45-54,to_inst,94.31216931,North,direct,0,44.0
161145,2019,cf,Joint,pre,type2,p1,l1,nopc,b/c,96500,4.375,1.2509,1606.17,360.0,not_neg,not_int,not_lpsm,108000.0,sb,pr,home,1U,3960.0,EXP,557,EXP,45-54,to_inst,89.35185185,North,direct,0,38.0
135072,2019,ncf,Joint,nopre,type1,p1,l1,nopc,nob/c,246500,4.375,0.4336,5400.0,360.0,not_neg,not_int,not_lpsm,308000.0,sb,sr,home,1U,17640.0,CIB,558,EXP,55-64,to_inst,80.03246753,North,direct,0,37.0
124908,2019,cf,Sex Not Available,pre,type1,p3,l1,nopc,nob/c,246500,,,,360.0,not_neg,not_int,not_lpsm,328000.0,sb,pr,home,1U,3000.0,CIB,812,CIB,45-54,to_inst,75.15243902,south,direct,1,44.0
56319,2019,cf,Joint,nopre,type2,p3,l1,nopc,b/c,636500,3.875,1.0162,12718.74,360.0,not_neg,not_int,not_lpsm,878000.0,sb,pr,home,1U,12720.0,EXP,558,EXP,45-54,not_inst,72.49430524,North,direct,0,30.0
98262,2019,cf,Female,nopre,type1,p1,l1,nopc,nob/c,656500,4.625,1.4482,11041.24,360.0,not_neg,int_only,not_lpsm,728000.0,sb,pr,home,1U,12300.0,EXP,644,CIB,45-54,not_inst,90.17857143,south,direct,0,40.0
139117,2019,ncf,Joint,nopre,type1,p1,l1,nopc,nob/c,556500,4.25,0.6947,1195.0,360.0,not_neg,not_int,not_lpsm,698000.0,sb,pr,home,1U,7860.0,CIB,832,EXP,55-64,to_inst,79.7277937,North,direct,0,41.0
57247,2019,ncf,Male,nopre,type2,p1,l1,nopc,b/c,126500,4.75,1.599,2235.63,360.0,not_neg,not_int,not_lpsm,128000.0,sb,pr,home,1U,6000.0,CIB,561,CIB,55-64,not_inst,98.828125,North,direct,0,7.0
103276,2019,cf,Sex Not Available,nopre,type2,p3,l1,nopc,b/c,196500,3.99,1.1545,1458.71,360.0,not_neg,not_int,not_lpsm,248000.0,sb,pr,home,1U,2340.0,CRIF,661,CIB,65-74,to_inst,79.23387097,south,direct,0,58.0
106214,2019,cf,Sex Not Available,nopre,type1,p3,l2,nopc,nob/c,176500,4.625,1.3871,4531.25,180.0,not_neg,not_int,not_lpsm,388000.0,sb,ir,home,1U,9840.0,CRIF,599,EXP,65-74,to_inst,45.48969072,south,direct,0,44.0
90074,2019,cf,Female,nopre,type1,p4,l1,nopc,nob/c,386500,3.875,0.1919,1002.12,360.0,not_neg,not_int,not_lpsm,658000.0,sb,pr,home,1U,5160.0,CIB,640,CIB,65-74,not_inst,58.73860182,North,direct,0,40.0
164679,2019,cf,Sex Not Available,nopre,type2,p4,l1,nopc,b/c,146500,3.99,1.3876,911.88,360.0,not_neg,not_int,not_lpsm,168000.0,sb,pr,home,1U,3120.0,CIB,829,CIB,25-34,to_inst,87.20238095,south,direct,0,26.0
51872,2019,cf,Joint,nopre,type3,p3,l1,nopc,nob/c,276500,4.25,0.3773,4786.25,360.0,not_neg,not_int,not_lpsm,318000.0,sb,pr,home,1U,5640.0,EXP,797,EXP,65-74,to_inst,86.94968553,central,direct,0,44.0
89647,2019,cf,Joint,nopre,type1,p4,l1,nopc,nob/c,706500,3.75,0.0378,0.0,360.0,not_neg,not_int,not_lpsm,888000.0,sb,pr,home,1U,18360.0,CIB,520,EXP,45-54,not_inst,79.56081081,North,direct,0,23.0
124586,2019,cf,Female,pre,type1,p4,l1,nopc,nob/c,226500,3.99,-0.3569,618.98,360.0,not_neg,not_int,not_lpsm,908000.0,sb,pr,home,1U,3000.0,CIB,651,CIB,45-54,not_inst,24.94493392,south,direct,0,47.0
130700,2019,cf,Joint,nopre,type1,p2,l1,nopc,nob/c,206500,,,,180.0,not_neg,not_int,not_lpsm,388000.0,sb,pr,home,1U,5640.0,CIB,539,EXP,55-64,to_inst,53.22164948,south,direct,1,33.0
162431,2019,cf,Male,nopre,type3,p3,l1,nopc,nob/c,116500,3.625,0.1235,2374.0,300.0,not_neg,not_int,not_lpsm,158000.0,sb,pr,home,1U,2100.0,EXP,651,CIB,65-74,to_inst,73.73417722,North,direct,0,31.0
26952,2019,cf,Joint,nopre,type1,p3,l1,nopc,nob/c,486500,4.56,0.2097,795.0,360.0,neg_amm,not_int,not_lpsm,1508000.0,sb,pr,home,1U,7440.0,CRIF,654,EXP,45-54,to_inst,32.26127321,North,direct,0,48.0
33915,2019,cf,Male,nopre,type1,p1,l1,nopc,nob/c,466500,3.75,0.2916,795.0,360.0,not_neg,not_int,not_lpsm,548000.0,sb,sr,home,1U,18660.0,CIB,889,EXP,55-64,to_inst,85.12773723,North,direct,0,40.0
27141,2019,cf,Joint,pre,type1,p1,l1,nopc,nob/c,196500,4.5,0.4838,3762.5,360.0,not_neg,not_int,not_lpsm,208000.0,sb,pr,home,1U,5880.0,CIB,545,EXP,65-74,to_inst,94.47115385,North,direct,0,21.0
117971,2019,cf,Sex Not Available,nopre,type1,p4,l1,nopc,nob/c,386500,3.75,0.0598,3098.75,180.0,not_neg,not_int,not_lpsm,1008000.0,sb,pr,home,1U,8640.0,EXP,890,EXP,65-74,to_inst,38.34325397,south,direct,0,45.0
149967,2019,cf,Male,nopre,type1,p3,l1,nopc,nob/c,416500,3.625,0.0187,0.0,360.0,not_neg,not_int,not_lpsm,608000.0,sb,pr,home,1U,4500.0,CIB,674,CIB,45-54,not_inst,68.50328947,North,direct,0,46.0
110104,2019,cf,Joint,nopre,type1,p4,l1,nopc,nob/c,466500,4.5,0.5693,2406.6,360.0,not_neg,not_int,not_lpsm,498000.0,sb,pr,home,1U,5280.0,CRIF,659,EXP,25-34,not_inst,93.6746988,North,direct,0,43.0
40804,2019,ncf,Sex Not Available,nopre,type1,p4,l1,nopc,nob/c,676500,4.25,0.1111,561.02,360.0,not_neg,not_int,not_lpsm,818000.0,sb,pr,home,1U,7620.0,CRIF,764,EXP,35-44,not_inst,82.70171149,south,direct,0,38.0
64487,2019,cf,Joint,nopre,type2,p4,l1,nopc,b/c,356500,,,,360.0,not_neg,not_int,not_lpsm,358000.0,sb,pr,home,1U,7440.0,CRIF,759,EXP,25-34,not_inst,99.58100559,North,direct,1,40.0
152480,2019,cf,Female,nopre,type3,p3,l1,nopc,nob/c,596500,,,,360.0,not_neg,not_int,not_lpsm,638000.0,sb,pr,home,1U,5700.0,CRIF,688,CIB,35-44,not_inst,93.49529781,North,direct,1,55.0
92101,2019,cf,Sex Not Available,nopre,type1,p1,l2,nopc,nob/c,286500,4.375,0.2728,3918.75,360.0,not_neg,not_int,not_lpsm,308000.0,sb,pr,home,1U,8280.0,CIB,823,CIB,45-54,to_inst,93.01948052,south,direct,0,42.0
119447,2019,cf,Joint,nopre,type2,p3,l1,nopc,b/c,196500,4.49,1.6925,1639.18,360.0,not_neg,not_int,not_lpsm,238000.0,sb,pr,home,1U,2880.0,CIB,702,EXP,55-64,to_inst,82.56302521,North,direct,0,57.0
67587,2019,cf,Joint,nopre,type1,p3,l1,nopc,nob/c,396500,5.75,1.3832,5775.58,360.0,,not_int,not_lpsm,638000.0,sb,ir,home,3U,2940.0,CRIF,740,EXP,65-74,not_inst,62.14733542,North,direct,0,49.0
91510,2019,cf,Sex Not Available,nopre,type3,p3,l1,nopc,nob/c,516500,3.625,0.046,1845.0,360.0,not_neg,not_int,not_lpsm,618000.0,sb,pr,home,1U,9420.0,CIB,674,EXP,45-54,not_inst,83.57605178,south,direct,0,40.0
61706,2019,cf,Joint,nopre,type1,p1,l1,nopc,nob/c,406500,3.5,-0.0092,755.0,360.0,not_neg,not_int,not_lpsm,758000.0,sb,pr,home,1U,10140.0,CIB,648,EXP,55-64,not_inst,53.62796834,North,direct,0,21.0
106335,2019,cf,Sex Not Available,nopre,type1,p1,l1,nopc,nob/c,266500,3.99,0.6013,5870.0,360.0,not_neg,not_int,not_lpsm,338000.0,sb,pr,home,1U,4200.0,CIB,555,CIB,35-44,to_inst,78.84615385,south,direct,0,39.0
142579,2019,cf,Female,nopre,type1,p4,l1,nopc,nob/c,416500,3.75,0.166,1050.0,360.0,not_neg,not_int,not_lpsm,1308000.0,sb,sr,home,1U,9300.0,CIB,641,CIB,55-64,not_inst,31.84250765,south,direct,0,27.0
169615,2019,cf,Sex Not Available,nopre,type3,p3,l1,nopc,nob/c,396500,3.99,0.5486,3913.0,360.0,not_neg,not_int,not_lpsm,538000.0,sb,pr,home,1U,3720.0,CIB,781,EXP,65-74,to_inst,73.69888476,south,direct,0,53.0
30410,2019,cf,Female,pre,type2,p1,l1,nopc,b/c,236500,4.125,0.8438,255.05,360.0,not_neg,not_int,not_lpsm,248000.0,sb,pr,home,1U,3720.0,EXP,684,CIB,35-44,to_inst,95.36290323,North,direct,0,53.0
168432,2019,ncf,Sex Not Available,pre,type1,p1,l1,nopc,nob/c,566500,,,,360.0,not_neg,not_int,not_lpsm,708000.0,sb,pr,home,1U,27180.0,CIB,598,CIB,45-54,to_inst,80.01412429,south,direct,1,30.0
164958,2019,cf,Female,nopre,type1,p3,l1,nopc,nob/c,436500,4.75,0.974,4375.0,240.0,neg_amm,not_int,not_lpsm,548000.0,sb,pr,home,1U,9780.0,CRIF,688,CIB,45-54,to_inst,79.65328467,North,direct,0,37.0
172895,2019,cf,Joint,nopre,type1,p4,l1,nopc,nob/c,186500,3.375,0.5342,5793.0,240.0,not_neg,not_int,not_lpsm,218000.0,sb,pr,home,1U,3300.0,CIB,511,EXP,35-44,to_inst,85.55045872,south,direct,0,49.0
90440,2019,ncf,Female,nopre,type1,p4,l1,nopc,nob/c,326500,4.375,0.7395,4100.0,360.0,not_neg,not_int,not_lpsm,568000.0,sb,ir,home,1U,8100.0,CRIF,816,CIB,55-64,not_inst,57.48239437,North,direct,0,49.0
63592,2019,cf,Male,nopre,type1,p3,l1,nopc,nob/c,236500,,,,360.0,not_neg,not_int,not_lpsm,408000.0,sb,pr,home,1U,2580.0,CIB,707,CIB,65-74,to_inst,57.96568627,North,direct,1,48.0
102289,2019,cf,Female,nopre,type1,p4,l1,nopc,nob/c,66500,3.875,0.6531,2816.29,360.0,not_neg,int_only,not_lpsm,158000.0,sb,pr,home,1U,3540.0,CIB,523,CIB,35-44,not_inst,42.08860759,North,direct,0,29.0
98816,2019,cf,Female,nopre,type1,p1,l2,nopc,nob/c,156500,4.875,0.7659,0.0,360.0,not_neg,not_int,not_lpsm,208000.0,sb,pr,home,1U,1680.0,CIB,635,CIB,55-64,to_inst,75.24038462,North,direct,0,44.0
71770,2019,cf,Male,nopre,type1,p3,l1,nopc,nob/c,136500,4.25,0.9841,2494.0,180.0,not_neg,not_int,not_lpsm,168000.0,sb,pr,home,1U,8460.0,EXP,813,EXP,45-54,to_inst,81.25,North,direct,0,36.0
167736,2019,cf,Joint,nopre,type1,p3,l1,nopc,nob/c,166500,3.5,0.0383,5279.6,360.0,not_neg,not_int,not_lpsm,308000.0,sb,pr,home,1U,3060.0,CIB,718,EXP,65-74,to_inst,54.05844156,south,direct,0,43.0
167830,2019,cf,Male,nopre,type1,p4,l1,nopc,nob/c,486500,3.625,-0.0552,0.0,360.0,not_neg,not_int,not_lpsm,618000.0,sb,pr,home,1U,7200.0,CIB,892,CIB,45-54,not_inst,78.72168285,North,direct,0,33.0
171940,2019,cf,Male,nopre,type1,p3,l1,nopc,nob/c,406500,4.25,0.4555,1177.0,360.0,not_neg,not_int,not_lpsm,508000.0,sb,pr,home,1U,78720.0,CIB,724,CIB,35-44,not_inst,80.01968504,south,direct,0,10.0
127009,2019,cf,Joint,nopre,type2,p3,l1,nopc,b/c,346500,,,,360.0,not_neg,not_int,not_lpsm,658000.0,sb,pr,home,1U,5160.0,CRIF,703,EXP,>74,to_inst,52.65957447,south,direct,1,36.0
149490,2019,cf,Sex Not Available,nopre,type1,p3,l1,nopc,nob/c,486500,5.375,0.9025,0.0,360.0,not_neg,not_int,not_lpsm,758000.0,sb,ir,home,1U,12480.0,CRIF,592,EXP,35-44,not_inst,64.18205805,south,direct,0,49.0
66287,2019,cf,Female,nopre,type1,p3,l1,nopc,nob/c,376500,3.75,0.2943,8364.38,300.0,not_neg,not_int,not_lpsm,508000.0,sb,pr,home,1U,8040.0,CIB,716,CIB,35-44,to_inst,74.11417323,south,direct,0,31.0
64661,2019,cf,Female,nopre,type1,p3,l1,nopc,nob/c,206500,4.56,0.4338,3729.98,360.0,not_neg,not_int,not_lpsm,518000.0,sb,pr,home,1U,5640.0,CRIF,731,CIB,65-74,to_inst,39.86486486,North,direct,0,25.0
169042,2019,cf,Male,nopre,type1,p4,l1,nopc,nob/c,576500,3.75,-0.0045,993.3,360.0,not_neg,not_int,not_lpsm,718000.0,sb,pr,home,1U,13800.0,CIB,644,CIB,35-44,not_inst,80.29247911,North,direct,0,33.0
128884,2019,cf,Sex Not Available,nopre,type1,p4,l1,nopc,nob/c,186500,4.625,0.2487,,360.0,neg_amm,not_int,not_lpsm,238000.0,sb,pr,home,1U,4980.0,CRIF,830,CIB,25-34,to_inst,78.36134454,south,direct,0,37.0
111873,2019,cf,Male,nopre,type1,p1,l1,nopc,nob/c,606500,4.625,0.9817,2289.0,360.0,not_neg,not_int,not_lpsm,808000.0,sb,ir,home,1U,10260.0,EXP,601,EXP,<25,not_inst,75.06188119,south,direct,0,42.0
71663,2019,cf,Joint,nopre,type1,p1,l1,nopc,nob/c,226500,3.25,0.4037,7156.25,240.0,not_neg,not_int,not_lpsm,328000.0,sb,pr,home,1U,6720.0,EXP,642,EXP,65-74,to_inst,69.05487805,south,direct,0,36.0
48948,2019,ncf,Male,pre,type1,p1,l1,nopc,nob/c,326500,3.99,0.263,7288.44,360.0,not_neg,not_int,not_lpsm,338000.0,sb,pr,home,1U,4980.0,CIB,889,CIB,35-44,to_inst,96.59763314,North,direct,0,36.0
144784,2019,cf,Male,pre,type1,p4,l1,nopc,nob/c,406500,3.99,-0.3759,2648.75,360.0,not_neg,not_int,not_lpsm,608000.0,sb,pr,home,1U,4800.0,EXP,627,CIB,55-64,not_inst,66.85855263,North,direct,0,40.0
25609,2019,cf,Female,nopre,type1,p1,l1,nopc,nob/c,246500,4.25,0.0898,0.0,360.0,not_neg,not_int,not_lpsm,248000.0,sb,pr,home,1U,2640.0,CRIF,749,CIB,25-34,not_inst,99.39516129,central,direct,0,45.0
157544,2019,cf,Sex Not Available,nopre,type1,p3,l1,nopc,nob/c,156500,3.75,0.8835,3683.5,180.0,not_neg,not_int,not_lpsm,218000.0,sb,pr,home,1U,5460.0,CRIF,655,CIB,45-54,to_inst,71.78899083,south,direct,0,7.0
41901,2019,cf,Joint,nopre,type2,p3,l1,nopc,b/c,286500,3.99,1.1321,4908.54,360.0,not_neg,not_int,not_lpsm,348000.0,sb,pr,home,1U,5940.0,EXP,532,EXP,45-54,to_inst,82.32758621,North,direct,0,43.0
146383,2019,cf,Sex Not Available,nopre,type1,p4,l1,nopc,nob/c,116500,3.75,0.3508,3187.69,360.0,not_neg,not_int,not_lpsm,298000.0,sb,pr,home,1U,5040.0,CIB,884,EXP,55-64,to_inst,39.09395973,south,direct,0,21.0
24944,2019,cf,Joint,nopre,type1,p1,l1,nopc,nob/c,606500,3.625,0.0945,14690.09,360.0,not_neg,not_int,not_lpsm,808000.0,sb,ir,home,1U,22500.0,EXP,808,EXP,35-44,not_inst,75.06188119,central,direct,0,28.0
58453,2019,cf,Male,nopre,type1,p4,l1,nopc,nob/c,426500,3.625,0.0134,0.0,360.0,not_neg,not_int,not_lpsm,528000.0,sb,pr,home,1U,8220.0,EXP,699,CIB,45-54,not_inst,80.77651515,North,direct,0,37.0
142667,2019,cf,Male,nopre,type1,p4,l1,nopc,nob/c,256500,,,,360.0,not_neg,not_int,not_lpsm,318000.0,sb,pr,home,1U,8220.0,CIB,735,EXP,35-44,to_inst,80.66037736,central,direct,1,40.0
127496,2019,cf,Sex Not Available,nopre,type1,p3,l1,nopc,nob/c,466500,3.625,0.3434,16304.0,360.0,not_neg,not_int,not_lpsm,938000.0,sb,pr,home,1U,4080.0,CRIF,757,CIB,65-74,to_inst,49.73347548,south,direct,0,43.0
151191,2019,cf,Sex Not Available,nopre,type1,p3,l1,nopc,nob/c,196500,3.99,0.5122,6467.19,360.0,not_neg,not_int,not_lpsm,268000.0,sb,pr,home,1U,2880.0,CRIF,749,CIB,55-64,to_inst,73.32089552,south,direct,0,34.0
168198,2019,cf,Male,nopre,type1,p3,l1,nopc,nob/c,406500,,,,360.0,not_neg,not_int,not_lpsm,718000.0,sb,pr,home,1U,1380.0,CIB,526,CIB,45-54,not_inst,56.61559889,North,direct,1,34.0
161416,2019,cf,Female,nopre,type1,p3,l1,nopc,nob/c,156500,4.25,0.4805,2470.0,180.0,not_neg,not_int,not_lpsm,438000.0,sb,pr,home,1U,7260.0,EXP,877,EXP,55-64,to_inst,35.73059361,North,direct,0,34.0
144123,2019,cf,Male,nopre,type1,p1,l1,nopc,nob/c,206500,3.99,0.1737,6375.0,360.0,not_neg,not_int,not_lpsm,228000.0,sb,pr,home,1U,4920.0,EXP,896,CIB,45-54,to_inst,90.57017544,central,direct,0,18.0
57706,2019,cf,Male,nopre,type2,p1,l1,nopc,b/c,236500,3.625,0.7943,2440.72,360.0,not_neg,not_int,not_lpsm,238000.0,sb,pr,home,1U,3840.0,CIB,704,CIB,25-34,to_inst,99.3697479,central,direct,0,47.0
29482,2019,ncf,Male,pre,type1,p3,l1,nopc,nob/c,236500,3.75,0.2705,1250.0,180.0,not_neg,not_int,not_lpsm,378000.0,sb,pr,home,1U,3240.0,EXP,616,CIB,45-54,to_inst,62.56613757,North,direct,0,45.0
52046,2019,cf,Female,nopre,type1,p4,l1,nopc,nob/c,496500,3.625,-0.0567,335.7,360.0,not_neg,not_int,not_lpsm,878000.0,sb,pr,home,1U,4200.0,EXP,595,CIB,65-74,not_inst,56.54897494,North,direct,0,48.0
84561,2019,cf,Male,nopre,type2,p3,l1,nopc,b/c,336500,3.625,0.7482,0.0,360.0,not_neg,not_int,not_lpsm,398000.0,sb,pr,home,1U,6240.0,EXP,651,CIB,25-34,to_inst,84.54773869,North,direct,0,44.0
120750,2019,,Male,nopre,type1,p3,l1,nopc,nob/c,406500,4.375,0.5791,3097.44,360.0,not_neg,not_int,not_lpsm,518000.0,sb,pr,home,1U,3780.0,CIB,740,CIB,55-64,not_inst,78.47490347,central,direct,0,45.0
100151,2019,cf,Joint,nopre,type1,p1,l1,nopc,nob/c,166500,4.99,1.0601,1865.7,360.0,neg_amm,not_int,not_lpsm,178000.0,sb,pr,home,1U,3480.0,CIB,899,EXP,35-44,to_inst,93.53932584,North,direct,0,37.0
171663,2019,cf,Sex Not Available,nopre,type1,p4,l1,nopc,nob/c,316500,3.99,0.0657,6271.79,360.0,not_neg,not_int,not_lpsm,508000.0,sb,pr,home,1U,3960.0,CIB,774,EXP,45-54,to_inst,62.30314961,south,direct,0,40.0
73838,2019,cf,Male,nopre,type1,p1,l1,nopc,nob/c,326500,4.75,0.4142,0.0,360.0,not_neg,not_int,not_lpsm,338000.0,sb,pr,home,1U,3900.0,CIB,565,CIB,25-34,not_inst,96.59763314,North-East,direct,0,46.0
51672,2019,cf,Sex Not Available,pre,type1,p4,l1,nopc,nob/c,196500,,,,360.0,not_neg,not_int,not_lpsm,228000.0,sb,pr,home,1U,2580.0,CIB,748,CIB,>74,to_inst,86.18421053,south,direct,1,41.0
44224,2019,cf,Joint,nopre,type3,p3,l1,nopc,nob/c,456500,3.5,-0.0203,6750.0,360.0,not_neg,int_only,not_lpsm,608000.0,sb,pr,home,1U,6600.0,EXP,889,EXP,45-54,to_inst,75.08223684,North,direct,0,40.0
32526,2019,cf,Male,pre,type1,p1,l1,nopc,nob/c,586500,3.875,0.4345,6718.88,360.0,not_neg,not_int,not_lpsm,618000.0,sb,pr,home,1U,14340.0,CIB,856,CIB,25-34,to_inst,94.90291262,south,direct,0,30.0
171995,2019,cf,Female,nopre,type2,p3,l1,nopc,b/c,76500,,,,360.0,not_neg,not_int,not_lpsm,108000.0,sb,pr,home,1U,5040.0,CIB,710,CIB,35-44,to_inst,70.83333333,North,direct,1,9.0
167601,2019,cf,Male,nopre,type1,p1,l1,nopc,nob/c,726500,4.375,-0.1608,2815.34,324.0,neg_amm,not_int,not_lpsm,1508000.0,sb,pr,home,1U,9360.0,CIB,617,CIB,65-74,not_inst,48.17639257,North,direct,0,49.0
164275,2019,cf,Female,pre,type1,p1,l1,nopc,nob/c,136500,,,,360.0,not_neg,not_int,not_lpsm,188000.0,sb,pr,home,1U,1680.0,EXP,737,CIB,45-54,to_inst,72.60638298,North,direct,1,52.0
60830,2019,cf,Joint,pre,type2,p3,l1,nopc,b/c,526500,,,,360.0,not_neg,not_int,not_lpsm,958000.0,sb,pr,home,1U,7560.0,CRIF,542,EXP,45-54,to_inst,54.95824635,south,direct,1,55.0
83861,2019,cf,Female,nopre,type1,p4,l1,nopc,nob/c,256500,3.99,0.3669,5778.83,360.0,not_neg,not_int,not_lpsm,328000.0,sb,pr,home,1U,5820.0,CIB,598,CIB,55-64,to_inst,78.20121951,central,direct,0,27.0
71892,2019,cf,Joint,nopre,type1,p1,l1,nopc,nob/c,496500,4.56,0.651,5564.31,360.0,not_neg,not_int,not_lpsm,588000.0,sb,pr,home,1U,5760.0,CRIF,879,EXP,25-34,not_inst,84.43877551,south,direct,0,42.0
78002,2019,cf,Female,nopre,type1,p4,l1,nopc,nob/c,416500,4.625,0.353,9215.0,360.0,neg_amm,not_int,not_lpsm,658000.0,sb,pr,home,1U,7200.0,CIB,773,CIB,55-64,not_inst,63.29787234,North,direct,0,48.0
148728,2019,cf,Sex Not Available,nopre,type1,p3,l1,nopc,nob/c,256500,3.99,1.4338,8180.0,180.0,neg_amm,int_only,not_lpsm,358000.0,sb,ir,home,1U,5820.0,CRIF,839,CIB,35-44,to_inst,71.64804469,south,direct,0,41.0
150989,2019,cf,Joint,nopre,type1,p3,l1,nopc,nob/c,216500,3.5,0.7225,6341.25,240.0,not_neg,not_int,not_lpsm,278000.0,sb,pr,home,1U,5820.0,CIB,721,EXP,55-64,to_inst,77.87769784,North,direct,0,38.0
39023,2019,cf,Joint,pre,type1,p3,l1,nopc,nob/c,256500,4.5,0.2234,557.0,360.0,not_neg,not_int,not_lpsm,428000.0,sb,pr,home,1U,1080.0,CIB,882,EXP,55-64,not_inst,59.92990654,North,direct,0,43.0
139409,2019,cf,Sex Not Available,nopre,type2,p1,l1,nopc,b/c,106500,,,,360.0,not_neg,not_int,lpsm,108000.0,sb,pr,home,1U,2580.0,CIB,566,EXP,25-34,to_inst,98.61111111,south,direct,1,55.0
133342,2019,cf,Male,nopre,type1,p1,l1,nopc,nob/c,96500,4.25,1.0265,2690.45,360.0,not_neg,not_int,not_lpsm,98000.0,sb,pr,home,1U,1860.0,CRIF,583,CIB,<25,to_inst,98.46938776,south,direct,0,22.0
64138,2019,cf,Sex Not Available,nopre,type1,p1,l1,nopc,nob/c,396500,3.625,0.1074,2002.92,360.0,not_neg,not_int,not_lpsm,498000.0,sb,pr,home,1U,7260.0,CIB,612,EXP,35-44,not_inst,79.6184739,south,direct,0,29.0
169541,2019,ncf,Male,nopre,type1,p4,l1,nopc,nob/c,416500,4.0,-0.111,285.38,360.0,not_neg,not_int,not_lpsm,518000.0,sb,pr,home,1U,4680.0,CIB,810,CIB,45-54,not_inst,80.40540541,North,direct,0,49.0
49352,2019,cf,Joint,nopre,type1,p3,l1,nopc,nob/c,256500,3.99,0.5644,2415.0,180.0,not_neg,not_int,not_lpsm,408000.0,sb,pr,home,1U,8220.0,CIB,673,EXP,45-54,to_inst,62.86764706,North,direct,0,30.0
135779,2019,cf,Joint,pre,type1,p4,l1,nopc,nob/c,506500,4.5,0.4466,1054.75,360.0,not_neg,not_int,not_lpsm,548000.0,sb,pr,home,1U,8520.0,CIB,690,EXP,45-54,not_inst,92.4270073,North,direct,0,39.0
167021,2019,cf,Sex Not Available,nopre,type1,p4,l1,nopc,nob/c,166500,3.99,0.5282,3350.0,324.0,not_neg,not_int,not_lpsm,248000.0,sb,pr,home,1U,5040.0,CIB,560,CIB,55-64,to_inst,67.13709677,south,direct,0,29.0
65864,2019,cf,Male,pre,type1,p1,l1,nopc,nob/c,356500,4.5,0.1195,5593.75,360.0,not_neg,not_int,not_lpsm,398000.0,sb,pr,home,1U,3600.0,CIB,620,CIB,35-44,to_inst,89.57286432,south,direct,0,47.0
90412,2019,cf,Sex Not Available,pre,type1,p4,l1,nopc,nob/c,466500,3.875,0.4722,9510.23,324.0,not_neg,not_int,not_lpsm,768000.0,sb,sr,home,1U,17760.0,CIB,840,EXP,55-64,to_inst,60.7421875,south,direct,0,23.0
121215,2019,cf,Male,nopre,type1,p4,l1,nopc,nob/c,416500,3.875,0.2716,1257.1,360.0,neg_amm,not_int,not_lpsm,458000.0,sb,pr,home,1U,8940.0,CIB,684,CIB,55-64,not_inst,90.93886463,south,direct,0,39.0
139177,2019,cf,Joint,nopre,type1,p4,l1,nopc,nob/c,326500,3.625,-0.135,0.0,300.0,not_neg,not_int,not_lpsm,648000.0,sb,pr,home,1U,3600.0,CRIF,678,EXP,35-44,not_inst,50.38580247,south,direct,0,49.0
97139,2019,cf,Joint,nopre,type1,p4,l1,nopc,nob/c,566500,4.0,0.422,5337.8,360.0,not_neg,not_int,not_lpsm,648000.0,sb,pr,home,1U,10560.0,EXP,504,EXP,45-54,not_inst,87.42283951,North,direct,0,22.0
52193,2019,cf,Male,nopre,type1,p3,l1,nopc,nob/c,226500,3.99,0.0896,5886.56,360.0,not_neg,not_int,not_lpsm,608000.0,sb,pr,home,1U,3840.0,CRIF,791,CIB,65-74,to_inst,37.25328947,North,direct,0,28.0
36966,2019,cf,Male,nopre,type1,p1,l1,nopc,nob/c,386500,4.56,0.7463,0.0,360.0,not_neg,not_int,not_lpsm,438000.0,sb,pr,home,1U,6240.0,EXP,546,CIB,55-64,not_inst,88.24200913,North,direct,0,40.0
152473,2019,cf,Female,nopre,type1,p4,l1,nopc,nob/c,336500,4.75,0.7383,0.0,360.0,not_neg,not_int,not_lpsm,358000.0,sb,pr,home,1U,5160.0,CIB,723,CIB,45-54,to_inst,93.99441341,North,direct,0,44.0
158515,2019,cf,Sex Not Available,pre,type1,p2,l1,nopc,nob/c,396500,3.99,0.0833,,360.0,not_neg,not_int,not_lpsm,668000.0,sb,pr,home,1U,10200.0,CRIF,503,CIB,55-64,to_inst,59.35628743,south,direct,0,27.0
97279,2019,,Male,nopre,type1,p3,l1,nopc,nob/c,206500,,,,180.0,neg_amm,not_int,not_lpsm,508000.0,sb,ir,home,1U,5340.0,CRIF,628,CIB,55-64,not_inst,40.6496063,North,direct,1,50.0
172862,2019,cf,Joint,nopre,type1,p3,l1,nopc,nob/c,486500,3.625,-0.2059,186.25,360.0,not_neg,not_int,not_lpsm,778000.0,sb,pr,home,1U,7740.0,EXP,621,EXP,45-54,not_inst,62.53213368,North,direct,0,39.0
91642,2019,cf,Joint,pre,type1,p3,l1,nopc,nob/c,306500,,,,360.0,not_neg,not_int,not_lpsm,948000.0,sb,pr,home,1U,11940.0,CIB,809,EXP,>74,not_inst,32.33122363,south,direct,1,56.0
58976,2019,cf,Male,nopre,type2,p3,l1,nopc,b/c,366500,3.99,1.226,1991.8,360.0,not_neg,not_int,not_lpsm,428000.0,sb,pr,home,1U,5760.0,EXP,793,EXP,55-64,to_inst,85.63084112,central,direct,0,48.0
105079,2019,cf,Female,pre,type1,p3,l1,nopc,nob/c,186500,4.75,0.4394,2800.25,360.0,neg_amm,not_int,not_lpsm,598000.0,sb,pr,home,1U,5520.0,EXP,715,CIB,65-74,to_inst,31.18729097,North,direct,0,23.0
102470,2019,cf,Female,nopre,type1,p1,l1,nopc,nob/c,166500,,,,360.0,neg_amm,not_int,not_lpsm,218000.0,sb,pr,home,2U,3120.0,CIB,722,CIB,>74,to_inst,76.37614679,North,direct,1,41.0
52432,2019,cf,Female,nopre,type1,p4,l1,nopc,nob/c,666500,3.625,0.1011,0.0,360.0,not_neg,not_int,not_lpsm,2258000.0,sb,pr,home,1U,17220.0,CIB,773,CIB,55-64,not_inst,29.51727192,North,direct,0,25.0
25605,2019,cf,Male,pre,type2,p1,l1,nopc,b/c,246500,4.5,1.3375,2719.34,360.0,not_neg,not_int,lpsm,258000.0,sb,pr,home,1U,3960.0,CIB,728,CIB,45-54,to_inst,95.54263566,North,direct,0,40.0
155339,2019,cf,Sex Not Available,nopre,type1,p3,l1,nopc,nob/c,416500,4.5,0.5505,6724.0,360.0,not_neg,not_int,not_lpsm,528000.0,sb,pr,home,1U,6720.0,CRIF,710,CIB,35-44,to_inst,78.88257576,south,direct,0,49.0
154225,2019,cf,Female,nopre,type1,p4,l1,nopc,nob/c,226500,4.25,0.902,5487.5,360.0,not_neg,not_int,not_lpsm,258000.0,sb,pr,home,1U,4260.0,CIB,596,EXP,55-64,to_inst,87.79069767,North,direct,0,38.0
171221,2019,cf,Joint,nopre,type1,p3,l1,nopc,nob/c,336500,4.625,0.6695,4926.25,360.0,not_neg,not_int,not_lpsm,448000.0,sb,pr,home,1U,4380.0,EXP,860,EXP,>74,to_inst,75.11160714,central,direct,0,41.0
159054,2019,cf,Sex Not Available,nopre,type1,p3,l1,nopc,nob/c,256500,4.125,0.3041,7650.0,360.0,not_neg,not_int,not_lpsm,328000.0,sb,pr,home,1U,3240.0,CRIF,807,CIB,55-64,to_inst,78.20121951,south,direct,0,46.0
75928,2019,,Female,nopre,type2,p3,l1,nopc,b/c,176500,4.25,1.2624,2846.53,360.0,not_neg,not_int,not_lpsm,228000.0,sb,pr,home,1U,3180.0,CIB,784,CIB,65-74,to_inst,77.4122807,North,direct,0,55.0
42758,2019,cf,Female,nopre,type1,p1,l2,nopc,nob/c,576500,4.375,0.0202,795.0,360.0,not_neg,not_int,not_lpsm,638000.0,sb,pr,home,1U,7380.0,EXP,698,CIB,35-44,to_inst,90.36050157,central,direct,0,38.0
74155,2019,cf,Male,nopre,type1,p4,l1,nopc,nob/c,156500,2.75,0.1527,5995.0,120.0,not_neg,not_int,not_lpsm,368000.0,sb,pr,home,1U,18000.0,CIB,756,EXP,65-74,to_inst,42.52717391,North-East,direct,0,12.0
153525,2019,cf,Male,nopre,type1,p1,l1,nopc,nob/c,316500,3.75,-0.5326,3340.96,360.0,neg_amm,not_int,not_lpsm,418000.0,sb,pr,home,1U,7080.0,CIB,660,CIB,25-34,not_inst,75.71770335,south,direct,0,22.0
167969,2019,cf,Joint,nopre,type3,p3,l1,nopc,nob/c,206500,,,,360.0,not_neg,not_int,not_lpsm,1058000.0,sb,pr,home,1U,2640.0,EXP,678,EXP,55-64,to_inst,19.51795841,central,direct,1,36.0
106142,2019,cf,Male,nopre,type1,p1,l1,nopc,nob/c,346500,4.5,0.9271,,360.0,neg_amm,not_int,not_lpsm,368000.0,sb,pr,home,1U,6480.0,CRIF,820,CIB,35-44,not_inst,94.1576087,North,direct,0,22.0
109238,2019,cf,Sex Not Available,nopre,type1,p4,l1,nopc,nob/c,476500,3.75,0.2032,3140.8,360.0,not_neg,not_int,lpsm,688000.0,sb,pr,home,1U,7320.0,CRIF,555,EXP,65-74,to_inst,69.25872093,south,direct,0,24.0
106127,2019,cf,Male,nopre,type1,p4,l1,nopc,nob/c,606500,,,,360.0,not_neg,not_int,not_lpsm,778000.0,sb,pr,home,1U,6060.0,CRIF,652,CIB,35-44,not_inst,77.9562982,south,direct,1,45.0
58338,2019,cf,Sex Not Available,nopre,type1,p3,l1,nopc,nob/c,316500,3.99,0.4193,7550.0,360.0,not_neg,not_int,not_lpsm,418000.0,sb,pr,home,1U,7620.0,CIB,773,EXP,55-64,to_inst,75.71770335,south,direct,0,44.0
163665,2019,cf,Male,pre,type1,p3,l1,nopc,nob/c,466500,3.99,0.459,12246.25,360.0,not_neg,not_int,not_lpsm,588000.0,sb,pr,home,1U,7680.0,CRIF,559,CIB,45-54,to_inst,79.33673469,North,direct,0,37.0
48927,2019,cf,Male,pre,type2,p1,l1,nopc,b/c,116500,4.5,1.3368,3226.94,360.0,not_neg,not_int,not_lpsm,118000.0,sb,pr,home,1U,1860.0,EXP,727,CIB,25-34,to_inst,98.72881356,North,direct,0,36.0
45702,2019,ncf,Male,nopre,type1,p4,l1,nopc,nob/c,406500,4.375,0.8495,370.74,240.0,not_neg,not_int,not_lpsm,758000.0,sb,ir,home,1U,14280.0,CIB,769,CIB,55-64,not_inst,53.62796834,south,direct,0,40.0
112867,2019,cf,Male,nopre,type3,p3,l1,nopc,nob/c,126500,4.375,0.0934,2466.0,360.0,not_neg,not_int,not_lpsm,138000.0,sb,pr,home,1U,2880.0,EXP,822,CIB,65-74,to_inst,91.66666667,central,direct,0,44.0
97296,2019,cf,Joint,pre,type1,p1,l1,nopc,nob/c,386500,4.25,0.1113,11010.58,360.0,not_neg,not_int,not_lpsm,408000.0,sb,pr,home,1U,7080.0,EXP,522,EXP,35-44,not_inst,94.73039216,south,direct,0,27.0
171041,2019,cf,Sex Not Available,nopre,type1,p3,l1,nopc,nob/c,256500,3.5,0.173,8125.0,360.0,not_neg,not_int,not_lpsm,468000.0,sb,pr,home,1U,4620.0,EXP,534,CIB,35-44,to_inst,54.80769231,south,direct,0,34.0
102169,2019,cf,Joint,nopre,type1,p3,l2,nopc,nob/c,236500,3.625,0.5513,,180.0,not_neg,not_int,not_lpsm,298000.0,sb,pr,home,1U,7200.0,CRIF,825,EXP,55-64,to_inst,79.36241611,North,direct,0,39.0
83484,2019,cf,Female,nopre,type1,p4,l1,nopc,nob/c,396500,4.25,0.5282,2231.53,360.0,not_neg,int_only,not_lpsm,658000.0,sb,pr,home,1U,6180.0,CIB,647,CIB,55-64,to_inst,60.25835866,North,direct,0,39.0
173399,2019,cf,Joint,nopre,type2,p1,l1,nopc,b/c,236500,3.25,0.9679,6675.02,360.0,not_neg,not_int,not_lpsm,248000.0,sb,pr,home,1U,3000.0,EXP,617,EXP,65-74,not_inst,95.36290323,North,direct,0,54.0
153169,2019,cf,Sex Not Available,nopre,type1,p4,l1,nopc,nob/c,226500,2.99,0.1244,4692.14,180.0,not_neg,not_int,not_lpsm,458000.0,sb,pr,home,1U,6360.0,CRIF,718,EXP,55-64,to_inst,49.45414847,south,direct,0,36.0
135819,2019,ncf,Male,pre,type1,p3,l1,nopc,nob/c,346500,,,,360.0,not_neg,not_int,not_lpsm,448000.0,sb,pr,home,1U,4200.0,EXP,783,CIB,65-74,to_inst,77.34375,North,direct,1,49.0
98247,2019,cf,Male,nopre,type1,p3,l1,nopc,nob/c,236500,4.625,0.4339,2031.25,360.0,not_neg,not_int,not_lpsm,398000.0,sb,pr,home,1U,3240.0,CRIF,648,CIB,45-54,to_inst,59.42211055,North-East,direct,0,43.0
49827,2019,cf,Male,nopre,type1,p3,l1,nopc,nob/c,196500,3.99,0.6427,6030.63,240.0,not_neg,not_int,not_lpsm,248000.0,sb,pr,home,1U,4860.0,CIB,669,CIB,55-64,to_inst,79.23387097,North,direct,0,39.0
80460,2019,cf,Joint,pre,type1,p4,l1,nopc,nob/c,226500,3.25,0.1144,,180.0,not_neg,not_int,not_lpsm,908000.0,sb,pr,home,1U,5100.0,CRIF,619,EXP,55-64,not_inst,24.94493392,south,direct,0,49.0
112850,2019,cf,Sex Not Available,nopre,type1,p3,l1,nopc,nob/c,206500,3.5,-0.0146,6250.0,360.0,not_neg,not_int,not_lpsm,608000.0,sb,pr,home,1U,4260.0,CIB,678,EXP,45-54,to_inst,33.96381579,south,direct,0,31.0
122209,2019,cf,Sex Not Available,nopre,type1,p3,l1,nopc,nob/c,416500,3.99,0.4928,12097.81,360.0,not_neg,not_int,not_lpsm,558000.0,sb,pr,home,1U,12960.0,EXP,848,EXP,65-74,to_inst,74.64157706,south,direct,0,37.0
129564,2019,cf,Sex Not Available,nopre,type2,p3,l1,nopc,b/c,246500,,,,300.0,neg_amm,not_int,not_lpsm,468000.0,sb,pr,home,1U,3660.0,EXP,791,CIB,35-44,to_inst,52.67094017,south,direct,1,43.0
75371,2019,cf,Joint,nopre,type1,p3,l1,nopc,nob/c,586500,4.56,0.4799,943.31,360.0,not_neg,not_int,not_lpsm,798000.0,sb,pr,home,1U,11580.0,EXP,526,EXP,65-74,not_inst,73.4962406,North,direct,0,49.0
69314,2019,ncf,Male,pre,type1,p4,l1,nopc,nob/c,806500,,,,360.0,not_neg,not_int,not_lpsm,1338000.0,sb,pr,home,1U,12300.0,EXP,624,CIB,65-74,to_inst,60.27653214,North,direct,1,46.0
67815,2019,cf,Male,nopre,type1,p1,l1,nopc,nob/c,486500,3.625,0.0989,0.0,360.0,not_neg,not_int,not_lpsm,558000.0,sb,pr,home,1U,7800.0,CRIF,726,CIB,45-54,not_inst,87.18637993,south,direct,0,34.0
132078,2019,cf,Female,pre,type1,p4,l1,nopc,nob/c,576500,3.75,0.0038,2012.8,360.0,not_neg,not_int,not_lpsm,758000.0,sb,pr,home,1U,5220.0,EXP,849,CIB,>74,to_inst,76.05540897,North,direct,0,41.0
70907,2019,cf,Sex Not Available,nopre,type1,p1,l1,nopc,nob/c,116500,3.99,0.5864,1800.53,360.0,not_neg,not_int,not_lpsm,118000.0,sb,pr,home,1U,1980.0,EXP,592,CIB,55-64,to_inst,98.72881356,south,direct,0,44.0
169841,2019,cf,Male,nopre,type1,p4,l1,nopc,nob/c,266500,3.625,0.6014,1390.0,240.0,not_neg,not_int,not_lpsm,448000.0,sb,pr,home,1U,5700.0,EXP,729,CIB,45-54,not_inst,59.48660714,North,direct,0,37.0
89057,2019,cf,Joint,nopre,type1,p4,l1,nopc,nob/c,416500,4.25,0.1233,4879.5,360.0,not_neg,not_int,not_lpsm,608000.0,sb,pr,home,1U,5580.0,CIB,559,EXP,55-64,to_inst,68.50328947,central,direct,0,48.0
68305,2019,cf,Sex Not Available,nopre,type1,p4,l1,nopc,nob/c,276500,2.99,-0.0294,,180.0,not_neg,not_int,not_lpsm,428000.0,sb,pr,home,1U,10380.0,EXP,691,CIB,35-44,to_inst,64.60280374,south,direct,0,22.0
64434,2019,cf,Joint,pre,type2,p3,l1,nopc,b/c,596500,,,,360.0,not_neg,not_int,not_lpsm,708000.0,sb,pr,home,1U,3300.0,CIB,691,EXP,45-54,not_inst,84.25141243,south,direct,1,57.0
102642,2019,ncf,Sex Not Available,nopre,type3,p1,l1,nopc,nob/c,216500,4.25,0.4844,3779.51,360.0,not_neg,not_int,not_lpsm,218000.0,sb,pr,home,1U,3720.0,CRIF,577,EXP,25-34,to_inst,99.31192661,south,direct,0,29.0
65219,2019,cf,Male,nopre,type1,p4,l1,nopc,nob/c,376500,2.75,-0.3357,2949.63,180.0,not_neg,not_int,not_lpsm,738000.0,sb,pr,home,1U,14880.0,EXP,876,CIB,35-44,not_inst,51.01626016,south,direct,0,16.0
118843,2019,cf,Male,nopre,type1,p3,l1,nopc,nob/c,176500,,,,360.0,neg_amm,not_int,not_lpsm,218000.0,sb,pr,home,1U,1980.0,EXP,582,CIB,35-44,to_inst,80.96330275,south,direct,1,44.0
141249,2019,cf,Female,nopre,type2,p1,l1,nopc,b/c,226500,4.125,0.8796,3157.53,360.0,not_neg,not_int,not_lpsm,258000.0,sb,pr,home,1U,7800.0,CIB,718,EXP,45-54,to_inst,87.79069767,North,direct,0,43.0
95744,2019,cf,Sex Not Available,nopre,type2,p3,l1,nopc,b/c,156500,3.99,1.1424,3174.14,360.0,not_neg,not_int,not_lpsm,238000.0,sb,pr,home,1U,2280.0,CIB,527,CIB,55-64,to_inst,65.75630252,south,direct,0,53.0
26477,2019,cf,Female,nopre,type2,p3,l1,nopc,b/c,156500,3.75,0.7815,1749.21,360.0,not_neg,not_int,not_lpsm,208000.0,sb,pr,home,1U,3000.0,CRIF,673,CIB,45-54,to_inst,75.24038462,south,direct,0,37.0
79340,2019,cf,Joint,nopre,type1,p1,l1,nopc,nob/c,306500,3.0,-0.1341,843.0,180.0,not_neg,not_int,not_lpsm,908000.0,sb,pr,home,1U,8160.0,CRIF,713,EXP,55-64,not_inst,33.75550661,North,direct,0,46.0
117780,2019,cf,Joint,nopre,type1,p4,l1,nopc,nob/c,326500,2.775,-0.268,24.98,360.0,not_neg,not_int,not_lpsm,2408000.0,sb,pr,home,1U,14940.0,CRIF,853,EXP,55-64,to_inst,13.5589701,south,direct,0,20.0
142115,2019,cf,Male,nopre,type1,p1,l1,nopc,nob/c,376500,,,,360.0,not_neg,not_int,not_lpsm,468000.0,sb,pr,home,1U,4560.0,CRIF,670,EXP,35-44,not_inst,80.44871795,south,direct,1,41.0
47395,2019,cf,Sex Not Available,nopre,type1,p3,l1,nopc,nob/c,306500,3.375,-0.3517,295.0,360.0,not_neg,not_int,not_lpsm,1908000.0,sb,pr,home,1U,8040.0,CRIF,635,EXP,55-64,to_inst,16.0639413,south,direct,0,30.0
165100,2019,cf,Female,nopre,type1,p4,l1,nopc,nob/c,186500,3.99,0.4274,4320.96,360.0,not_neg,not_int,not_lpsm,338000.0,sb,pr,home,1U,3540.0,CIB,733,CIB,55-64,to_inst,55.17751479,North,direct,0,44.0
37952,2019,cf,Male,nopre,type1,p3,l1,nopc,nob/c,356500,3.625,0.493,1850.0,180.0,not_neg,not_int,not_lpsm,508000.0,sb,pr,home,1U,7860.0,CRIF,796,CIB,35-44,not_inst,70.17716535,North,direct,0,33.0
154877,2019,cf,Female,nopre,type1,p4,l1,nopc,nob/c,446500,3.5,-0.04,2150.0,360.0,neg_amm,int_only,not_lpsm,888000.0,sb,pr,home,1U,6180.0,CIB,680,CIB,55-64,not_inst,50.28153153,south,direct,0,37.0
167410,2019,cf,Sex Not Available,nopre,type1,p4,l1,nopc,nob/c,236500,3.75,0.2249,5548.4,360.0,not_neg,not_int,not_lpsm,328000.0,sb,pr,home,1U,2940.0,CRIF,693,CIB,55-64,to_inst,72.10365854,south,direct,0,49.0
96538,2019,cf,Joint,nopre,type1,p4,l1,nopc,nob/c,476500,3.99,0.5882,767.5,360.0,not_neg,not_int,not_lpsm,498000.0,sb,pr,home,1U,8760.0,CRIF,769,EXP,25-34,not_inst,95.68273092,south,direct,0,33.0
54585,2019,cf,Female,nopre,type1,p4,l1,nopc,nob/c,266500,4.25,-0.0823,4460.0,360.0,not_neg,not_int,not_lpsm,338000.0,sb,pr,home,1U,3600.0,EXP,746,CIB,45-54,to_inst,78.84615385,central,direct,0,46.0
113233,2019,cf,Male,nopre,type1,p1,l1,nopc,nob/c,706500,3.99,0.343,1050.0,360.0,not_neg,not_int,not_lpsm,948000.0,sb,pr,home,1U,12600.0,CRIF,540,CIB,35-44,not_inst,74.52531646,south,direct,0,31.0
119189,2019,cf,Sex Not Available,pre,type1,p1,l1,nopc,nob/c,156500,4.5,0.8473,3611.15,360.0,not_neg,not_int,not_lpsm,178000.0,sb,sr,home,1U,5460.0,CRIF,565,EXP,55-64,to_inst,87.92134831,south,direct,0,52.0
80671,2019,cf,Female,pre,type1,p3,l1,nopc,nob/c,476500,,,,360.0,not_neg,not_int,not_lpsm,728000.0,sb,pr,home,1U,0.0,CRIF,684,CIB,55-64,not_inst,65.4532967,central,direct,1,17.0
60072,2019,cf,Male,nopre,type1,p4,l2,nopc,nob/c,286500,3.99,-0.1057,3164.06,360.0,not_neg,not_int,not_lpsm,438000.0,sb,sr,home,1U,13140.0,CRIF,842,CIB,35-44,not_inst,65.4109589,North,direct,0,37.0
117584,2019,cf,Sex Not Available,pre,type1,p4,l1,nopc,nob/c,116500,,,,360.0,not_neg,not_int,not_lpsm,178000.0,sb,pr,home,1U,1200.0,EXP,502,CIB,65-74,to_inst,65.4494382,south,direct,1,44.0
32594,2019,cf,Joint,pre,type1,p3,l1,nopc,nob/c,156500,3.375,0.3689,4587.04,120.0,not_neg,not_int,not_lpsm,328000.0,sb,pr,home,1U,8040.0,CIB,562,EXP,65-74,to_inst,47.71341463,south,direct,0,30.0
124252,2019,cf,Sex Not Available,nopre,type1,p3,l1,nopc,nob/c,216500,4.0,0.5149,5812.5,360.0,not_neg,not_int,not_lpsm,368000.0,sb,pr,home,1U,3660.0,EXP,698,CIB,45-54,not_inst,58.83152174,south,direct,0,36.0
28439,2019,cf,Male,nopre,type1,p3,l1,nopc,nob/c,446500,3.875,0.3095,7895.0,360.0,not_neg,not_int,not_lpsm,718000.0,sb,pr,home,1U,4980.0,CRIF,887,CIB,>74,to_inst,62.18662953,central,direct,0,44.0
29399,2019,cf,Sex Not Available,nopre,type1,p3,l1,nopc,nob/c,276500,5.125,1.3334,0.0,348.0,not_neg,not_int,not_lpsm,558000.0,sb,pr,home,1U,14340.0,CRIF,518,EXP,35-44,to_inst,49.55197133,south,direct,0,13.0
69214,2019,cf,Male,pre,type1,p1,l1,nopc,nob/c,186500,4.375,0.5367,5020.0,360.0,not_neg,not_int,not_lpsm,258000.0,sb,pr,home,1U,1800.0,CRIF,575,CIB,<25,to_inst,72.28682171,south,direct,0,49.0
84020,2019,cf,Male,nopre,type3,p3,l1,nopc,nob/c,206500,3.25,-0.4373,2032.91,360.0,not_neg,not_int,not_lpsm,218000.0,sb,pr,home,1U,3600.0,EXP,856,CIB,45-54,to_inst,94.72477064,North,direct,0,46.0
129356,2019,cf,Joint,nopre,type1,p1,l1,nopc,nob/c,446500,3.875,0.3542,7986.5,360.0,neg_amm,not_int,not_lpsm,498000.0,sb,pr,home,1U,6960.0,CIB,879,EXP,35-44,to_inst,89.65863454,North,direct,0,31.0
142806,2019,ncf,Female,nopre,type1,p4,l1,nopc,nob/c,226500,4.875,1.015,5710.0,360.0,not_neg,not_int,not_lpsm,328000.0,sb,ir,home,1U,4380.0,CIB,877,CIB,45-54,to_inst,69.05487805,south,direct,0,45.0
113452,2019,cf,Sex Not Available,nopre,type1,p4,l1,nopc,nob/c,596500,4.25,-0.225,211.47,360.0,neg_amm,not_int,not_lpsm,848000.0,sb,pr,home,1U,6060.0,CIB,738,EXP,65-74,not_inst,70.34198113,south,direct,0,39.0
54358,2019,cf,Joint,nopre,type1,p1,l1,nopc,nob/c,566500,4.25,0.2271,590.86,360.0,not_neg,not_int,not_lpsm,638000.0,sb,pr,home,1U,5280.0,EXP,644,EXP,35-44,not_inst,88.79310345,North,direct,0,49.0
146347,2019,cf,Male,nopre,type2,p3,l1,nopc,b/c,176500,,,,360.0,not_neg,not_int,not_lpsm,188000.0,sb,pr,home,1U,11100.0,EXP,819,CIB,65-74,to_inst,93.88297872,North,direct,1,45.0
25874,2019,cf,Male,nopre,type3,p3,l1,nopc,nob/c,96500,4.75,0.9364,1308.29,360.0,not_neg,not_int,not_lpsm,108000.0,sb,pr,home,1U,2340.0,CRIF,865,CIB,55-64,to_inst,89.35185185,North,direct,0,32.0
64251,2019,cf,Joint,nopre,type1,p3,l1,nopc,nob/c,476500,4.18,-0.128,0.0,360.0,not_neg,not_int,not_lpsm,708000.0,sb,pr,home,1U,7560.0,EXP,799,EXP,45-54,not_inst,67.30225989,North,direct,0,41.0
46025,2019,cf,Sex Not Available,nopre,type1,p4,l1,nopc,nob/c,116500,4.625,1.1055,2795.65,360.0,not_neg,not_int,not_lpsm,158000.0,sb,pr,home,1U,2580.0,CRIF,720,CIB,25-34,to_inst,73.73417722,south,direct,0,41.0
136145,2019,cf,Male,pre,type1,p1,l1,nopc,nob/c,246500,3.375,0.4687,6841.88,180.0,not_neg,int_only,not_lpsm,328000.0,sb,ir,home,1U,7740.0,EXP,501,CIB,45-54,to_inst,75.15243902,south,direct,0,41.0
99843,2019,cf,Female,nopre,type1,p3,l1,nopc,nob/c,276500,4.625,0.744,0.0,180.0,not_neg,not_int,not_lpsm,678000.0,sb,ir,home,1U,5640.0,CIB,884,CIB,55-64,not_inst,40.78171091,North,direct,0,45.0
102101,2019,ncf,Male,nopre,type1,p4,l1,nopc,nob/c,376500,,,,360.0,not_neg,not_int,not_lpsm,488000.0,sb,pr,home,1U,4680.0,CRIF,616,CIB,35-44,to_inst,77.15163934,North-East,direct,1,49.0
142779,2019,cf,Female,nopre,type1,p3,l1,nopc,nob/c,166500,4.75,1.3563,4199.98,360.0,not_neg,not_int,not_lpsm,198000.0,sb,pr,home,1U,2880.0,EXP,523,CIB,55-64,to_inst,84.09090909,North,direct,0,43.0
87062,2019,,Joint,nopre,type1,p4,l1,nopc,nob/c,416500,4.5,0.52,5406.25,360.0,not_neg,not_int,not_lpsm,528000.0,sb,pr,home,1U,5880.0,CIB,520,EXP,55-64,to_inst,78.88257576,south,direct,0,46.0
49374,2019,cf,Joint,nopre,type1,p3,l1,nopc,nob/c,66500,,,,360.0,not_neg,not_int,not_lpsm,88000.0,sb,ir,home,1U,11100.0,CRIF,596,EXP,65-74,to_inst,75.56818182,North,direct,1,7.0
42457,2019,cf,Female,,type1,p4,l1,nopc,nob/c,366500,4.375,0.0265,348.4,312.0,not_neg,not_int,not_lpsm,528000.0,sb,pr,home,1U,5820.0,EXP,860,CIB,35-44,not_inst,69.41287879,North,direct,0,33.0
44660,2019,cf,Joint,nopre,type1,p4,l1,nopc,nob/c,156500,3.75,0.2667,4326.88,360.0,not_neg,not_int,not_lpsm,338000.0,sb,pr,home,1U,4380.0,CRIF,581,EXP,55-64,to_inst,46.30177515,North,direct,0,32.0
159354,2019,cf,Joint,nopre,type1,p3,l1,nopc,nob/c,536500,4.56,0.1739,961.84,360.0,not_neg,not_int,not_lpsm,678000.0,sb,pr,home,1U,9240.0,CIB,831,EXP,25-34,not_inst,79.12979351,central,direct,0,42.0
58762,2019,cf,Joint,nopre,type1,p3,l2,nopc,nob/c,246500,3.375,0.0125,4250.0,180.0,not_neg,not_int,not_lpsm,408000.0,sb,pr,home,1U,9840.0,EXP,513,EXP,25-34,to_inst,60.41666667,south,direct,0,36.0
79021,2019,cf,Male,nopre,type1,p1,l1,nopc,nob/c,646500,4.56,0.5874,1270.92,360.0,not_neg,not_int,not_lpsm,688000.0,sb,pr,home,1U,19320.0,EXP,879,EXP,<25,not_inst,93.96802326,North,direct,0,31.0
112630,2019,cf,Joint,pre,type1,p1,l1,nopc,nob/c,376500,,,,360.0,not_neg,not_int,not_lpsm,388000.0,sb,pr,home,1U,7320.0,CRIF,673,EXP,25-34,to_inst,97.03608247,North,direct,1,38.0
117781,2019,cf,Male,pre,type1,p4,l1,nopc,nob/c,226500,4.375,0.6795,701.85,360.0,not_neg,not_int,not_lpsm,298000.0,sb,pr,home,1U,3360.0,CIB,718,CIB,45-54,not_inst,76.00671141,North,direct,0,41.0
116351,2019,ncf,Joint,nopre,type1,p3,l1,nopc,nob/c,906500,4.25,0.1967,6750.0,360.0,not_neg,int_only,not_lpsm,2708000.0,sb,pr,home,1U,34980.0,EXP,847,EXP,45-54,not_inst,33.47488922,North,direct,0,36.0
163268,2019,cf,Male,nopre,type1,p3,l1,nopc,nob/c,196500,4.99,1.0978,3893.13,360.0,not_neg,not_int,not_lpsm,288000.0,sb,pr,home,1U,5700.0,CRIF,578,CIB,65-74,to_inst,68.22916667,south,direct,0,20.0
161374,2019,cf,Joint,pre,type3,p3,l1,nopc,nob/c,416500,3.49,0.1442,0.0,360.0,not_neg,not_int,not_lpsm,448000.0,sb,pr,home,1U,3960.0,EXP,887,EXP,65-74,to_inst,92.96875,North,direct,0,47.0
119828,2019,ncf,Sex Not Available,nopre,type1,p3,l1,nopc,nob/c,356500,4.99,0.9612,4312.5,360.0,not_neg,not_int,not_lpsm,468000.0,sb,pr,home,1U,6180.0,CIB,674,CIB,35-44,to_inst,76.17521368,south,direct,0,41.0
64963,2019,ncf,Joint,pre,type1,p4,l1,nopc,nob/c,606500,4.56,0.52,4321.66,360.0,not_neg,not_int,not_lpsm,658000.0,sb,pr,home,1U,10140.0,CRIF,510,EXP,35-44,not_inst,92.17325228,North,direct,0,44.0
101839,2019,cf,Sex Not Available,nopre,type1,p4,l1,nopc,nob/c,476500,3.875,0.4622,11420.25,360.0,neg_amm,int_only,not_lpsm,588000.0,sb,pr,home,1U,8520.0,CIB,884,CIB,45-54,to_inst,81.03741497,south,direct,0,31.0
133267,2019,cf,Sex Not Available,nopre,type2,p3,l1,nopc,b/c,216500,3.375,0.6527,3780.14,360.0,not_neg,not_int,not_lpsm,278000.0,sb,pr,home,1U,4080.0,CIB,765,CIB,55-64,to_inst,77.87769784,south,direct,0,36.0
108258,2019,cf,Joint,nopre,type1,p4,l1,nopc,nob/c,586500,4.0,0.4225,105.69,360.0,not_neg,not_int,not_lpsm,658000.0,sb,pr,home,1U,7680.0,EXP,847,EXP,35-44,not_inst,89.1337386,North,direct,0,45.0
59259,2019,cf,Female,nopre,type1,p3,l1,nopc,nob/c,186500,3.99,0.5258,3950.0,360.0,not_neg,not_int,not_lpsm,268000.0,sb,pr,home,1U,2580.0,CIB,642,CIB,45-54,to_inst,69.58955224,North,direct,0,45.0
134071,2019,cf,Sex Not Available,pre,type1,p1,l1,nopc,nob/c,416500,3.625,-0.0103,5747.5,360.0,not_neg,not_int,not_lpsm,448000.0,sb,pr,home,1U,8280.0,CIB,692,CIB,25-34,to_inst,92.96875,south,direct,0,22.0
98746,2019,cf,Sex Not Available,nopre,type1,p3,l1,nopc,nob/c,116500,4.99,0.6078,1707.38,360.0,not_neg,not_int,not_lpsm,498000.0,sb,pr,home,1U,4920.0,CIB,884,CIB,65-74,to_inst,23.3935743,south,direct,0,48.0
111217,2019,cf,Joint,nopre,type1,p3,l1,nopc,nob/c,306500,3.625,0.0791,4250.0,360.0,not_neg,not_int,not_lpsm,458000.0,sb,pr,home,1U,9420.0,CRIF,895,EXP,35-44,to_inst,66.92139738,south,direct,0,34.0
75504,2019,cf,Female,nopre,type1,p3,l1,nopc,nob/c,316500,,,,360.0,not_neg,not_int,not_lpsm,398000.0,sb,pr,home,1U,4800.0,CRIF,555,CIB,45-54,to_inst,79.52261307,North-East,direct,1,60.0
115570,2019,cf,Joint,nopre,type1,p2,l1,nopc,nob/c,726500,4.5,0.702,0.0,360.0,not_neg,not_int,not_lpsm,4458000.0,sb,pr,home,1U,24420.0,CIB,783,EXP,55-64,not_inst,16.29654554,North,direct,0,47.0
120330,2019,cf,Joint,nopre,type2,p4,l1,nopc,b/c,706500,3.75,0.761,2154.57,360.0,not_neg,not_int,not_lpsm,758000.0,sb,pr,home,1U,11820.0,CIB,661,EXP,65-74,not_inst,93.20580475,North,direct,0,48.0
145774,2019,cf,Joint,nopre,type1,p4,l1,nopc,nob/c,446500,3.5,-0.2547,0.0,360.0,not_neg,not_int,not_lpsm,598000.0,sb,pr,home,1U,17100.0,CIB,640,EXP,25-34,not_inst,74.66555184,south,direct,0,39.0
35339,2019,cf,Joint,nopre,type1,p4,l1,nopc,nob/c,486500,4.125,0.7528,8922.0,360.0,not_neg,int_only,not_lpsm,658000.0,sb,pr,home,1U,11280.0,EXP,863,EXP,25-34,not_inst,73.93617021,south,direct,0,47.0
158045,2019,cf,Joint,nopre,type1,p4,l1,nopc,nob/c,306500,4.99,0.6801,5394.43,360.0,not_neg,not_int,not_lpsm,418000.0,sb,pr,home,1U,7980.0,EXP,594,EXP,55-64,to_inst,73.32535885,south,direct,0,42.0
101326,2019,ncf,Joint,nopre,type1,p3,l1,nopc,nob/c,476500,4.5,0.3707,0.0,360.0,not_neg,not_int,not_lpsm,638000.0,sb,pr,home,1U,6240.0,CRIF,557,EXP,55-64,not_inst,74.68652038,North,direct,0,35.0
124086,2019,cf,Female,nopre,type2,p1,l1,nopc,b/c,226500,4.375,0.7935,0.0,360.0,neg_amm,not_int,not_lpsm,238000.0,sb,pr,home,1U,5040.0,CRIF,500,CIB,35-44,not_inst,95.16806723,central,direct,0,56.0
112101,2019,cf,Joint,nopre,type1,p4,l1,nopc,nob/c,326500,3.375,-0.0999,5000.0,360.0,not_neg,not_int,not_lpsm,908000.0,sb,pr,home,1U,8220.0,CRIF,826,EXP,55-64,not_inst,35.95814978,south,direct,0,25.0
53941,2019,cf,Female,pre,type2,p3,l1,nopc,b/c,216500,4.25,0.8508,0.0,360.0,not_neg,not_int,not_lpsm,258000.0,sb,pr,home,1U,3600.0,CIB,710,CIB,>74,not_inst,83.91472868,North,direct,0,46.0
121810,2019,cf,Female,nopre,type1,p4,l1,nopc,nob/c,136500,3.875,0.547,3709.75,300.0,not_neg,not_int,not_lpsm,148000.0,sb,pr,home,1U,3660.0,EXP,683,CIB,35-44,to_inst,92.22972973,North,direct,0,37.0
46609,2019,cf,Sex Not Available,nopre,type1,p2,l1,nopc,nob/c,266500,5.25,0.9623,0.0,360.0,neg_amm,not_int,not_lpsm,348000.0,sb,pr,home,1U,5100.0,CIB,605,CIB,>74,to_inst,76.58045977,south,direct,0,40.0
131669,2019,cf,Female,nopre,type2,p3,l1,nopc,b/c,286500,3.5,0.6358,4936.75,360.0,not_neg,not_int,not_lpsm,358000.0,sb,pr,home,1U,3720.0,CIB,868,CIB,45-54,to_inst,80.02793296,central,direct,0,37.0
108889,2019,cf,Female,nopre,type1,p3,l1,nopc,nob/c,416500,3.875,-0.1277,348.5,360.0,not_neg,not_int,not_lpsm,1108000.0,sb,pr,home,1U,6420.0,CIB,742,CIB,55-64,not_inst,37.59025271,North,direct,0,33.0
42575,2019,cf,Joint,nopre,type2,p1,l1,nopc,b/c,316500,4.125,1.2387,0.0,360.0,not_neg,not_int,not_lpsm,328000.0,sb,pr,home,1U,4800.0,CRIF,691,EXP,45-54,not_inst,96.49390244,North,direct,0,52.0
163406,2019,cf,Sex Not Available,nopre,type1,p4,l1,nopc,nob/c,176500,3.25,0.3786,4373.75,120.0,not_neg,not_int,not_lpsm,228000.0,sb,pr,home,1U,4800.0,CRIF,514,CIB,35-44,to_inst,77.4122807,south,direct,0,42.0
90876,2019,cf,Female,pre,type1,p3,l1,nopc,nob/c,416500,4.625,0.9949,6982.5,360.0,not_neg,not_int,not_lpsm,528000.0,sb,pr,home,1U,5580.0,CIB,565,CIB,45-54,to_inst,78.88257576,North,direct,0,44.0
108399,2019,cf,Female,nopre,type1,p1,l1,nopc,nob/c,346500,4.5,0.204,995.0,360.0,not_neg,not_int,not_lpsm,368000.0,sb,pr,home,1U,5400.0,CRIF,680,CIB,35-44,not_inst,94.1576087,North,direct,0,36.0
102125,2019,cf,Joint,nopre,type1,p4,l1,nopc,nob/c,366500,3.99,0.4367,2865.24,360.0,not_neg,not_int,not_lpsm,398000.0,sb,pr,home,1U,10860.0,CRIF,678,EXP,35-44,not_inst,92.08542714,North,direct,0,23.0
93942,2019,cf,Sex Not Available,nopre,type1,p4,l1,nopc,nob/c,256500,,,,180.0,not_neg,not_int,not_lpsm,238000.0,sb,pr,home,1U,4980.0,CRIF,823,CIB,>74,to_inst,107.7731092,south,direct,1,29.0
152722,2019,cf,Joint,nopre,type2,p1,l1,nopc,b/c,126500,4.625,1.5132,1800.42,360.0,not_neg,int_only,not_lpsm,138000.0,sb,pr,home,1U,2340.0,EXP,786,EXP,25-34,to_inst,91.66666667,North,direct,0,38.0
84300,2019,ncf,Joint,nopre,type1,p4,l1,nopc,nob/c,556500,,,,360.0,neg_amm,not_int,not_lpsm,768000.0,sb,pr,home,1U,12360.0,CIB,848,EXP,55-64,to_inst,72.4609375,North,direct,1,46.0
56365,2019,cf,Sex Not Available,nopre,type1,p4,l1,nopc,nob/c,226500,3.375,-0.2741,5130.89,360.0,not_neg,not_int,not_lpsm,338000.0,sb,pr,home,1U,2040.0,CIB,581,CIB,>74,to_inst,67.01183432,south,direct,0,47.0
104082,2019,cf,Sex Not Available,nopre,type1,p4,l1,nopc,nob/c,406500,3.99,0.3305,6829.48,360.0,not_neg,not_int,not_lpsm,758000.0,sb,pr,home,1U,46080.0,CIB,900,EXP,45-54,to_inst,53.62796834,south,direct,0,6.0
61880,2019,cf,Joint,nopre,type1,p3,l1,nopc,nob/c,616500,4.5,0.3544,1765.13,360.0,not_neg,not_int,not_lpsm,888000.0,sb,pr,home,1U,11940.0,CIB,569,EXP,45-54,not_inst,69.42567568,North,direct,0,49.0
166024,2019,cf,Joint,pre,type1,p2,l1,nopc,nob/c,306500,4.99,0.602,0.0,360.0,not_neg,not_int,not_lpsm,408000.0,sb,ir,home,1U,22800.0,CIB,602,EXP,45-54,not_inst,75.12254902,south,direct,0,38.0
82120,2019,cf,Male,nopre,type1,p4,l1,nopc,nob/c,146500,3.625,0.8812,4477.05,240.0,not_neg,not_int,not_lpsm,248000.0,sb,pr,home,1U,5700.0,EXP,633,CIB,45-54,to_inst,59.07258065,North,direct,0,17.0
122711,2019,cf,Female,nopre,type1,p3,l1,nopc,nob/c,226500,4.125,-0.2503,5127.75,360.0,neg_amm,not_int,not_lpsm,388000.0,sb,pr,home,1U,4020.0,CIB,596,CIB,65-74,to_inst,58.37628866,central,direct,0,32.0
173044,2019,cf,Joint,nopre,type1,p3,l1,nopc,nob/c,216500,4.25,0.4246,7187.5,360.0,not_neg,not_int,not_lpsm,558000.0,sb,ir,home,1U,10500.0,CRIF,680,EXP,45-54,to_inst,38.79928315,North,direct,0,47.0
169555,2019,cf,Male,nopre,type2,p3,l1,nopc,b/c,186500,4.375,1.4648,2680.93,360.0,not_neg,not_int,not_lpsm,258000.0,sb,pr,home,1U,1980.0,EXP,888,CIB,55-64,to_inst,72.28682171,south,direct,0,59.0
93311,2019,ncf,Joint,nopre,type1,p1,l1,nopc,nob/c,2706500,,,,360.0,not_neg,not_int,not_lpsm,4508000.0,sb,pr,home,1U,10800.0,CRIF,767,EXP,65-74,not_inst,60.03771074,North,direct,1,38.0
142024,2019,cf,Female,nopre,type1,p4,l1,nopc,nob/c,216500,3.99,0.6135,6155.0,360.0,not_neg,not_int,not_lpsm,318000.0,sb,pr,home,1U,6240.0,CRIF,554,CIB,55-64,to_inst,68.08176101,North,direct,0,27.0
104673,2019,cf,Female,nopre,type1,p3,l1,nopc,nob/c,106500,4.99,0.671,1900.0,360.0,neg_amm,not_int,not_lpsm,1058000.0,sb,pr,home,1U,4800.0,CIB,882,CIB,55-64,to_inst,10.06616257,central,direct,0,22.0
88341,2019,cf,Male,pre,type1,p3,l1,nopc,nob/c,666500,3.99,0.4411,7025.0,360.0,not_neg,not_int,not_lpsm,1108000.0,sb,pr,home,1U,10980.0,CIB,623,EXP,25-34,to_inst,60.1534296,North,direct,0,42.0
158036,2019,ncf,Male,nopre,type1,p3,l1,nopc,nob/c,256500,4.56,0.4846,591.27,312.0,not_neg,not_int,not_lpsm,388000.0,sb,pr,home,1U,5280.0,CRIF,878,CIB,35-44,not_inst,66.10824742,North,direct,0,34.0
161001,2019,cf,Male,nopre,type1,p4,l1,nopc,nob/c,146500,3.75,0.4368,5620.0,180.0,not_neg,not_int,not_lpsm,208000.0,sb,pr,home,1U,7920.0,CIB,628,CIB,55-64,to_inst,70.43269231,North,direct,0,46.0
99183,2019,cf,Male,nopre,type1,p4,l1,nopc,nob/c,676500,3.625,-0.058,2872.5,360.0,not_neg,not_int,not_lpsm,1428000.0,sb,pr,home,1U,9300.0,CRIF,796,CIB,45-54,not_inst,47.37394958,south,direct,0,41.0
33766,2019,cf,Joint,pre,type1,p1,l1,nopc,nob/c,356500,3.99,0.1346,0.0,360.0,not_neg,not_int,not_lpsm,568000.0,sb,pr,home,1U,5940.0,CIB,856,EXP,45-54,not_inst,62.76408451,North,direct,0,36.0
105868,2019,cf,Joint,nopre,type1,p4,l1,nopc,nob/c,226500,2.625,-0.4183,295.0,360.0,not_neg,not_int,not_lpsm,1558000.0,sb,pr,home,1U,8280.0,CIB,899,EXP,65-74,to_inst,14.53786906,North,direct,0,27.0
118877,2019,cf,Sex Not Available,nopre,type1,p4,l1,nopc,nob/c,106500,4.25,0.887,2152.56,360.0,not_neg,not_int,not_lpsm,188000.0,sb,pr,home,1U,3660.0,EXP,767,CIB,65-74,to_inst,56.64893617,south,direct,0,34.0
164458,2019,cf,Joint,nopre,type1,p4,l1,nopc,nob/c,596500,4.25,0.2395,8094.66,360.0,not_neg,not_int,not_lpsm,748000.0,sb,pr,home,1U,10260.0,CIB,855,EXP,25-34,not_inst,79.7459893,North,direct,0,37.0
44821,2019,cf,Joint,nopre,type1,p4,l1,nopc,nob/c,386500,3.875,0.1699,111.2,360.0,not_neg,not_int,not_lpsm,488000.0,sb,pr,home,1U,3840.0,CRIF,505,EXP,35-44,not_inst,79.20081967,North,direct,0,49.0
70472,2019,cf,Joint,nopre,type1,p4,l1,nopc,nob/c,586500,,,,360.0,not_neg,not_int,not_lpsm,798000.0,sb,pr,home,1U,2940.0,CRIF,880,EXP,35-44,not_inst,73.4962406,North,direct,1,44.0
75769,2019,cf,Male,nopre,type1,p3,l1,nopc,nob/c,306500,3.375,-0.1288,4075.67,360.0,not_neg,not_int,not_lpsm,388000.0,sb,pr,home,1U,5880.0,CIB,675,CIB,25-34,not_inst,78.99484536,North,direct,0,44.0
64636,2019,cf,Male,nopre,type3,p4,l1,nopc,nob/c,46500,4.25,1.2977,704.53,180.0,not_neg,not_int,not_lpsm,58000.0,sb,pr,home,1U,4620.0,CRIF,594,CIB,45-54,to_inst,80.17241379,south,direct,0,37.0
103135,2019,cf,Joint,nopre,type1,p4,l1,nopc,nob/c,626500,,,,360.0,not_neg,not_int,not_lpsm,1008000.0,sb,pr,home,1U,7680.0,EXP,813,EXP,25-34,not_inst,62.15277778,south,direct,1,40.0
113161,2019,cf,Joint,nopre,type1,p1,l1,nopc,nob/c,676500,3.69,-0.0127,691.4,360.0,not_neg,not_int,not_lpsm,1218000.0,sb,pr,home,1U,10320.0,CIB,700,EXP,45-54,not_inst,55.54187192,North,direct,0,30.0
107027,2019,cf,Male,nopre,type1,p3,l1,nopc,nob/c,156500,3.75,0.2699,3890.0,360.0,not_neg,not_int,not_lpsm,328000.0,sb,pr,home,1U,2280.0,CIB,837,CIB,55-64,not_inst,47.71341463,North,direct,0,36.0
116654,2019,cf,Male,nopre,type1,p4,l1,nopc,nob/c,356500,3.99,0.4494,8424.0,360.0,not_neg,not_int,not_lpsm,438000.0,sb,pr,home,1U,6060.0,CRIF,817,CIB,25-34,to_inst,81.39269406,North,direct,0,38.0
82450,2019,cf,Sex Not Available,nopre,type1,p4,l1,nopc,nob/c,166500,3.75,0.3389,4589.73,324.0,not_neg,not_int,not_lpsm,338000.0,sb,pr,home,1U,2520.0,CRIF,523,EXP,>74,to_inst,49.26035503,south,direct,0,34.0
81009,2019,cf,Joint,nopre,type1,p4,l1,nopc,nob/c,506500,3.625,-0.0399,3818.4,360.0,not_neg,not_int,not_lpsm,638000.0,sb,pr,home,1U,15840.0,CIB,726,EXP,35-44,not_inst,79.38871473,North,direct,0,19.0
113413,2019,cf,Female,nopre,type1,p2,l1,nopc,nob/c,156500,4.0,0.3138,1195.5,360.0,not_neg,not_int,not_lpsm,778000.0,sb,pr,home,1U,2400.0,CRIF,789,CIB,65-74,not_inst,20.11568123,North,direct,0,46.0
138686,2019,cf,Sex Not Available,nopre,type1,p4,l1,nopc,nob/c,196500,3.625,0.6845,3845.24,180.0,not_neg,not_int,not_lpsm,408000.0,sb,pr,home,1U,6540.0,CRIF,703,EXP,65-74,to_inst,48.16176471,south,direct,0,30.0
138793,2019,ncf,Male,nopre,type1,p1,l1,nopc,nob/c,1656500,3.75,0.0982,1270.5,360.0,not_neg,not_int,not_lpsm,2208000.0,sb,pr,home,1U,62940.0,CIB,602,CIB,55-64,not_inst,75.02264493,south,direct,0,30.0
83852,2019,cf,Joint,nopre,type1,p4,l1,nopc,nob/c,456500,4.875,0.1566,1589.26,360.0,not_neg,not_int,not_lpsm,568000.0,sb,pr,home,1U,7680.0,CIB,653,EXP,25-34,not_inst,80.36971831,North,direct,0,47.0
45404,2019,cf,Male,nopre,type1,p3,l1,nopc,nob/c,276500,3.99,0.521,9350.0,360.0,not_neg,not_int,not_lpsm,348000.0,sb,pr,home,1U,2700.0,CIB,599,CIB,45-54,to_inst,79.45402299,south,direct,0,49.0
75813,2019,cf,Male,nopre,type1,p1,l1,nopc,nob/c,296500,3.875,0.2918,0.0,360.0,not_neg,not_int,not_lpsm,308000.0,sb,pr,home,1U,3120.0,CIB,783,CIB,25-34,not_inst,96.26623377,south,direct,0,44.0
36222,2019,cf,Sex Not Available,nopre,type2,p3,l1,nopc,b/c,66500,,,,360.0,not_neg,not_int,not_lpsm,108000.0,sb,pr,home,1U,2700.0,CRIF,695,CIB,35-44,to_inst,61.57407407,south,direct,1,9.0
145103,2019,cf,Sex Not Available,nopre,type1,p4,l1,nopc,nob/c,366500,3.5,-0.046,5849.96,360.0,not_neg,not_int,not_lpsm,468000.0,sb,pr,home,1U,3900.0,EXP,818,EXP,55-64,to_inst,78.31196581,south,direct,0,49.0
155415,2019,cf,Joint,nopre,type1,p3,l1,nopc,nob/c,476500,4.5,0.0238,0.0,360.0,neg_amm,not_int,not_lpsm,768000.0,sb,pr,home,1U,15360.0,EXP,506,EXP,25-34,not_inst,62.04427083,North,direct,0,27.0
61609,2019,cf,Male,pre,type1,p1,l1,nopc,nob/c,406500,4.5,0.2152,3150.0,360.0,not_neg,not_int,not_lpsm,508000.0,sb,pr,home,1U,8460.0,EXP,853,EXP,25-34,to_inst,80.01968504,North,direct,0,36.0
78778,2019,cf,Sex Not Available,nopre,type1,p4,l1,nopc,nob/c,656500,3.75,0.1885,14402.0,360.0,not_neg,not_int,not_lpsm,948000.0,sb,pr,home,1U,9420.0,CRIF,865,EXP,35-44,to_inst,69.25105485,south,direct,0,55.0
154372,2019,cf,Sex Not Available,pre,type2,p3,l1,nopc,b/c,426500,3.875,0.8692,2165.0,360.0,not_neg,not_int,not_lpsm,498000.0,sb,pr,home,1U,5700.0,CRIF,697,CIB,45-54,to_inst,85.64257028,south,direct,0,41.0
102687,2019,cf,Joint,nopre,type2,p3,l1,nopc,b/c,186500,3.875,1.5569,1785.0,180.0,not_neg,not_int,not_lpsm,258000.0,sb,pr,home,1U,11760.0,CRIF,598,EXP,45-54,to_inst,72.28682171,North,direct,0,28.0
155616,2019,ncf,Joint,nopre,type3,p1,l1,nopc,nob/c,506500,3.625,-0.103,3260.07,360.0,not_neg,not_int,not_lpsm,508000.0,sb,pr,home,1U,5460.0,CRIF,786,EXP,25-34,not_inst,99.70472441,North,direct,0,53.0
122009,2019,cf,Sex Not Available,nopre,type3,p3,l1,nopc,nob/c,116500,,,,180.0,neg_amm,not_int,not_lpsm,128000.0,sb,pr,home,1U,4380.0,EXP,823,CIB,55-64,to_inst,91.015625,south,direct,1,39.0
126969,2019,cf,Joint,nopre,type1,p3,l2,nopc,nob/c,116500,4.75,1.439,2612.5,360.0,not_neg,not_int,not_lpsm,168000.0,sb,ir,home,1U,11640.0,CIB,636,EXP,65-74,to_inst,69.3452381,North,direct,0,20.0
150883,2019,cf,Male,nopre,type2,p3,l1,nopc,b/c,206500,,,,360.0,not_neg,not_int,not_lpsm,248000.0,sb,pr,home,1U,3360.0,CIB,511,CIB,25-34,to_inst,83.26612903,North,direct,1,48.0
117309,2019,cf,Female,nopre,type1,p3,l1,nopc,nob/c,266500,,,,360.0,not_neg,not_int,not_lpsm,338000.0,sb,sr,home,1U,6720.0,CRIF,572,CIB,65-74,to_inst,78.84615385,North,direct,1,45.0
39705,2019,cf,Male,pre,type1,p3,l1,nopc,nob/c,376500,3.875,0.2782,7301.5,360.0,not_neg,not_int,not_lpsm,468000.0,sb,pr,home,1U,4020.0,CIB,700,CIB,65-74,to_inst,80.44871795,North,direct,0,38.0
85146,2019,ncf,Joint,nopre,type1,p1,l1,nopc,nob/c,686500,4.56,0.4215,3811.4,360.0,not_neg,not_int,not_lpsm,858000.0,sb,pr,home,1U,13860.0,CIB,750,EXP,45-54,not_inst,80.01165501,central,direct,0,48.0
41109,2019,cf,Sex Not Available,nopre,type1,p3,l1,nopc,nob/c,396500,4.125,0.6942,7685.0,360.0,not_neg,not_int,not_lpsm,498000.0,sb,pr,home,1U,5100.0,EXP,655,EXP,55-64,to_inst,79.6184739,south,direct,0,44.0
103343,2019,cf,Sex Not Available,nopre,type1,p1,l1,nopc,nob/c,246500,4.375,0.2212,1100.63,360.0,not_neg,not_int,not_lpsm,328000.0,sb,pr,home,1U,8760.0,EXP,778,EXP,25-34,to_inst,75.15243902,south,direct,0,16.0
100169,2019,cf,Male,nopre,type1,p3,l1,nopc,nob/c,176500,,,,360.0,not_neg,not_int,not_lpsm,198000.0,sb,pr,home,1U,1860.0,CIB,868,CIB,35-44,to_inst,89.14141414,south,direct,1,55.0
68101,2019,cf,Joint,nopre,type1,p1,l1,nopc,nob/c,336500,3.625,-0.0163,1003.2,360.0,not_neg,not_int,not_lpsm,738000.0,sb,pr,home,1U,9120.0,EXP,543,EXP,25-34,not_inst,45.59620596,south,direct,0,30.0
139320,2019,cf,Sex Not Available,nopre,type1,p4,l1,nopc,nob/c,336500,3.0,-0.638,,120.0,not_neg,not_int,not_lpsm,708000.0,sb,pr,home,1U,7800.0,EXP,831,EXP,45-54,not_inst,47.52824859,south,direct,0,45.0
99521,2019,ncf,Sex Not Available,nopre,type1,p4,l1,nopc,nob/c,856500,3.99,0.4246,3210.0,360.0,not_neg,not_int,not_lpsm,1368000.0,sb,pr,home,1U,15360.0,CRIF,635,EXP,>74,to_inst,62.60964912,south,direct,0,32.0
55607,2019,cf,Sex Not Available,nopre,type1,p3,l1,nopc,nob/c,426500,3.875,0.2455,0.0,360.0,not_neg,not_int,not_lpsm,1458000.0,sb,pr,home,1U,9840.0,EXP,692,EXP,55-64,to_inst,29.25240055,south,direct,0,33.0
131603,2019,cf,Female,nopre,type1,p4,l1,nopc,nob/c,456500,3.175,-0.2362,682.0,360.0,not_neg,not_int,not_lpsm,578000.0,sb,pr,home,1U,7680.0,CIB,538,CIB,65-74,to_inst,78.97923875,south,direct,0,41.0
92647,2019,ncf,Male,nopre,type1,p3,l1,nopc,nob/c,346500,3.99,0.4053,10358.75,360.0,not_neg,not_int,not_lpsm,528000.0,sb,pr,home,1U,3780.0,CRIF,749,CIB,55-64,to_inst,65.625,North,direct,0,46.0
96895,2019,cf,Female,nopre,type1,p3,l1,nopc,nob/c,106500,4.99,0.8571,1650.0,360.0,not_neg,not_int,not_lpsm,198000.0,sb,pr,home,1U,1260.0,CIB,828,CIB,65-74,to_inst,53.78787879,North,direct,0,48.0
80197,2019,cf,Male,nopre,type3,p3,l1,nopc,nob/c,136500,3.5,0.2167,3859.34,360.0,not_neg,not_int,not_lpsm,238000.0,sb,pr,home,1U,4440.0,CRIF,580,EXP,55-64,to_inst,57.35294118,North,direct,0,36.0
67355,2019,cf,Female,nopre,type1,p4,l1,nopc,nob/c,216500,3.75,-0.1557,0.0,180.0,not_neg,not_int,not_lpsm,2258000.0,sb,pr,home,1U,12900.0,CRIF,554,CIB,55-64,not_inst,9.588131089,North,direct,0,35.0
132330,2019,ncf,Male,nopre,type1,p3,l1,nopc,nob/c,76500,,,,360.0,not_neg,not_int,not_lpsm,288000.0,sb,pr,home,1U,2580.0,EXP,517,CIB,65-74,to_inst,26.5625,North,direct,1,51.0
39125,2019,cf,Male,nopre,type1,p4,l1,nopc,nob/c,376500,3.5,0.0039,4250.0,360.0,not_neg,not_int,not_lpsm,518000.0,sb,pr,home,1U,4320.0,CRIF,716,CIB,35-44,not_inst,72.68339768,south,direct,0,37.0
83687,2019,cf,Female,nopre,type1,p4,l1,nopc,nob/c,76500,3.99,0.7208,2675.0,360.0,not_neg,int_only,not_lpsm,508000.0,sb,pr,home,1U,1140.0,CIB,633,CIB,65-74,to_inst,15.05905512,south,direct,0,45.0
120647,2019,ncf,Male,nopre,type1,p3,l1,nopc,nob/c,666500,3.75,0.0838,7086.25,360.0,not_neg,int_only,not_lpsm,1368000.0,sb,pr,home,1U,11340.0,CIB,577,EXP,45-54,to_inst,48.72076023,North,direct,0,37.0
141675,2019,cf,Sex Not Available,nopre,type1,p4,l1,nopc,nob/c,346500,,,,360.0,not_neg,not_int,not_lpsm,438000.0,sb,pr,home,1U,7800.0,CIB,775,EXP,35-44,to_inst,79.10958904,south,direct,1,41.0
161839,2019,cf,Sex Not Available,nopre,type1,p3,l1,nopc,nob/c,276500,4.99,0.6746,2750.0,360.0,neg_amm,not_int,not_lpsm,388000.0,sb,pr,home,1U,4440.0,CRIF,592,EXP,55-64,to_inst,71.2628866,south,direct,0,23.0
90442,2019,cf,Sex Not Available,nopre,type1,p4,l1,nopc,nob/c,466500,3.5,0.1597,6276.94,360.0,not_neg,not_int,not_lpsm,518000.0,sb,pr,home,1U,7260.0,CRIF,673,EXP,25-34,to_inst,90.05791506,south,direct,0,48.0
33430,2019,cf,Male,nopre,type1,p4,l1,nopc,nob/c,236500,3.875,0.453,732.5,360.0,not_neg,not_int,not_lpsm,258000.0,sb,pr,home,1U,7800.0,CIB,624,CIB,35-44,not_inst,91.66666667,south,direct,0,10.0
153233,2019,cf,Joint,nopre,type1,p4,l1,nopc,nob/c,346500,3.75,-0.0943,0.0,360.0,not_neg,int_only,not_lpsm,808000.0,sb,pr,home,1U,5940.0,CRIF,713,EXP,55-64,not_inst,42.88366337,central,direct,0,38.0
47385,2019,cf,Male,nopre,type1,p3,l1,nopc,nob/c,116500,5.375,1.3121,3181.25,360.0,not_neg,not_int,not_lpsm,158000.0,sb,pr,home,1U,5400.0,CRIF,807,CIB,55-64,to_inst,73.73417722,North,direct,0,44.0
81844,2019,cf,Female,nopre,type2,p3,l1,nopc,b/c,96500,4.125,1.6199,,180.0,neg_amm,not_int,not_lpsm,178000.0,sb,pr,home,1U,2520.0,CRIF,693,CIB,55-64,to_inst,54.21348315,North,direct,0,24.0
138003,2019,cf,Male,pre,type1,p1,l1,nopc,nob/c,266500,4.75,0.7125,0.0,360.0,not_neg,not_int,not_lpsm,278000.0,sb,pr,home,1U,4200.0,CIB,830,CIB,25-34,to_inst,95.86330935,North,direct,0,48.0
102754,2019,cf,Male,nopre,type3,p3,l1,nopc,nob/c,296500,,,,360.0,not_neg,not_int,not_lpsm,318000.0,sb,pr,home,1U,6900.0,EXP,878,CIB,45-54,to_inst,93.23899371,North,direct,1,44.0
171926,2019,cf,Female,nopre,type1,p3,l1,nopc,nob/c,106500,4.5,1.0268,3350.0,360.0,not_neg,not_int,not_lpsm,188000.0,sb,pr,home,1U,2520.0,CRIF,548,CIB,55-64,to_inst,56.64893617,North,direct,0,42.0
151588,2019,cf,Joint,nopre,type1,p3,l1,nopc,nob/c,206500,3.75,0.1884,750.0,360.0,not_neg,not_int,not_lpsm,458000.0,sb,pr,home,1U,9240.0,EXP,614,EXP,45-54,to_inst,45.08733624,North,direct,0,17.0
111849,2019,cf,Sex Not Available,nopre,type2,p3,l1,nopc,b/c,366500,3.99,1.2197,4973.63,360.0,not_neg,not_int,not_lpsm,508000.0,sb,pr,home,1U,4980.0,CRIF,798,CIB,45-54,to_inst,72.14566929,south,direct,0,45.0
120380,2019,,Sex Not Available,nopre,type1,p4,l1,nopc,nob/c,156500,,,,360.0,neg_amm,not_int,not_lpsm,198000.0,sb,pr,home,1U,5820.0,CIB,727,CIB,35-44,to_inst,79.04040404,south,direct,1,6.0
68576,2019,cf,Joint,nopre,type2,p3,l1,nopc,b/c,296500,3.99,0.7568,4360.29,360.0,not_neg,not_int,not_lpsm,348000.0,sb,pr,home,1U,5040.0,CRIF,553,EXP,55-64,to_inst,85.20114943,south,direct,0,61.0
113187,2019,cf,Male,nopre,type1,p4,l1,nopc,nob/c,166500,3.5,0.8034,5249.5,180.0,not_neg,not_int,not_lpsm,218000.0,sb,pr,home,1U,5640.0,CIB,542,CIB,35-44,to_inst,76.37614679,North,direct,0,16.0
40700,2019,cf,Sex Not Available,nopre,type1,p3,l1,nopc,nob/c,266500,,,,360.0,not_neg,not_int,not_lpsm,588000.0,sb,pr,home,1U,10080.0,EXP,777,CIB,>74,to_inst,45.32312925,south,direct,1,37.0
77137,2019,cf,Female,nopre,type1,p1,l1,nopc,nob/c,326500,4.0,-0.1333,0.0,360.0,not_neg,not_int,not_lpsm,428000.0,sb,pr,home,1U,4140.0,CRIF,582,CIB,25-34,not_inst,76.28504673,south,direct,0,42.0
137073,2019,cf,Joint,nopre,type1,p4,l1,nopc,nob/c,226500,3.125,-0.3826,383.6,120.0,not_neg,not_int,not_lpsm,908000.0,sb,pr,home,1U,8280.0,CIB,794,EXP,65-74,not_inst,24.94493392,North,direct,0,48.0
162325,2019,cf,Female,nopre,type1,p3,l1,nopc,nob/c,306500,4.5,0.896,5000.0,360.0,not_neg,not_int,not_lpsm,488000.0,sb,pr,home,1U,12060.0,CIB,558,EXP,45-54,to_inst,62.80737705,south,direct,0,25.0
76270,2019,cf,Joint,nopre,type1,p4,l1,nopc,nob/c,356500,3.99,0.3026,486.54,360.0,not_neg,not_int,not_lpsm,458000.0,sb,pr,home,1U,4920.0,CIB,594,EXP,45-54,not_inst,77.83842795,North,direct,0,43.0
106316,2019,cf,Male,nopre,type1,p3,l1,opc,nob/c,56500,5.49,1.122,,360.0,not_neg,int_only,not_lpsm,188000.0,sb,pr,home,1U,5760.0,EXP,836,CIB,45-54,to_inst,30.05319149,North,direct,0,10.0
134720,2019,cf,Joint,nopre,type1,p3,l1,nopc,nob/c,316500,3.875,0.0808,3150.0,240.0,not_neg,not_int,not_lpsm,728000.0,sb,pr,home,1U,4680.0,CIB,621,EXP,55-64,not_inst,43.47527473,North,direct,0,47.0
128595,2019,cf,Sex Not Available,nopre,type1,p4,l1,nopc,nob/c,416500,3.75,0.0734,5649.88,360.0,not_neg,not_int,not_lpsm,528000.0,sb,pr,home,1U,6180.0,CIB,590,EXP,45-54,not_inst,78.88257576,south,direct,0,40.0
123595,2019,cf,Joint,nopre,type1,p1,l1,nopc,nob/c,476500,3.5,0.1713,0.0,360.0,not_neg,not_int,not_lpsm,498000.0,sb,pr,home,1U,7200.0,EXP,667,EXP,25-34,not_inst,95.68273092,North,direct,0,36.0
156837,2019,ncf,Male,nopre,type1,p1,l1,nopc,nob/c,776500,,,,360.0,not_neg,not_int,not_lpsm,1108000.0,sb,pr,home,1U,40320.0,EXP,526,CIB,45-54,not_inst,70.08122744,North,direct,1,20.0
91936,2019,,Sex Not Available,nopre,type1,p1,l1,nopc,nob/c,316500,,,,360.0,neg_amm,not_int,not_lpsm,328000.0,sb,pr,home,1U,4560.0,EXP,884,CIB,45-54,to_inst,96.49390244,south,direct,1,49.0
168254,2019,cf,Joint,nopre,type1,p1,l1,nopc,nob/c,456500,,,,360.0,not_neg,not_int,lpsm,608000.0,sb,pr,home,1U,7740.0,EXP,861,EXP,25-34,not_inst,75.08223684,North,direct,1,41.0
112719,2019,cf,Female,nopre,type2,p1,l1,nopc,b/c,76500,,,,360.0,not_neg,not_int,lpsm,88000.0,sb,pr,home,1U,3180.0,CIB,621,CIB,25-34,to_inst,86.93181818,North,direct,1,58.0
42976,2019,cf,Joint,pre,type1,p4,l1,nopc,nob/c,366500,4.25,0.5645,3850.0,360.0,not_neg,not_int,not_lpsm,408000.0,sb,pr,home,1U,5940.0,EXP,876,EXP,25-34,not_inst,89.82843137,North,direct,0,31.0
90430,2019,cf,Sex Not Available,nopre,type1,p2,l1,nopc,nob/c,146500,4.375,0.8393,2710.0,360.0,not_neg,not_int,not_lpsm,208000.0,sb,pr,home,1U,1560.0,CIB,645,EXP,65-74,to_inst,70.43269231,south,direct,0,45.0
132303,2019,cf,Male,pre,type1,p3,l1,nopc,nob/c,286500,3.875,0.3663,7044.7,300.0,not_neg,not_int,not_lpsm,588000.0,sb,pr,home,1U,4260.0,CIB,857,CIB,65-74,to_inst,48.7244898,south,direct,0,35.0
35094,2019,cf,Sex Not Available,nopre,type1,p3,l1,nopc,nob/c,266500,4.75,0.3893,4165.0,360.0,neg_amm,not_int,not_lpsm,338000.0,sb,pr,home,1U,6600.0,CRIF,624,EXP,35-44,to_inst,78.84615385,south,direct,0,34.0
125456,2019,cf,Joint,pre,type1,p4,l1,nopc,nob/c,646500,4.375,0.6093,0.0,360.0,not_neg,not_int,not_lpsm,1078000.0,sb,pr,home,1U,5400.0,CRIF,561,EXP,45-54,not_inst,59.97217069,North,direct,0,48.0
98776,2019,cf,Joint,nopre,type2,p1,l1,nopc,b/c,136500,,,,360.0,not_neg,not_int,not_lpsm,138000.0,sb,pr,home,1U,5220.0,CRIF,792,EXP,55-64,to_inst,98.91304348,North,direct,1,39.0
121821,2019,cf,Joint,nopre,type1,p4,l1,nopc,nob/c,656500,3.99,0.3383,10500.0,360.0,not_neg,not_int,not_lpsm,878000.0,sb,pr,home,1U,11340.0,EXP,525,EXP,25-34,not_inst,74.77220957,central,direct,0,43.0
82608,2019,cf,Female,nopre,type1,p3,l1,nopc,nob/c,226500,,,,360.0,not_neg,not_int,not_lpsm,298000.0,sb,pr,home,1U,1560.0,EXP,861,CIB,65-74,to_inst,76.00671141,central,direct,1,5.0
171755,2019,cf,Joint,pre,type1,p3,l1,nopc,nob/c,216500,4.0,0.2878,2942.0,360.0,not_neg,not_int,not_lpsm,308000.0,sb,pr,home,1U,2580.0,CRIF,567,EXP,55-64,not_inst,70.29220779,south,direct,0,37.0
98933,2019,ncf,Sex Not Available,nopre,type1,p1,l1,nopc,nob/c,336500,,,,324.0,neg_amm,not_int,not_lpsm,428000.0,sb,pr,home,1U,3420.0,CIB,743,CIB,25-34,to_inst,78.62149533,south,direct,1,61.0
170067,2019,cf,Joint,nopre,type1,p3,l1,nopc,nob/c,326500,3.75,0.3465,4480.0,180.0,not_neg,not_int,not_lpsm,558000.0,sb,pr,home,1U,4920.0,CIB,687,EXP,35-44,to_inst,58.5125448,North,direct,0,46.0
53165,2019,cf,Female,nopre,type1,p2,l1,nopc,nob/c,146500,3.5,0.2654,4253.0,360.0,not_neg,not_int,lpsm,378000.0,sb,pr,home,1U,2460.0,CRIF,709,CIB,25-34,to_inst,38.75661376,central,direct,0,49.0
115437,2019,cf,Female,nopre,type1,p1,l1,nopc,nob/c,356500,4.25,0.6072,0.0,360.0,not_neg,not_int,not_lpsm,368000.0,sb,pr,home,1U,6720.0,CIB,647,CIB,25-34,not_inst,96.875,North,direct,0,36.0
43434,2019,cf,Female,nopre,type1,p3,l1,nopc,nob/c,336500,,,,360.0,neg_amm,not_int,not_lpsm,568000.0,sb,ir,home,1U,1560.0,CIB,639,CIB,65-74,to_inst,59.24295775,central,direct,1,43.0
155141,2019,,Male,nopre,type1,p4,l1,nopc,nob/c,246500,3.25,-0.1244,7338.8,144.0,not_neg,not_int,not_lpsm,308000.0,sb,pr,home,1U,7620.0,CRIF,807,CIB,35-44,to_inst,80.03246753,North,direct,0,34.0
121800,2019,cf,Male,nopre,type1,p3,l1,nopc,nob/c,466500,3.625,0.0171,0.0,360.0,not_neg,not_int,not_lpsm,908000.0,sb,pr,home,1U,9900.0,CIB,825,CIB,45-54,not_inst,51.37665198,North,direct,0,27.0
76583,2019,ncf,Male,nopre,type1,p3,l1,nopc,nob/c,406500,4.875,1.49,9776.56,240.0,not_neg,not_int,not_lpsm,538000.0,sb,pr,home,1U,7020.0,CIB,548,CIB,45-54,to_inst,75.55762082,south,direct,0,30.0
59123,2019,cf,Joint,pre,type2,p4,l1,nopc,b/c,286500,3.99,0.8655,884.59,360.0,not_neg,not_int,not_lpsm,318000.0,sb,pr,home,1U,6000.0,CIB,836,EXP,25-34,not_inst,90.09433962,North,direct,0,37.0
101321,2019,cf,Male,pre,type1,p3,l1,nopc,nob/c,276500,4.99,0.5888,96.8,360.0,not_neg,not_int,not_lpsm,378000.0,sb,ir,home,1U,5400.0,EXP,506,CIB,25-34,not_inst,73.14814815,North,direct,0,49.0
78140,2019,cf,Male,nopre,type1,p4,l1,nopc,nob/c,226500,3.875,0.4421,3529.0,360.0,not_neg,not_int,not_lpsm,248000.0,sb,pr,home,1U,4380.0,CIB,900,CIB,25-34,to_inst,91.33064516,south,direct,0,37.0
129492,2019,cf,Male,nopre,type1,p4,l1,nopc,nob/c,116500,3.99,0.916,3359.38,240.0,not_neg,not_int,not_lpsm,138000.0,sb,pr,home,1U,5400.0,CRIF,668,EXP,35-44,to_inst,84.42028986,south,direct,0,22.0
82018,2019,cf,Sex Not Available,nopre,type1,p3,l1,nopc,nob/c,316500,3.99,0.4888,7100.0,360.0,not_neg,not_int,not_lpsm,1038000.0,sb,pr,home,1U,4980.0,CRIF,539,CIB,55-64,to_inst,30.49132948,south,direct,0,35.0
95227,2019,cf,Male,nopre,type1,p4,l1,nopc,nob/c,306500,4.0,0.3872,6817.8,360.0,not_neg,not_int,not_lpsm,388000.0,sb,pr,home,1U,5400.0,EXP,561,CIB,55-64,not_inst,78.99484536,North,direct,0,30.0
52100,2019,cf,Joint,nopre,type1,p1,l1,nopc,nob/c,696500,3.875,0.6702,13917.5,360.0,not_neg,not_int,not_lpsm,738000.0,sb,pr,home,1U,7740.0,EXP,806,EXP,65-74,not_inst,94.37669377,North,direct,0,47.0
99851,2019,cf,Joint,nopre,type1,p1,l1,nopc,nob/c,486500,4.375,-0.0741,0.0,360.0,not_neg,not_int,not_lpsm,608000.0,sb,pr,home,1U,8400.0,CIB,694,EXP,35-44,not_inst,80.01644737,south,direct,0,37.0
126013,2019,cf,Female,nopre,type1,p4,l1,nopc,nob/c,166500,,,,360.0,not_neg,not_int,not_lpsm,228000.0,sb,ir,home,1U,2760.0,CRIF,771,CIB,65-74,to_inst,73.02631579,south,direct,1,32.0
133644,2019,cf,Joint,nopre,type1,p4,l1,nopc,nob/c,236500,3.25,-0.5426,41.52,360.0,not_neg,int_only,not_lpsm,608000.0,sb,pr,home,1U,3960.0,CRIF,719,EXP,>74,not_inst,38.89802632,North,direct,0,32.0
86605,2019,cf,Joint,nopre,type1,p3,l1,nopc,nob/c,116500,5.25,1.0235,3394.14,360.0,not_neg,not_int,not_lpsm,148000.0,sb,pr,home,1U,3240.0,CRIF,843,EXP,65-74,to_inst,78.71621622,North,direct,0,38.0
95243,2019,cf,Sex Not Available,pre,type1,p3,l1,nopc,nob/c,566500,4.5,1.1992,18462.1,360.0,not_neg,not_int,not_lpsm,708000.0,sb,pr,home,1U,7680.0,EXP,535,EXP,55-64,to_inst,80.01412429,south,direct,0,41.0
46416,2019,cf,Sex Not Available,nopre,type1,p1,l1,nopc,nob/c,156500,3.875,0.5033,4756.56,360.0,not_neg,not_int,not_lpsm,168000.0,sb,pr,home,1U,2220.0,EXP,822,CIB,35-44,to_inst,93.1547619,south,direct,0,49.0
78555,2019,ncf,Sex Not Available,pre,type1,p3,l1,nopc,nob/c,496500,,,,360.0,not_neg,not_int,not_lpsm,618000.0,sb,pr,home,1U,12120.0,CRIF,582,EXP,65-74,to_inst,80.33980583,south,direct,1,36.0
157895,2019,cf,Sex Not Available,nopre,type1,p3,l1,nopc,nob/c,126500,4.99,0.5438,1821.24,360.0,not_neg,not_int,not_lpsm,198000.0,sb,pr,home,1U,5520.0,EXP,546,CIB,35-44,to_inst,63.88888889,south,direct,0,26.0
32075,2019,cf,Sex Not Available,nopre,type1,p3,l1,nopc,nob/c,106500,4.25,0.7924,4165.63,360.0,not_neg,not_int,not_lpsm,158000.0,sb,pr,home,1U,1980.0,EXP,524,CIB,65-74,to_inst,67.40506329,south,direct,0,33.0
102156,2019,cf,Joint,nopre,type1,p4,l1,nopc,nob/c,566500,4.0,0.2221,0.0,360.0,not_neg,not_int,not_lpsm,738000.0,sb,pr,home,1U,12720.0,CIB,619,EXP,35-44,not_inst,76.76151762,North,direct,0,24.0
42732,2019,cf,Joint,nopre,type1,p3,l1,nopc,nob/c,376500,3.99,0.4749,7456.0,360.0,not_neg,not_int,not_lpsm,468000.0,sb,pr,home,1U,5160.0,CIB,833,EXP,45-54,not_inst,80.44871795,south,direct,0,36.0
133515,2019,cf,Female,nopre,type1,p4,l1,nopc,nob/c,96500,3.99,0.7069,3284.24,324.0,not_neg,not_int,not_lpsm,228000.0,sb,pr,home,1U,2820.0,CIB,610,CIB,65-74,to_inst,42.3245614,central,direct,0,24.0
136232,2019,cf,Female,pre,type1,p1,l1,nopc,nob/c,146500,4.125,0.6522,2687.5,360.0,not_neg,not_int,not_lpsm,218000.0,sb,pr,home,1U,2340.0,CIB,830,CIB,65-74,to_inst,67.20183486,North,direct,0,49.0
114669,2019,cf,Male,nopre,type1,p3,l1,nopc,nob/c,606500,4.99,0.2234,2665.0,360.0,not_neg,not_int,not_lpsm,1028000.0,sb,sr,home,1U,10020.0,EXP,681,CIB,65-74,to_inst,58.99805447,North,direct,0,42.0
83671,2019,cf,Female,pre,type1,p1,l1,nopc,nob/c,286500,4.375,0.036,0.0,360.0,not_neg,not_int,not_lpsm,498000.0,sb,pr,home,1U,3540.0,CIB,892,CIB,55-64,not_inst,57.53012048,south,direct,0,45.0
162519,2019,,Sex Not Available,nopre,type1,p3,l1,nopc,nob/c,216500,4.25,0.3361,3937.5,360.0,not_neg,not_int,not_lpsm,358000.0,sb,pr,home,1U,4080.0,CIB,628,CIB,55-64,to_inst,60.47486034,south,direct,0,26.0
156454,2019,cf,Female,nopre,type1,p3,l1,nopc,nob/c,486500,3.75,0.0875,6093.5,360.0,not_neg,not_int,not_lpsm,708000.0,sb,pr,home,1U,7560.0,CRIF,653,CIB,55-64,to_inst,68.71468927,North,direct,0,43.0
155549,2019,cf,Joint,nopre,type1,p1,l1,nopc,nob/c,636500,4.5,0.4349,1061.35,360.0,not_neg,not_int,not_lpsm,668000.0,sb,pr,home,1U,16800.0,CIB,790,EXP,45-54,not_inst,95.28443114,North,direct,0,36.0
134110,2019,cf,Male,nopre,type1,p3,l1,nopc,nob/c,356500,4.25,0.4165,7876.0,240.0,not_neg,not_int,not_lpsm,608000.0,sb,pr,home,1U,3900.0,EXP,649,EXP,55-64,to_inst,58.63486842,North,direct,0,49.0
47867,2019,cf,Joint,nopre,type1,p4,l1,nopc,nob/c,316500,3.99,0.4101,4369.67,324.0,not_neg,not_int,not_lpsm,358000.0,sb,pr,home,1U,4140.0,CRIF,613,EXP,55-64,to_inst,88.40782123,North,direct,0,45.0
162369,2019,cf,Male,nopre,type1,p4,l1,nopc,nob/c,376500,3.875,0.3938,0.0,360.0,not_neg,not_int,not_lpsm,408000.0,sb,pr,home,1U,6480.0,CIB,543,CIB,25-34,not_inst,92.27941176,south,direct,0,44.0
136680,2019,cf,Sex Not Available,nopre,type1,p4,l1,nopc,nob/c,456500,4.99,0.5779,1724.84,360.0,not_neg,not_int,not_lpsm,618000.0,sb,pr,home,1U,7140.0,CRIF,703,EXP,35-44,to_inst,73.86731392,south,direct,0,42.0
101877,2019,cf,Joint,nopre,type1,p4,l1,nopc,nob/c,596500,4.99,1.1671,1995.78,360.0,not_neg,not_int,not_lpsm,868000.0,sb,pr,home,1U,7980.0,EXP,829,EXP,45-54,to_inst,68.72119816,North,direct,0,43.0
156268,2019,cf,Female,nopre,type1,p4,l1,nopc,nob/c,346500,3.5,-0.2076,,360.0,not_neg,not_int,not_lpsm,628000.0,sb,pr,home,1U,4860.0,CRIF,534,CIB,35-44,not_inst,55.17515924,south,direct,0,46.0
37243,2019,cf,Sex Not Available,nopre,type1,p1,l1,nopc,nob/c,266500,3.375,0.1942,0.0,180.0,not_neg,not_int,not_lpsm,508000.0,sb,pr,home,1U,7020.0,CIB,835,EXP,25-34,not_inst,52.46062992,south,direct,0,34.0
167641,2019,cf,Joint,nopre,type2,p1,l1,nopc,b/c,176500,3.625,0.8205,908.91,360.0,not_neg,not_int,not_lpsm,178000.0,sb,pr,home,1U,4080.0,CRIF,725,EXP,35-44,not_inst,99.15730337,North,direct,0,20.0
107713,2019,cf,Female,nopre,type1,p4,l1,nopc,nob/c,366500,3.125,0.0762,1122.4,180.0,not_neg,not_int,not_lpsm,688000.0,sb,pr,home,1U,4620.0,CRIF,741,CIB,65-74,not_inst,53.27034884,North,direct,0,49.0
108144,2019,cf,Joint,nopre,type3,p3,l1,nopc,nob/c,296500,3.5,-0.2582,6932.89,360.0,neg_amm,not_int,not_lpsm,308000.0,sb,pr,home,1U,8520.0,CRIF,888,EXP,45-54,to_inst,96.26623377,North,direct,0,30.0
115554,2019,cf,Male,nopre,type3,p3,l1,nopc,nob/c,216500,3.5,0.1451,4320.0,360.0,not_neg,not_int,not_lpsm,268000.0,sb,pr,home,1U,2880.0,CIB,896,CIB,45-54,to_inst,80.78358209,North,direct,0,47.0
126301,2019,ncf,Female,pre,type1,p4,l1,nopc,nob/c,86500,4.375,1.3302,2306.2,180.0,not_neg,not_int,not_lpsm,128000.0,sb,pr,home,1U,4140.0,CRIF,812,CIB,65-74,to_inst,67.578125,central,direct,0,37.0
32893,2019,cf,Female,nopre,type1,p3,l1,nopc,nob/c,216500,3.99,0.3896,2212.5,180.0,not_neg,not_int,not_lpsm,408000.0,sb,pr,home,1U,7800.0,EXP,603,EXP,65-74,to_inst,53.06372549,North,direct,0,43.0
75138,2019,cf,Sex Not Available,nopre,type2,p4,l1,nopc,b/c,176500,3.49,0.8102,4807.69,360.0,not_neg,not_int,not_lpsm,218000.0,sb,pr,home,1U,5220.0,CRIF,511,CIB,25-34,to_inst,80.96330275,south,direct,0,34.0
127373,2019,cf,Male,nopre,type1,p4,l1,nopc,nob/c,366500,3.75,0.2546,1552.5,360.0,not_neg,not_int,not_lpsm,428000.0,sb,sr,home,1U,16320.0,CRIF,803,CIB,35-44,not_inst,85.63084112,North,direct,0,43.0
142018,2019,cf,Joint,nopre,type1,p3,l1,nopc,nob/c,556500,3.625,0.4153,0.0,240.0,not_neg,not_int,not_lpsm,1168000.0,sb,pr,home,1U,21540.0,CIB,558,EXP,45-54,to_inst,47.64554795,south,direct,0,6.0
57342,2019,ncf,Female,nopre,type2,p1,l1,nopc,b/c,56500,4.625,1.8232,1394.15,360.0,not_neg,not_int,not_lpsm,58000.0,sb,pr,home,1U,1620.0,CRIF,609,CIB,35-44,to_inst,97.4137931,North,direct,0,43.0
116145,2019,cf,Male,nopre,type1,p3,l1,nopc,nob/c,406500,,,,360.0,not_neg,not_int,not_lpsm,658000.0,mh,pr,land,1U,2400.0,CIB,638,CIB,45-54,not_inst,61.7781155,North,Indriect,1,19.0
124911,2019,cf,Sex Not Available,nopre,type2,p1,l1,nopc,b/c,106500,4.99,1.7024,1271.0,360.0,not_neg,not_int,not_lpsm,108000.0,sb,pr,home,1U,3360.0,CRIF,876,EXP,55-64,to_inst,98.61111111,south,direct,0,36.0
30302,2019,cf,Male,nopre,type1,p3,l1,nopc,nob/c,156500,,,,360.0,neg_amm,not_int,not_lpsm,208000.0,sb,pr,home,1U,2100.0,CRIF,801,CIB,65-74,to_inst,75.24038462,North,direct,1,46.0
119618,2019,cf,Male,nopre,type1,p1,l1,nopc,nob/c,586500,,,,360.0,not_neg,not_int,not_lpsm,618000.0,sb,pr,home,1U,8220.0,CRIF,552,CIB,<25,not_inst,94.90291262,North,direct,1,43.0
60823,2019,cf,Male,pre,type1,p4,l1,nopc,nob/c,606500,3.625,-0.1919,2229.0,360.0,not_neg,not_int,not_lpsm,848000.0,sb,pr,home,1U,12120.0,CRIF,689,CIB,35-44,not_inst,71.52122642,south,direct,0,23.0
130122,2019,cf,Female,nopre,type1,p4,l1,nopc,nob/c,246500,,,,360.0,not_neg,not_int,lpsm,418000.0,sb,pr,home,1U,2520.0,EXP,722,CIB,65-74,to_inst,58.97129187,North,direct,1,44.0
171725,2019,cf,Joint,pre,type3,p1,l1,nopc,nob/c,316500,4.25,0.3708,3125.0,360.0,not_neg,not_int,not_lpsm,318000.0,sb,pr,home,1U,8220.0,EXP,516,EXP,35-44,to_inst,99.52830189,south,direct,0,37.0
26773,2019,cf,Female,nopre,type1,p3,l1,nopc,nob/c,266500,4.475,0.2393,228.75,360.0,not_neg,not_int,not_lpsm,448000.0,sb,pr,home,1U,3240.0,CRIF,691,CIB,55-64,to_inst,59.48660714,North,direct,0,48.0
44073,2019,cf,Joint,nopre,type1,p4,l1,nopc,nob/c,636500,4.0,0.3846,0.0,360.0,not_neg,not_int,not_lpsm,808000.0,sb,pr,home,1U,8100.0,CRIF,562,EXP,35-44,not_inst,78.77475248,central,direct,0,36.0
94555,2019,ncf,Female,nopre,type1,p1,l1,nopc,nob/c,936500,3.5,-0.2978,2111.96,360.0,not_neg,not_int,not_lpsm,1178000.0,sb,pr,home,1U,11040.0,CIB,514,CIB,35-44,not_inst,79.4991511,south,direct,0,37.0
159358,2019,cf,Male,nopre,type1,p3,l1,nopc,nob/c,146500,3.625,0.5103,795.0,180.0,not_neg,not_int,not_lpsm,278000.0,sb,pr,home,1U,3540.0,CIB,704,EXP,>74,to_inst,52.69784173,North,direct,0,46.0
117804,2019,cf,Joint,nopre,type1,p4,l1,nopc,nob/c,306500,,,,324.0,not_neg,not_int,not_lpsm,508000.0,sb,pr,home,1U,3360.0,CIB,587,EXP,45-54,to_inst,60.33464567,North,direct,1,57.0
48406,2019,ncf,Male,nopre,type1,p3,l1,nopc,nob/c,296500,5.375,1.3828,4210.0,360.0,not_neg,not_int,not_lpsm,378000.0,sb,pr,home,1U,4980.0,CRIF,885,CIB,35-44,to_inst,78.43915344,North,direct,0,37.0
159267,2019,cf,Joint,pre,type1,p3,l1,nopc,nob/c,366500,,,,360.0,not_neg,not_int,not_lpsm,508000.0,sb,pr,home,1U,10860.0,EXP,897,EXP,25-34,not_inst,72.14566929,North,direct,1,14.0
120577,2019,cf,Female,nopre,type1,p3,l1,nopc,nob/c,206500,4.375,0.8137,5500.0,360.0,not_neg,not_int,not_lpsm,308000.0,sb,pr,home,1U,3720.0,EXP,826,CIB,65-74,to_inst,67.04545455,North,direct,0,30.0
131785,2019,cf,Joint,nopre,type1,p1,l2,nopc,nob/c,156500,4.99,1.2107,500.0,360.0,not_neg,not_int,not_lpsm,218000.0,sb,pr,home,1U,5700.0,CIB,611,EXP,65-74,to_inst,71.78899083,North,direct,0,30.0
76245,2019,cf,Male,nopre,type1,p4,l1,nopc,nob/c,156500,3.5,0.7031,3530.0,180.0,not_neg,not_int,not_lpsm,318000.0,sb,sr,home,1U,5220.0,CRIF,700,CIB,>74,to_inst,49.21383648,North,direct,0,42.0
25939,2019,cf,Sex Not Available,nopre,type1,p4,l1,nopc,nob/c,116500,,,,144.0,neg_amm,not_int,not_lpsm,368000.0,sb,pr,home,1U,4680.0,CRIF,646,EXP,55-64,to_inst,31.6576087,south,direct,1,31.0
98614,2019,cf,Male,nopre,type1,p3,l1,nopc,nob/c,266500,3.375,-0.1124,7100.0,360.0,not_neg,not_int,not_lpsm,408000.0,sb,pr,home,1U,3180.0,CRIF,890,EXP,65-74,to_inst,65.31862745,North,direct,0,31.0
54482,2019,cf,Sex Not Available,nopre,type1,p4,l1,nopc,nob/c,296500,4.5,0.3136,,360.0,not_neg,not_int,not_lpsm,398000.0,sb,pr,home,1U,5820.0,CIB,847,EXP,35-44,to_inst,74.49748744,south,direct,0,49.0
78164,2019,cf,Female,pre,type1,p3,l1,nopc,nob/c,186500,4.99,1.1396,5466.56,360.0,not_neg,not_int,not_lpsm,268000.0,sb,ir,home,1U,2460.0,CIB,692,CIB,55-64,to_inst,69.58955224,North,direct,0,37.0
66122,2019,cf,Sex Not Available,nopre,type1,p4,l2,nopc,nob/c,686500,5.25,1.3828,0.0,360.0,not_neg,not_int,not_lpsm,1158000.0,sb,pr,home,1U,20340.0,CRIF,799,EXP,55-64,to_inst,59.28324698,south,direct,0,40.0
131610,2019,cf,Female,nopre,type2,p3,l1,nopc,b/c,126500,,,,360.0,not_neg,not_int,not_lpsm,158000.0,sb,pr,home,1U,2100.0,CIB,576,CIB,25-34,to_inst,80.06329114,North,direct,1,54.0
162023,2019,cf,Male,nopre,type1,p4,l1,nopc,nob/c,176500,,,,360.0,not_neg,not_int,not_lpsm,508000.0,sb,pr,home,1U,3600.0,CRIF,563,CIB,65-74,to_inst,34.74409449,North,direct,1,38.0
102315,2019,cf,Joint,nopre,type1,p4,l1,nopc,nob/c,346500,3.375,-0.373,705.75,360.0,not_neg,not_int,not_lpsm,908000.0,sb,pr,home,1U,9060.0,CRIF,652,EXP,65-74,not_inst,38.16079295,south,direct,0,29.0
162599,2019,cf,Sex Not Available,nopre,type1,p3,l1,nopc,nob/c,166500,3.99,0.5587,4514.0,360.0,not_neg,not_int,not_lpsm,208000.0,sb,pr,home,1U,3960.0,CRIF,582,EXP,65-74,to_inst,80.04807692,south,direct,0,20.0
161115,2019,cf,Joint,nopre,type1,p4,l1,nopc,nob/c,386500,3.99,0.4957,3880.0,360.0,not_neg,not_int,not_lpsm,488000.0,sb,pr,home,1U,7680.0,CIB,651,EXP,35-44,not_inst,79.20081967,North,direct,0,37.0
129873,2019,cf,Joint,nopre,type1,p3,l2,nopc,nob/c,626500,4.5,0.6849,14595.0,360.0,not_neg,not_int,not_lpsm,788000.0,sb,pr,home,1U,12600.0,EXP,806,EXP,35-44,to_inst,79.50507614,North,direct,0,25.0
52838,2019,cf,Male,nopre,type1,p1,l1,nopc,nob/c,666500,4.375,1.1255,866.0,360.0,not_neg,not_int,not_lpsm,708000.0,sb,pr,home,1U,9900.0,CIB,651,CIB,25-34,not_inst,94.13841808,North,direct,0,44.0
169189,2019,cf,Female,nopre,type1,p3,l1,nopc,nob/c,236500,4.75,0.2903,4147.38,360.0,not_neg,not_int,not_lpsm,338000.0,sb,pr,home,1U,2460.0,CRIF,881,CIB,55-64,to_inst,69.9704142,North-East,direct,0,43.0
25603,2019,cf,Joint,nopre,type1,p4,l1,nopc,nob/c,726500,3.25,0.1674,7250.0,240.0,not_neg,not_int,not_lpsm,1258000.0,sb,pr,home,1U,17580.0,EXP,762,EXP,45-54,not_inst,57.75039746,south,direct,0,20.0
87835,2019,cf,Sex Not Available,pre,type1,p3,l1,nopc,nob/c,136500,4.5,0.992,3837.5,360.0,not_neg,not_int,not_lpsm,208000.0,sb,pr,home,1U,5580.0,CRIF,779,CIB,35-44,to_inst,65.625,south,direct,0,13.0
134257,2019,cf,Male,nopre,type1,p4,l1,nopc,nob/c,486500,4.375,-0.113,0.0,360.0,neg_amm,not_int,not_lpsm,618000.0,sb,pr,home,1U,6720.0,EXP,718,CIB,25-34,not_inst,78.72168285,south,direct,0,36.0
107157,2019,cf,Male,nopre,type1,p4,l2,nopc,nob/c,206500,4.25,0.612,3298.75,240.0,not_neg,not_int,not_lpsm,278000.0,sb,pr,home,1U,3960.0,EXP,586,CIB,45-54,to_inst,74.28057554,North,direct,0,39.0
136127,2019,cf,Joint,nopre,type1,p3,l1,nopc,nob/c,366500,3.25,0.1413,1070.6,180.0,not_neg,not_int,not_lpsm,608000.0,sb,pr,home,1U,7020.0,CRIF,546,EXP,45-54,not_inst,60.27960526,south,direct,0,47.0
42191,2019,cf,Male,nopre,type1,p1,l1,nopc,nob/c,346500,3.75,0.0663,0.0,360.0,not_neg,not_int,not_lpsm,558000.0,sb,pr,home,1U,6480.0,CRIF,789,EXP,65-74,not_inst,62.09677419,North,direct,0,30.0
126789,2019,cf,Sex Not Available,nopre,type1,p3,l1,nopc,nob/c,276500,4.75,0.4209,4352.25,360.0,not_neg,not_int,not_lpsm,438000.0,sb,pr,home,1U,5220.0,CIB,553,EXP,>74,to_inst,63.12785388,south,direct,0,20.0
47069,2019,cf,Male,nopre,type1,p2,l1,nopc,nob/c,226500,3.875,0.4206,,360.0,not_neg,not_int,not_lpsm,278000.0,sb,pr,home,1U,4200.0,CRIF,782,CIB,35-44,to_inst,81.47482014,south,direct,0,43.0
54513,2019,cf,Sex Not Available,nopre,type1,p4,l1,nopc,nob/c,326500,3.75,0.3188,6168.73,360.0,not_neg,not_int,not_lpsm,458000.0,sb,pr,home,1U,13740.0,CIB,517,CIB,55-64,to_inst,71.28820961,south,direct,0,31.0
27554,2019,cf,Male,pre,type1,p1,l1,nopc,nob/c,276500,3.99,0.7319,4737.5,360.0,not_neg,not_int,not_lpsm,318000.0,sb,sr,home,1U,14940.0,CRIF,616,CIB,55-64,to_inst,86.94968553,North,direct,0,33.0
53681,2019,cf,Male,nopre,type1,p3,l1,nopc,nob/c,216500,3.5,0.7803,6344.38,180.0,not_neg,not_int,not_lpsm,278000.0,sb,pr,home,1U,3480.0,CRIF,590,CIB,35-44,to_inst,77.87769784,south,direct,0,37.0
123184,2019,cf,Female,pre,type1,p1,l2,nopc,nob/c,236500,4.375,0.3943,3776.0,360.0,not_neg,not_int,not_lpsm,298000.0,sb,pr,home,1U,3300.0,CRIF,762,CIB,65-74,to_inst,79.36241611,North,direct,0,43.0
41912,2019,cf,Female,nopre,type1,p4,l1,nopc,nob/c,106500,4.99,1.4743,,360.0,not_neg,not_int,not_lpsm,188000.0,sb,ir,home,1U,12360.0,CIB,704,CIB,35-44,not_inst,56.64893617,North,direct,0,24.0
55430,2019,cf,Female,nopre,type1,p1,l1,nopc,nob/c,326500,4.75,0.9374,7272.49,360.0,not_neg,not_int,not_lpsm,378000.0,sb,pr,home,1U,6780.0,CIB,590,EXP,45-54,to_inst,86.37566138,North,direct,0,39.0
81269,2019,cf,Male,nopre,type1,p1,l1,nopc,nob/c,186500,3.5,0.0657,5246.39,360.0,not_neg,not_int,not_lpsm,238000.0,sb,pr,home,1U,3120.0,EXP,661,CIB,<25,to_inst,78.36134454,North,direct,0,39.0
165978,2019,cf,Joint,nopre,type1,p4,l1,nopc,nob/c,496500,4.25,-0.1631,0.0,360.0,not_neg,not_int,not_lpsm,688000.0,sb,pr,home,1U,9900.0,CIB,652,EXP,35-44,not_inst,72.16569767,south,direct,0,41.0
85029,2019,ncf,Joint,pre,type3,p3,l1,nopc,nob/c,426500,3.5,0.0292,,360.0,not_neg,not_int,not_lpsm,538000.0,sb,pr,home,1U,4920.0,EXP,752,EXP,55-64,to_inst,79.27509294,south,direct,0,38.0
50876,2019,cf,Male,nopre,type1,p1,l1,nopc,nob/c,396500,3.625,-0.134,1172.3,360.0,not_neg,not_int,not_lpsm,748000.0,sb,pr,home,1U,11700.0,CRIF,585,CIB,35-44,not_inst,53.00802139,North,direct,0,8.0
71521,2019,cf,Joint,nopre,type3,p1,l1,nopc,nob/c,366500,,,,360.0,neg_amm,not_int,not_lpsm,368000.0,sb,pr,home,1U,10320.0,EXP,858,EXP,65-74,to_inst,99.5923913,North,direct,1,48.0
78287,2019,ncf,Male,nopre,type1,p1,l1,nopc,nob/c,666500,4.375,-0.0408,1150.0,360.0,not_neg,not_int,not_lpsm,1018000.0,sb,pr,home,1U,14940.0,CIB,589,CIB,35-44,to_inst,65.47151277,south,direct,0,29.0
145919,2019,cf,Female,nopre,type1,p3,l1,nopc,nob/c,206500,4.5,0.6652,5442.5,360.0,not_neg,not_int,not_lpsm,278000.0,sb,pr,home,1U,2820.0,CRIF,762,CIB,65-74,to_inst,74.28057554,North,direct,0,42.0
57137,2019,cf,Female,nopre,type1,p1,l1,nopc,nob/c,376500,4.875,0.7687,1389.37,360.0,not_neg,not_int,not_lpsm,388000.0,sb,pr,home,1U,4620.0,EXP,515,EXP,45-54,not_inst,97.03608247,North,direct,0,49.0
26393,2019,cf,Joint,nopre,type2,p3,l1,nopc,b/c,136500,3.75,0.802,1280.0,360.0,not_neg,not_int,not_lpsm,168000.0,sb,pr,home,1U,3000.0,CIB,874,EXP,55-64,to_inst,81.25,North,direct,0,44.0
28095,2019,cf,Male,nopre,type1,p1,l1,nopc,nob/c,186500,,,,360.0,not_neg,not_int,not_lpsm,238000.0,sb,pr,home,1U,6420.0,EXP,503,CIB,55-64,to_inst,78.36134454,North,direct,1,45.0
97182,2019,cf,Sex Not Available,nopre,type1,p3,l2,opc,nob/c,256500,6.24,1.622,,360.0,not_neg,int_only,not_lpsm,1508000.0,sb,pr,home,1U,9720.0,EXP,588,EXP,65-74,to_inst,17.00928382,south,direct,0,40.0
62491,2019,cf,Male,nopre,type1,p4,l1,nopc,nob/c,316500,4.25,0.8274,5339.45,360.0,not_neg,not_int,not_lpsm,398000.0,sb,pr,home,1U,5820.0,EXP,587,CIB,45-54,to_inst,79.52261307,North,direct,0,40.0
66416,2019,cf,Joint,nopre,type1,p3,l1,nopc,nob/c,656500,4.625,0.7626,11962.55,360.0,not_neg,not_int,not_lpsm,948000.0,sb,pr,home,1U,9300.0,EXP,541,EXP,45-54,to_inst,69.25105485,North,direct,0,36.0
110094,2019,cf,Sex Not Available,nopre,type2,p3,l1,nopc,b/c,286500,4.375,0.6145,0.0,360.0,not_neg,not_int,not_lpsm,328000.0,sb,pr,home,1U,2820.0,CRIF,541,CIB,45-54,to_inst,87.34756098,south,direct,0,46.0
75591,2019,cf,Male,nopre,type1,p4,l1,nopc,nob/c,376500,3.5,-0.0867,0.0,360.0,not_neg,not_int,not_lpsm,648000.0,sb,pr,home,1U,4200.0,CIB,718,CIB,35-44,not_inst,58.10185185,south,direct,0,41.0
81451,2019,cf,Male,nopre,type1,p3,l1,nopc,nob/c,206500,,,,360.0,not_neg,not_int,not_lpsm,238000.0,sb,pr,home,1U,3120.0,CIB,739,CIB,55-64,to_inst,86.76470588,south,direct,1,27.0
30112,2019,cf,Female,nopre,type1,p4,l1,nopc,nob/c,216500,4.375,0.6614,1026.88,360.0,not_neg,not_int,not_lpsm,318000.0,sb,pr,home,1U,2280.0,CRIF,532,CIB,>74,to_inst,68.08176101,North,direct,0,43.0
44535,2019,ncf,Female,pre,type1,p1,l1,nopc,nob/c,106500,4.125,0.2838,3375.0,360.0,not_neg,not_int,not_lpsm,128000.0,sb,pr,home,1U,3780.0,CIB,840,CIB,65-74,to_inst,83.203125,North,direct,0,24.0
111573,2019,cf,Male,nopre,type1,p4,l2,nopc,nob/c,86500,,,,108.0,not_neg,not_int,not_lpsm,288000.0,sb,pr,home,1U,2220.0,CIB,816,CIB,45-54,to_inst,30.03472222,North,direct,1,38.0
41417,2019,cf,Female,pre,type1,p3,l1,nopc,nob/c,486500,4.375,0.6008,50.0,360.0,not_neg,not_int,not_lpsm,908000.0,sb,pr,home,1U,9240.0,CRIF,754,EXP,55-64,to_inst,53.57929515,North,direct,0,38.0
165938,2019,cf,Female,nopre,type1,p3,l1,nopc,nob/c,276500,4.75,0.1618,5261.56,360.0,not_neg,not_int,not_lpsm,348000.0,sb,pr,home,1U,3900.0,CIB,564,CIB,45-54,to_inst,79.45402299,North-East,direct,0,38.0
35349,2019,cf,Male,nopre,type3,p3,l1,nopc,nob/c,356500,4.25,0.2133,942.77,360.0,not_neg,not_int,not_lpsm,408000.0,sb,pr,home,1U,7560.0,CRIF,608,EXP,35-44,to_inst,87.37745098,south,direct,0,40.0
104109,2019,cf,Male,nopre,type1,p3,l1,nopc,nob/c,396500,5.625,1.4209,11629.0,360.0,not_neg,not_int,not_lpsm,498000.0,sb,pr,home,1U,14040.0,CRIF,759,CIB,45-54,to_inst,79.6184739,south,direct,0,30.0
65610,2019,cf,Female,nopre,type2,p4,l1,nopc,b/c,216500,3.99,1.4218,0.0,360.0,not_neg,not_int,not_lpsm,228000.0,sb,pr,home,1U,4920.0,CIB,669,CIB,65-74,not_inst,94.95614035,North,direct,0,48.0
167288,2019,cf,Joint,nopre,type1,p3,l1,nopc,nob/c,196500,3.375,0.5591,5236.0,180.0,not_neg,not_int,not_lpsm,368000.0,sb,pr,home,1U,4500.0,CRIF,718,EXP,45-54,to_inst,53.39673913,North,direct,0,47.0
71124,2019,cf,Sex Not Available,nopre,type1,p3,l1,nopc,nob/c,326500,4.625,0.6724,4520.04,360.0,not_neg,not_int,not_lpsm,458000.0,sb,pr,home,1U,4440.0,CIB,738,EXP,55-64,to_inst,71.28820961,south,direct,0,38.0
129341,2019,cf,Female,pre,type2,p3,l1,nopc,b/c,196500,5.125,1.7535,1950.0,360.0,not_neg,not_int,not_lpsm,348000.0,sb,pr,home,1U,2280.0,CRIF,500,CIB,35-44,to_inst,56.46551724,south,direct,0,46.0
156849,2019,cf,Female,nopre,type1,p4,l1,nopc,nob/c,446500,3.75,0.0231,0.0,360.0,not_neg,not_int,not_lpsm,598000.0,sb,pr,home,1U,8880.0,CRIF,580,CIB,35-44,not_inst,74.66555184,south,direct,0,43.0
117213,2019,cf,Joint,nopre,type1,p2,l1,nopc,nob/c,86500,3.75,1.1335,2929.0,180.0,not_neg,not_int,not_lpsm,228000.0,sb,pr,home,1U,9420.0,CRIF,849,EXP,55-64,to_inst,37.93859649,North,direct,0,38.0
36311,2019,cf,Sex Not Available,nopre,type2,p3,l1,nopc,b/c,196500,3.875,0.5929,2747.06,360.0,not_neg,not_int,not_lpsm,238000.0,sb,pr,home,1U,2220.0,EXP,670,CIB,65-74,to_inst,82.56302521,south,direct,0,51.0
80094,2019,cf,Joint,nopre,type1,p4,l1,nopc,nob/c,226500,3.75,-0.0451,923.89,360.0,not_neg,not_int,not_lpsm,398000.0,sb,pr,home,1U,5400.0,CIB,614,EXP,65-74,not_inst,56.90954774,North,direct,0,42.0
155246,2019,cf,Male,nopre,type3,p3,l2,nopc,nob/c,236500,,,,360.0,not_neg,not_int,not_lpsm,268000.0,sb,pr,home,1U,3900.0,CRIF,790,CIB,55-64,to_inst,88.24626866,North,direct,1,28.0
138935,2019,cf,Male,nopre,type2,p3,l1,nopc,b/c,56500,3.5,1.4579,1313.31,180.0,not_neg,not_int,not_lpsm,428000.0,sb,pr,home,1U,3060.0,CIB,823,CIB,45-54,to_inst,13.20093458,south,direct,0,36.0
63791,2019,cf,Sex Not Available,nopre,type1,p4,l1,nopc,nob/c,256500,,,,360.0,not_neg,not_int,not_lpsm,378000.0,sb,pr,home,1U,2880.0,CIB,879,CIB,45-54,not_inst,67.85714286,south,direct,1,56.0
78318,2019,cf,Female,pre,type2,p1,l1,nopc,b/c,316500,4.5,1.107,3136.25,360.0,neg_amm,not_int,not_lpsm,328000.0,sb,pr,home,1U,7320.0,EXP,574,EXP,35-44,to_inst,96.49390244,North,direct,0,59.0
104765,2019,ncf,Joint,nopre,type1,p3,l1,nopc,nob/c,336500,3.5,0.2431,7475.0,180.0,not_neg,not_int,not_lpsm,558000.0,sb,pr,home,1U,7860.0,CIB,871,EXP,45-54,to_inst,60.3046595,North,direct,0,30.0
130698,2019,cf,Female,nopre,type1,p4,l1,nopc,nob/c,496500,4.5,0.1088,4878.19,360.0,neg_amm,not_int,not_lpsm,708000.0,sb,pr,home,1U,5220.0,CIB,867,CIB,65-74,not_inst,70.12711864,North,direct,0,43.0
28373,2019,cf,Male,nopre,type1,p3,l1,nopc,nob/c,496500,4.375,0.675,1394.21,360.0,not_neg,not_int,not_lpsm,1088000.0,sb,pr,home,1U,8400.0,EXP,763,CIB,45-54,not_inst,45.63419118,North,direct,0,33.0
87334,2019,cf,Male,nopre,type3,p1,l2,nopc,nob/c,406500,,,,300.0,neg_amm,not_int,not_lpsm,428000.0,sb,pr,home,1U,5100.0,CRIF,506,CIB,25-34,not_inst,94.97663551,North,direct,1,45.0
161048,2019,cf,Female,nopre,type1,p3,l1,nopc,nob/c,126500,3.5,0.8337,3927.5,180.0,not_neg,not_int,not_lpsm,408000.0,sb,pr,home,1U,6300.0,CRIF,613,EXP,55-64,to_inst,31.00490196,North,direct,0,21.0
164311,2019,,Female,nopre,type1,p1,l1,nopc,nob/c,506500,4.125,0.0605,0.0,360.0,not_neg,not_int,not_lpsm,758000.0,sb,pr,home,1U,5160.0,CIB,780,CIB,45-54,not_inst,66.82058047,North,direct,0,48.0
130141,2019,cf,Joint,nopre,type1,p4,l1,nopc,nob/c,626500,4.375,0.3078,0.0,360.0,not_neg,not_int,not_lpsm,708000.0,sb,pr,home,1U,8880.0,CIB,835,EXP,35-44,not_inst,88.48870056,North,direct,0,45.0
164523,2019,cf,Male,pre,type1,p1,l1,nopc,nob/c,326500,3.99,0.4462,1250.0,360.0,not_neg,not_int,not_lpsm,348000.0,sb,pr,home,1U,5100.0,CIB,813,CIB,35-44,to_inst,93.82183908,North,direct,0,45.0
167230,2019,cf,Joint,nopre,type1,p3,l1,nopc,nob/c,336500,3.75,0.1701,5437.5,360.0,not_neg,not_int,not_lpsm,588000.0,sb,pr,home,1U,4020.0,CIB,516,EXP,55-64,to_inst,57.22789116,North,direct,0,39.0
49661,2019,cf,Male,nopre,type1,p3,l1,nopc,nob/c,116500,4.5,0.3741,3274.28,360.0,not_neg,not_int,not_lpsm,178000.0,sb,pr,home,1U,1320.0,EXP,875,EXP,35-44,to_inst,65.4494382,North,direct,0,44.0
164839,2019,cf,Joint,nopre,type1,p1,l1,nopc,nob/c,446500,3.75,0.0476,783.96,360.0,not_neg,not_int,not_lpsm,568000.0,sb,pr,home,1U,9960.0,CRIF,563,EXP,35-44,not_inst,78.60915493,south,direct,0,31.0
96005,2019,,Female,nopre,type1,p3,l1,nopc,nob/c,246500,4.0,0.2039,863.15,360.0,not_neg,not_int,not_lpsm,418000.0,sb,pr,home,1U,4200.0,CIB,509,CIB,45-54,not_inst,58.97129187,North,direct,0,43.0
31216,2019,cf,Female,nopre,type2,p1,l2,nopc,b/c,226500,3.99,0.4263,136.17,360.0,not_neg,not_int,not_lpsm,278000.0,sb,pr,home,1U,3660.0,CIB,650,EXP,35-44,to_inst,81.47482014,North,direct,0,47.0
70743,2019,cf,Joint,nopre,type1,p4,l1,nopc,nob/c,276500,,,,360.0,not_neg,not_int,lpsm,318000.0,sb,pr,home,1U,8040.0,EXP,608,EXP,35-44,to_inst,86.94968553,North,direct,1,27.0
141616,2019,cf,Female,nopre,type2,p1,l2,nopc,b/c,246500,3.75,0.3609,1070.6,360.0,not_neg,not_int,not_lpsm,278000.0,sb,pr,home,1U,2760.0,CIB,662,CIB,35-44,not_inst,88.66906475,North,direct,0,60.0
76454,2019,cf,Male,nopre,type1,p4,l1,nopc,nob/c,516500,4.25,0.152,0.0,360.0,not_neg,not_int,not_lpsm,868000.0,sb,pr,home,1U,9780.0,CIB,894,CIB,35-44,not_inst,59.50460829,North,direct,0,32.0
55768,2019,cf,Joint,nopre,type1,p3,l1,nopc,nob/c,406500,4.25,0.048,11149.38,360.0,not_neg,not_int,not_lpsm,908000.0,sb,pr,home,1U,7080.0,CIB,707,EXP,65-74,to_inst,44.76872247,North,direct,0,35.0
101786,2019,cf,Sex Not Available,nopre,type1,p3,l1,nopc,nob/c,256500,3.875,0.2988,,360.0,not_neg,not_int,not_lpsm,338000.0,sb,pr,home,1U,4680.0,CRIF,865,EXP,55-64,not_inst,75.88757396,North,direct,0,49.0
128787,2019,cf,Female,nopre,type1,p3,l1,nopc,nob/c,136500,3.99,1.3006,4040.0,240.0,not_neg,not_int,not_lpsm,208000.0,sb,pr,home,1U,2640.0,EXP,567,CIB,55-64,to_inst,65.625,south,direct,0,23.0
65230,2019,cf,Female,nopre,type2,p1,l1,nopc,b/c,206500,4.375,1.069,585.05,360.0,not_neg,int_only,not_lpsm,208000.0,sb,pr,home,1U,3000.0,EXP,713,CIB,25-34,not_inst,99.27884615,central,direct,0,51.0
137714,2019,cf,Joint,nopre,type1,p1,l1,nopc,nob/c,126500,,,,360.0,not_neg,not_int,not_lpsm,318000.0,sb,pr,home,1U,2820.0,EXP,534,EXP,55-64,to_inst,39.77987421,North,direct,1,14.0
120746,2019,cf,Joint,nopre,type1,p3,l1,nopc,nob/c,426500,3.625,-0.0041,4000.0,360.0,not_neg,not_int,not_lpsm,538000.0,sb,pr,home,1U,6120.0,EXP,790,EXP,65-74,not_inst,79.27509294,North,direct,0,48.0
126868,2019,cf,Sex Not Available,nopre,type1,p3,l1,nopc,nob/c,426500,3.75,0.0232,14531.25,360.0,not_neg,not_int,not_lpsm,998000.0,sb,pr,home,2U,9420.0,EXP,752,CIB,55-64,to_inst,42.73547094,south,direct,0,36.0
155086,2019,ncf,Male,nopre,type3,p3,l1,nopc,nob/c,566500,3.75,-0.5141,11211.0,360.0,not_neg,int_only,not_lpsm,648000.0,sb,pr,home,1U,7860.0,CRIF,736,EXP,45-54,to_inst,87.42283951,North,direct,0,39.0
113079,2019,cf,Male,nopre,type1,p4,l2,nopc,nob/c,256500,4.18,0.2951,7026.25,360.0,not_neg,not_int,not_lpsm,298000.0,sb,pr,home,1U,10020.0,CIB,557,CIB,45-54,not_inst,86.0738255,south,direct,0,11.0
29147,2019,cf,Joint,pre,type1,p1,l1,nopc,nob/c,296500,4.25,-0.0133,6239.0,360.0,neg_amm,not_int,not_lpsm,368000.0,sb,pr,home,1U,7020.0,EXP,866,EXP,45-54,to_inst,80.57065217,North,direct,0,27.0
123670,2019,cf,Sex Not Available,nopre,type3,p3,l1,nopc,nob/c,236500,3.49,-0.0162,4890.69,360.0,not_neg,not_int,not_lpsm,298000.0,sb,pr,home,1U,9900.0,CIB,522,CIB,55-64,to_inst,79.36241611,south,direct,0,16.0
98579,2019,cf,Joint,nopre,type1,p3,l1,nopc,nob/c,176500,4.75,1.0503,1786.25,240.0,not_neg,not_int,not_lpsm,348000.0,sb,ir,home,1U,6240.0,CRIF,620,EXP,55-64,to_inst,50.7183908,North,direct,0,39.0
42512,2019,cf,Sex Not Available,nopre,type1,p4,l1,nopc,nob/c,106500,3.99,1.2235,3239.0,132.0,not_neg,not_int,not_lpsm,288000.0,sb,pr,home,1U,7800.0,CIB,554,CIB,55-64,to_inst,36.97916667,south,direct,0,24.0
155537,2019,cf,Sex Not Available,nopre,type1,p2,l1,nopc,nob/c,156500,,,,360.0,not_neg,not_int,not_lpsm,218000.0,sb,ir,home,1U,5100.0,EXP,898,CIB,65-74,to_inst,71.78899083,south,direct,1,45.0
170422,2019,cf,Joint,pre,type1,p1,l1,nopc,nob/c,146500,4.99,0.4021,1327.1,360.0,not_neg,not_int,not_lpsm,178000.0,sb,pr,home,1U,1800.0,CRIF,764,EXP,35-44,to_inst,82.30337079,North,direct,0,45.0
134237,2019,cf,Joint,nopre,type1,p4,l1,nopc,nob/c,426500,3.875,0.5717,9469.8,360.0,not_neg,not_int,not_lpsm,518000.0,sb,pr,home,1U,8880.0,CIB,593,EXP,55-64,to_inst,82.33590734,central,direct,0,47.0
167398,2019,cf,Female,nopre,type2,p3,l1,nopc,b/c,146500,4.5,1.3032,2127.34,360.0,not_neg,not_int,not_lpsm,208000.0,sb,pr,home,1U,2580.0,CIB,706,CIB,35-44,to_inst,70.43269231,North,direct,0,38.0
111564,2019,cf,Joint,pre,type1,p1,l1,nopc,nob/c,306500,4.25,0.5222,500.0,360.0,not_neg,not_int,not_lpsm,448000.0,sb,pr,home,1U,11940.0,CIB,722,EXP,55-64,to_inst,68.41517857,North,direct,0,27.0
39885,2019,ncf,Male,nopre,type3,p3,l1,nopc,nob/c,556500,,,,360.0,not_neg,not_int,not_lpsm,858000.0,sb,pr,home,1U,4380.0,CRIF,889,CIB,>74,to_inst,64.86013986,North,direct,1,57.0
74591,2019,cf,Male,nopre,type1,p3,l1,nopc,nob/c,196500,4.99,1.3404,2640.25,180.0,neg_amm,not_int,not_lpsm,278000.0,sb,pr,home,1U,3660.0,EXP,864,CIB,55-64,to_inst,70.68345324,North,direct,0,41.0
31248,2019,cf,Sex Not Available,pre,type1,p1,l1,nopc,nob/c,666500,3.875,0.6905,14110.0,360.0,not_neg,not_int,not_lpsm,698000.0,sb,pr,home,1U,13860.0,EXP,526,EXP,55-64,to_inst,95.48710602,south,direct,0,34.0
62557,2019,cf,Joint,nopre,type1,p4,l1,nopc,nob/c,306500,3.75,-0.0516,0.0,360.0,not_neg,not_int,not_lpsm,378000.0,sb,pr,home,1U,10740.0,CIB,640,EXP,45-54,not_inst,81.08465608,North,direct,0,46.0
81361,2019,cf,Sex Not Available,nopre,type1,p3,l1,nopc,nob/c,256500,4.25,0.1874,7586.25,360.0,not_neg,not_int,not_lpsm,418000.0,sb,pr,home,1U,2760.0,CIB,820,CIB,65-74,to_inst,61.36363636,south,direct,0,48.0
33391,2019,cf,Joint,pre,type1,p1,l1,nopc,nob/c,226500,4.875,1.0379,1250.0,360.0,not_neg,not_int,not_lpsm,238000.0,sb,pr,home,1U,10860.0,CIB,668,EXP,45-54,to_inst,95.16806723,North,direct,0,18.0
35479,2019,cf,Female,nopre,type1,p4,l1,nopc,nob/c,306500,3.875,-0.0626,0.0,360.0,neg_amm,not_int,not_lpsm,878000.0,sb,pr,home,1U,5940.0,EXP,513,CIB,45-54,to_inst,34.90888383,North,direct,0,49.0
85720,2019,cf,Female,nopre,type1,p4,l1,nopc,nob/c,146500,3.99,1.1781,4435.91,240.0,not_neg,not_int,not_lpsm,188000.0,sb,pr,home,1U,5100.0,CIB,560,CIB,45-54,to_inst,77.92553191,North,direct,0,43.0
160064,2019,cf,Female,nopre,type1,p1,l1,nopc,nob/c,346500,5.5,0.9781,1150.0,360.0,neg_amm,not_int,not_lpsm,438000.0,sb,pr,home,1U,10620.0,EXP,530,CIB,35-44,to_inst,79.10958904,North,direct,0,26.0
48121,2019,cf,Joint,pre,type1,p1,l1,nopc,nob/c,556500,3.8,-0.1026,4521.0,360.0,not_neg,not_int,not_lpsm,808000.0,sb,ir,home,1U,16140.0,EXP,648,EXP,35-44,to_inst,68.87376238,south,direct,0,31.0
168114,2019,cf,Female,nopre,type2,p1,l1,nopc,b/c,346500,2.875,0.0382,661.17,360.0,not_neg,not_int,not_lpsm,348000.0,sb,pr,home,1U,3480.0,EXP,667,CIB,45-54,not_inst,99.56896552,North,direct,0,49.0
86808,2019,ncf,Sex Not Available,pre,type1,p3,l1,nopc,nob/c,746500,3.125,-0.4081,4987.5,360.0,not_neg,not_int,not_lpsm,1158000.0,sb,pr,home,1U,11100.0,CIB,766,CIB,25-34,to_inst,64.46459413,south,direct,0,39.0
48680,2019,cf,Female,nopre,type1,p1,l1,nopc,nob/c,316500,4.25,-0.228,300.0,360.0,not_neg,not_int,not_lpsm,538000.0,sb,pr,home,1U,4200.0,CRIF,715,CIB,35-44,to_inst,58.82899628,North,direct,0,49.0
147763,2019,cf,Female,nopre,type1,p3,l1,nopc,nob/c,256500,5.125,1.4885,4062.5,360.0,not_neg,not_int,not_lpsm,478000.0,sb,pr,home,1U,8400.0,CRIF,680,CIB,55-64,to_inst,53.66108787,North,direct,0,25.0
65978,2019,cf,Male,nopre,type1,p4,l1,nopc,nob/c,246500,3.25,0.1567,0.0,180.0,not_neg,not_int,not_lpsm,1398000.0,sb,pr,home,1U,11940.0,CRIF,885,CIB,35-44,not_inst,17.6323319,North,direct,0,39.0
30271,2019,cf,Sex Not Available,pre,type3,p3,l1,nopc,nob/c,186500,3.5,0.1611,1773.7,360.0,not_neg,not_int,not_lpsm,258000.0,sb,pr,home,1U,2520.0,EXP,788,CIB,>74,to_inst,72.28682171,south,direct,0,60.0
164116,2019,cf,Male,nopre,type1,p3,l1,nopc,nob/c,446500,3.875,-0.0422,13429.49,300.0,not_neg,not_int,not_lpsm,608000.0,sb,pr,home,1U,7020.0,CIB,715,CIB,35-44,to_inst,73.4375,south,direct,0,37.0
91313,2019,cf,Male,nopre,type1,p4,l1,nopc,nob/c,346500,4.25,-0.228,0.0,324.0,not_neg,not_int,not_lpsm,998000.0,sb,pr,home,1U,7320.0,EXP,836,CIB,35-44,not_inst,34.71943888,North,direct,0,33.0
162616,2019,cf,Male,nopre,type2,p3,l1,nopc,b/c,136500,4.25,1.3575,1812.43,360.0,not_neg,not_int,not_lpsm,168000.0,sb,pr,home,1U,1560.0,EXP,670,CIB,35-44,to_inst,81.25,North,direct,0,43.0
122855,2019,cf,Male,nopre,type1,p4,l1,nopc,nob/c,386500,3.75,0.2145,4855.0,360.0,not_neg,not_int,not_lpsm,448000.0,sb,pr,home,1U,7320.0,CIB,651,CIB,35-44,not_inst,86.27232143,North,direct,0,47.0
173468,2019,ncf,Joint,nopre,type1,p3,l1,nopc,nob/c,986500,3.875,0.2872,19625.0,360.0,not_neg,not_int,not_lpsm,1408000.0,sb,pr,home,1U,10800.0,EXP,789,EXP,55-64,to_inst,70.06392045,North,direct,0,39.0
99715,2019,,Sex Not Available,nopre,type1,p3,l2,opc,nob/c,256500,5.25,0.592,,360.0,not_neg,int_only,not_lpsm,3208000.0,sb,pr,home,1U,16860.0,CRIF,876,EXP,55-64,to_inst,7.99563591,south,direct,0,43.0
122580,2019,cf,Female,nopre,type1,p3,l1,nopc,nob/c,586500,3.875,-0.0866,22417.15,360.0,not_neg,not_int,not_lpsm,1008000.0,sb,pr,home,1U,8820.0,CIB,643,CIB,55-64,to_inst,58.18452381,North,direct,0,42.0
88468,2019,,Male,nopre,type1,p1,l1,nopc,nob/c,726500,4.375,0.5269,0.0,360.0,not_neg,not_int,not_lpsm,1008000.0,sb,pr,home,1U,8640.0,CIB,529,CIB,35-44,not_inst,72.0734127,North,direct,0,47.0
169562,2019,cf,Joint,nopre,type1,p3,l1,nopc,nob/c,256500,3.875,0.4293,6264.0,360.0,not_neg,not_int,not_lpsm,458000.0,sb,ir,home,1U,3060.0,CIB,730,EXP,65-74,not_inst,56.00436681,North,direct,0,40.0
124207,2019,cf,Female,nopre,type1,p1,l1,nopc,nob/c,436500,,,,360.0,not_neg,not_int,not_lpsm,588000.0,sb,pr,home,1U,5940.0,EXP,861,CIB,45-54,not_inst,74.23469388,North,direct,1,41.0
68767,2019,cf,Male,pre,type1,p4,l1,nopc,nob/c,586500,3.99,0.4105,7843.91,360.0,not_neg,not_int,not_lpsm,848000.0,sb,pr,home,1U,6120.0,CRIF,801,CIB,>74,to_inst,69.16273585,North,direct,0,47.0
59924,2019,cf,Male,nopre,type1,p4,l1,nopc,nob/c,336500,3.75,0.728,2911.21,240.0,not_neg,not_int,not_lpsm,498000.0,sb,pr,home,1U,19320.0,EXP,888,CIB,45-54,to_inst,67.57028112,North,direct,0,29.0
68008,2019,cf,Joint,nopre,type1,p1,l1,nopc,nob/c,206500,4.375,0.087,1150.0,360.0,not_neg,not_int,not_lpsm,588000.0,sb,sr,home,1U,12240.0,CIB,813,EXP,65-74,not_inst,35.11904762,North,direct,0,31.0
71568,2019,ncf,Female,pre,type1,p4,l1,nopc,nob/c,456500,,,,360.0,not_neg,not_int,not_lpsm,638000.0,sb,pr,home,1U,11280.0,CRIF,540,CIB,55-64,to_inst,71.55172414,North,direct,1,27.0
107943,2019,cf,Joint,nopre,type1,p1,l1,nopc,nob/c,216500,,,,360.0,neg_amm,not_int,not_lpsm,228000.0,sb,pr,home,1U,7560.0,CIB,609,EXP,25-34,to_inst,94.95614035,south,direct,1,18.0
54021,2019,cf,Sex Not Available,nopre,type1,p4,l1,nopc,nob/c,116500,3.75,1.0031,3341.43,180.0,not_neg,not_int,not_lpsm,168000.0,sb,pr,home,1U,1740.0,CRIF,518,CIB,65-74,to_inst,69.3452381,south,direct,0,48.0
126879,2019,ncf,Male,nopre,type1,p1,l1,nopc,nob/c,516500,3.875,-0.1649,597.76,360.0,not_neg,not_int,not_lpsm,578000.0,sb,pr,home,1U,9180.0,CIB,715,CIB,35-44,not_inst,89.35986159,North,direct,0,34.0
74324,2019,cf,Sex Not Available,nopre,type1,p3,l1,nopc,nob/c,466500,,,,360.0,not_neg,not_int,lpsm,588000.0,sb,pr,home,1U,8280.0,CRIF,724,EXP,35-44,to_inst,79.33673469,south,direct,1,48.0
41784,2019,cf,Sex Not Available,nopre,type1,p3,l1,nopc,nob/c,256500,4.125,0.5622,5660.0,360.0,not_neg,not_int,not_lpsm,348000.0,sb,pr,home,1U,4380.0,EXP,852,EXP,>74,to_inst,73.70689655,south,direct,0,22.0
42706,2019,cf,Male,nopre,type2,p3,l1,nopc,b/c,246500,3.99,0.739,3590.83,360.0,neg_amm,not_int,not_lpsm,288000.0,sb,pr,home,1U,2580.0,EXP,759,CIB,55-64,to_inst,85.59027778,North,direct,0,58.0
121439,2019,cf,Sex Not Available,pre,type1,p4,l1,nopc,nob/c,206500,3.5,0.5508,4500.0,204.0,not_neg,not_int,not_lpsm,388000.0,sb,pr,home,1U,6480.0,EXP,525,CIB,55-64,to_inst,53.22164948,south,direct,0,26.0
104479,2019,cf,Joint,nopre,type1,p3,l1,nopc,nob/c,366500,4.625,1.136,5343.48,360.0,not_neg,not_int,not_lpsm,458000.0,sb,pr,home,1U,5640.0,CIB,800,EXP,65-74,to_inst,80.02183406,North,direct,0,36.0
43852,2019,cf,Male,nopre,type1,p4,l1,nopc,nob/c,506500,4.125,0.4788,3797.5,360.0,not_neg,not_int,not_lpsm,868000.0,sb,pr,home,1U,10320.0,CIB,544,CIB,45-54,to_inst,58.35253456,North,direct,0,33.0
109898,2019,cf,Sex Not Available,nopre,type1,p3,l1,nopc,nob/c,146500,4.99,1.4434,3549.0,360.0,not_neg,not_int,not_lpsm,188000.0,sb,pr,home,1U,5340.0,CRIF,728,EXP,25-34,to_inst,77.92553191,south,direct,0,30.0
81235,2019,cf,Joint,nopre,type1,p1,l1,nopc,nob/c,376500,3.625,0.2814,1559.17,360.0,not_neg,not_int,not_lpsm,388000.0,sb,pr,home,1U,5880.0,CIB,853,EXP,25-34,not_inst,97.03608247,North,direct,0,42.0
172218,2019,cf,Female,nopre,type1,p3,l1,nopc,nob/c,436500,4.125,0.9525,3950.0,240.0,not_neg,not_int,not_lpsm,548000.0,sb,pr,home,1U,12840.0,CRIF,696,CIB,35-44,to_inst,79.65328467,south,direct,0,20.0
115427,2019,cf,Male,nopre,type1,p4,l1,nopc,nob/c,616500,3.875,0.2911,,360.0,not_neg,not_int,not_lpsm,958000.0,sb,pr,home,1U,7740.0,EXP,692,CIB,35-44,not_inst,64.35281837,North,direct,0,36.0
115597,2019,cf,Sex Not Available,nopre,type2,p3,l1,nopc,b/c,126500,4.375,1.5527,2418.94,180.0,neg_amm,not_int,not_lpsm,178000.0,sb,pr,home,1U,6240.0,CRIF,613,EXP,35-44,to_inst,71.06741573,south,direct,0,33.0
93947,2019,cf,Joint,nopre,type1,p1,l2,nopc,nob/c,486500,4.375,0.3063,4385.0,360.0,not_neg,not_int,not_lpsm,588000.0,sb,pr,home,1U,12120.0,CIB,639,EXP,45-54,to_inst,82.73809524,North,direct,0,35.0
162385,2019,cf,Sex Not Available,nopre,type1,p4,l1,nopc,nob/c,376500,3.875,-0.0856,7294.43,360.0,not_neg,not_int,not_lpsm,808000.0,sb,sr,home,1U,6240.0,EXP,686,CIB,65-74,to_inst,46.59653465,south,direct,0,49.0
85513,2019,cf,Joint,nopre,type3,p3,l2,nopc,nob/c,406500,,,,360.0,not_neg,not_int,not_lpsm,528000.0,sb,pr,home,1U,8640.0,EXP,731,EXP,55-64,to_inst,76.98863636,south,direct,1,46.0
104547,2019,ncf,Joint,nopre,type1,p1,l1,nopc,nob/c,676500,4.25,0.176,2150.0,360.0,not_neg,not_int,not_lpsm,838000.0,sb,pr,home,1U,11760.0,CIB,796,EXP,35-44,not_inst,80.72792363,south,direct,0,41.0
160581,2019,cf,Joint,pre,type1,p1,l1,nopc,nob/c,116500,5.375,1.4735,1236.36,360.0,not_neg,not_int,not_lpsm,168000.0,sb,ir,home,1U,9000.0,CIB,545,EXP,55-64,to_inst,69.3452381,North,direct,0,20.0
77245,2019,cf,Joint,nopre,type1,p3,l1,nopc,nob/c,246500,3.5,0.3241,379.8,180.0,not_neg,not_int,not_lpsm,448000.0,sb,pr,home,1U,11760.0,CRIF,696,EXP,55-64,not_inst,55.02232143,North,direct,0,30.0
131165,2019,cf,Sex Not Available,nopre,type1,p4,l1,nopc,nob/c,96500,3.5,0.9053,3975.25,180.0,not_neg,not_int,not_lpsm,188000.0,sb,pr,home,1U,2940.0,CRIF,581,CIB,55-64,to_inst,51.32978723,south,direct,0,31.0
109327,2019,cf,Sex Not Available,nopre,type1,p3,l1,nopc,nob/c,296500,4.375,0.6191,11471.72,360.0,not_neg,not_int,not_lpsm,458000.0,sb,ir,home,1U,16500.0,CIB,808,CIB,45-54,to_inst,64.73799127,south,direct,0,37.0
51301,2019,cf,Male,nopre,type1,p4,l1,nopc,nob/c,356500,3.875,0.0203,0.0,180.0,not_neg,not_int,not_lpsm,678000.0,sb,pr,home,1U,8340.0,CRIF,898,CIB,35-44,not_inst,52.58112094,North,direct,0,30.0
39922,2019,cf,Joint,nopre,type1,p1,l1,nopc,nob/c,546500,,,,360.0,not_neg,not_int,not_lpsm,548000.0,sb,pr,home,1U,5100.0,CRIF,611,EXP,25-34,not_inst,99.72627737,south,direct,1,49.0
82850,2019,cf,Male,nopre,type1,p4,l1,nopc,nob/c,446500,,,,360.0,not_neg,not_int,not_lpsm,488000.0,sb,pr,home,1U,6720.0,EXP,864,CIB,35-44,to_inst,91.49590164,North,direct,1,40.0
129517,2019,cf,Male,nopre,type1,p4,l1,nopc,nob/c,146500,3.875,0.9148,2420.29,240.0,not_neg,not_int,not_lpsm,258000.0,sb,pr,home,1U,2880.0,EXP,731,CIB,65-74,to_inst,56.78294574,North-East,direct,0,26.0
116625,2019,cf,Joint,nopre,type1,p3,l1,nopc,nob/c,76500,,,,180.0,not_neg,not_int,not_lpsm,258000.0,sb,pr,home,1U,3300.0,CIB,776,EXP,55-64,to_inst,29.65116279,central,direct,1,37.0
68405,2019,cf,Male,nopre,type1,p2,l1,nopc,nob/c,486500,3.99,-0.0109,9550.0,360.0,not_neg,not_int,not_lpsm,808000.0,sb,pr,home,1U,8640.0,EXP,502,EXP,55-64,to_inst,60.21039604,North,direct,0,32.0
100847,2019,cf,Male,nopre,type1,p4,l1,nopc,nob/c,356500,3.99,0.4883,11076.53,360.0,not_neg,not_int,not_lpsm,1108000.0,sb,ir,home,1U,8820.0,EXP,566,CIB,35-44,to_inst,32.17509025,North-East,direct,0,32.0
25186,2019,cf,Sex Not Available,nopre,type1,p3,l1,nopc,nob/c,406500,4.75,1.034,2752.55,360.0,not_neg,not_int,not_lpsm,668000.0,sb,pr,home,1U,7920.0,CRIF,820,EXP,55-64,to_inst,60.85329341,south,direct,0,46.0
167271,2019,cf,Male,pre,type2,p1,l1,nopc,b/c,276500,3.25,0.9124,9791.84,360.0,not_neg,not_int,not_lpsm,278000.0,sb,pr,home,1U,4800.0,CIB,511,CIB,45-54,to_inst,99.46043165,central,direct,0,37.0
59454,2019,cf,Female,nopre,type1,p1,l1,nopc,nob/c,606500,4.5,0.4883,0.0,360.0,neg_amm,not_int,not_lpsm,638000.0,sb,pr,home,1U,7560.0,CRIF,581,CIB,45-54,not_inst,95.06269592,south,direct,0,41.0
29567,2019,ncf,Joint,nopre,type1,p3,l1,nopc,nob/c,766500,3.75,0.0013,3500.0,360.0,not_neg,not_int,not_lpsm,1468000.0,sb,pr,home,1U,15360.0,CIB,564,EXP,45-54,not_inst,52.21389646,North,direct,0,28.0
121567,2019,cf,Joint,pre,type1,p4,l1,nopc,nob/c,406500,3.875,0.1724,1439.36,360.0,not_neg,not_int,not_lpsm,508000.0,sb,pr,home,1U,8640.0,CIB,658,EXP,25-34,not_inst,80.01968504,North,direct,0,36.0
47100,2019,cf,Male,pre,type1,p4,l1,nopc,nob/c,386500,3.625,-0.2324,0.0,360.0,not_neg,not_int,not_lpsm,978000.0,sb,pr,home,1U,5220.0,CIB,525,CIB,25-34,not_inst,39.5194274,south,direct,0,37.0
46701,2019,cf,Male,pre,type3,p3,l1,nopc,nob/c,166500,4.25,0.1174,4965.0,360.0,not_neg,not_int,not_lpsm,168000.0,sb,pr,home,1U,3240.0,CIB,593,CIB,65-74,to_inst,99.10714286,North,direct,0,41.0
118982,2019,cf,Male,nopre,type1,p3,l1,nopc,nob/c,116500,4.75,0.5783,3106.05,360.0,neg_amm,not_int,not_lpsm,188000.0,sb,pr,home,1U,3180.0,CRIF,562,CIB,65-74,to_inst,61.96808511,south,direct,0,20.0
50309,2019,cf,Joint,nopre,type1,p4,l1,nopc,nob/c,276500,3.625,0.255,5727.0,360.0,not_neg,not_int,not_lpsm,338000.0,sb,pr,home,1U,5460.0,CIB,724,EXP,25-34,not_inst,81.80473373,North,direct,0,41.0
108618,2019,cf,Male,nopre,type1,p1,l1,nopc,nob/c,366500,3.5,-0.0512,0.0,360.0,not_neg,not_int,not_lpsm,518000.0,sb,pr,home,1U,5940.0,EXP,612,CIB,55-64,not_inst,70.75289575,North,direct,0,26.0
75184,2019,cf,Sex Not Available,nopre,type1,p4,l1,nopc,nob/c,146500,3.875,0.5079,4660.92,324.0,not_neg,not_int,not_lpsm,258000.0,sb,pr,home,1U,2880.0,CRIF,819,CIB,35-44,to_inst,56.78294574,south,direct,0,31.0
109076,2019,cf,Joint,nopre,type1,p4,l1,nopc,nob/c,446500,3.875,0.147,0.0,360.0,not_neg,not_int,not_lpsm,1458000.0,sb,pr,home,1U,9180.0,EXP,712,EXP,55-64,not_inst,30.62414266,North,direct,0,41.0
82930,2019,cf,Joint,nopre,type1,p4,l1,nopc,nob/c,516500,3.99,0.3712,0.0,360.0,not_neg,not_int,not_lpsm,648000.0,sb,pr,home,1U,11040.0,EXP,668,EXP,35-44,not_inst,79.70679012,North,direct,0,27.0
160967,2019,cf,Sex Not Available,nopre,type1,p4,l1,nopc,nob/c,176500,5.125,1.086,1810.94,360.0,not_neg,not_int,not_lpsm,238000.0,sb,pr,home,1U,2940.0,EXP,793,CIB,55-64,to_inst,74.15966387,south,direct,0,46.0
63717,2019,cf,Joint,nopre,type1,p3,l1,nopc,nob/c,286500,4.625,1.1624,7700.0,360.0,not_neg,not_int,not_lpsm,418000.0,sb,pr,home,1U,5100.0,EXP,641,EXP,25-34,not_inst,68.54066986,North,direct,0,32.0
115965,2019,cf,Female,nopre,type1,p1,l1,nopc,nob/c,306500,4.18,-0.1885,508.65,360.0,not_neg,not_int,not_lpsm,498000.0,sb,pr,home,1U,4080.0,CIB,622,CIB,55-64,not_inst,61.54618474,North,direct,0,48.0
100325,2019,cf,Joint,pre,type3,p1,l1,nopc,nob/c,236500,3.875,0.0989,2488.5,360.0,not_neg,not_int,not_lpsm,238000.0,sb,pr,home,1U,6960.0,EXP,814,EXP,65-74,to_inst,99.3697479,North,direct,0,30.0
140481,2019,cf,Sex Not Available,nopre,type1,p4,l1,nopc,nob/c,176500,3.99,1.0213,3032.91,240.0,not_neg,not_int,not_lpsm,258000.0,sb,pr,home,1U,3840.0,CRIF,677,CIB,35-44,to_inst,68.41085271,south,direct,0,37.0
124448,2019,cf,Male,pre,type2,p3,l1,nopc,b/c,216500,4.625,1.6441,1052.26,360.0,not_neg,not_int,not_lpsm,258000.0,sb,pr,home,1U,8760.0,CRIF,584,CIB,45-54,to_inst,83.91472868,North,direct,0,36.0
41204,2019,cf,Sex Not Available,nopre,type1,p3,l1,nopc,nob/c,66500,5.5,1.4418,2284.0,360.0,not_neg,not_int,not_lpsm,88000.0,sb,pr,home,1U,1380.0,EXP,884,EXP,65-74,to_inst,75.56818182,south,direct,0,20.0
131784,2019,cf,Female,pre,type2,p1,l1,nopc,b/c,246500,4.125,0.6791,422.15,360.0,not_neg,not_int,not_lpsm,258000.0,sb,pr,home,1U,5160.0,CRIF,691,CIB,45-54,to_inst,95.54263566,south,direct,0,58.0
69565,2019,cf,Male,nopre,type1,p3,l1,nopc,nob/c,116500,4.125,1.2507,2350.0,240.0,not_neg,not_int,not_lpsm,168000.0,sb,pr,home,1U,1860.0,CIB,558,CIB,65-74,to_inst,69.3452381,North,direct,0,35.0
93457,2019,cf,Sex Not Available,nopre,type3,p3,l2,nopc,nob/c,476500,3.875,-0.2432,6652.8,360.0,not_neg,not_int,not_lpsm,728000.0,sb,pr,home,1U,14400.0,CRIF,851,EXP,35-44,to_inst,65.4532967,south,direct,0,33.0
40722,2019,cf,Male,nopre,type1,p3,l1,nopc,nob/c,136500,4.625,0.2305,4725.0,360.0,not_neg,not_int,not_lpsm,318000.0,sb,pr,home,1U,3240.0,CRIF,858,CIB,45-54,to_inst,42.9245283,North,direct,0,25.0
171844,2019,cf,Male,nopre,type1,p4,l1,nopc,nob/c,406500,4.5,0.058,1030.0,360.0,not_neg,not_int,not_lpsm,448000.0,sb,pr,home,1U,5340.0,CIB,846,CIB,25-34,not_inst,90.73660714,North,direct,0,40.0
63433,2019,cf,Male,nopre,type1,p4,l1,nopc,nob/c,216500,3.375,0.5242,2334.55,180.0,not_neg,not_int,not_lpsm,268000.0,sb,pr,home,1U,8640.0,CRIF,630,EXP,35-44,to_inst,80.78358209,North,direct,0,30.0
69579,2019,cf,Male,nopre,type1,p3,l1,nopc,nob/c,456500,3.5,-0.0729,10215.13,360.0,not_neg,not_int,not_lpsm,728000.0,sb,pr,home,1U,7200.0,CIB,639,CIB,65-74,to_inst,62.70604396,North,direct,0,35.0
74611,2019,cf,Sex Not Available,nopre,type1,p3,l1,nopc,nob/c,326500,4.375,1.0407,6337.25,360.0,not_neg,not_int,not_lpsm,418000.0,sb,pr,home,1U,6000.0,CIB,776,EXP,>74,to_inst,78.11004785,south,direct,0,49.0
83344,2019,cf,Joint,nopre,type1,p1,l1,nopc,nob/c,326500,4.375,0.087,1660.0,360.0,not_neg,int_only,not_lpsm,388000.0,sb,pr,home,1U,9660.0,CRIF,514,EXP,45-54,not_inst,84.14948454,North,direct,0,21.0
92481,2019,cf,Male,nopre,type1,p2,l1,nopc,nob/c,136500,4.25,1.0402,3120.0,240.0,not_neg,not_int,not_lpsm,438000.0,sb,pr,home,1U,4800.0,EXP,742,CIB,55-64,to_inst,31.16438356,North,direct,0,40.0
93254,2019,cf,Male,nopre,type1,p4,l1,nopc,nob/c,306500,,,,360.0,not_neg,not_int,not_lpsm,388000.0,sb,pr,home,1U,5400.0,CRIF,754,CIB,35-44,to_inst,78.99484536,North,direct,1,30.0
102306,2019,cf,Male,nopre,type1,p1,l1,nopc,nob/c,306500,4.5,0.292,0.0,360.0,not_neg,not_int,not_lpsm,408000.0,sb,pr,home,1U,11700.0,CIB,751,CIB,25-34,not_inst,75.12254902,south,direct,0,11.0
137826,2019,cf,Sex Not Available,pre,type1,p1,l1,nopc,nob/c,386500,4.5,0.7604,7092.5,360.0,not_neg,not_int,not_lpsm,418000.0,sb,pr,home,1U,4740.0,CIB,570,CIB,65-74,to_inst,92.46411483,south,direct,0,48.0
131113,2019,cf,Sex Not Available,nopre,type1,p4,l1,nopc,nob/c,696500,5.125,1.4914,6465.05,360.0,not_neg,not_int,not_lpsm,808000.0,sb,pr,home,1U,14340.0,CRIF,787,EXP,35-44,to_inst,86.20049505,south,direct,0,38.0
52299,2019,cf,Female,nopre,type1,p1,l1,nopc,nob/c,456500,,,,360.0,not_neg,not_int,not_lpsm,478000.0,sb,pr,home,1U,12600.0,CRIF,692,CIB,45-54,to_inst,95.50209205,south,direct,1,37.0
81093,2019,cf,Sex Not Available,pre,type1,p1,l1,nopc,nob/c,306500,4.75,-0.0002,0.0,360.0,not_neg,not_int,not_lpsm,338000.0,sb,pr,home,1U,5520.0,CIB,525,EXP,35-44,to_inst,90.68047337,south,direct,0,33.0
34749,2019,cf,Female,nopre,type1,p3,l1,nopc,nob/c,126500,3.99,0.3809,795.0,360.0,not_neg,not_int,not_lpsm,478000.0,sb,pr,home,1U,1620.0,CIB,820,CIB,65-74,to_inst,26.46443515,south,direct,0,36.0
134051,2019,cf,Male,nopre,type1,p3,l1,nopc,nob/c,176500,4.875,0.3967,4775.97,360.0,not_neg,not_int,not_lpsm,238000.0,sb,pr,home,1U,3600.0,CRIF,854,CIB,45-54,to_inst,74.15966387,North,direct,0,23.0
96354,2019,cf,Joint,nopre,type1,p3,l1,nopc,nob/c,176500,,,,360.0,not_neg,not_int,not_lpsm,228000.0,sb,pr,home,1U,3060.0,EXP,742,EXP,>74,to_inst,77.4122807,south,direct,1,40.0
131460,2019,ncf,Male,nopre,type1,p4,l1,nopc,nob/c,576500,3.5,-0.1951,6855.56,360.0,not_neg,not_int,not_lpsm,978000.0,sb,pr,home,1U,13980.0,EXP,875,CIB,55-64,to_inst,58.94683027,North,direct,0,29.0
76208,2019,cf,Joint,pre,type1,p1,l1,nopc,nob/c,166500,,,,360.0,not_neg,not_int,not_lpsm,208000.0,sb,pr,home,1U,6360.0,CRIF,641,EXP,55-64,to_inst,80.04807692,North,direct,1,49.0
173470,2019,cf,Joint,nopre,type3,p3,l1,nopc,nob/c,476500,3.75,-0.3927,0.0,360.0,not_neg,not_int,not_lpsm,498000.0,sb,pr,home,1U,10140.0,CIB,690,EXP,65-74,not_inst,95.68273092,North,direct,0,46.0
157351,2019,cf,Male,nopre,type1,p4,l1,nopc,nob/c,526500,3.625,0.2233,6500.0,360.0,not_neg,int_only,not_lpsm,558000.0,sb,pr,home,1U,10560.0,CIB,536,CIB,35-44,not_inst,94.35483871,North,direct,0,34.0
70089,2019,cf,Sex Not Available,nopre,type3,p3,l1,nopc,nob/c,306500,4.25,0.6403,6375.0,180.0,neg_amm,not_int,not_lpsm,348000.0,sb,pr,home,1U,7620.0,CIB,638,EXP,55-64,to_inst,88.07471264,south,direct,0,21.0
135637,2019,cf,Sex Not Available,pre,type1,p1,l1,nopc,nob/c,206500,4.125,0.3005,5230.0,360.0,not_neg,not_int,not_lpsm,248000.0,sb,pr,home,1U,3420.0,EXP,533,EXP,55-64,to_inst,83.26612903,south,direct,0,36.0
108971,2019,cf,Male,nopre,type1,p4,l1,nopc,nob/c,246500,,,,120.0,not_neg,not_int,not_lpsm,348000.0,sb,pr,home,1U,14040.0,CRIF,569,CIB,45-54,to_inst,70.83333333,North,direct,1,26.0
78739,2019,cf,Female,nopre,type1,p4,l1,nopc,nob/c,506500,4.25,0.1853,,360.0,not_neg,not_int,not_lpsm,1458000.0,sb,pr,home,1U,5700.0,CIB,516,EXP,35-44,not_inst,34.739369,North,direct,0,45.0
30658,2019,cf,Joint,nopre,type1,p1,l1,nopc,nob/c,466500,3.25,-0.348,1702.8,360.0,not_neg,not_int,not_lpsm,668000.0,sb,pr,home,1U,6720.0,EXP,608,EXP,25-34,not_inst,69.83532934,North,direct,0,39.0
42128,2019,cf,Joint,nopre,type1,p4,l1,nopc,nob/c,286500,3.99,0.4958,9323.76,324.0,not_neg,not_int,not_lpsm,318000.0,sb,pr,home,1U,7140.0,EXP,501,EXP,45-54,to_inst,90.09433962,North,direct,0,35.0
88337,2019,cf,Male,nopre,type1,p3,l1,nopc,nob/c,246500,3.5,0.7846,5581.25,180.0,not_neg,not_int,not_lpsm,368000.0,sb,pr,home,1U,10500.0,CIB,811,CIB,45-54,to_inst,66.98369565,south,direct,0,37.0
127475,2019,cf,Male,nopre,type1,p2,l1,nopc,nob/c,216500,,,,360.0,not_neg,not_int,not_lpsm,418000.0,sb,pr,home,1U,3060.0,EXP,596,CIB,65-74,to_inst,51.79425837,North,direct,1,57.0
162288,2019,cf,Female,nopre,type1,p4,l1,nopc,nob/c,256500,3.75,0.03,0.0,360.0,not_neg,not_int,not_lpsm,668000.0,sb,pr,home,1U,7380.0,CRIF,687,CIB,25-34,not_inst,38.39820359,North,direct,0,21.0
61844,2019,cf,Joint,nopre,type1,p3,l1,nopc,nob/c,226500,4.375,1.4194,2559.38,180.0,not_neg,not_int,not_lpsm,328000.0,sb,pr,home,1U,7260.0,CIB,580,EXP,45-54,to_inst,69.05487805,North,direct,0,33.0
45730,2019,cf,Sex Not Available,pre,type1,p4,l1,nopc,nob/c,426500,3.99,0.22,4468.5,360.0,not_neg,not_int,not_lpsm,618000.0,sb,pr,home,1U,6240.0,CRIF,615,CIB,45-54,to_inst,69.01294498,south,direct,0,44.0
165919,2019,cf,Female,pre,type2,p1,l1,nopc,b/c,286500,4.25,1.2618,7045.33,360.0,not_neg,not_int,not_lpsm,288000.0,sb,pr,home,1U,4260.0,EXP,687,EXP,35-44,to_inst,99.47916667,central,direct,0,39.0
42099,2019,cf,Male,nopre,type1,p3,l1,nopc,nob/c,236500,3.99,0.6674,7811.25,360.0,not_neg,int_only,not_lpsm,358000.0,sb,pr,home,1U,6540.0,EXP,551,CIB,45-54,to_inst,66.06145251,North,direct,0,46.0
128911,2019,cf,Sex Not Available,nopre,type1,p3,l1,nopc,nob/c,156500,3.99,0.6501,4265.0,360.0,not_neg,not_int,not_lpsm,208000.0,sb,pr,home,1U,2880.0,CIB,681,CIB,65-74,to_inst,75.24038462,south,direct,0,42.0
158742,2019,cf,Joint,pre,type2,p1,l1,nopc,b/c,216500,3.99,0.7641,6054.85,360.0,not_neg,not_int,not_lpsm,228000.0,sb,pr,home,1U,3120.0,CRIF,689,EXP,35-44,to_inst,94.95614035,North,direct,0,61.0
109375,2019,cf,Female,nopre,type1,p4,l1,nopc,nob/c,596500,4.875,1.0576,0.0,360.0,not_neg,not_int,not_lpsm,788000.0,sb,pr,home,1U,15060.0,EXP,602,CIB,45-54,not_inst,75.69796954,south,direct,0,30.0
86927,2019,cf,Male,nopre,type2,p3,l1,nopc,b/c,236500,3.99,1.1978,2332.1,360.0,not_neg,not_int,not_lpsm,278000.0,sb,pr,home,1U,12780.0,CRIF,689,EXP,35-44,to_inst,85.07194245,North,direct,0,22.0
50907,2019,cf,Joint,pre,type3,p1,l1,nopc,nob/c,156500,3.625,-0.1461,5510.0,360.0,neg_amm,not_int,not_lpsm,198000.0,sb,pr,home,1U,3300.0,CRIF,574,EXP,55-64,to_inst,79.04040404,North,direct,0,45.0
164604,2019,cf,Joint,nopre,type1,p1,l1,nopc,nob/c,456500,4.875,1.4678,1333.64,360.0,neg_amm,not_int,not_lpsm,468000.0,sb,pr,home,1U,7440.0,CIB,728,EXP,35-44,not_inst,97.54273504,North,direct,0,40.0
82321,2019,cf,Joint,nopre,type1,p4,l1,nopc,nob/c,626500,4.18,0.0524,0.0,360.0,not_neg,not_int,not_lpsm,758000.0,sb,pr,home,1U,12240.0,EXP,703,EXP,25-34,not_inst,82.65171504,central,direct,0,27.0
89520,2019,cf,Sex Not Available,nopre,type1,p3,l1,nopc,nob/c,106500,4.75,1.2009,3061.25,360.0,not_neg,not_int,not_lpsm,208000.0,sb,pr,home,1U,2940.0,CRIF,704,CIB,35-44,to_inst,51.20192308,south,direct,0,31.0
28493,2019,cf,Female,nopre,type1,p1,l2,nopc,nob/c,266500,4.56,1.013,4501.25,360.0,not_neg,not_int,not_lpsm,278000.0,sb,pr,home,1U,4920.0,EXP,578,CIB,35-44,to_inst,95.86330935,North,direct,0,32.0
145851,2019,cf,Sex Not Available,nopre,type2,p3,l1,nopc,b/c,226500,3.625,0.8541,3018.02,360.0,not_neg,not_int,not_lpsm,258000.0,sb,pr,home,1U,5280.0,CRIF,697,CIB,35-44,to_inst,87.79069767,south,direct,0,51.0
34039,2019,cf,Sex Not Available,pre,type1,p1,l1,nopc,nob/c,136500,4.75,0.3124,2531.25,360.0,neg_amm,not_int,not_lpsm,228000.0,sb,pr,home,1U,3780.0,CRIF,798,EXP,65-74,to_inst,59.86842105,south,direct,0,41.0
166341,2019,,Female,nopre,type1,p4,l1,nopc,nob/c,346500,3.99,0.3679,598.21,360.0,not_neg,not_int,not_lpsm,478000.0,sb,pr,home,1U,5520.0,CRIF,742,CIB,45-54,to_inst,72.48953975,North,direct,0,43.0
48654,2019,cf,Sex Not Available,nopre,type1,p4,l2,nopc,nob/c,426500,,,,360.0,not_neg,not_int,not_lpsm,588000.0,sb,pr,home,1U,8160.0,CIB,894,CIB,35-44,to_inst,72.53401361,south,direct,1,44.0
50489,2019,cf,Sex Not Available,pre,type1,p1,l1,nopc,nob/c,396500,3.625,-0.2634,795.0,360.0,not_neg,not_int,not_lpsm,658000.0,sb,pr,home,1U,6420.0,CIB,836,EXP,>74,to_inst,60.25835866,south,direct,0,47.0
143312,2019,cf,Male,nopre,type3,p3,l1,nopc,nob/c,376500,,,,360.0,not_neg,not_int,not_lpsm,568000.0,sb,pr,home,1U,5640.0,CIB,789,EXP,55-64,to_inst,66.28521127,south,direct,1,34.0
90109,2019,cf,Joint,nopre,type1,p4,l1,nopc,nob/c,246500,3.5,0.028,999.0,360.0,not_neg,not_int,not_lpsm,398000.0,sb,pr,home,1U,4020.0,CIB,589,EXP,65-74,not_inst,61.93467337,North,direct,0,36.0
154057,2019,cf,Female,nopre,type1,p3,l1,nopc,nob/c,246500,3.99,0.5252,8114.0,360.0,not_neg,not_int,not_lpsm,318000.0,sb,pr,home,1U,2580.0,EXP,666,CIB,25-34,to_inst,77.51572327,North,direct,0,48.0
158419,2019,cf,Sex Not Available,nopre,type1,p1,l1,nopc,nob/c,446500,3.75,0.2393,2924.38,360.0,not_neg,not_int,not_lpsm,478000.0,sb,pr,home,1U,6480.0,CRIF,770,CIB,35-44,to_inst,93.41004184,south,direct,0,36.0
46883,2019,cf,Joint,nopre,type1,p4,l1,nopc,nob/c,396500,3.75,0.0255,1882.56,360.0,not_neg,not_int,not_lpsm,538000.0,sb,pr,home,1U,9900.0,CRIF,747,EXP,45-54,not_inst,73.69888476,North,direct,0,30.0
37428,2019,cf,Male,nopre,type1,p4,l1,nopc,nob/c,466500,,,,360.0,not_neg,int_only,not_lpsm,918000.0,sb,pr,home,1U,4920.0,CIB,705,CIB,>74,to_inst,50.81699346,south,direct,1,49.0
65863,2019,ncf,Male,pre,type1,p1,l1,nopc,nob/c,336500,5.125,1.1764,9230.0,360.0,not_neg,not_int,not_lpsm,428000.0,sb,pr,home,1U,6000.0,EXP,505,CIB,45-54,to_inst,78.62149533,North,direct,0,37.0
112271,2019,cf,Male,nopre,type1,p1,l1,nopc,nob/c,516500,3.875,0.3919,589.57,360.0,not_neg,not_int,not_lpsm,548000.0,sb,pr,home,1U,7740.0,CRIF,752,EXP,25-34,not_inst,94.25182482,south,direct,0,47.0
28294,2019,cf,Joint,nopre,type1,p2,l1,nopc,nob/c,346500,4.625,0.237,880.0,360.0,not_neg,not_int,not_lpsm,588000.0,sb,pr,home,1U,9780.0,EXP,520,EXP,55-64,not_inst,58.92857143,south,direct,0,37.0
95241,2019,cf,Joint,nopre,type1,p4,l1,nopc,nob/c,356500,3.75,0.062,0.0,360.0,not_neg,not_int,not_lpsm,608000.0,sb,pr,home,1U,9240.0,CIB,778,EXP,55-64,not_inst,58.63486842,central,direct,0,24.0
46030,2019,cf,Joint,pre,type1,p1,l1,nopc,nob/c,286500,3.25,-0.483,1463.55,360.0,not_neg,not_int,not_lpsm,308000.0,sb,pr,home,1U,4920.0,EXP,539,EXP,35-44,not_inst,93.01948052,North,direct,0,47.0
161503,2019,cf,Female,nopre,type1,p2,l1,nopc,nob/c,206500,4.5,0.1171,4863.0,360.0,not_neg,not_int,not_lpsm,448000.0,sb,ir,home,1U,2880.0,CRIF,610,CIB,>74,not_inst,46.09375,North,direct,0,47.0
50284,2019,cf,Joint,nopre,type1,p4,l1,nopc,nob/c,566500,3.5,0.2632,54.64,240.0,not_neg,not_int,not_lpsm,958000.0,sb,pr,home,1U,12660.0,CRIF,667,EXP,55-64,not_inst,59.13361169,North,direct,0,41.0
69395,2019,cf,Female,pre,type1,p1,l1,nopc,nob/c,286500,4.375,0.9506,2698.75,360.0,not_neg,not_int,not_lpsm,308000.0,sb,pr,home,1U,4320.0,EXP,629,EXP,35-44,to_inst,93.01948052,North,direct,0,49.0
89303,2019,cf,Male,nopre,type1,p1,l1,nopc,nob/c,716500,3.875,0.3003,0.0,360.0,not_neg,not_int,not_lpsm,848000.0,sb,pr,home,1U,6720.0,CRIF,711,CIB,25-34,not_inst,84.49292453,south,direct,0,48.0
81633,2019,cf,Male,nopre,type1,p4,l1,nopc,nob/c,166500,4.25,-0.0925,4990.14,360.0,not_neg,not_int,not_lpsm,708000.0,sb,pr,home,1U,3360.0,CIB,716,CIB,>74,to_inst,23.51694915,North,direct,0,28.0
101591,2019,cf,Sex Not Available,,type1,p3,l1,nopc,nob/c,236500,,,,360.0,not_neg,not_int,not_lpsm,318000.0,sb,ir,home,1U,9960.0,CIB,732,CIB,55-64,to_inst,74.37106918,south,direct,1,47.0
134715,2019,cf,Joint,nopre,type1,p3,l1,nopc,nob/c,356500,3.875,0.4788,11035.6,360.0,not_neg,int_only,not_lpsm,448000.0,sb,pr,home,1U,3480.0,CRIF,725,EXP,65-74,to_inst,79.57589286,south,direct,0,42.0
112362,2019,cf,Male,nopre,type1,p1,l1,nopc,nob/c,486500,,,,360.0,not_neg,not_int,not_lpsm,698000.0,sb,pr,home,1U,5400.0,EXP,745,CIB,25-34,not_inst,69.6991404,south,direct,1,42.0
47934,2019,cf,Sex Not Available,nopre,type1,p1,l1,nopc,nob/c,396500,5.5,0.975,0.0,324.0,neg_amm,not_int,not_lpsm,528000.0,sb,ir,home,2U,10320.0,EXP,776,CIB,45-54,not_inst,75.09469697,south,direct,0,34.0
125455,2019,cf,Female,pre,type1,p3,l1,nopc,nob/c,206500,,,,360.0,not_neg,not_int,not_lpsm,508000.0,sb,pr,home,1U,2400.0,CIB,752,CIB,>74,to_inst,40.6496063,central,direct,1,37.0
124771,2019,cf,Male,nopre,type1,p4,l1,nopc,nob/c,316500,4.875,0.7103,480.13,360.0,not_neg,not_int,not_lpsm,428000.0,sb,pr,home,1U,5040.0,CIB,568,CIB,45-54,not_inst,73.94859813,south,direct,0,38.0
105606,2019,cf,Male,nopre,type1,p3,l1,nopc,nob/c,446500,3.75,0.0595,4417.6,360.0,not_neg,not_int,not_lpsm,588000.0,sb,pr,home,1U,5040.0,CRIF,681,CIB,45-54,not_inst,75.93537415,North,direct,0,38.0
105385,2019,cf,Male,nopre,type1,p3,l1,nopc,nob/c,286500,3.75,0.6305,2137.97,240.0,not_neg,not_int,not_lpsm,508000.0,sb,pr,home,1U,4020.0,CRIF,693,CIB,45-54,to_inst,56.3976378,south,direct,0,38.0
52010,2019,cf,Joint,nopre,type1,p4,l1,nopc,nob/c,476500,2.99,-0.2568,39.04,180.0,not_neg,not_int,not_lpsm,1008000.0,sb,pr,home,1U,18300.0,EXP,536,EXP,55-64,to_inst,47.2718254,south,direct,0,16.0
149120,2019,cf,Sex Not Available,nopre,type1,p1,l1,nopc,nob/c,226500,3.75,0.2492,2905.06,360.0,not_neg,not_int,not_lpsm,228000.0,sb,pr,home,1U,2220.0,CRIF,853,CIB,25-34,to_inst,99.34210526,south,direct,0,43.0
109142,2019,cf,Male,nopre,type1,p3,l1,nopc,nob/c,606500,4.875,1.2316,8763.0,360.0,not_neg,not_int,not_lpsm,808000.0,sb,ir,home,1U,11700.0,CRIF,654,CIB,35-44,not_inst,75.06188119,North,direct,0,45.0
42287,2019,cf,Male,pre,type1,p4,l1,nopc,nob/c,396500,3.5,-0.311,576.35,360.0,not_neg,not_int,not_lpsm,688000.0,sb,pr,home,1U,5160.0,EXP,799,EXP,35-44,not_inst,57.63081395,south,direct,0,30.0
81100,2019,cf,Joint,nopre,type1,p4,l1,nopc,nob/c,246500,3.99,0.5401,7804.03,360.0,not_neg,not_int,not_lpsm,308000.0,sb,pr,home,1U,2940.0,EXP,629,EXP,65-74,to_inst,80.03246753,North,direct,0,40.0
33794,2019,cf,Male,nopre,type1,p4,l1,nopc,nob/c,86500,4.125,1.3852,2058.66,180.0,not_neg,not_int,not_lpsm,118000.0,sb,pr,home,1U,2760.0,EXP,567,CIB,45-54,to_inst,73.30508475,North,direct,0,38.0
44372,2019,cf,Female,pre,type1,p3,l1,nopc,nob/c,486500,3.875,0.116,819.92,360.0,not_neg,not_int,not_lpsm,1328000.0,sb,pr,home,1U,6540.0,CRIF,766,CIB,45-54,not_inst,36.63403614,south,direct,0,42.0
165608,2019,cf,Male,nopre,type1,p4,l1,nopc,nob/c,296500,3.5,-0.0552,1908.93,360.0,not_neg,not_int,not_lpsm,568000.0,sb,pr,home,1U,3960.0,CIB,693,CIB,25-34,not_inst,52.20070423,south,direct,0,39.0
171806,2019,cf,Female,nopre,type1,p3,l1,nopc,nob/c,596500,4.5,0.9959,5712.5,360.0,not_neg,not_int,not_lpsm,858000.0,sb,pr,home,1U,9300.0,CRIF,652,CIB,25-34,to_inst,69.52214452,North,direct,0,39.0
145253,2019,cf,Joint,nopre,type1,p4,l2,nopc,nob/c,676500,,,,300.0,neg_amm,not_int,not_lpsm,898000.0,sb,pr,home,1U,13680.0,CIB,713,EXP,25-34,not_inst,75.33407572,south,direct,1,31.0
142881,2019,cf,Male,nopre,type2,p3,l1,nopc,b/c,176500,4.625,1.7083,736.0,360.0,not_neg,not_int,not_lpsm,238000.0,sb,pr,home,1U,4740.0,CRIF,781,CIB,55-64,to_inst,74.15966387,central,direct,0,46.0
149260,2019,cf,Male,nopre,type1,p3,l1,nopc,nob/c,296500,3.875,0.2265,3868.72,360.0,not_neg,not_int,not_lpsm,378000.0,sb,pr,home,1U,4380.0,CIB,614,CIB,35-44,not_inst,78.43915344,south,direct,0,40.0
36398,2019,cf,Female,pre,type1,p1,l2,nopc,nob/c,176500,4.5,0.5237,4554.69,360.0,not_neg,not_int,not_lpsm,238000.0,sb,sr,home,1U,4680.0,CRIF,619,CIB,55-64,to_inst,74.15966387,North,direct,0,36.0
172467,2019,ncf,Female,pre,type2,p1,l1,nopc,b/c,256500,4.75,0.9551,1550.0,324.0,neg_amm,not_int,not_lpsm,418000.0,sb,pr,home,1U,5460.0,CIB,797,EXP,45-54,to_inst,61.36363636,North,direct,0,38.0
45184,2019,cf,Male,nopre,type1,p3,l1,nopc,nob/c,486500,4.875,0.5956,9020.69,360.0,not_neg,not_int,not_lpsm,648000.0,sb,pr,home,1U,12600.0,CIB,761,CIB,45-54,to_inst,75.07716049,south,direct,0,42.0
26780,2019,cf,Male,pre,type1,p2,l1,nopc,nob/c,206500,3.5,0.7667,6300.0,180.0,not_neg,not_int,not_lpsm,268000.0,sb,pr,home,1U,4500.0,CIB,524,CIB,25-34,to_inst,77.05223881,North,direct,0,46.0
144481,2019,cf,Male,nopre,type1,p3,l2,nopc,nob/c,226500,3.75,0.1573,2737.5,180.0,not_neg,not_int,not_lpsm,418000.0,sb,pr,home,1U,4320.0,EXP,796,EXP,55-64,to_inst,54.18660287,North,direct,0,37.0
91815,2019,cf,Joint,nopre,type1,p3,l1,nopc,nob/c,326500,3.75,0.2069,6136.1,360.0,not_neg,not_int,not_lpsm,638000.0,sb,pr,home,1U,3540.0,EXP,782,EXP,65-74,to_inst,51.17554859,North-East,direct,0,45.0
152336,2019,cf,Male,nopre,type1,p4,l1,nopc,nob/c,576500,3.99,0.3521,4864.94,360.0,not_neg,not_int,not_lpsm,818000.0,sb,pr,home,1U,6900.0,EXP,737,CIB,45-54,to_inst,70.47677262,North,direct,0,47.0
29314,2019,cf,Joint,nopre,type1,p3,l1,nopc,nob/c,476500,3.69,-0.0646,654.14,360.0,not_neg,not_int,not_lpsm,778000.0,sb,pr,home,1U,11040.0,CRIF,553,EXP,45-54,not_inst,61.24678663,North,direct,0,42.0
66651,2019,cf,Joint,nopre,type1,p4,l1,nopc,nob/c,296500,3.625,0.0105,7171.71,360.0,not_neg,not_int,not_lpsm,368000.0,sb,pr,home,1U,7140.0,EXP,836,EXP,25-34,not_inst,80.57065217,North,direct,0,20.0
109135,2019,cf,Female,pre,type1,p3,l1,nopc,nob/c,156500,3.75,0.2422,4412.0,360.0,not_neg,not_int,not_lpsm,258000.0,sb,pr,home,1U,2160.0,CRIF,569,CIB,55-64,to_inst,60.65891473,south,direct,0,42.0
153418,2019,cf,Female,nopre,type1,p2,l1,nopc,nob/c,156500,5.625,1.3537,3822.5,360.0,neg_amm,not_int,not_lpsm,268000.0,sb,ir,home,1U,9240.0,CRIF,519,CIB,65-74,to_inst,58.39552239,North,direct,0,22.0
94020,2019,cf,Joint,nopre,type3,p3,l1,nopc,nob/c,266500,,,,360.0,not_neg,int_only,not_lpsm,308000.0,sb,pr,home,1U,5520.0,CRIF,658,EXP,45-54,to_inst,86.52597403,North,direct,1,61.0
50926,2019,cf,Joint,nopre,type2,p1,l1,nopc,b/c,416500,4.125,1.4215,999.0,360.0,not_neg,int_only,not_lpsm,428000.0,sb,pr,home,1U,7380.0,EXP,686,EXP,45-54,not_inst,97.31308411,North,direct,0,49.0
35982,2019,cf,Joint,nopre,type1,p1,l2,nopc,nob/c,546500,4.25,0.2033,0.0,360.0,not_neg,not_int,not_lpsm,678000.0,sb,pr,home,1U,21060.0,CRIF,502,EXP,45-54,not_inst,80.60471976,south,direct,0,29.0
134710,2019,cf,Sex Not Available,nopre,type1,p3,l1,nopc,nob/c,176500,4.75,1.2574,4775.0,360.0,not_neg,not_int,lpsm,238000.0,sb,ir,home,1U,6060.0,CRIF,701,CIB,45-54,to_inst,74.15966387,south,direct,0,47.0
87918,2019,cf,Joint,pre,type1,p1,l1,nopc,nob/c,246500,,,,360.0,not_neg,not_int,not_lpsm,338000.0,sb,pr,home,1U,2760.0,CRIF,689,EXP,65-74,to_inst,72.92899408,south,direct,1,48.0
134234,2019,cf,Sex Not Available,nopre,type1,p3,l1,nopc,nob/c,336500,3.75,1.0561,8342.23,240.0,neg_amm,not_int,not_lpsm,408000.0,sb,pr,home,1U,6480.0,CIB,652,EXP,55-64,to_inst,82.4754902,south,direct,0,47.0
91045,2019,ncf,Sex Not Available,pre,type1,p1,l1,nopc,nob/c,1146500,3.0,-0.4117,2526.25,360.0,not_neg,not_int,not_lpsm,2048000.0,sb,pr,home,1U,26580.0,CIB,651,EXP,45-54,to_inst,55.98144531,south,direct,0,42.0
132771,2019,cf,Male,nopre,type1,p3,l1,nopc,nob/c,366500,3.99,0.2624,4862.5,360.0,not_neg,not_int,not_lpsm,518000.0,sb,pr,home,1U,9060.0,EXP,512,CIB,35-44,to_inst,70.75289575,North,direct,0,26.0
55586,2019,cf,Sex Not Available,nopre,type1,p3,l1,nopc,nob/c,556500,4.56,0.5396,0.0,360.0,not_neg,not_int,not_lpsm,808000.0,sb,pr,home,1U,18720.0,EXP,834,EXP,45-54,not_inst,68.87376238,North,direct,0,28.0
116803,2019,cf,Sex Not Available,,type1,p2,l1,nopc,nob/c,226500,3.99,0.7372,7575.0,360.0,not_neg,int_only,not_lpsm,488000.0,sb,ir,home,1U,7680.0,EXP,841,EXP,45-54,to_inst,46.41393443,south,direct,0,42.0
113441,2019,cf,Male,nopre,type1,p1,l1,nopc,nob/c,256500,4.0,0.046,694.0,360.0,not_neg,not_int,not_lpsm,288000.0,sb,pr,home,1U,4260.0,CRIF,825,CIB,55-64,not_inst,89.0625,North,direct,0,34.0
114697,2019,cf,Sex Not Available,nopre,type1,p1,l1,nopc,nob/c,436500,4.5,1.1775,1636.88,360.0,not_neg,not_int,not_lpsm,458000.0,sb,pr,home,1U,6120.0,CRIF,689,CIB,25-34,to_inst,95.30567686,south,direct,0,43.0
90652,2019,cf,Male,nopre,type1,p3,l1,nopc,nob/c,486500,4.125,0.0561,440.6,360.0,not_neg,not_int,not_lpsm,608000.0,sb,pr,home,1U,9900.0,CIB,718,CIB,35-44,not_inst,80.01644737,North,direct,0,37.0
48492,2019,cf,Joint,nopre,type1,p2,l1,nopc,nob/c,96500,,,,360.0,not_neg,not_int,lpsm,128000.0,sb,ir,home,1U,4380.0,CIB,536,EXP,65-74,not_inst,75.390625,south,direct,1,6.0
52197,2019,cf,Male,nopre,type1,p3,l1,nopc,nob/c,726500,3.99,0.4091,17960.08,360.0,not_neg,not_int,not_lpsm,1048000.0,sb,pr,home,1U,10740.0,CIB,506,CIB,45-54,to_inst,69.32251908,south,direct,0,43.0
133012,2019,cf,Joint,nopre,type1,p3,l1,nopc,nob/c,166500,3.99,0.9567,1250.0,240.0,not_neg,not_int,not_lpsm,288000.0,sb,pr,home,1U,4920.0,CIB,811,EXP,55-64,to_inst,57.8125,North,direct,0,40.0
63647,2019,cf,Sex Not Available,nopre,type1,p4,l1,nopc,nob/c,326500,3.75,0.1757,4506.0,324.0,not_neg,not_int,not_lpsm,448000.0,sb,pr,home,1U,5400.0,EXP,802,CIB,45-54,to_inst,72.87946429,south,direct,0,48.0
74094,2019,cf,Joint,pre,type2,p3,l1,nopc,b/c,236500,3.99,0.8979,1147.5,360.0,not_neg,not_int,not_lpsm,278000.0,sb,pr,home,1U,6600.0,CRIF,527,EXP,25-34,to_inst,85.07194245,North,direct,0,37.0
25748,2019,cf,Female,nopre,type1,p3,l1,nopc,nob/c,266500,3.375,-0.1506,1134.02,360.0,not_neg,not_int,not_lpsm,358000.0,sb,pr,home,1U,3120.0,EXP,846,CIB,25-34,not_inst,74.44134078,North,direct,0,57.0
154238,2019,cf,Female,nopre,type1,p1,l1,nopc,nob/c,286500,,,,360.0,not_neg,not_int,not_lpsm,308000.0,sb,pr,home,1U,3480.0,CRIF,594,CIB,45-54,not_inst,93.01948052,central,direct,1,43.0
30919,2019,cf,Female,nopre,type2,p1,l1,nopc,b/c,136500,,,,360.0,not_neg,not_int,not_lpsm,138000.0,sb,pr,home,1U,1920.0,CRIF,851,CIB,35-44,not_inst,98.91304348,central,direct,1,56.0
123070,2019,cf,Female,nopre,type1,p4,l1,nopc,nob/c,106500,4.375,0.1411,913.0,360.0,not_neg,not_int,not_lpsm,398000.0,sb,pr,home,1U,5700.0,CRIF,589,CIB,55-64,not_inst,26.75879397,North,direct,0,17.0
47200,2019,cf,Male,nopre,type1,p1,l1,nopc,nob/c,446500,,,,360.0,not_neg,not_int,not_lpsm,568000.0,sb,pr,home,1U,4980.0,EXP,715,CIB,35-44,not_inst,78.60915493,North,direct,1,53.0
161763,2019,cf,Sex Not Available,nopre,type1,p3,l1,nopc,nob/c,126500,3.99,0.9115,3650.0,180.0,not_neg,int_only,not_lpsm,398000.0,sb,pr,home,1U,2340.0,CRIF,830,CIB,55-64,to_inst,31.7839196,south,direct,0,44.0
94519,2019,cf,Male,nopre,type1,p4,l1,nopc,nob/c,486500,3.625,0.1502,3850.0,180.0,not_neg,not_int,not_lpsm,598000.0,sb,pr,home,1U,10920.0,EXP,900,CIB,45-54,to_inst,81.35451505,North,direct,0,37.0
123749,2019,cf,Female,nopre,type1,p4,l1,nopc,nob/c,426500,3.5,-0.0269,3546.41,360.0,not_neg,not_int,not_lpsm,508000.0,sb,pr,home,1U,4860.0,CIB,612,CIB,35-44,not_inst,83.95669291,central,direct,0,49.0
46474,2019,cf,Sex Not Available,nopre,type3,p3,l1,nopc,nob/c,176500,4.125,0.1568,2595.0,360.0,not_neg,not_int,not_lpsm,178000.0,sb,pr,home,1U,5700.0,EXP,566,EXP,65-74,to_inst,99.15730337,south,direct,0,48.0
146984,2019,cf,Female,nopre,type2,p3,l1,nopc,b/c,86500,4.875,1.8068,2170.85,360.0,neg_amm,not_int,not_lpsm,208000.0,sb,pr,home,1U,1500.0,CRIF,505,EXP,65-74,to_inst,41.58653846,North,direct,0,50.0
119474,2019,cf,Joint,nopre,type1,p3,l1,nopc,nob/c,176500,4.99,0.8229,5064.31,360.0,neg_amm,not_int,not_lpsm,278000.0,sb,pr,home,1U,6780.0,CRIF,506,EXP,35-44,to_inst,63.48920863,North-East,direct,0,20.0
44569,2019,cf,Female,pre,type1,p4,l1,nopc,nob/c,306500,3.99,0.2837,4715.0,312.0,not_neg,not_int,not_lpsm,548000.0,sb,pr,home,1U,5880.0,EXP,589,CIB,65-74,to_inst,55.93065693,North-East,direct,0,47.0
58964,2019,cf,Female,nopre,type1,p3,l1,nopc,nob/c,276500,,,,360.0,not_neg,not_int,not_lpsm,318000.0,sb,pr,home,1U,5700.0,CIB,882,CIB,45-54,not_inst,86.94968553,south,direct,1,30.0
53045,2019,cf,Female,nopre,type1,p1,l2,nopc,nob/c,156500,3.625,-0.0669,1911.15,360.0,not_neg,not_int,not_lpsm,288000.0,sb,pr,home,1U,1980.0,EXP,630,CIB,35-44,not_inst,54.34027778,North,direct,0,49.0
49433,2019,cf,Joint,nopre,type1,p4,l1,nopc,nob/c,596500,3.625,0.0107,627.78,360.0,not_neg,not_int,not_lpsm,808000.0,sb,pr,home,1U,14400.0,CIB,633,EXP,45-54,not_inst,73.82425743,North,direct,0,33.0
79539,2019,cf,Female,nopre,type1,p4,l1,nopc,nob/c,546500,4.18,-0.128,0.0,360.0,not_neg,not_int,not_lpsm,658000.0,sb,pr,home,1U,8040.0,EXP,559,CIB,35-44,not_inst,83.05471125,North,direct,0,39.0
27663,2019,cf,Male,nopre,type2,p1,l1,nopc,b/c,256500,2.99,0.3915,4406.66,360.0,not_neg,not_int,not_lpsm,258000.0,sb,pr,home,1U,2940.0,CIB,600,CIB,45-54,to_inst,99.41860465,North,direct,0,54.0
80640,2019,cf,Sex Not Available,nopre,type1,p1,l1,nopc,nob/c,426500,4.75,0.3818,2409.0,360.0,not_neg,not_int,not_lpsm,458000.0,sb,pr,home,1U,11520.0,CIB,738,EXP,25-34,to_inst,93.12227074,south,direct,0,40.0
80313,2019,cf,Female,nopre,type1,p4,l1,nopc,nob/c,376500,,,,360.0,neg_amm,not_int,not_lpsm,958000.0,sb,pr,home,1U,6900.0,CRIF,734,CIB,45-54,not_inst,39.3006263,North,direct,1,36.0
163860,2019,cf,Female,nopre,type1,p3,l1,nopc,nob/c,246500,,,,360.0,neg_amm,not_int,not_lpsm,308000.0,sb,pr,home,1U,3060.0,EXP,795,CIB,35-44,to_inst,80.03246753,North,direct,1,40.0
125509,2019,cf,Male,nopre,type1,p4,l1,nopc,nob/c,276500,3.75,0.0039,245.5,360.0,not_neg,not_int,not_lpsm,528000.0,sb,ir,home,1U,4320.0,CRIF,709,CIB,45-54,not_inst,52.36742424,south,direct,0,41.0
114701,2019,cf,Sex Not Available,nopre,type1,p3,l1,nopc,nob/c,316500,3.625,0.2529,7485.7,360.0,not_neg,not_int,not_lpsm,518000.0,sb,pr,home,1U,7200.0,CRIF,597,EXP,35-44,to_inst,61.1003861,south,direct,0,24.0
142930,2019,cf,Joint,pre,type1,p4,l1,nopc,nob/c,456500,4.75,0.3554,0.0,360.0,not_neg,not_int,not_lpsm,748000.0,sb,ir,home,1U,3780.0,CRIF,865,EXP,55-64,not_inst,61.02941176,south,direct,0,47.0
32489,2019,cf,Sex Not Available,nopre,type1,p2,l1,nopc,nob/c,456500,4.75,0.3826,0.0,360.0,not_neg,not_int,not_lpsm,1048000.0,sb,ir,home,1U,6360.0,CIB,771,CIB,45-54,not_inst,43.55916031,south,direct,0,45.0
140129,2019,,Joint,nopre,type1,p4,l1,nopc,nob/c,366500,3.875,0.1327,,360.0,not_neg,not_int,not_lpsm,448000.0,sb,pr,home,1U,5460.0,CRIF,627,EXP,35-44,to_inst,81.80803571,North,direct,0,46.0
97652,2019,cf,Male,pre,type1,p1,l1,nopc,nob/c,216500,3.625,0.321,1250.0,360.0,not_neg,not_int,not_lpsm,238000.0,sb,pr,home,1U,2940.0,CIB,577,CIB,35-44,to_inst,90.96638655,North,direct,0,48.0
90458,2019,cf,Joint,nopre,type3,p3,l1,nopc,nob/c,376500,3.5,-0.118,0.0,360.0,not_neg,not_int,not_lpsm,378000.0,sb,pr,home,1U,3600.0,CIB,587,EXP,35-44,not_inst,99.6031746,North,direct,0,60.0
138586,2019,cf,Joint,nopre,type2,p1,l1,nopc,b/c,296500,4.5,0.7955,1995.0,360.0,neg_amm,not_int,not_lpsm,328000.0,sb,pr,home,1U,7560.0,CRIF,539,EXP,45-54,not_inst,90.39634146,south,direct,0,37.0
71475,2019,cf,Female,nopre,type1,p4,l1,nopc,nob/c,446500,3.99,0.192,0.0,360.0,not_neg,not_int,not_lpsm,528000.0,sb,pr,home,1U,6300.0,EXP,621,CIB,25-34,not_inst,84.56439394,North,direct,0,34.0
61894,2019,cf,Male,nopre,type1,p4,l1,nopc,nob/c,436500,4.625,0.2353,4350.0,348.0,not_neg,not_int,not_lpsm,498000.0,sb,pr,home,1U,8640.0,CIB,836,CIB,25-34,not_inst,87.65060241,south,direct,0,38.0
156727,2019,cf,Male,nopre,type3,p3,l1,nopc,nob/c,86500,4.125,0.0807,2457.22,360.0,not_neg,not_int,not_lpsm,148000.0,sb,pr,home,1U,2580.0,EXP,701,CIB,65-74,to_inst,58.44594595,North,direct,0,31.0
128983,2019,cf,Joint,nopre,type1,p3,l1,nopc,nob/c,366500,,,,180.0,not_neg,not_int,not_lpsm,858000.0,sb,pr,home,1U,6780.0,CRIF,798,EXP,55-64,to_inst,42.71561772,North,direct,1,49.0
105654,2019,cf,Female,nopre,type2,p3,l1,nopc,b/c,136500,4.5,1.3301,1300.0,360.0,not_neg,not_int,not_lpsm,238000.0,sb,pr,home,1U,1500.0,CRIF,563,CIB,45-54,to_inst,57.35294118,North,direct,0,46.0
155374,2019,cf,Female,nopre,type1,p4,l1,nopc,nob/c,166500,4.125,0.6089,2203.48,360.0,neg_amm,not_int,not_lpsm,268000.0,sb,pr,home,1U,4140.0,EXP,842,CIB,35-44,to_inst,62.12686567,south,direct,0,31.0
70597,2019,cf,Joint,nopre,type1,p4,l1,nopc,nob/c,226500,3.99,0.8726,2200.0,180.0,not_neg,not_int,not_lpsm,398000.0,sb,ir,home,1U,12720.0,EXP,554,EXP,35-44,not_inst,56.90954774,south,direct,0,23.0
32585,2019,cf,Sex Not Available,nopre,type1,p2,l1,nopc,nob/c,126500,5.25,1.0614,3337.5,360.0,not_neg,not_int,not_lpsm,298000.0,sb,ir,home,1U,1440.0,EXP,709,CIB,25-34,to_inst,42.44966443,south,direct,0,45.0
136290,2019,cf,Joint,nopre,type1,p3,l1,nopc,nob/c,206500,3.625,0.0995,1356.76,360.0,not_neg,not_int,not_lpsm,628000.0,sb,pr,home,1U,7500.0,EXP,689,EXP,65-74,not_inst,32.88216561,North,direct,0,5.0
97079,2019,cf,Sex Not Available,nopre,type1,p4,l1,nopc,nob/c,136500,4.5,-0.0286,3974.37,360.0,not_neg,not_int,not_lpsm,308000.0,sb,pr,home,1U,2700.0,EXP,601,CIB,55-64,to_inst,44.31818182,south,direct,0,24.0
48352,2019,cf,Sex Not Available,nopre,type1,p3,l1,nopc,nob/c,216500,3.375,0.0026,7162.5,360.0,not_neg,not_int,not_lpsm,338000.0,sb,pr,home,1U,3000.0,EXP,537,CIB,65-74,to_inst,64.05325444,south,direct,0,41.0
127370,2019,cf,Male,nopre,type1,p1,l1,nopc,nob/c,166500,5.375,1.3617,1565.63,360.0,not_neg,not_int,not_lpsm,178000.0,sb,pr,home,1U,8100.0,EXP,536,CIB,65-74,to_inst,93.53932584,south,direct,0,33.0
128709,2019,cf,Joint,nopre,type1,p3,l1,nopc,nob/c,296500,3.875,0.2977,1112.25,180.0,not_neg,not_int,not_lpsm,468000.0,sb,pr,home,1U,6240.0,CIB,579,EXP,45-54,to_inst,63.35470085,North,direct,0,36.0
34795,2019,cf,Sex Not Available,nopre,type1,p4,l1,nopc,nob/c,236500,4.25,0.8473,3608.61,240.0,not_neg,not_int,not_lpsm,578000.0,sb,pr,home,1U,6180.0,CIB,680,EXP,45-54,to_inst,40.91695502,south,direct,0,23.0
155421,2019,cf,Sex Not Available,nopre,type1,p3,l1,nopc,nob/c,526500,4.5,0.8177,9182.0,360.0,not_neg,not_int,not_lpsm,668000.0,sb,pr,home,1U,9900.0,CRIF,564,EXP,35-44,to_inst,78.81736527,south,direct,0,34.0
131011,2019,cf,Male,pre,type2,p1,l1,nopc,b/c,136500,5.125,1.7279,377.34,360.0,not_neg,not_int,not_lpsm,148000.0,sb,pr,home,1U,4320.0,EXP,813,CIB,45-54,to_inst,92.22972973,North,direct,0,13.0
113128,2019,cf,Male,nopre,type1,p3,l2,nopc,nob/c,86500,4.5,1.3538,2956.25,120.0,not_neg,not_int,not_lpsm,178000.0,sb,pr,home,1U,1980.0,EXP,847,CIB,65-74,to_inst,48.59550562,North,direct,0,38.0
103497,2019,cf,Male,nopre,type3,p3,l1,nopc,nob/c,316500,3.875,0.2784,10104.05,360.0,not_neg,not_int,not_lpsm,318000.0,sb,pr,home,1U,4920.0,CIB,819,CIB,35-44,to_inst,99.52830189,south,direct,0,50.0
132904,2019,cf,Sex Not Available,nopre,type1,p4,l1,nopc,nob/c,466500,2.99,-0.1434,4645.0,180.0,not_neg,not_int,not_lpsm,638000.0,sb,pr,home,1U,10320.0,EXP,615,EXP,45-54,not_inst,73.11912226,south,direct,0,35.0
96835,2019,cf,Sex Not Available,nopre,type1,p4,l1,nopc,nob/c,546500,4.75,0.362,0.0,360.0,not_neg,not_int,not_lpsm,758000.0,sb,ir,home,1U,15480.0,CIB,703,CIB,35-44,not_inst,72.09762533,south,direct,0,44.0
161226,2019,cf,Male,nopre,type1,p4,l1,nopc,nob/c,226500,3.5,0.0776,6564.06,360.0,not_neg,not_int,not_lpsm,328000.0,sb,pr,home,1U,3480.0,CIB,860,CIB,25-34,to_inst,69.05487805,North,direct,0,20.0
116142,2019,cf,Joint,nopre,type1,p4,l1,nopc,nob/c,316500,4.56,0.2518,0.0,360.0,not_neg,not_int,not_lpsm,618000.0,sb,ir,home,1U,2820.0,CRIF,827,EXP,45-54,not_inst,51.21359223,south,direct,0,36.0
57127,2019,cf,Female,pre,type1,p3,l1,nopc,nob/c,276500,3.75,0.2265,8192.25,360.0,not_neg,not_int,not_lpsm,558000.0,sb,pr,home,1U,5400.0,CIB,631,CIB,55-64,to_inst,49.55197133,North,direct,0,22.0
90399,2019,cf,Joint,pre,type1,p4,l1,nopc,nob/c,446500,3.375,-0.173,3066.86,360.0,not_neg,not_int,not_lpsm,568000.0,sb,pr,home,1U,9600.0,CRIF,625,EXP,45-54,not_inst,78.60915493,North,direct,0,40.0
100333,2019,cf,Sex Not Available,nopre,type2,p1,l1,nopc,b/c,86500,4.375,0.8809,2673.9,360.0,not_neg,not_int,not_lpsm,98000.0,sb,pr,home,1U,2220.0,CIB,789,CIB,<25,to_inst,88.26530612,south,direct,0,49.0
67369,2019,cf,Male,nopre,type1,p1,l1,nopc,nob/c,176500,,,,360.0,not_neg,not_int,not_lpsm,188000.0,sb,pr,home,1U,3960.0,EXP,863,CIB,45-54,to_inst,93.88297872,North,direct,1,24.0
92479,2019,cf,Joint,nopre,type1,p4,l1,nopc,nob/c,446500,3.5,0.8271,13695.0,240.0,not_neg,int_only,not_lpsm,508000.0,sb,pr,home,1U,5400.0,EXP,737,EXP,55-64,to_inst,87.89370079,central,direct,0,42.0
130856,2019,cf,Female,nopre,type1,p1,l1,nopc,nob/c,106500,4.75,0.3521,,360.0,not_neg,not_int,not_lpsm,138000.0,sb,pr,home,1U,1560.0,EXP,812,CIB,45-54,to_inst,77.17391304,south,direct,0,45.0
39193,2019,cf,Sex Not Available,pre,type2,p3,l1,nopc,b/c,326500,,,,240.0,not_neg,not_int,not_lpsm,408000.0,sb,pr,home,1U,660.0,CRIF,763,CIB,65-74,to_inst,80.0245098,south,direct,1,49.0
158883,2019,cf,Joint,nopre,type1,p1,l1,nopc,nob/c,726500,4.125,-0.1602,2824.88,360.0,not_neg,not_int,not_lpsm,1008000.0,sb,pr,home,1U,11880.0,CIB,841,EXP,45-54,not_inst,72.0734127,North,direct,0,32.0
139823,2019,cf,Male,nopre,type1,p4,l1,nopc,nob/c,396500,5.25,0.666,0.0,360.0,not_neg,not_int,not_lpsm,588000.0,sb,pr,home,1U,8100.0,CRIF,653,CIB,35-44,not_inst,67.43197279,North,direct,0,29.0
148426,2019,cf,Sex Not Available,pre,type2,p3,l1,nopc,b/c,46500,3.875,1.5399,1571.62,180.0,not_neg,not_int,not_lpsm,208000.0,sb,pr,home,1U,1980.0,EXP,824,CIB,45-54,to_inst,22.35576923,south,direct,0,35.0
67667,2019,cf,Female,pre,type2,p3,l1,nopc,b/c,136500,4.375,0.8205,1317.5,360.0,not_neg,not_int,not_lpsm,168000.0,sb,pr,home,1U,1500.0,EXP,588,CIB,65-74,to_inst,81.25,central,direct,0,48.0
47505,2019,cf,Female,nopre,type1,p3,l1,nopc,nob/c,196500,,,,360.0,not_neg,not_int,not_lpsm,248000.0,sb,pr,home,1U,1320.0,CIB,551,CIB,>74,to_inst,79.23387097,North,direct,1,32.0
101814,2019,cf,Male,nopre,type1,p3,l1,nopc,nob/c,366500,,,,360.0,not_neg,int_only,not_lpsm,498000.0,sb,pr,home,1U,7320.0,CIB,676,CIB,45-54,to_inst,73.59437751,south,direct,1,37.0
118870,2019,cf,Female,nopre,type1,p3,l1,nopc,nob/c,656500,,,,360.0,not_neg,not_int,not_lpsm,1078000.0,sb,pr,home,1U,1260.0,EXP,609,CIB,45-54,not_inst,60.89981447,North,direct,1,16.0
82810,2019,cf,Sex Not Available,nopre,type1,p2,l1,nopc,nob/c,256500,3.375,-0.0453,7956.9,360.0,not_neg,not_int,not_lpsm,1368000.0,sb,pr,home,1U,5040.0,EXP,580,CIB,45-54,to_inst,18.75,south,direct,0,36.0
72234,2019,cf,Sex Not Available,nopre,type1,p3,l1,nopc,nob/c,446500,,,,360.0,neg_amm,not_int,not_lpsm,808000.0,sb,pr,home,1U,6180.0,CIB,797,CIB,65-74,to_inst,55.25990099,south,direct,1,36.0
171952,2019,cf,Sex Not Available,nopre,type1,p4,l1,nopc,nob/c,206500,,,,360.0,not_neg,not_int,not_lpsm,368000.0,sb,pr,home,1U,3720.0,EXP,557,CIB,25-34,to_inst,56.11413043,south,direct,1,49.0
76109,2019,cf,Male,nopre,type1,p3,l1,nopc,nob/c,226500,4.875,0.2916,1150.0,360.0,not_neg,not_int,not_lpsm,408000.0,sb,pr,home,1U,2760.0,CRIF,860,CIB,55-64,to_inst,55.51470588,North-East,direct,0,42.0
114189,2019,cf,Joint,pre,type1,p4,l1,nopc,nob/c,306500,4.125,0.328,0.0,360.0,not_neg,not_int,not_lpsm,408000.0,sb,pr,home,1U,3900.0,CRIF,569,EXP,25-34,not_inst,75.12254902,central,direct,0,48.0
79869,2019,cf,Sex Not Available,pre,type2,p3,l1,nopc,b/c,356500,3.99,1.0775,0.0,360.0,not_neg,not_int,not_lpsm,408000.0,sb,pr,home,1U,9360.0,CRIF,794,EXP,45-54,to_inst,87.37745098,south,direct,0,42.0
159768,2019,cf,Joint,nopre,type1,p4,l1,nopc,nob/c,286500,4.625,0.6418,2306.88,360.0,not_neg,not_int,not_lpsm,468000.0,sb,ir,home,1U,56100.0,CRIF,591,EXP,35-44,not_inst,61.21794872,North,direct,0,20.0
64605,2019,cf,Male,nopre,type1,p3,l1,nopc,nob/c,106500,4.625,1.0874,2625.0,360.0,not_neg,not_int,not_lpsm,418000.0,sb,pr,home,1U,1440.0,CRIF,853,CIB,65-74,to_inst,25.4784689,North,direct,0,38.0
94174,2019,cf,Female,nopre,type1,p3,l1,nopc,nob/c,406500,3.75,0.1452,8000.0,360.0,not_neg,not_int,not_lpsm,588000.0,sb,pr,home,1U,4500.0,CRIF,699,CIB,65-74,to_inst,69.13265306,North,direct,0,39.0
64992,2019,cf,Female,nopre,type1,p3,l1,nopc,nob/c,176500,3.99,0.7062,5372.44,360.0,not_neg,not_int,not_lpsm,258000.0,sb,pr,home,1U,2340.0,EXP,861,CIB,65-74,to_inst,68.41085271,south,direct,0,39.0
131585,2019,cf,Male,nopre,type1,p4,l1,nopc,nob/c,496500,3.99,0.3091,4958.75,360.0,not_neg,not_int,not_lpsm,718000.0,sb,pr,home,1U,5700.0,EXP,825,EXP,25-34,to_inst,69.15041783,North,direct,0,39.0
85151,2019,cf,Sex Not Available,nopre,type2,p1,l1,nopc,b/c,206500,3.99,1.173,5377.19,360.0,not_neg,not_int,not_lpsm,218000.0,sb,pr,home,1U,7440.0,CRIF,732,EXP,35-44,to_inst,94.72477064,south,direct,0,34.0
75328,2019,ncf,Sex Not Available,nopre,type1,p4,l1,nopc,nob/c,556500,3.75,-0.1377,0.0,360.0,neg_amm,not_int,not_lpsm,978000.0,sb,pr,home,1U,10560.0,CRIF,603,EXP,55-64,to_inst,56.90184049,south,direct,0,41.0
86857,2019,cf,Female,nopre,type1,p1,l1,nopc,nob/c,186500,3.99,1.1352,7245.99,360.0,not_neg,not_int,not_lpsm,198000.0,sb,pr,home,1U,3360.0,CIB,875,CIB,45-54,not_inst,94.19191919,central,direct,0,37.0
147250,2019,ncf,Male,nopre,type1,p1,l1,nopc,nob/c,76500,,,,360.0,not_neg,not_int,not_lpsm,78000.0,sb,pr,home,1U,6360.0,EXP,783,CIB,45-54,to_inst,98.07692308,south,direct,1,40.0
160751,2019,cf,Female,pre,type2,p1,l1,nopc,b/c,116500,4.5,1.047,1049.69,360.0,neg_amm,not_int,not_lpsm,118000.0,sb,pr,home,1U,2700.0,CRIF,505,CIB,55-64,to_inst,98.72881356,North,direct,0,36.0
82640,2019,,Female,nopre,type1,p1,l1,nopc,nob/c,386500,,,,360.0,neg_amm,not_int,not_lpsm,418000.0,sb,pr,home,1U,5400.0,CRIF,779,CIB,25-34,not_inst,92.46411483,south,direct,1,40.0
139860,2019,cf,Female,nopre,type2,p3,l1,nopc,b/c,106500,5.25,1.4273,945.95,360.0,not_neg,not_int,not_lpsm,158000.0,sb,pr,home,2U,2940.0,CIB,509,CIB,35-44,to_inst,67.40506329,North,direct,0,46.0
129912,2019,cf,Joint,nopre,type1,p4,l1,nopc,nob/c,686500,,,,360.0,not_neg,int_only,not_lpsm,868000.0,sb,pr,home,1U,14820.0,CIB,813,EXP,25-34,not_inst,79.08986175,south,direct,1,30.0
26227,2019,ncf,Female,nopre,type1,p4,l2,nopc,nob/c,486500,,,,300.0,neg_amm,not_int,not_lpsm,758000.0,sb,pr,home,1U,10320.0,CIB,629,CIB,65-74,to_inst,64.18205805,south,direct,1,30.0
100929,2019,cf,Joint,nopre,type1,p1,l1,nopc,nob/c,666500,4.125,0.0387,10433.4,360.0,not_neg,not_int,not_lpsm,828000.0,sb,pr,home,1U,9780.0,EXP,806,EXP,65-74,not_inst,80.49516908,North,direct,0,49.0
116613,2019,,Joint,nopre,type1,p4,l1,nopc,nob/c,466500,4.125,0.1218,3234.6,360.0,not_neg,not_int,not_lpsm,618000.0,sb,pr,home,1U,10200.0,CRIF,775,EXP,45-54,not_inst,75.48543689,North-East,direct,0,32.0
45273,2019,cf,Joint,nopre,type1,p4,l1,nopc,nob/c,246500,,,,324.0,not_neg,not_int,lpsm,358000.0,sb,pr,home,1U,3480.0,EXP,555,EXP,65-74,to_inst,68.8547486,North,direct,1,57.0
89261,2019,cf,Male,pre,type2,p3,l1,nopc,b/c,76500,3.875,0.9395,3019.81,360.0,not_neg,not_int,not_lpsm,148000.0,sb,pr,home,1U,3180.0,EXP,647,CIB,>74,to_inst,51.68918919,North,direct,0,41.0
146753,2019,cf,Sex Not Available,nopre,type1,p4,l1,nopc,nob/c,366500,3.125,-0.0105,3976.5,180.0,not_neg,not_int,not_lpsm,568000.0,sb,pr,home,1U,10200.0,CIB,757,CIB,35-44,to_inst,64.52464789,south,direct,0,36.0
144021,2019,cf,Sex Not Available,pre,type1,p1,l1,nopc,nob/c,246500,4.125,0.271,8540.0,360.0,neg_amm,not_int,not_lpsm,308000.0,sb,pr,home,1U,11400.0,EXP,642,EXP,55-64,to_inst,80.03246753,south,direct,0,22.0
55882,2019,cf,Male,nopre,type1,p4,l1,nopc,nob/c,466500,3.5,-0.2105,5052.42,360.0,not_neg,not_int,not_lpsm,628000.0,sb,pr,home,1U,6180.0,CIB,758,CIB,35-44,not_inst,74.28343949,North,direct,0,49.0
64150,2019,cf,Male,nopre,type1,p4,l1,nopc,nob/c,366500,3.5,-0.1665,4606.25,360.0,not_neg,not_int,not_lpsm,508000.0,sb,pr,home,1U,10380.0,EXP,677,CIB,35-44,not_inst,72.14566929,North,direct,0,10.0
136206,2019,cf,Sex Not Available,pre,type1,p3,l1,nopc,nob/c,246500,3.99,0.4272,3942.6,180.0,not_neg,not_int,not_lpsm,458000.0,sb,pr,home,1U,10500.0,CIB,566,CIB,45-54,to_inst,53.8209607,south,direct,0,22.0
132467,2019,cf,Sex Not Available,nopre,type1,p3,l1,nopc,nob/c,546500,,,,360.0,not_neg,not_int,not_lpsm,808000.0,sb,pr,home,1U,2160.0,EXP,900,EXP,>74,to_inst,67.63613861,south,direct,1,53.0
151405,2019,cf,Sex Not Available,nopre,type2,p3,l1,nopc,b/c,516500,4.5,1.6276,1613.95,360.0,not_neg,not_int,not_lpsm,708000.0,sb,pr,home,1U,6720.0,CRIF,734,EXP,45-54,to_inst,72.9519774,south,direct,0,47.0
46040,2019,cf,Female,nopre,type1,p1,l1,nopc,nob/c,116500,3.99,0.2865,2950.0,360.0,not_neg,not_int,not_lpsm,268000.0,sb,pr,home,1U,1560.0,CRIF,792,CIB,>74,not_inst,43.47014925,North,direct,0,54.0
128836,2019,cf,Male,nopre,type1,p4,l1,nopc,nob/c,326500,4.375,0.3711,2353.22,360.0,not_neg,not_int,not_lpsm,778000.0,sb,pr,home,1U,11940.0,CIB,754,EXP,55-64,to_inst,41.96658098,North,direct,0,28.0
92034,2019,cf,Male,nopre,type1,p3,l1,nopc,nob/c,606500,,,,360.0,not_neg,not_int,not_lpsm,1508000.0,sb,pr,home,1U,4500.0,CIB,619,EXP,>74,to_inst,40.21883289,south,direct,1,56.0
37321,2019,cf,Joint,nopre,type1,p1,l1,nopc,nob/c,326500,,,,360.0,not_neg,not_int,not_lpsm,358000.0,sb,pr,home,1U,4680.0,CIB,551,EXP,45-54,to_inst,91.20111732,North,direct,1,49.0
83043,2019,cf,Female,nopre,type1,p4,l1,nopc,nob/c,426500,3.375,0.0262,8785.92,360.0,not_neg,not_int,not_lpsm,908000.0,sb,pr,home,1U,6480.0,EXP,897,EXP,65-74,to_inst,46.97136564,North,direct,0,30.0
27796,2019,cf,Sex Not Available,nopre,type1,p3,l1,nopc,nob/c,286500,4.275,0.0255,795.0,360.0,not_neg,not_int,not_lpsm,718000.0,sb,pr,home,1U,6060.0,CIB,804,EXP,65-74,to_inst,39.90250696,south,direct,0,37.0
54383,2019,cf,Female,nopre,type1,p1,l1,nopc,nob/c,346500,,,,360.0,not_neg,not_int,not_lpsm,388000.0,sb,pr,home,1U,4380.0,CRIF,557,CIB,25-34,not_inst,89.30412371,North,direct,1,42.0
38908,2019,,Male,nopre,type1,p3,l1,nopc,nob/c,176500,4.25,0.4671,5675.0,360.0,not_neg,not_int,not_lpsm,278000.0,sb,pr,home,1U,3660.0,CRIF,839,CIB,35-44,to_inst,63.48920863,North,direct,0,30.0
41142,2019,cf,Male,nopre,type1,p4,l1,nopc,nob/c,256500,3.69,-0.0432,751.5,360.0,not_neg,not_int,not_lpsm,338000.0,sb,sr,home,1U,13560.0,CRIF,611,CIB,55-64,not_inst,75.88757396,North,direct,0,23.0
39457,2019,cf,Male,nopre,type2,p1,l1,nopc,b/c,86500,,,,360.0,neg_amm,not_int,not_lpsm,88000.0,sb,pr,home,1U,900.0,EXP,547,CIB,25-34,to_inst,98.29545455,North-East,direct,1,46.0
110978,2019,cf,Male,nopre,type1,p3,l2,nopc,nob/c,126500,4.875,0.8318,1238.65,360.0,not_neg,not_int,not_lpsm,258000.0,sb,pr,home,1U,6060.0,CRIF,558,CIB,45-54,to_inst,49.03100775,North,direct,0,25.0
134217,2019,cf,Male,nopre,type1,p3,l1,nopc,nob/c,276500,4.125,0.049,0.0,360.0,not_neg,not_int,not_lpsm,398000.0,sb,pr,home,1U,6720.0,EXP,874,CIB,45-54,to_inst,69.47236181,south,direct,0,36.0
151383,2019,cf,Male,nopre,type1,p1,l1,nopc,nob/c,276500,4.75,0.9416,2287.52,180.0,not_neg,not_int,not_lpsm,348000.0,sb,ir,home,1U,18000.0,CRIF,879,CIB,45-54,not_inst,79.45402299,North,direct,0,31.0
101507,2019,cf,Male,pre,type1,p4,l1,nopc,nob/c,586500,,,,360.0,not_neg,not_int,not_lpsm,808000.0,sb,pr,home,1U,9720.0,EXP,599,CIB,65-74,to_inst,72.58663366,North,direct,1,36.0
129240,2019,cf,Female,pre,type1,p3,l1,nopc,nob/c,176500,3.75,0.2615,5693.75,360.0,not_neg,not_int,not_lpsm,298000.0,sb,pr,home,1U,3120.0,CIB,574,CIB,55-64,to_inst,59.22818792,south,direct,0,30.0
33556,2019,cf,Sex Not Available,nopre,type1,p1,l1,nopc,nob/c,326500,4.375,0.277,1000.0,360.0,not_neg,not_int,not_lpsm,908000.0,sb,pr,home,1U,10620.0,CRIF,575,EXP,55-64,not_inst,35.95814978,south,direct,0,21.0
88682,2019,cf,Female,nopre,type1,p4,l1,nopc,nob/c,576500,3.625,0.009,3735.2,360.0,not_neg,not_int,not_lpsm,1198000.0,sb,pr,home,1U,7200.0,EXP,784,CIB,25-34,not_inst,48.12186978,south,direct,0,47.0
75502,2019,cf,Sex Not Available,nopre,type3,p1,l1,nopc,nob/c,246500,3.25,0.022,7915.88,360.0,not_neg,not_int,not_lpsm,238000.0,sb,pr,home,1U,2640.0,EXP,833,CIB,25-34,to_inst,103.5714286,south,direct,0,40.0
80529,2019,ncf,Male,nopre,type1,p3,l1,nopc,nob/c,726500,4.5,0.4856,0.0,360.0,not_neg,not_int,not_lpsm,1058000.0,sb,pr,home,1U,8460.0,CRIF,792,CIB,55-64,not_inst,68.66729679,south,direct,0,38.0
41902,2019,cf,Sex Not Available,nopre,type1,p4,l1,nopc,nob/c,276500,3.625,0.0656,7115.0,324.0,not_neg,not_int,not_lpsm,628000.0,sb,pr,home,1U,7620.0,CIB,695,EXP,65-74,to_inst,44.02866242,south,direct,0,20.0
73973,2019,cf,Male,nopre,type1,p4,l1,nopc,nob/c,416500,4.0,0.2863,2781.74,360.0,not_neg,not_int,not_lpsm,448000.0,sb,pr,home,1U,6600.0,EXP,806,CIB,45-54,not_inst,92.96875,North,direct,0,36.0
141633,2019,cf,Sex Not Available,nopre,type1,p4,l1,nopc,nob/c,186500,4.5,0.839,,240.0,neg_amm,not_int,not_lpsm,558000.0,sb,sr,home,1U,12180.0,CIB,610,EXP,65-74,to_inst,33.42293907,south,direct,0,46.0
129317,2019,cf,Sex Not Available,nopre,type1,p3,l1,nopc,nob/c,166500,4.875,1.285,3280.0,360.0,not_neg,not_int,not_lpsm,308000.0,sb,pr,home,1U,2880.0,EXP,668,EXP,45-54,to_inst,54.05844156,south,direct,0,49.0
72972,2019,cf,Joint,nopre,type1,p3,l1,nopc,nob/c,256500,4.375,1.4884,4698.5,240.0,not_neg,not_int,not_lpsm,348000.0,sb,pr,home,1U,4800.0,EXP,533,EXP,55-64,to_inst,73.70689655,North,direct,0,44.0
105515,2019,cf,Male,nopre,type1,p3,l1,nopc,nob/c,356500,,,,360.0,not_neg,not_int,lpsm,438000.0,sb,pr,home,1U,6240.0,CRIF,776,EXP,55-64,to_inst,81.39269406,North,direct,1,40.0
37005,2019,cf,Joint,nopre,type1,p3,l1,nopc,nob/c,546500,3.75,0.6609,6660.0,240.0,not_neg,not_int,not_lpsm,828000.0,sb,pr,home,1U,8640.0,CRIF,697,EXP,45-54,to_inst,66.00241546,North,direct,0,41.0
46676,2019,cf,Female,nopre,type2,p3,l1,nopc,b/c,196500,3.625,0.5698,2109.0,360.0,not_neg,not_int,not_lpsm,238000.0,sb,pr,home,1U,2760.0,CIB,892,CIB,35-44,to_inst,82.56302521,North,direct,0,54.0
66573,2019,cf,Female,nopre,type1,p4,l1,nopc,nob/c,126500,3.625,0.4674,3694.44,180.0,neg_amm,not_int,not_lpsm,338000.0,sb,sr,home,1U,3420.0,CIB,754,CIB,>74,to_inst,37.4260355,North,direct,0,41.0
89950,2019,cf,Male,nopre,type1,p4,l1,nopc,nob/c,206500,4.125,0.1895,0.0,180.0,neg_amm,not_int,not_lpsm,818000.0,sb,pr,home,1U,6420.0,CIB,572,CIB,65-74,not_inst,25.24449878,south,direct,0,44.0
47978,2019,ncf,Sex Not Available,nopre,type1,p4,l1,nopc,nob/c,636500,3.875,0.3463,6031.25,360.0,not_neg,not_int,not_lpsm,878000.0,sb,pr,home,1U,20160.0,CIB,676,EXP,25-34,to_inst,72.49430524,south,direct,0,10.0
37620,2019,cf,Male,pre,type1,p1,l1,nopc,nob/c,526500,4.625,0.2025,0.0,360.0,not_neg,not_int,not_lpsm,558000.0,sb,pr,home,1U,5160.0,CIB,664,CIB,45-54,not_inst,94.35483871,North,direct,0,47.0
114614,2019,cf,Joint,nopre,type1,p4,l1,nopc,nob/c,446500,4.625,1.1551,10170.0,360.0,not_neg,not_int,not_lpsm,1258000.0,sb,ir,home,3U,10980.0,CRIF,612,EXP,65-74,to_inst,35.49284579,North,direct,0,38.0
154852,2019,cf,Male,nopre,type3,p3,l1,nopc,nob/c,346500,4.125,-0.2354,5100.0,360.0,neg_amm,not_int,not_lpsm,378000.0,sb,pr,home,1U,5220.0,CIB,655,CIB,45-54,to_inst,91.66666667,North,direct,0,50.0
103893,2019,cf,Male,nopre,type1,p4,l1,nopc,nob/c,356500,3.625,-0.0191,7497.4,360.0,not_neg,not_int,not_lpsm,448000.0,sb,pr,home,1U,6060.0,CIB,735,CIB,45-54,not_inst,79.57589286,North,direct,0,25.0
73863,2019,cf,Female,nopre,type1,p3,l1,nopc,nob/c,376500,3.99,0.2192,0.0,360.0,not_neg,not_int,not_lpsm,588000.0,sb,pr,home,1U,4320.0,CRIF,810,CIB,55-64,not_inst,64.03061224,North,direct,0,33.0
113704,2019,cf,Male,nopre,type1,p3,l1,nopc,nob/c,486500,3.875,-0.1592,7850.0,360.0,not_neg,not_int,not_lpsm,618000.0,sb,pr,home,1U,4500.0,EXP,580,CIB,45-54,to_inst,78.72168285,North,direct,0,47.0
170368,2019,cf,Joint,pre,type1,p3,l1,nopc,nob/c,486500,4.125,0.3684,974.79,360.0,not_neg,not_int,not_lpsm,668000.0,sb,pr,home,1U,9060.0,CIB,857,EXP,45-54,not_inst,72.82934132,North,direct,0,41.0
69550,2019,cf,Male,pre,type1,p1,l1,nopc,nob/c,366500,,,,360.0,not_neg,not_int,not_lpsm,408000.0,sb,pr,home,1U,2400.0,CIB,636,CIB,35-44,not_inst,89.82843137,North,direct,1,30.0
173200,2019,cf,Male,nopre,type1,p1,l1,nopc,nob/c,526500,4.99,1.387,13195.0,360.0,not_neg,not_int,lpsm,658000.0,sb,ir,home,1U,7800.0,EXP,508,EXP,>74,not_inst,80.01519757,North,direct,0,39.0
36612,2019,cf,Female,nopre,type1,p1,l2,nopc,nob/c,286500,4.5,0.504,1150.0,360.0,not_neg,not_int,not_lpsm,318000.0,sb,pr,home,1U,4680.0,CIB,828,CIB,35-44,not_inst,90.09433962,south,direct,0,46.0
160863,2019,cf,Joint,nopre,type1,p3,l1,nopc,nob/c,156500,3.75,0.321,3937.1,360.0,not_neg,int_only,not_lpsm,218000.0,sb,pr,home,1U,3000.0,CRIF,843,EXP,55-64,to_inst,71.78899083,North,direct,0,45.0
167079,2019,cf,Joint,nopre,type1,p3,l1,nopc,nob/c,386500,3.875,0.1967,1891.39,360.0,not_neg,not_int,not_lpsm,518000.0,sb,pr,home,1U,4200.0,CRIF,622,EXP,45-54,not_inst,74.61389961,south,direct,0,46.0
53621,2019,cf,Joint,nopre,type1,p1,l2,nopc,nob/c,306500,7.75,2.5851,2303.13,360.0,not_neg,not_int,not_lpsm,418000.0,sb,pr,home,1U,9360.0,EXP,889,EXP,45-54,to_inst,73.32535885,North,direct,0,32.0
83334,2019,cf,Male,nopre,type1,p1,l1,nopc,nob/c,206500,4.5,0.1021,0.0,360.0,not_neg,not_int,not_lpsm,828000.0,sb,pr,home,1U,3360.0,CIB,630,CIB,35-44,not_inst,24.93961353,central,direct,0,43.0
129802,2019,ncf,Sex Not Available,nopre,type1,p3,l1,nopc,nob/c,556500,3.625,0.2271,20015.0,360.0,not_neg,not_int,not_lpsm,698000.0,sb,pr,home,1U,14160.0,CIB,752,EXP,45-54,to_inst,79.7277937,south,direct,0,31.0
65881,2019,ncf,Female,pre,type2,p1,l1,nopc,b/c,486500,4.75,1.6989,1822.63,360.0,not_neg,not_int,not_lpsm,498000.0,sb,pr,home,1U,11940.0,EXP,712,EXP,45-54,to_inst,97.69076305,North,direct,0,59.0
26796,2019,ncf,Sex Not Available,pre,type1,p3,l1,nopc,nob/c,156500,3.625,0.4289,3560.0,180.0,not_neg,not_int,not_lpsm,308000.0,sb,pr,home,1U,5940.0,CRIF,526,EXP,45-54,to_inst,50.81168831,south,direct,0,44.0
141512,2019,cf,Sex Not Available,nopre,type2,p3,l1,nopc,b/c,106500,,,,360.0,neg_amm,not_int,not_lpsm,148000.0,sb,pr,home,1U,1740.0,EXP,516,EXP,55-64,to_inst,71.95945946,south,direct,1,46.0
159259,2019,cf,Male,nopre,type1,p4,l1,nopc,nob/c,196500,4.875,1.4095,5334.51,360.0,not_neg,not_int,not_lpsm,348000.0,sb,ir,home,1U,9600.0,CRIF,631,CIB,25-34,not_inst,56.46551724,south,direct,0,14.0
57295,2019,cf,Joint,nopre,type1,p3,l1,nopc,nob/c,396500,3.55,-0.2043,0.0,360.0,not_neg,not_int,not_lpsm,1538000.0,sb,pr,home,1U,12240.0,EXP,794,EXP,55-64,to_inst,25.78023407,North,direct,0,5.0
37701,2019,cf,Joint,nopre,type1,p4,l1,nopc,nob/c,556500,4.125,0.027,0.0,360.0,not_neg,not_int,not_lpsm,858000.0,sb,pr,home,1U,9900.0,CIB,505,EXP,25-34,not_inst,64.86013986,North,direct,0,34.0
121175,2019,cf,Joint,nopre,type1,p4,l1,nopc,nob/c,226500,,,,180.0,not_neg,not_int,not_lpsm,318000.0,sb,ir,home,1U,5820.0,CIB,731,EXP,45-54,to_inst,71.22641509,North,direct,1,42.0
88174,2019,cf,Joint,nopre,type1,p4,l1,nopc,nob/c,596500,3.25,-0.3499,500.0,360.0,not_neg,not_int,not_lpsm,998000.0,sb,pr,home,1U,8280.0,EXP,775,EXP,55-64,not_inst,59.76953908,south,direct,0,39.0
81735,2019,cf,Male,nopre,type2,p3,l1,nopc,b/c,66500,,,,360.0,not_neg,not_int,not_lpsm,88000.0,sb,pr,home,1U,2100.0,CIB,612,EXP,55-64,to_inst,75.56818182,central,direct,1,43.0
44052,2019,cf,Male,nopre,type2,p3,l1,nopc,b/c,276500,4.5,0.7767,0.0,360.0,neg_amm,not_int,not_lpsm,348000.0,sb,pr,home,1U,7380.0,EXP,647,CIB,35-44,to_inst,79.45402299,North,direct,0,26.0
62544,2019,,Joint,nopre,type1,p3,l1,nopc,nob/c,186500,4.99,1.2119,4426.25,360.0,not_neg,not_int,not_lpsm,248000.0,sb,ir,home,1U,7260.0,EXP,853,EXP,55-64,to_inst,75.2016129,North,direct,0,37.0
160316,2019,cf,Male,nopre,type1,p4,l1,nopc,nob/c,486500,3.375,-0.2536,0.0,360.0,not_neg,not_int,not_lpsm,1378000.0,sb,pr,home,1U,7860.0,CRIF,681,CIB,25-34,not_inst,35.30478955,south,direct,0,31.0
148137,2019,cf,Male,nopre,type1,p3,l1,nopc,nob/c,246500,4.5,0.9409,3950.0,360.0,not_neg,not_int,not_lpsm,308000.0,sb,pr,home,1U,8400.0,CRIF,863,CIB,35-44,to_inst,80.03246753,North,direct,0,24.0
58443,2019,cf,Male,nopre,type2,p3,l1,nopc,b/c,56500,,,,360.0,not_neg,not_int,lpsm,88000.0,sb,pr,home,1U,2400.0,CRIF,770,CIB,45-54,to_inst,64.20454545,North,direct,1,11.0
144566,2019,cf,Sex Not Available,pre,type1,p1,l1,nopc,nob/c,286500,4.99,0.9423,400.0,360.0,not_neg,not_int,not_lpsm,388000.0,sb,ir,home,1U,8760.0,CIB,765,CIB,25-34,to_inst,73.84020619,south,direct,0,45.0
173392,2019,cf,Female,nopre,type1,p3,l1,nopc,nob/c,176500,,,,360.0,not_neg,not_int,not_lpsm,238000.0,sb,pr,home,1U,3840.0,CIB,816,CIB,65-74,to_inst,74.15966387,North,direct,1,33.0
68265,2019,cf,Female,nopre,type1,p3,l1,nopc,nob/c,146500,3.75,0.3683,4454.75,360.0,not_neg,not_int,not_lpsm,238000.0,sb,pr,home,1U,2100.0,CRIF,682,CIB,55-64,to_inst,61.55462185,North,direct,0,39.0
140589,2019,cf,Male,nopre,type1,p4,l1,nopc,nob/c,166500,,,,324.0,not_neg,not_int,lpsm,178000.0,sb,pr,home,1U,4320.0,CIB,515,CIB,45-54,to_inst,93.53932584,North,direct,1,32.0
161630,2019,cf,Joint,pre,type2,p3,l1,nopc,b/c,126500,,,,180.0,neg_amm,not_int,not_lpsm,118000.0,sb,pr,home,1U,5460.0,EXP,680,EXP,45-54,to_inst,107.2033898,North,direct,1,49.0
32966,2019,cf,Female,nopre,type1,p4,l1,nopc,nob/c,226500,3.625,0.0599,734.8,360.0,not_neg,not_int,not_lpsm,818000.0,sb,pr,home,1U,2580.0,CRIF,606,CIB,>74,not_inst,27.68948655,North,direct,0,37.0
73796,2019,cf,Female,nopre,type1,p4,l1,nopc,nob/c,136500,,,,360.0,not_neg,not_int,not_lpsm,338000.0,sb,pr,home,1U,2580.0,EXP,532,CIB,25-34,to_inst,40.38461538,North,direct,1,43.0
167607,2019,cf,Joint,nopre,type1,p3,l1,nopc,nob/c,186500,3.5,0.1483,4907.6,360.0,not_neg,not_int,not_lpsm,428000.0,sb,pr,home,1U,1620.0,CIB,770,EXP,55-64,not_inst,43.57476636,south,direct,0,49.0
151395,2019,cf,Female,,type1,p4,l1,nopc,nob/c,316500,,,,360.0,not_neg,not_int,not_lpsm,548000.0,sb,pr,home,1U,5760.0,CIB,846,CIB,55-64,to_inst,57.75547445,North,direct,1,38.0
56335,2019,cf,Sex Not Available,nopre,type1,p3,l1,nopc,nob/c,226500,3.25,0.1393,6394.0,96.0,not_neg,not_int,not_lpsm,358000.0,sb,pr,home,1U,9960.0,EXP,641,EXP,55-64,to_inst,63.26815642,south,direct,0,47.0
142242,2019,ncf,Joint,nopre,type3,p3,l1,nopc,nob/c,856500,3.125,-0.44,3885.7,360.0,not_neg,not_int,not_lpsm,958000.0,sb,pr,home,1U,9780.0,CIB,863,EXP,35-44,not_inst,89.40501044,south,direct,0,39.0
70817,2019,cf,Male,nopre,type1,p4,l1,nopc,nob/c,576500,3.75,0.3255,,360.0,not_neg,not_int,not_lpsm,678000.0,sb,pr,home,1U,10080.0,CIB,714,CIB,35-44,not_inst,85.02949853,south,direct,0,25.0
122773,2019,cf,Sex Not Available,pre,type1,p1,l1,nopc,nob/c,356500,4.625,0.623,43.88,360.0,not_neg,not_int,not_lpsm,378000.0,sb,pr,home,1U,6300.0,CRIF,730,EXP,25-34,to_inst,94.31216931,south,direct,0,37.0
120405,2019,cf,Male,nopre,type1,p4,l1,nopc,nob/c,196500,,,,240.0,not_neg,not_int,lpsm,338000.0,sb,pr,home,1U,7920.0,CRIF,625,CIB,45-54,to_inst,58.13609467,south,direct,1,37.0
30876,2019,ncf,Joint,nopre,type1,p3,l1,nopc,nob/c,1356500,,,,360.0,not_neg,not_int,not_lpsm,3208000.0,sb,pr,home,1U,19800.0,EXP,694,EXP,65-74,to_inst,42.28491272,central,direct,1,42.0
69729,2019,cf,Male,nopre,type1,p3,l1,nopc,nob/c,486500,,,,360.0,neg_amm,not_int,not_lpsm,598000.0,sb,pr,home,1U,4320.0,EXP,564,EXP,65-74,to_inst,81.35451505,south,direct,1,48.0
162449,2019,cf,Sex Not Available,nopre,type1,p4,l1,nopc,nob/c,336500,3.625,-0.0068,5816.38,360.0,not_neg,not_int,not_lpsm,458000.0,sb,pr,home,1U,6600.0,EXP,518,EXP,45-54,to_inst,73.47161572,south,direct,0,29.0
68578,2019,cf,Female,nopre,type1,p1,l1,nopc,nob/c,236500,4.0,-0.1443,0.0,360.0,not_neg,not_int,not_lpsm,448000.0,sb,pr,home,1U,2940.0,CRIF,767,CIB,<25,not_inst,52.79017857,south,direct,0,49.0
150124,2019,cf,Sex Not Available,nopre,type1,p2,l1,nopc,nob/c,486500,,,,360.0,not_neg,not_int,not_lpsm,1238000.0,sb,pr,home,1U,5760.0,CIB,757,CIB,45-54,to_inst,39.29725363,south,direct,1,33.0
71351,2019,cf,Female,nopre,type1,p1,l1,nopc,nob/c,166500,,,,360.0,not_neg,not_int,not_lpsm,178000.0,sb,pr,home,1U,720.0,CIB,848,CIB,45-54,to_inst,93.53932584,North,direct,1,6.0
119234,2019,ncf,Male,pre,type2,p1,l1,nopc,b/c,236500,4.75,1.6393,0.0,360.0,not_neg,not_int,not_lpsm,248000.0,sb,pr,home,1U,2820.0,EXP,814,CIB,<25,to_inst,95.36290323,North,direct,0,44.0
169731,2019,cf,Female,nopre,type1,p4,l1,nopc,nob/c,56500,5.25,1.2075,1840.0,360.0,not_neg,not_int,not_lpsm,158000.0,sb,pr,home,1U,1560.0,CIB,602,CIB,65-74,to_inst,35.75949367,North,direct,0,27.0
47165,2019,cf,Male,nopre,type1,p4,l1,nopc,nob/c,146500,,,,240.0,not_neg,int_only,not_lpsm,308000.0,sb,pr,home,1U,2040.0,CRIF,567,CIB,45-54,to_inst,47.56493506,south,direct,1,58.0
74537,2019,cf,Female,nopre,type1,p1,l1,nopc,nob/c,226500,3.99,0.0137,7995.0,360.0,neg_amm,not_int,not_lpsm,888000.0,sb,pr,home,1U,6660.0,CRIF,836,CIB,55-64,to_inst,25.50675676,North,direct,0,48.0
142853,2019,cf,Male,nopre,type2,p1,l1,nopc,b/c,596500,3.875,0.6861,0.0,360.0,not_neg,not_int,not_lpsm,748000.0,sb,pr,home,1U,8640.0,CIB,727,CIB,25-34,not_inst,79.7459893,south,direct,0,43.0
145665,2019,cf,Male,pre,type1,p1,l1,nopc,nob/c,316500,3.99,0.5323,4806.13,360.0,not_neg,not_int,not_lpsm,368000.0,sb,pr,home,1U,9180.0,CRIF,728,EXP,45-54,to_inst,86.00543478,North,direct,0,29.0
70517,2019,cf,Male,nopre,type1,p1,l2,nopc,nob/c,176500,,,,300.0,neg_amm,not_int,not_lpsm,228000.0,sb,sr,home,1U,5040.0,EXP,532,CIB,65-74,to_inst,77.4122807,North,direct,1,44.0
130560,2019,ncf,Female,pre,type1,p3,l1,nopc,nob/c,406500,4.875,1.0695,1250.0,360.0,not_neg,not_int,not_lpsm,598000.0,sb,pr,home,1U,7560.0,CIB,752,CIB,55-64,to_inst,67.97658863,south,direct,0,28.0
159075,2019,cf,Joint,nopre,type1,p3,l1,nopc,nob/c,436500,4.56,0.5463,0.0,360.0,not_neg,not_int,not_lpsm,558000.0,sb,pr,home,1U,6540.0,EXP,717,EXP,35-44,not_inst,78.22580645,south,direct,0,47.0
135691,2019,cf,Female,nopre,type2,p3,l1,nopc,b/c,156500,,,,360.0,neg_amm,not_int,not_lpsm,188000.0,sb,pr,home,1U,2400.0,EXP,575,CIB,25-34,to_inst,83.24468085,North,direct,1,54.0
71490,2019,cf,Joint,nopre,type1,p4,l1,nopc,nob/c,376500,3.5,-0.2637,0.0,360.0,not_neg,not_int,not_lpsm,608000.0,sb,pr,home,1U,4740.0,EXP,884,EXP,25-34,not_inst,61.92434211,North,direct,0,36.0
138551,2019,cf,Female,nopre,type1,p1,l1,nopc,nob/c,486500,4.75,0.0357,4000.0,360.0,not_neg,not_int,not_lpsm,848000.0,sb,pr,home,1U,11340.0,CRIF,742,CIB,35-44,not_inst,57.37028302,North,direct,0,47.0
134610,2019,cf,Joint,nopre,type1,p3,l1,nopc,nob/c,306500,3.5,-0.1543,423.0,360.0,not_neg,not_int,not_lpsm,998000.0,sb,pr,home,1U,6300.0,EXP,769,EXP,65-74,not_inst,30.71142285,North,direct,0,30.0
41195,2019,cf,Male,nopre,type1,p4,l1,nopc,nob/c,136500,3.75,-0.3055,4650.44,360.0,not_neg,not_int,not_lpsm,338000.0,sb,pr,home,1U,4200.0,CRIF,865,CIB,>74,to_inst,40.38461538,North,direct,0,20.0
125614,2019,cf,Sex Not Available,nopre,type1,p4,l1,nopc,nob/c,136500,4.625,0.7218,1644.63,240.0,not_neg,not_int,not_lpsm,238000.0,sb,pr,home,1U,6060.0,CRIF,691,EXP,35-44,to_inst,57.35294118,south,direct,0,43.0
60015,2019,cf,Female,nopre,type2,p4,l1,nopc,b/c,496500,,,,360.0,not_neg,not_int,not_lpsm,518000.0,sb,pr,home,1U,0.0,CRIF,710,CIB,35-44,not_inst,95.84942085,North,direct,1,7.0
132359,2019,,Joint,nopre,type2,p4,l1,nopc,b/c,346500,3.375,-0.0026,816.05,360.0,not_neg,not_int,not_lpsm,388000.0,sb,pr,home,1U,8460.0,EXP,669,EXP,35-44,not_inst,89.30412371,North,direct,0,24.0
126508,2019,cf,Female,nopre,type1,p4,l1,nopc,nob/c,246500,3.375,-0.0943,4569.38,360.0,neg_amm,not_int,not_lpsm,628000.0,sb,pr,home,1U,3300.0,CRIF,772,CIB,45-54,to_inst,39.25159236,North,direct,0,37.0
49910,2019,cf,Joint,nopre,type1,p1,l1,nopc,nob/c,406500,4.56,0.8777,,360.0,not_neg,not_int,not_lpsm,428000.0,sb,pr,home,1U,10260.0,CRIF,897,EXP,35-44,not_inst,94.97663551,central,direct,0,49.0
112656,2019,cf,Sex Not Available,,type1,p3,l1,nopc,nob/c,286500,4.875,1.4659,8141.25,360.0,not_neg,int_only,not_lpsm,598000.0,sb,ir,home,1U,3600.0,EXP,700,EXP,55-64,to_inst,47.909699,south,direct,0,45.0
103008,2019,cf,Sex Not Available,nopre,type1,p4,l1,nopc,nob/c,266500,,,,360.0,not_neg,not_int,not_lpsm,608000.0,sb,pr,home,1U,4020.0,CIB,590,CIB,65-74,not_inst,43.83223684,south,direct,1,37.0
131169,2019,cf,Sex Not Available,pre,type1,p4,l1,nopc,nob/c,356500,4.99,0.8645,0.0,360.0,not_neg,not_int,not_lpsm,428000.0,sb,pr,home,1U,4800.0,CIB,515,CIB,45-54,to_inst,83.29439252,south,direct,0,48.0
24946,2019,ncf,Female,nopre,type1,p2,l1,nopc,nob/c,116500,,,,180.0,not_neg,not_int,not_lpsm,128000.0,sb,ir,home,1U,4140.0,CIB,786,EXP,45-54,not_inst,91.015625,south,direct,1,11.0
63845,2019,cf,Female,pre,type3,p3,l1,nopc,nob/c,206500,3.25,-0.3497,6157.5,360.0,not_neg,not_int,not_lpsm,238000.0,sb,pr,home,1U,2340.0,CRIF,895,CIB,45-54,to_inst,86.76470588,North,direct,0,51.0
128749,2019,cf,Sex Not Available,pre,type1,p3,l1,nopc,nob/c,296500,3.99,0.111,2267.5,180.0,neg_amm,not_int,not_lpsm,448000.0,sb,pr,home,1U,11040.0,CIB,682,EXP,45-54,to_inst,66.18303571,south,direct,0,32.0
136801,2019,cf,Sex Not Available,nopre,type1,p4,l1,nopc,nob/c,506500,4.5,0.6437,0.0,180.0,not_neg,not_int,not_lpsm,828000.0,sb,ir,home,1U,12000.0,CRIF,618,EXP,65-74,not_inst,61.17149758,south,direct,0,41.0
170388,2019,cf,Female,nopre,type1,p1,l1,nopc,nob/c,326500,4.875,0.6392,0.0,360.0,neg_amm,not_int,not_lpsm,348000.0,sb,pr,home,1U,7980.0,EXP,614,CIB,25-34,not_inst,93.82183908,central,direct,0,31.0
64396,2019,cf,Female,nopre,type3,p1,l2,nopc,nob/c,326500,4.125,0.1254,987.21,360.0,not_neg,not_int,not_lpsm,318000.0,sb,pr,home,1U,7320.0,CRIF,631,CIB,35-44,not_inst,102.672956,North,direct,0,36.0
132646,2019,ncf,Sex Not Available,nopre,type1,p3,l1,nopc,nob/c,126500,4.99,0.9424,1687.5,360.0,not_neg,not_int,not_lpsm,218000.0,sb,pr,home,1U,5700.0,EXP,520,EXP,35-44,to_inst,58.02752294,south,direct,0,24.0
130752,2019,cf,Joint,nopre,type1,p4,l1,nopc,nob/c,226500,3.875,0.4726,7043.38,324.0,not_neg,not_int,not_lpsm,258000.0,sb,pr,home,1U,5940.0,CRIF,807,EXP,65-74,to_inst,87.79069767,North,direct,0,44.0
125356,2019,cf,Male,nopre,type1,p3,l2,nopc,nob/c,156500,4.99,0.8824,1575.0,360.0,not_neg,not_int,not_lpsm,208000.0,sb,pr,home,1U,2760.0,CIB,534,CIB,55-64,to_inst,75.24038462,North,direct,0,26.0
113837,2019,cf,Sex Not Available,nopre,type1,p3,l1,nopc,nob/c,56500,,,,180.0,not_neg,not_int,not_lpsm,218000.0,sb,pr,home,1U,3960.0,CRIF,691,EXP,55-64,to_inst,25.91743119,south,direct,1,36.0
171288,2019,cf,Sex Not Available,nopre,type1,p4,l1,nopc,nob/c,216500,,,,360.0,not_neg,int_only,not_lpsm,268000.0,sb,pr,home,1U,4560.0,CIB,772,EXP,55-64,to_inst,80.78358209,south,direct,1,40.0
72124,2019,cf,Male,nopre,type3,p3,l1,nopc,nob/c,146500,2.99,-0.2159,5199.23,360.0,not_neg,not_int,not_lpsm,168000.0,sb,pr,home,1U,3000.0,EXP,538,EXP,65-74,to_inst,87.20238095,North,direct,0,12.0
125776,2019,cf,Female,nopre,type1,p1,l1,nopc,nob/c,206500,3.99,0.6341,1580.81,360.0,not_neg,not_int,not_lpsm,218000.0,sb,pr,home,1U,3600.0,CIB,812,EXP,25-34,not_inst,94.72477064,North,direct,0,38.0
110093,2019,cf,Joint,nopre,type3,p3,l1,nopc,nob/c,246500,,,,360.0,not_neg,not_int,lpsm,348000.0,sb,pr,home,1U,2940.0,CRIF,825,EXP,45-54,not_inst,70.83333333,North,direct,1,22.0
47215,2019,cf,Joint,nopre,type1,p3,l1,nopc,nob/c,606500,4.0,0.742,0.0,240.0,not_neg,not_int,not_lpsm,1008000.0,sb,pr,home,1U,15720.0,CIB,566,EXP,45-54,not_inst,60.16865079,North,direct,0,23.0
64006,2019,cf,Sex Not Available,nopre,type1,p3,l1,nopc,nob/c,206500,4.99,0.7675,2650.0,360.0,not_neg,not_int,not_lpsm,348000.0,sb,pr,home,1U,3660.0,EXP,879,CIB,55-64,to_inst,59.33908046,south,direct,0,34.0
100822,2019,cf,Male,nopre,type1,p1,l1,nopc,nob/c,276500,4.99,0.8702,0.0,360.0,not_neg,not_int,not_lpsm,288000.0,sb,pr,home,1U,7500.0,CIB,630,CIB,35-44,not_inst,96.00694444,North,direct,0,39.0
75699,2019,cf,Joint,nopre,type1,p4,l1,nopc,nob/c,226500,4.99,0.7745,3361.88,360.0,not_neg,not_int,not_lpsm,358000.0,sb,ir,home,1U,15420.0,CIB,749,EXP,55-64,to_inst,63.26815642,south,direct,0,41.0
76314,2019,cf,Male,pre,type1,,l1,nopc,nob/c,726500,4.5,0.9432,0.0,360.0,not_neg,not_int,not_lpsm,828000.0,sb,pr,home,1U,13200.0,EXP,826,CIB,35-44,not_inst,87.74154589,North,direct,0,44.0
100191,2019,cf,Joint,nopre,type1,p4,l1,nopc,nob/c,346500,3.375,-0.2576,0.0,360.0,not_neg,not_int,not_lpsm,458000.0,sb,pr,home,1U,11280.0,CIB,657,EXP,45-54,to_inst,75.65502183,North,direct,0,24.0
139658,2019,cf,Male,nopre,type1,p3,l1,nopc,nob/c,276500,4.125,0.5556,6058.45,360.0,not_neg,not_int,not_lpsm,368000.0,sb,pr,home,1U,5700.0,EXP,701,CIB,35-44,to_inst,75.13586957,North,direct,0,31.0
55839,2019,cf,Sex Not Available,nopre,type1,p3,l1,nopc,nob/c,356500,3.75,0.0225,1131.3,360.0,not_neg,not_int,not_lpsm,1418000.0,sb,pr,home,1U,7440.0,CRIF,760,CIB,55-64,not_inst,25.14104372,North,direct,0,22.0
104668,2019,cf,Male,nopre,type1,p1,l1,nopc,nob/c,326500,3.625,0.0472,999.0,360.0,not_neg,not_int,not_lpsm,348000.0,sb,pr,home,1U,5100.0,EXP,713,CIB,35-44,not_inst,93.82183908,North,direct,0,46.0
125672,2019,cf,Joint,pre,type1,p4,l1,nopc,nob/c,476500,3.99,0.6166,,360.0,not_neg,not_int,not_lpsm,518000.0,sb,pr,home,1U,9720.0,CRIF,656,EXP,45-54,to_inst,91.98841699,central,direct,0,34.0
69880,2019,cf,Male,nopre,type1,p4,l1,nopc,nob/c,236500,3.75,0.0517,775.99,360.0,not_neg,not_int,not_lpsm,558000.0,sb,pr,home,1U,4080.0,CIB,826,CIB,45-54,not_inst,42.38351254,North,direct,0,46.0
165056,2019,cf,Joint,nopre,type1,p1,l1,nopc,nob/c,376500,4.18,-0.1633,0.0,360.0,not_neg,int_only,not_lpsm,428000.0,sb,pr,home,1U,7200.0,CRIF,886,EXP,25-34,not_inst,87.96728972,south,direct,0,35.0
69253,2019,cf,Male,nopre,type2,p3,l1,nopc,b/c,256500,3.99,1.1897,2280.0,360.0,not_neg,not_int,not_lpsm,318000.0,sb,pr,home,1U,5520.0,CRIF,785,CIB,55-64,to_inst,80.66037736,North-East,direct,0,49.0
86019,2019,cf,Female,nopre,type2,p3,l1,nopc,b/c,96500,4.5,0.957,2593.73,360.0,neg_amm,not_int,not_lpsm,118000.0,sb,pr,home,1U,3300.0,CIB,548,CIB,65-74,to_inst,81.77966102,central,direct,0,34.0
65183,2019,cf,Joint,nopre,type1,p3,l1,nopc,nob/c,306500,3.875,0.3085,7342.0,360.0,not_neg,not_int,not_lpsm,438000.0,sb,sr,home,1U,6480.0,CIB,582,EXP,65-74,to_inst,69.97716895,North,direct,0,49.0
105679,2019,cf,Female,nopre,type1,p2,l1,nopc,nob/c,486500,,,,360.0,not_neg,not_int,lpsm,678000.0,sb,ir,home,1U,34440.0,EXP,502,CIB,45-54,to_inst,71.75516224,North,direct,1,36.0
94853,2019,cf,Male,nopre,type1,p4,l2,nopc,nob/c,436500,4.625,0.387,0.0,360.0,not_neg,not_int,not_lpsm,588000.0,sb,sr,home,1U,12240.0,CIB,545,CIB,35-44,not_inst,74.23469388,North,direct,0,41.0
139957,2019,ncf,Male,nopre,type1,p4,l1,nopc,nob/c,736500,3.25,-0.3604,300.0,360.0,neg_amm,not_int,not_lpsm,2828000.0,sb,pr,home,1U,9480.0,CIB,721,CIB,55-64,not_inst,26.04314003,south,direct,0,38.0
30657,2019,cf,Male,nopre,type1,p4,l1,nopc,nob/c,426500,3.125,-0.11,0.0,180.0,not_neg,not_int,not_lpsm,1238000.0,sb,pr,home,1U,10860.0,CIB,661,CIB,45-54,not_inst,34.45072698,south,direct,0,23.0
57858,2019,cf,Female,nopre,type1,p4,l1,nopc,nob/c,316500,3.625,0.5575,4791.75,240.0,not_neg,not_int,not_lpsm,438000.0,sb,pr,home,1U,5160.0,EXP,742,CIB,35-44,not_inst,72.26027397,North,direct,0,49.0
60610,2019,cf,Male,nopre,type1,p4,l1,nopc,nob/c,216500,3.625,-0.0374,1566.21,360.0,not_neg,not_int,not_lpsm,318000.0,sb,pr,home,1U,3000.0,CRIF,845,CIB,55-64,not_inst,68.08176101,North,direct,0,33.0
125064,2019,cf,Male,nopre,type1,p1,l1,nopc,nob/c,336500,3.25,-0.3432,8642.0,360.0,not_neg,not_int,not_lpsm,428000.0,sb,pr,home,1U,3240.0,CIB,830,CIB,35-44,to_inst,78.62149533,North,direct,0,49.0
71760,2019,cf,Female,nopre,type2,p1,l1,nopc,b/c,176500,,,,360.0,not_neg,not_int,not_lpsm,178000.0,sb,pr,home,1U,1860.0,CRIF,691,CIB,25-34,to_inst,99.15730337,North,direct,1,58.0
141499,2019,cf,Sex Not Available,,type3,p3,l1,nopc,nob/c,186500,3.5,0.1624,4125.0,360.0,not_neg,int_only,not_lpsm,368000.0,sb,pr,home,1U,2880.0,CIB,527,EXP,55-64,to_inst,50.67934783,south,direct,0,38.0
62332,2019,ncf,Joint,nopre,type1,p4,l1,nopc,nob/c,356500,4.0,-0.104,5000.0,360.0,not_neg,not_int,not_lpsm,438000.0,sb,pr,home,1U,9960.0,CIB,652,EXP,25-34,not_inst,81.39269406,North,direct,0,22.0
36778,2019,ncf,Sex Not Available,pre,type3,p3,l1,nopc,nob/c,616500,3.5,-0.218,5220.84,360.0,not_neg,not_int,not_lpsm,648000.0,sb,pr,home,1U,6960.0,CRIF,839,EXP,35-44,to_inst,95.13888889,south,direct,0,53.0
146172,2019,cf,Male,nopre,type1,p4,l1,nopc,nob/c,296500,,,,360.0,not_neg,not_int,not_lpsm,388000.0,sb,pr,home,1U,5040.0,CIB,636,CIB,45-54,not_inst,76.41752577,south,direct,1,49.0
171381,2019,ncf,Female,nopre,type1,p4,l1,nopc,nob/c,446500,,,,360.0,not_neg,not_int,not_lpsm,858000.0,sb,pr,home,1U,5220.0,EXP,734,CIB,45-54,not_inst,52.03962704,south,direct,1,57.0
61229,2019,cf,Sex Not Available,nopre,type1,p4,l1,nopc,nob/c,606500,3.875,0.2403,2150.75,360.0,not_neg,not_int,not_lpsm,1508000.0,sb,pr,home,1U,10200.0,EXP,544,CIB,45-54,to_inst,40.21883289,south,direct,0,49.0
73449,2019,cf,Sex Not Available,nopre,type1,p4,l1,nopc,nob/c,476500,3.99,0.2402,1250.0,324.0,not_neg,not_int,not_lpsm,788000.0,sb,pr,home,1U,6540.0,EXP,784,CIB,35-44,to_inst,60.46954315,south,direct,0,49.0
168034,2019,cf,Male,nopre,type1,p3,l1,nopc,nob/c,436500,4.875,1.3789,9970.0,360.0,not_neg,not_int,not_lpsm,558000.0,sb,pr,home,1U,5160.0,CRIF,809,CIB,35-44,to_inst,78.22580645,North,direct,0,37.0
127543,2019,cf,Male,nopre,type1,p4,l1,nopc,nob/c,196500,2.875,0.3006,7052.0,180.0,not_neg,not_int,not_lpsm,438000.0,sb,pr,home,1U,7620.0,CIB,751,EXP,35-44,to_inst,44.8630137,North,direct,0,26.0
144671,2019,cf,Joint,nopre,type1,p1,l1,nopc,nob/c,226500,4.99,0.877,3163.5,360.0,not_neg,not_int,not_lpsm,258000.0,sb,pr,home,1U,3780.0,CIB,503,EXP,35-44,not_inst,87.79069767,central,direct,0,37.0
158350,2019,cf,Male,nopre,type1,p4,l1,nopc,nob/c,456500,4.375,0.0364,655.01,360.0,neg_amm,not_int,not_lpsm,668000.0,sb,pr,home,1U,6000.0,CIB,895,CIB,35-44,not_inst,68.33832335,North,direct,0,36.0
136417,2019,cf,Male,nopre,type1,p4,l1,nopc,nob/c,196500,3.5,-0.0459,1016.77,360.0,not_neg,int_only,not_lpsm,338000.0,sb,sr,home,1U,10800.0,EXP,871,CIB,55-64,not_inst,58.13609467,North,direct,0,31.0
52050,2019,cf,Joint,nopre,type2,p3,l1,nopc,b/c,66500,,,,360.0,not_neg,not_int,lpsm,88000.0,sb,pr,home,1U,1680.0,CIB,661,EXP,55-64,to_inst,75.56818182,North,direct,1,37.0
124283,2019,ncf,Joint,nopre,type1,p4,l1,nopc,nob/c,566500,3.75,0.0201,3385.51,360.0,not_neg,not_int,not_lpsm,1158000.0,sb,pr,home,1U,10320.0,CIB,860,EXP,65-74,to_inst,48.92055268,North,direct,0,41.0
64695,2019,cf,Sex Not Available,nopre,type1,p4,l1,nopc,nob/c,116500,4.99,0.7696,1150.0,360.0,not_neg,not_int,not_lpsm,338000.0,sb,pr,home,1U,3540.0,EXP,689,CIB,65-74,to_inst,34.46745562,south,direct,0,37.0
137945,2019,cf,Female,nopre,type1,p3,l1,nopc,nob/c,76500,5.5,1.4,2594.0,360.0,neg_amm,not_int,not_lpsm,118000.0,sb,pr,home,1U,2760.0,CRIF,863,CIB,>74,to_inst,64.83050847,central,direct,0,14.0
25137,2019,cf,Joint,nopre,type1,p3,l1,nopc,nob/c,186500,4.25,-0.0995,1552.63,360.0,not_neg,int_only,not_lpsm,418000.0,sb,pr,home,1U,2280.0,CIB,714,EXP,65-74,to_inst,44.61722488,North,direct,0,38.0
127685,2019,cf,Male,pre,type1,p1,l2,nopc,nob/c,486500,3.375,-0.4022,500.0,360.0,not_neg,not_int,not_lpsm,828000.0,sb,pr,home,1U,7200.0,EXP,900,CIB,35-44,to_inst,58.75603865,North,direct,0,49.0
47447,2019,cf,Joint,nopre,type1,p4,l1,nopc,nob/c,386500,3.5,-0.1842,5357.24,360.0,not_neg,not_int,not_lpsm,568000.0,sb,pr,home,1U,5220.0,CIB,882,EXP,35-44,not_inst,68.04577465,North,direct,0,43.0
64762,2019,cf,Female,pre,type1,p4,l1,nopc,nob/c,346500,4.75,0.3663,2024.33,360.0,not_neg,not_int,not_lpsm,458000.0,sb,pr,home,1U,5640.0,CRIF,507,CIB,65-74,to_inst,75.65502183,North,direct,0,41.0
29777,2019,cf,Male,nopre,type1,p3,l1,nopc,nob/c,336500,3.625,0.117,8937.44,360.0,not_neg,not_int,not_lpsm,1488000.0,sb,pr,home,1U,10920.0,CIB,827,CIB,55-64,to_inst,22.61424731,North,direct,0,6.0
84720,2019,cf,Male,nopre,type1,p1,l1,nopc,nob/c,176500,,,,360.0,not_neg,not_int,not_lpsm,188000.0,sb,pr,home,1U,4560.0,CIB,548,CIB,55-64,to_inst,93.88297872,North,direct,1,24.0
80315,2019,cf,Male,pre,type3,p3,l1,nopc,nob/c,386500,,,,360.0,not_neg,not_int,not_lpsm,468000.0,sb,pr,home,1U,4380.0,CIB,818,CIB,55-64,to_inst,82.58547009,North,direct,1,58.0
122453,2019,cf,Sex Not Available,nopre,type1,p4,l1,nopc,nob/c,506500,4.75,1.0013,0.0,360.0,not_neg,not_int,not_lpsm,828000.0,sb,pr,home,1U,6120.0,EXP,723,EXP,45-54,to_inst,61.17149758,south,direct,0,46.0
131123,2019,cf,Sex Not Available,nopre,type1,p3,l1,nopc,nob/c,586500,3.5,0.2656,795.0,180.0,not_neg,not_int,not_lpsm,1178000.0,sb,pr,home,1U,17040.0,CIB,603,CIB,55-64,to_inst,49.78777589,south,direct,0,33.0
88429,2019,cf,Joint,nopre,type1,p4,l1,nopc,nob/c,306500,4.0,0.3983,4662.16,360.0,not_neg,not_int,not_lpsm,398000.0,sb,pr,home,1U,6000.0,CRIF,894,EXP,55-64,not_inst,77.01005025,North,direct,0,43.0
85131,2019,cf,Sex Not Available,nopre,type1,p3,l1,nopc,nob/c,216500,4.125,0.6855,6344.1,360.0,not_neg,not_int,not_lpsm,318000.0,sb,pr,home,1U,2160.0,CIB,624,CIB,>74,to_inst,68.08176101,south,direct,0,39.0
150027,2019,cf,Sex Not Available,nopre,type1,p3,l1,nopc,nob/c,286500,4.625,0.9029,2580.24,192.0,not_neg,int_only,not_lpsm,428000.0,sb,pr,home,1U,5880.0,CIB,542,EXP,45-54,to_inst,66.93925234,south,direct,0,33.0
62891,2019,cf,Male,pre,type3,p3,l1,nopc,nob/c,126500,,,,180.0,not_neg,not_int,not_lpsm,268000.0,sb,pr,home,1U,3360.0,CRIF,846,CIB,55-64,to_inst,47.20149254,south,direct,1,26.0
159504,2019,cf,Joint,pre,type1,p4,l1,nopc,nob/c,326500,3.99,0.2908,0.0,360.0,not_neg,not_int,not_lpsm,378000.0,sb,pr,home,1U,7680.0,EXP,862,EXP,25-34,not_inst,86.37566138,North,direct,0,25.0
77321,2019,cf,Female,nopre,type1,p3,l1,nopc,nob/c,486500,,,,360.0,not_neg,not_int,not_lpsm,548000.0,sb,pr,home,1U,9660.0,CIB,645,EXP,55-64,to_inst,88.77737226,North-East,direct,1,37.0
163345,2019,cf,Joint,nopre,type1,p3,l2,opc,nob/c,76500,6.24,1.202,,360.0,not_neg,int_only,not_lpsm,608000.0,sb,pr,home,1U,17820.0,EXP,871,EXP,35-44,to_inst,12.58223684,North,direct,0,18.0
74653,2019,cf,Male,nopre,type1,p4,l1,nopc,nob/c,156500,3.375,0.3378,750.0,180.0,neg_amm,not_int,not_lpsm,258000.0,sb,pr,home,1U,4200.0,CIB,712,CIB,35-44,not_inst,60.65891473,North,direct,0,41.0
39322,2019,cf,Joint,nopre,type1,p3,l1,nopc,nob/c,426500,3.69,0.032,1898.95,360.0,not_neg,not_int,not_lpsm,578000.0,sb,pr,home,1U,6240.0,CIB,565,EXP,35-44,not_inst,73.78892734,south,direct,0,40.0
93634,2019,ncf,Female,pre,type1,p4,l1,nopc,nob/c,236500,3.5,-0.1425,3516.75,120.0,not_neg,not_int,not_lpsm,378000.0,sb,pr,home,1U,5040.0,CRIF,799,CIB,65-74,to_inst,62.56613757,North,direct,0,42.0
29934,2019,cf,Joint,pre,type1,p3,l1,nopc,nob/c,416500,3.625,-0.0787,2091.0,360.0,not_neg,not_int,not_lpsm,668000.0,sb,pr,home,1U,8640.0,EXP,509,EXP,65-74,not_inst,62.3502994,North,direct,0,26.0
120381,2019,cf,Female,nopre,type1,p2,l1,nopc,nob/c,106500,3.99,1.3105,2875.0,240.0,not_neg,not_int,not_lpsm,258000.0,sb,pr,home,1U,2940.0,CIB,679,EXP,65-74,to_inst,41.27906977,North,direct,0,39.0
46743,2019,cf,Sex Not Available,pre,type1,p3,l1,nopc,nob/c,456500,,,,360.0,not_neg,not_int,not_lpsm,508000.0,sb,pr,home,1U,11220.0,CRIF,522,EXP,35-44,to_inst,89.86220472,south,direct,1,37.0
171128,2019,cf,Joint,nopre,type1,p3,l1,nopc,nob/c,106500,4.99,0.5917,2150.0,360.0,not_neg,not_int,not_lpsm,418000.0,sb,pr,home,1U,3480.0,EXP,719,EXP,55-64,to_inst,25.4784689,North,direct,0,9.0
119711,2019,cf,Female,nopre,type1,p4,l1,nopc,nob/c,296500,3.625,0.029,995.0,360.0,not_neg,not_int,not_lpsm,498000.0,sb,pr,home,1U,3000.0,CIB,823,CIB,35-44,not_inst,59.53815261,south,direct,0,48.0
172077,2019,cf,Male,nopre,type3,p3,l1,nopc,nob/c,676500,2.99,-0.6693,6777.0,360.0,not_neg,not_int,not_lpsm,958000.0,sb,pr,home,1U,13140.0,EXP,673,CIB,35-44,not_inst,70.61586639,North,direct,0,22.0
87245,2019,cf,Male,nopre,type3,p1,l2,nopc,nob/c,296500,4.375,0.4522,3206.72,360.0,not_neg,not_int,not_lpsm,288000.0,sb,pr,home,1U,4200.0,CRIF,508,CIB,25-34,to_inst,102.9513889,North,direct,0,39.0
124227,2019,cf,Sex Not Available,nopre,type1,p3,l1,nopc,nob/c,376500,4.99,0.6108,3405.0,360.0,neg_amm,not_int,not_lpsm,478000.0,sb,pr,home,1U,6900.0,CIB,716,CIB,35-44,to_inst,78.76569038,south,direct,0,29.0
144576,2019,cf,Female,pre,type1,p4,l1,nopc,nob/c,296500,3.375,-0.1528,2884.09,360.0,not_neg,not_int,not_lpsm,588000.0,sb,pr,home,1U,3420.0,CIB,575,CIB,55-64,not_inst,50.42517007,central,direct,0,48.0
45467,2019,cf,Sex Not Available,nopre,type1,p1,l1,nopc,nob/c,136500,5.125,0.761,3850.0,360.0,not_neg,not_int,not_lpsm,188000.0,sb,ir,home,1U,6240.0,EXP,564,EXP,65-74,to_inst,72.60638298,south,direct,0,47.0
148057,2019,cf,Male,nopre,type1,p3,l1,nopc,nob/c,426500,4.5,0.7462,506.8,360.0,not_neg,int_only,not_lpsm,1148000.0,sb,ir,home,1U,16020.0,CRIF,882,CIB,55-64,not_inst,37.15156794,North,direct,0,39.0
59239,2019,cf,Sex Not Available,nopre,type1,p4,l1,nopc,nob/c,316500,3.99,0.202,0.0,360.0,not_neg,not_int,not_lpsm,428000.0,sb,pr,home,1U,13560.0,CIB,585,EXP,35-44,not_inst,73.94859813,south,direct,0,12.0
166829,2019,cf,Sex Not Available,nopre,type1,p3,l1,nopc,nob/c,156500,5.25,0.8824,3832.71,360.0,not_neg,not_int,not_lpsm,228000.0,sb,pr,home,1U,4920.0,CIB,608,CIB,45-54,to_inst,68.64035088,south,direct,0,19.0
104452,2019,cf,Joint,nopre,type2,p1,l1,nopc,b/c,126500,,,,360.0,not_neg,not_int,lpsm,128000.0,sb,pr,home,1U,3900.0,CRIF,866,EXP,25-34,to_inst,98.828125,North,direct,1,41.0
87583,2019,ncf,Sex Not Available,nopre,type1,p3,l1,nopc,nob/c,806500,4.375,0.8998,18250.0,360.0,neg_amm,int_only,not_lpsm,1058000.0,sb,pr,home,1U,12360.0,EXP,819,CIB,35-44,to_inst,76.22873346,south,direct,0,39.0
29066,2019,cf,Sex Not Available,pre,type1,p1,l1,nopc,nob/c,56500,4.625,0.6416,1962.5,360.0,not_neg,not_int,not_lpsm,138000.0,sb,pr,home,1U,1500.0,EXP,587,CIB,65-74,to_inst,40.94202899,south,direct,0,38.0
146348,2019,cf,Sex Not Available,nopre,type1,p4,l1,nopc,nob/c,376500,3.875,0.3309,397.88,360.0,not_neg,not_int,not_lpsm,408000.0,sb,pr,home,1U,5760.0,CRIF,851,EXP,35-44,not_inst,92.27941176,south,direct,0,36.0
26062,2019,cf,Sex Not Available,nopre,type1,p3,l1,nopc,nob/c,156500,3.375,0.6524,4647.7,180.0,not_neg,not_int,not_lpsm,348000.0,sb,pr,home,1U,3000.0,CIB,648,EXP,65-74,to_inst,44.97126437,south,direct,0,49.0
100562,2019,cf,Female,nopre,type1,p3,l1,nopc,nob/c,276500,3.875,0.1569,3841.98,360.0,not_neg,int_only,not_lpsm,628000.0,sb,pr,home,1U,3900.0,EXP,528,CIB,55-64,to_inst,44.02866242,south,direct,0,37.0
110823,2019,cf,Joint,nopre,type1,p3,l1,nopc,nob/c,486500,4.5,0.9213,450.0,360.0,not_neg,not_int,not_lpsm,628000.0,sb,pr,home,1U,10140.0,CRIF,680,EXP,35-44,to_inst,77.46815287,North,direct,0,39.0
101029,2019,cf,Sex Not Available,nopre,type3,p3,l1,nopc,nob/c,226500,3.625,-0.1992,750.0,360.0,not_neg,not_int,lpsm,228000.0,sb,pr,home,1U,5580.0,CRIF,689,EXP,65-74,to_inst,99.34210526,south,direct,0,59.0
47768,2019,cf,Joint,nopre,type1,p4,l1,nopc,nob/c,406500,3.375,-0.2737,1362.12,360.0,not_neg,not_int,not_lpsm,548000.0,sb,sr,home,1U,10020.0,CIB,650,EXP,45-54,not_inst,74.17883212,North,direct,0,45.0
52264,2019,cf,Female,nopre,type1,p3,l1,nopc,nob/c,356500,3.875,0.051,,360.0,not_neg,not_int,not_lpsm,448000.0,sb,pr,home,1U,5760.0,CIB,604,CIB,55-64,not_inst,79.57589286,south,direct,0,41.0
131554,2019,cf,Female,nopre,type2,p3,l1,nopc,b/c,66500,4.99,1.6841,2430.51,360.0,not_neg,not_int,not_lpsm,98000.0,sb,pr,home,1U,1320.0,CRIF,879,CIB,>74,to_inst,67.85714286,North,direct,0,42.0
44332,2019,cf,Joint,nopre,type1,p4,l1,nopc,nob/c,316500,3.625,-0.0911,900.6,360.0,not_neg,not_int,not_lpsm,398000.0,sb,pr,home,1U,10020.0,CRIF,693,EXP,35-44,not_inst,79.52261307,North,direct,0,22.0
25852,2019,cf,Sex Not Available,nopre,type1,p3,l1,nopc,nob/c,246500,4.75,1.111,4250.0,360.0,not_neg,not_int,not_lpsm,308000.0,sb,pr,home,1U,6300.0,EXP,900,CIB,65-74,to_inst,80.03246753,south,direct,0,40.0
147245,2019,cf,Joint,nopre,type1,p3,l1,nopc,nob/c,486500,3.5,0.5661,7199.82,180.0,not_neg,not_int,not_lpsm,738000.0,sb,pr,home,1U,13980.0,CRIF,628,EXP,45-54,not_inst,65.92140921,North,direct,0,24.0
157818,2019,ncf,Male,nopre,type1,p3,l1,nopc,nob/c,916500,3.99,0.0485,14912.5,360.0,not_neg,not_int,not_lpsm,1658000.0,sb,pr,home,1U,15120.0,CIB,550,CIB,45-54,to_inst,55.2774427,North,direct,0,31.0
67479,2019,cf,Sex Not Available,nopre,type1,p3,l1,nopc,nob/c,306500,3.875,0.2461,2375.0,360.0,not_neg,not_int,not_lpsm,508000.0,sb,pr,home,1U,3420.0,EXP,642,EXP,65-74,to_inst,60.33464567,south,direct,0,39.0
167534,2019,cf,Female,nopre,type1,p1,l1,nopc,nob/c,356500,4.5,0.0263,3763.86,360.0,not_neg,not_int,not_lpsm,478000.0,sb,ir,home,1U,3600.0,EXP,809,CIB,55-64,not_inst,74.58158996,North,direct,0,14.0
117986,2019,cf,Sex Not Available,nopre,type1,p4,l1,nopc,nob/c,676500,4.0,0.2665,2800.0,360.0,not_neg,not_int,not_lpsm,818000.0,sb,pr,home,1U,8400.0,CRIF,593,CIB,25-34,not_inst,82.70171149,south,direct,0,36.0
53711,2019,cf,Joint,nopre,type1,p3,l1,nopc,nob/c,486500,3.25,0.1681,4016.51,180.0,not_neg,not_int,not_lpsm,788000.0,sb,pr,home,1U,18120.0,CIB,899,EXP,55-64,not_inst,61.73857868,North,direct,0,31.0
123178,2019,cf,Sex Not Available,nopre,type1,p4,l1,nopc,nob/c,156500,3.375,0.4374,3283.2,240.0,not_neg,not_int,not_lpsm,218000.0,sb,pr,home,1U,4980.0,CIB,615,EXP,55-64,to_inst,71.78899083,south,direct,0,42.0
146497,2019,cf,Sex Not Available,nopre,type2,p3,l1,nopc,b/c,126500,3.5,0.8342,3837.55,360.0,not_neg,int_only,not_lpsm,148000.0,sb,pr,home,1U,2520.0,CRIF,501,CIB,65-74,to_inst,85.47297297,south,direct,0,44.0
161323,2019,cf,Male,nopre,type1,p3,l1,nopc,nob/c,276500,4.0,0.4132,4050.0,360.0,not_neg,not_int,not_lpsm,368000.0,sb,pr,home,1U,4620.0,EXP,798,CIB,35-44,not_inst,75.13586957,North,direct,0,34.0
96359,2019,cf,Male,nopre,type1,p4,l1,nopc,nob/c,206500,3.375,-0.0389,4704.74,180.0,not_neg,not_int,not_lpsm,988000.0,sb,pr,home,1U,9600.0,CRIF,653,CIB,65-74,to_inst,20.90080972,North,direct,0,28.0
72780,2019,,Joint,nopre,type3,p1,l1,nopc,nob/c,226500,3.99,0.222,2545.76,360.0,not_neg,not_int,not_lpsm,228000.0,sb,pr,home,1U,5700.0,CIB,682,EXP,35-44,to_inst,99.34210526,North,direct,0,55.0
88828,2019,cf,Sex Not Available,nopre,type2,p4,l1,nopc,b/c,246500,3.49,0.732,6086.09,360.0,not_neg,not_int,not_lpsm,288000.0,sb,pr,home,1U,3720.0,CRIF,821,CIB,25-34,to_inst,85.59027778,south,direct,0,51.0
40618,2019,ncf,Joint,pre,type1,p3,l1,nopc,nob/c,336500,3.99,0.0944,10534.0,360.0,not_neg,not_int,not_lpsm,428000.0,sb,pr,home,1U,4740.0,EXP,820,EXP,65-74,to_inst,78.62149533,North,direct,0,44.0
71628,2019,cf,Joint,nopre,type1,p4,l1,nopc,nob/c,416500,3.5,-0.2293,0.0,360.0,not_neg,not_int,not_lpsm,1698000.0,sb,pr,home,1U,9480.0,EXP,557,EXP,35-44,not_inst,24.52885748,south,direct,0,39.0
55408,2019,cf,Male,nopre,type1,p4,l1,nopc,nob/c,546500,,,,360.0,not_neg,not_int,not_lpsm,778000.0,sb,pr,home,1U,16860.0,CRIF,572,CIB,35-44,not_inst,70.24421594,North,direct,1,48.0
106196,2019,cf,Joint,nopre,type1,p4,l1,nopc,nob/c,386500,3.25,-0.2873,3864.58,360.0,not_neg,not_int,not_lpsm,778000.0,sb,pr,home,1U,5280.0,CIB,783,EXP,35-44,not_inst,49.67866324,North,direct,0,36.0
42050,2019,cf,Female,nopre,type1,p3,l1,nopc,nob/c,366500,4.875,0.395,0.0,360.0,neg_amm,not_int,not_lpsm,458000.0,sb,pr,home,1U,5700.0,CRIF,635,CIB,25-34,not_inst,80.02183406,North,direct,0,42.0
43046,2019,cf,Male,nopre,type1,p1,l1,nopc,nob/c,76500,5.25,0.7974,2087.5,360.0,not_neg,not_int,not_lpsm,108000.0,sb,pr,home,1U,1140.0,CIB,897,CIB,25-34,to_inst,70.83333333,North,direct,0,46.0
41794,2019,cf,Male,nopre,type1,p4,l1,nopc,nob/c,586500,3.5,-0.0867,4429.5,360.0,neg_amm,int_only,not_lpsm,978000.0,sb,pr,home,1U,7140.0,CIB,619,CIB,35-44,not_inst,59.96932515,south,direct,0,38.0
168211,2019,cf,Male,nopre,type1,p4,l1,nopc,nob/c,406500,3.375,-0.273,0.0,360.0,not_neg,not_int,not_lpsm,758000.0,sb,pr,home,1U,9660.0,EXP,580,CIB,35-44,not_inst,53.62796834,south,direct,0,22.0
77615,2019,cf,Joint,nopre,type1,p3,l1,nopc,nob/c,396500,3.5,-0.0861,8720.0,360.0,not_neg,int_only,not_lpsm,588000.0,sb,pr,home,1U,7740.0,EXP,636,EXP,65-74,not_inst,67.43197279,North,direct,0,41.0
84751,2019,cf,Male,nopre,type1,p1,l1,nopc,nob/c,406500,,,,360.0,not_neg,not_int,not_lpsm,558000.0,sb,pr,home,1U,10980.0,EXP,889,CIB,45-54,not_inst,72.84946237,south,direct,1,57.0
89924,2019,ncf,Male,nopre,type2,p1,l1,nopc,b/c,156500,4.875,1.2758,1718.51,324.0,neg_amm,not_int,not_lpsm,158000.0,sb,pr,home,1U,2580.0,CRIF,655,CIB,55-64,to_inst,99.05063291,North,direct,0,48.0
134270,2019,ncf,Female,pre,type2,p3,l1,nopc,b/c,726500,3.99,0.7998,0.0,360.0,not_neg,not_int,not_lpsm,958000.0,sb,pr,home,1U,10500.0,CRIF,885,CIB,35-44,not_inst,75.83507307,central,direct,0,53.0
31854,2019,cf,Female,nopre,type1,p4,l1,nopc,nob/c,246500,,,,360.0,not_neg,not_int,not_lpsm,308000.0,sb,pr,home,1U,0.0,CIB,619,CIB,45-54,to_inst,80.03246753,North,direct,1,18.0
61477,2019,ncf,Sex Not Available,nopre,type2,p1,l1,nopc,b/c,106500,,,,324.0,neg_amm,not_int,not_lpsm,108000.0,sb,pr,home,1U,3120.0,CRIF,505,EXP,45-54,to_inst,98.61111111,south,direct,1,25.0
91676,2019,,Joint,nopre,type2,p1,l1,nopc,b/c,176500,3.25,0.7704,3321.14,360.0,not_neg,not_int,not_lpsm,178000.0,sb,pr,home,1U,4260.0,CIB,609,EXP,55-64,to_inst,99.15730337,central,direct,0,50.0
67685,2019,cf,Sex Not Available,nopre,type1,p4,l1,nopc,nob/c,276500,3.625,0.5769,3287.74,240.0,not_neg,not_int,not_lpsm,478000.0,sb,pr,home,1U,10140.0,EXP,883,CIB,55-64,to_inst,57.84518828,south,direct,0,18.0
25019,2019,cf,Sex Not Available,nopre,type1,p4,l1,nopc,nob/c,706500,4.0,0.2072,0.0,360.0,not_neg,not_int,not_lpsm,898000.0,sb,pr,home,1U,15240.0,CRIF,815,CIB,45-54,not_inst,78.67483296,North,direct,0,27.0
159708,2019,cf,Male,nopre,type1,p4,l1,nopc,nob/c,326500,3.875,0.139,1239.5,360.0,not_neg,not_int,not_lpsm,418000.0,sb,pr,home,1U,4200.0,EXP,819,EXP,<25,not_inst,78.11004785,North,direct,0,41.0
97956,2019,cf,Sex Not Available,nopre,type1,p4,l1,nopc,nob/c,156500,3.875,0.5298,3742.75,360.0,not_neg,not_int,not_lpsm,168000.0,sb,pr,home,1U,8580.0,CRIF,730,EXP,65-74,to_inst,93.1547619,south,direct,0,9.0
40553,2019,cf,Male,nopre,type1,p4,l1,nopc,nob/c,476500,3.875,0.2287,1250.0,360.0,not_neg,not_int,not_lpsm,858000.0,sb,pr,home,1U,15780.0,CRIF,894,EXP,>74,to_inst,55.53613054,North,direct,0,35.0
168638,2019,cf,Joint,nopre,type1,p3,l1,nopc,nob/c,546500,3.69,0.0822,5793.0,360.0,not_neg,not_int,not_lpsm,1178000.0,sb,pr,home,1U,16680.0,EXP,746,EXP,55-64,not_inst,46.39219015,North,direct,0,5.0
162570,2019,cf,Male,nopre,type1,p3,l1,nopc,nob/c,196500,4.99,0.8369,6050.0,360.0,neg_amm,not_int,not_lpsm,288000.0,sb,pr,home,1U,3720.0,CRIF,712,CIB,35-44,to_inst,68.22916667,North,direct,0,43.0
84144,2019,cf,Female,nopre,type1,p4,l1,nopc,nob/c,386500,,,,360.0,not_neg,not_int,not_lpsm,398000.0,sb,pr,home,1U,7440.0,CRIF,787,CIB,35-44,to_inst,97.11055276,North,direct,1,39.0
156371,2019,cf,Joint,nopre,type3,p3,l1,nopc,nob/c,266500,2.99,-0.2557,9296.58,360.0,not_neg,int_only,not_lpsm,328000.0,sb,pr,home,1U,5340.0,CIB,731,EXP,55-64,to_inst,81.25,south,direct,0,58.0
161412,2019,cf,Male,pre,type1,p3,l1,nopc,nob/c,206500,,,,360.0,not_neg,not_int,not_lpsm,228000.0,sb,pr,home,2U,3660.0,CRIF,720,CIB,25-34,to_inst,90.57017544,central,direct,1,59.0
61478,2019,cf,Male,nopre,type2,p4,l1,nopc,b/c,576500,3.5,0.701,0.0,360.0,not_neg,not_int,lpsm,588000.0,sb,pr,home,1U,9900.0,CRIF,684,CIB,35-44,not_inst,98.04421769,North,direct,0,47.0
81784,2019,cf,Male,nopre,type1,p1,l1,nopc,nob/c,136500,5.5,1.4388,638.06,360.0,not_neg,not_int,not_lpsm,138000.0,sb,pr,home,1U,4740.0,CIB,753,CIB,25-34,to_inst,98.91304348,North,direct,0,38.0
61988,2019,cf,Joint,nopre,type1,p4,l1,nopc,nob/c,286500,3.875,0.4854,6499.51,360.0,not_neg,not_int,not_lpsm,368000.0,sb,pr,home,1U,4380.0,CRIF,867,EXP,35-44,not_inst,77.85326087,North,direct,0,38.0
26907,2019,cf,Male,nopre,type1,p1,l1,nopc,nob/c,456500,3.625,0.3121,14771.75,240.0,not_neg,not_int,not_lpsm,538000.0,sb,sr,home,1U,10500.0,EXP,554,CIB,55-64,to_inst,84.85130112,North,direct,0,43.0
41308,2019,cf,Female,nopre,type1,p4,l1,nopc,nob/c,286500,3.625,0.0304,56.38,360.0,not_neg,not_int,lpsm,388000.0,sb,pr,home,1U,3540.0,EXP,878,CIB,55-64,not_inst,73.84020619,North,direct,0,37.0
123370,2019,cf,Female,nopre,type1,p3,l1,nopc,nob/c,276500,3.75,0.637,7900.0,180.0,not_neg,not_int,not_lpsm,488000.0,sb,pr,home,1U,5640.0,CRIF,511,CIB,65-74,to_inst,56.65983607,North,direct,0,40.0
125805,2019,cf,Joint,pre,type1,p1,l1,nopc,nob/c,546500,,,,360.0,not_neg,not_int,not_lpsm,688000.0,sb,pr,home,1U,10800.0,CIB,695,EXP,35-44,to_inst,79.43313953,south,direct,1,59.0
141751,2019,cf,Female,nopre,type1,p3,l1,nopc,nob/c,286500,3.99,0.4264,5450.21,360.0,not_neg,not_int,not_lpsm,488000.0,sb,pr,home,1U,2940.0,CRIF,639,CIB,55-64,to_inst,58.70901639,south,direct,0,49.0
51027,2019,cf,Male,nopre,type1,p1,l1,nopc,nob/c,496500,,,,360.0,not_neg,not_int,not_lpsm,528000.0,sb,pr,home,1U,5580.0,EXP,720,CIB,25-34,to_inst,94.03409091,North,direct,1,49.0
135493,2019,cf,Sex Not Available,nopre,type1,p3,l1,nopc,nob/c,406500,3.5,-0.0295,,360.0,not_neg,not_int,not_lpsm,738000.0,sb,pr,home,1U,4380.0,CRIF,776,EXP,65-74,to_inst,55.08130081,south,direct,0,46.0
100302,2019,cf,Female,nopre,type1,p4,l1,nopc,nob/c,546500,3.875,0.0688,116.9,360.0,not_neg,not_int,not_lpsm,708000.0,sb,pr,home,1U,8760.0,CIB,798,EXP,25-34,not_inst,77.18926554,North,direct,0,36.0
111297,2019,ncf,Female,pre,type1,p3,l1,nopc,nob/c,276500,4.5,0.6762,8715.35,360.0,not_neg,not_int,not_lpsm,378000.0,sb,pr,home,1U,2880.0,CIB,531,CIB,55-64,to_inst,73.14814815,North,direct,0,46.0
134816,2019,cf,Male,nopre,type2,p3,l1,nopc,b/c,266500,4.99,1.29,643.5,360.0,neg_amm,not_int,not_lpsm,318000.0,sb,pr,home,1U,4620.0,CRIF,758,CIB,35-44,to_inst,83.80503145,North,direct,0,40.0
128355,2019,ncf,Joint,nopre,type1,p4,l1,nopc,nob/c,546500,4.125,-0.0004,0.0,360.0,not_neg,not_int,not_lpsm,908000.0,sb,pr,home,1U,5880.0,CIB,885,EXP,25-34,not_inst,60.18722467,south,direct,0,49.0
73736,2019,ncf,Joint,nopre,type1,p1,l1,nopc,nob/c,886500,,,,360.0,not_neg,not_int,not_lpsm,1128000.0,sb,pr,home,1U,12180.0,CIB,830,EXP,65-74,to_inst,78.59042553,North,direct,1,31.0
118542,2019,cf,Sex Not Available,nopre,type3,p3,l1,nopc,nob/c,126500,3.25,0.2252,2982.92,300.0,not_neg,int_only,not_lpsm,128000.0,sb,pr,home,1U,3240.0,CRIF,795,CIB,45-54,to_inst,98.828125,south,direct,0,22.0
110543,2019,cf,Joint,nopre,type1,p1,l1,nopc,nob/c,476500,4.125,0.4273,3797.0,360.0,not_neg,int_only,not_lpsm,688000.0,sb,pr,home,1U,11340.0,CIB,630,EXP,55-64,to_inst,69.25872093,North,direct,0,48.0
42831,2019,cf,Sex Not Available,nopre,type1,p3,l1,nopc,nob/c,436500,,,,360.0,not_neg,not_int,not_lpsm,548000.0,sb,pr,home,1U,7440.0,EXP,506,CIB,45-54,to_inst,79.65328467,south,direct,1,37.0
152735,2019,cf,Joint,nopre,type1,p3,l1,nopc,nob/c,86500,3.75,1.2823,3061.25,180.0,not_neg,not_int,not_lpsm,118000.0,sb,pr,home,1U,4560.0,CIB,845,EXP,55-64,to_inst,73.30508475,south,direct,0,7.0
135848,2019,cf,Joint,nopre,type2,p4,l1,nopc,b/c,46500,,,,360.0,not_neg,not_int,not_lpsm,288000.0,sb,pr,home,1U,1140.0,CIB,866,EXP,55-64,to_inst,16.14583333,North,direct,1,46.0
126200,2019,cf,Female,nopre,type1,p3,l1,nopc,nob/c,256500,4.75,0.3987,5875.0,360.0,not_neg,not_int,not_lpsm,308000.0,sb,pr,home,1U,3360.0,CRIF,726,CIB,65-74,to_inst,83.27922078,North,direct,0,39.0
126957,2019,cf,Male,pre,type2,p1,l1,nopc,b/c,296500,3.75,0.9903,4485.01,360.0,not_neg,not_int,not_lpsm,298000.0,sb,pr,home,1U,4740.0,CIB,539,CIB,45-54,to_inst,99.4966443,North,direct,0,39.0
94340,2019,ncf,Joint,nopre,type1,p4,l1,nopc,nob/c,1246500,,,,360.0,not_neg,not_int,not_lpsm,1868000.0,sb,pr,home,1U,19380.0,CRIF,571,EXP,55-64,to_inst,66.72912206,south,direct,1,37.0
108016,2019,cf,Joint,nopre,type2,p3,l1,nopc,b/c,116500,3.99,1.0905,2612.09,180.0,not_neg,not_int,not_lpsm,138000.0,sb,pr,home,1U,4440.0,CRIF,550,EXP,65-74,to_inst,84.42028986,North,direct,0,23.0
93430,2019,cf,Sex Not Available,pre,type1,p1,l1,nopc,nob/c,416500,3.875,0.1642,7174.0,360.0,not_neg,not_int,not_lpsm,518000.0,sb,sr,home,1U,12000.0,CIB,662,CIB,35-44,to_inst,80.40540541,south,direct,0,35.0
159078,2019,cf,Sex Not Available,nopre,type1,p3,l1,nopc,nob/c,296500,,,,360.0,not_neg,not_int,not_lpsm,388000.0,sb,pr,home,1U,4140.0,CRIF,750,CIB,55-64,to_inst,76.41752577,south,direct,1,48.0
85532,2019,cf,Joint,pre,type1,p4,l1,nopc,nob/c,476500,2.75,-0.1396,10172.75,180.0,not_neg,not_int,not_lpsm,778000.0,sb,pr,home,1U,14760.0,CIB,707,EXP,45-54,not_inst,61.24678663,North,direct,0,20.0
77090,2019,cf,Joint,nopre,type1,p4,l1,nopc,nob/c,406500,3.25,-0.4151,5047.38,360.0,not_neg,not_int,not_lpsm,848000.0,sb,pr,home,1U,7500.0,CIB,628,EXP,55-64,not_inst,47.93632075,south,direct,0,31.0
149918,2019,cf,Joint,nopre,type1,p4,l1,nopc,nob/c,356500,3.125,-0.0718,0.0,180.0,not_neg,not_int,not_lpsm,508000.0,sb,pr,home,1U,13920.0,CIB,800,EXP,35-44,not_inst,70.17716535,south,direct,0,37.0
57029,2019,cf,Female,nopre,type2,p4,l1,nopc,b/c,146500,,,,360.0,not_neg,not_int,not_lpsm,138000.0,sb,pr,home,1U,2580.0,EXP,533,CIB,55-64,to_inst,106.1594203,central,direct,1,36.0
147500,2019,cf,Female,nopre,type2,p1,l1,nopc,b/c,156500,,,,360.0,neg_amm,not_int,not_lpsm,168000.0,sb,pr,home,1U,3300.0,CIB,809,CIB,65-74,to_inst,93.1547619,North,direct,1,46.0
70191,2019,ncf,Joint,nopre,type3,p3,l1,nopc,nob/c,666500,3.625,-0.5314,6615.5,360.0,not_neg,not_int,not_lpsm,698000.0,sb,pr,home,1U,9060.0,CIB,720,EXP,55-64,not_inst,95.48710602,North,direct,0,44.0
122196,2019,ncf,Sex Not Available,pre,type1,p3,l1,nopc,nob/c,276500,,,,360.0,not_neg,not_int,not_lpsm,708000.0,sb,pr,home,1U,8700.0,EXP,770,CIB,35-44,to_inst,39.05367232,south,direct,1,20.0
94512,2019,cf,Joint,nopre,type1,p3,l1,nopc,nob/c,166500,3.625,0.9515,5066.0,180.0,not_neg,not_int,not_lpsm,208000.0,sb,pr,home,1U,4860.0,CIB,621,EXP,35-44,to_inst,80.04807692,North,direct,0,37.0
153432,2019,cf,Joint,pre,type2,p1,l1,nopc,b/c,196500,3.99,1.1225,3094.21,360.0,not_neg,not_int,not_lpsm,198000.0,sb,pr,home,1U,6120.0,CRIF,656,EXP,25-34,to_inst,99.24242424,North,direct,0,27.0
136843,2019,,Sex Not Available,nopre,type1,p3,l1,nopc,nob/c,206500,4.375,0.9164,1530.0,180.0,not_neg,not_int,not_lpsm,348000.0,sb,pr,home,1U,5400.0,EXP,813,EXP,65-74,to_inst,59.33908046,south,direct,0,49.0
142477,2019,cf,Joint,nopre,type1,p3,l1,nopc,nob/c,266500,4.75,0.541,4400.0,360.0,not_neg,not_int,not_lpsm,328000.0,sb,pr,home,1U,3600.0,CRIF,647,EXP,25-34,to_inst,81.25,south,direct,0,47.0
34375,2019,cf,Male,nopre,type1,p1,l2,nopc,nob/c,606500,4.25,0.108,1495.0,360.0,not_neg,not_int,not_lpsm,768000.0,sb,pr,home,1U,9000.0,CRIF,522,CIB,35-44,not_inst,78.97135417,North,direct,0,36.0
115675,2019,cf,Female,nopre,type1,p3,l1,nopc,nob/c,406500,,,,180.0,not_neg,not_int,not_lpsm,538000.0,sb,pr,home,1U,12900.0,CIB,533,CIB,45-54,to_inst,75.55762082,central,direct,1,20.0
25090,2019,cf,Joint,pre,type1,p1,l1,nopc,nob/c,136500,3.5,0.3056,2882.81,360.0,not_neg,not_int,not_lpsm,138000.0,sb,pr,home,1U,2220.0,CRIF,642,EXP,25-34,to_inst,98.91304348,North,direct,0,47.0
82647,2019,cf,Joint,nopre,type1,p4,l1,nopc,nob/c,416500,3.5,-0.1039,0.0,360.0,not_neg,not_int,not_lpsm,728000.0,sb,pr,home,1U,10260.0,CRIF,623,EXP,45-54,not_inst,57.21153846,south,direct,0,20.0
74461,2019,cf,Joint,nopre,type1,p4,l1,nopc,nob/c,386500,3.75,0.2214,8918.1,360.0,not_neg,not_int,not_lpsm,498000.0,sb,pr,home,1U,7440.0,EXP,708,EXP,35-44,to_inst,77.61044177,North,direct,0,35.0
28622,2019,cf,Sex Not Available,nopre,type1,p3,l1,nopc,nob/c,296500,4.25,0.8115,6762.56,360.0,not_neg,not_int,not_lpsm,428000.0,sb,pr,home,1U,6900.0,EXP,697,CIB,55-64,to_inst,69.27570093,south,direct,0,20.0
33433,2019,cf,Sex Not Available,nopre,type1,p4,l1,nopc,nob/c,186500,4.875,0.4877,2051.63,360.0,neg_amm,not_int,not_lpsm,238000.0,sb,pr,home,1U,4380.0,CIB,860,CIB,65-74,to_inst,78.36134454,south,direct,0,42.0
93010,2019,cf,Male,nopre,type1,p4,l1,nopc,nob/c,426500,,,,360.0,not_neg,not_int,not_lpsm,468000.0,sb,pr,home,1U,5160.0,CIB,765,CIB,45-54,to_inst,91.13247863,North,direct,1,40.0
89024,2019,cf,Joint,nopre,type1,p3,l1,nopc,nob/c,206500,3.75,0.1499,2000.0,360.0,not_neg,not_int,not_lpsm,288000.0,sb,pr,home,1U,5700.0,CIB,866,EXP,45-54,not_inst,71.70138889,North,direct,0,29.0
38626,2019,cf,Male,nopre,type1,p3,l1,nopc,nob/c,246500,,,,360.0,neg_amm,not_int,not_lpsm,338000.0,sb,pr,home,1U,6300.0,CRIF,619,CIB,65-74,not_inst,72.92899408,North,direct,1,52.0
58712,2019,cf,Joint,nopre,type1,p2,l1,opc,nob/c,106500,5.49,1.212,,360.0,not_neg,int_only,not_lpsm,1388000.0,sb,pr,home,1U,4620.0,CRIF,519,EXP,65-74,to_inst,7.672910663,south,direct,0,36.0
95077,2019,cf,Female,nopre,type1,p3,l1,nopc,nob/c,566500,3.875,0.1239,1381.0,360.0,not_neg,not_int,not_lpsm,1108000.0,sb,pr,home,1U,7740.0,CIB,730,CIB,65-74,not_inst,51.12815884,North,direct,0,39.0
164953,2019,cf,Joint,nopre,type1,p4,l1,nopc,nob/c,506500,3.5,-0.1617,4152.33,360.0,not_neg,not_int,not_lpsm,858000.0,sb,pr,home,1U,12420.0,CIB,701,EXP,45-54,not_inst,59.03263403,North,direct,0,49.0
166174,2019,cf,Sex Not Available,nopre,type1,p4,l1,nopc,nob/c,296500,,,,324.0,not_neg,not_int,not_lpsm,468000.0,sb,pr,home,1U,3240.0,EXP,636,CIB,35-44,to_inst,63.35470085,south,direct,1,48.0
76944,2019,cf,Sex Not Available,nopre,type1,p4,l1,nopc,nob/c,486500,3.25,-0.1111,12753.08,360.0,not_neg,not_int,not_lpsm,618000.0,sb,pr,home,1U,12840.0,EXP,749,EXP,35-44,to_inst,78.72168285,south,direct,0,33.0
69242,2019,cf,Female,nopre,type1,p3,l1,nopc,nob/c,96500,4.99,0.899,3377.0,360.0,not_neg,not_int,not_lpsm,128000.0,sb,pr,home,1U,2100.0,CIB,536,CIB,55-64,to_inst,75.390625,North,direct,0,36.0
78268,2019,cf,Joint,nopre,type1,p3,l1,nopc,nob/c,416500,4.125,0.4943,0.0,360.0,not_neg,not_int,not_lpsm,528000.0,sb,pr,home,1U,9540.0,CIB,534,EXP,25-34,not_inst,78.88257576,North,direct,0,25.0
153679,2019,cf,Joint,nopre,type1,p4,l1,nopc,nob/c,306500,3.625,0.2042,9008.75,300.0,not_neg,not_int,not_lpsm,548000.0,sb,pr,home,1U,6420.0,CIB,865,EXP,65-74,to_inst,55.93065693,North,direct,0,45.0
92090,2019,cf,Joint,nopre,type1,p4,l1,nopc,nob/c,516500,3.75,0.022,0.0,360.0,not_neg,not_int,not_lpsm,908000.0,sb,pr,home,1U,6180.0,EXP,643,EXP,55-64,not_inst,56.88325991,North,direct,0,39.0
51530,2019,cf,Joint,nopre,type1,p4,l1,nopc,nob/c,596500,,,,360.0,not_neg,not_int,lpsm,758000.0,sb,pr,home,1U,10620.0,CRIF,738,EXP,35-44,not_inst,78.6939314,North,direct,1,36.0
89157,2019,cf,Female,nopre,type1,p4,l1,nopc,nob/c,286500,3.25,-0.0326,10273.0,360.0,not_neg,not_int,not_lpsm,488000.0,sb,pr,home,1U,7080.0,CIB,626,CIB,65-74,to_inst,58.70901639,North,direct,0,29.0
121675,2019,cf,Male,nopre,type1,p3,l1,nopc,nob/c,116500,3.5,0.9856,4794.5,120.0,not_neg,not_int,not_lpsm,248000.0,sb,pr,home,1U,7620.0,CIB,725,CIB,55-64,to_inst,46.97580645,south,direct,0,31.0
115673,2019,cf,Joint,nopre,type1,p3,l1,nopc,nob/c,326500,4.125,0.6619,8085.32,360.0,not_neg,not_int,not_lpsm,408000.0,sb,pr,home,1U,6060.0,EXP,516,EXP,45-54,not_inst,80.0245098,North,direct,0,41.0
130193,2019,cf,Male,nopre,type1,p3,l1,nopc,nob/c,106500,3.99,1.1682,3087.5,240.0,neg_amm,not_int,not_lpsm,858000.0,sb,pr,home,1U,14160.0,CIB,689,CIB,45-54,to_inst,12.41258741,North,direct,0,8.0
101517,2019,cf,Female,nopre,type1,p3,l1,nopc,nob/c,336500,4.99,0.599,2445.0,360.0,neg_amm,not_int,not_lpsm,1328000.0,sb,ir,home,1U,10440.0,EXP,685,CIB,55-64,to_inst,25.33885542,North,direct,0,38.0
84686,2019,cf,Joint,nopre,type1,p1,l1,nopc,nob/c,356500,3.625,0.2242,6905.25,360.0,not_neg,not_int,not_lpsm,378000.0,sb,pr,home,1U,5460.0,CRIF,682,EXP,35-44,to_inst,94.31216931,North,direct,0,49.0
78656,2019,cf,Joint,nopre,type1,p3,l1,nopc,nob/c,206500,4.75,0.349,950.0,360.0,not_neg,not_int,not_lpsm,358000.0,sb,ir,home,1U,8880.0,CRIF,725,EXP,45-54,not_inst,57.68156425,North,direct,0,37.0
168913,2019,cf,Joint,nopre,type1,p4,l1,nopc,nob/c,366500,3.875,0.1195,671.4,360.0,not_neg,not_int,not_lpsm,458000.0,sb,pr,home,1U,6120.0,CIB,685,EXP,25-34,not_inst,80.02183406,North,direct,0,36.0
75140,2019,cf,Joint,nopre,type1,p3,l1,nopc,nob/c,526500,,,,360.0,not_neg,not_int,not_lpsm,908000.0,sb,pr,home,1U,8160.0,CRIF,819,EXP,55-64,not_inst,57.9845815,North,direct,1,44.0
79774,2019,cf,Joint,nopre,type1,p3,l1,nopc,nob/c,306500,,,,360.0,not_neg,not_int,not_lpsm,558000.0,sb,ir,home,1U,1740.0,CRIF,589,EXP,65-74,to_inst,54.92831541,North,direct,1,20.0
45019,2019,cf,Male,pre,type3,p1,l1,nopc,nob/c,76500,3.99,0.7364,2302.88,360.0,not_neg,not_int,not_lpsm,198000.0,sb,pr,home,1U,2640.0,CIB,554,CIB,>74,to_inst,38.63636364,North,direct,0,22.0
118368,2019,cf,Joint,pre,type3,p1,l1,nopc,nob/c,386500,3.375,-0.5866,4347.5,360.0,not_neg,not_int,not_lpsm,408000.0,sb,pr,home,1U,6840.0,CRIF,540,EXP,45-54,to_inst,94.73039216,North,direct,0,42.0
151291,2019,cf,Female,nopre,type1,p3,l1,nopc,nob/c,436500,4.625,0.0969,,360.0,not_neg,not_int,not_lpsm,738000.0,sb,pr,home,1U,5580.0,CRIF,761,CIB,45-54,to_inst,59.14634146,North,direct,0,44.0
159783,2019,cf,Male,pre,type1,p4,l1,nopc,nob/c,336500,4.625,0.9547,5923.5,360.0,not_neg,not_int,not_lpsm,418000.0,sb,pr,home,1U,5160.0,EXP,878,CIB,35-44,not_inst,80.50239234,North,direct,0,43.0
127116,2019,cf,Male,,type1,p3,l1,nopc,nob/c,166500,,,,240.0,not_neg,not_int,not_lpsm,228000.0,sb,pr,home,1U,5940.0,EXP,525,CIB,45-54,to_inst,73.02631579,North,direct,1,30.0
40814,2019,cf,Female,nopre,type1,p4,l1,nopc,nob/c,426500,3.99,0.4624,1633.5,360.0,not_neg,not_int,not_lpsm,538000.0,sb,pr,home,1U,6660.0,CRIF,638,EXP,25-34,not_inst,79.27509294,North,direct,0,39.0
99299,2019,cf,Male,nopre,type1,p4,l1,nopc,nob/c,426500,3.625,0.2431,6500.0,360.0,not_neg,not_int,not_lpsm,478000.0,sb,pr,home,1U,8220.0,EXP,802,CIB,45-54,not_inst,89.22594142,North,direct,0,49.0
42241,2019,cf,Joint,nopre,type1,p4,l1,nopc,nob/c,276500,3.99,0.2438,2815.6,180.0,not_neg,not_int,not_lpsm,1108000.0,sb,pr,home,1U,7500.0,CRIF,847,EXP,55-64,to_inst,24.95487365,North,direct,0,36.0
31552,2019,ncf,Sex Not Available,pre,type3,p3,l1,nopc,nob/c,186500,,,,360.0,not_neg,not_int,not_lpsm,208000.0,sb,pr,home,1U,5280.0,CIB,890,CIB,65-74,to_inst,89.66346154,south,direct,1,43.0
155854,2019,cf,Joint,nopre,type1,p1,l1,nopc,nob/c,446500,4.625,0.1952,1150.0,360.0,neg_amm,not_int,not_lpsm,558000.0,sb,pr,home,1U,10440.0,CIB,898,EXP,35-44,to_inst,80.01792115,North,direct,0,27.0
38397,2019,cf,Female,nopre,type2,p1,l1,nopc,b/c,486500,3.125,0.3133,912.04,360.0,not_neg,int_only,not_lpsm,498000.0,sb,pr,home,1U,6120.0,CRIF,646,EXP,35-44,not_inst,97.69076305,central,direct,0,54.0
31730,2019,cf,Joint,pre,type1,p1,l1,nopc,nob/c,596500,4.25,-0.148,0.0,360.0,not_neg,not_int,not_lpsm,988000.0,sb,pr,home,1U,10080.0,CRIF,510,EXP,45-54,not_inst,60.37449393,North,direct,0,42.0
64617,2019,cf,Male,nopre,type1,p3,l1,nopc,nob/c,476500,,,,360.0,neg_amm,not_int,not_lpsm,808000.0,sb,pr,home,1U,4680.0,CIB,847,CIB,55-64,to_inst,58.97277228,south,direct,1,43.0
168184,2019,cf,Male,nopre,type1,p1,l2,nopc,nob/c,136500,4.99,0.9665,2323.0,360.0,not_neg,not_int,not_lpsm,168000.0,sb,pr,home,1U,2040.0,CIB,513,CIB,55-64,not_inst,81.25,North,direct,0,30.0
59014,2019,cf,Male,nopre,type1,p3,l1,nopc,nob/c,116500,3.125,0.5951,3312.5,180.0,not_neg,not_int,not_lpsm,268000.0,sb,pr,home,1U,2400.0,CRIF,541,CIB,45-54,to_inst,43.47014925,North,direct,0,50.0
77767,2019,cf,Joint,nopre,type1,p4,l1,nopc,nob/c,306500,3.625,0.3659,5050.0,180.0,not_neg,not_int,not_lpsm,338000.0,sb,pr,home,1U,5340.0,CIB,674,EXP,65-74,to_inst,90.68047337,North,direct,0,58.0
46897,2019,cf,Male,nopre,type1,p4,l1,nopc,nob/c,286500,,,,360.0,not_neg,not_int,not_lpsm,368000.0,sb,pr,home,1U,11220.0,CRIF,895,CIB,65-74,to_inst,77.85326087,North,direct,1,29.0
149743,2019,cf,Male,nopre,type1,p4,l1,nopc,nob/c,286500,4.75,0.2715,0.0,360.0,neg_amm,not_int,not_lpsm,398000.0,sb,ir,home,1U,6900.0,EXP,739,CIB,25-34,not_inst,71.98492462,south,direct,0,36.0
58319,2019,cf,Sex Not Available,pre,type1,p3,l1,nopc,nob/c,266500,3.625,0.2842,8725.0,360.0,not_neg,not_int,not_lpsm,488000.0,sb,pr,home,1U,7020.0,EXP,601,EXP,65-74,to_inst,54.61065574,south,direct,0,27.0
143628,2019,cf,Sex Not Available,nopre,type1,p4,l1,nopc,nob/c,306500,3.99,0.5174,3175.94,360.0,not_neg,not_int,not_lpsm,458000.0,sb,pr,home,1U,3780.0,CRIF,888,EXP,65-74,to_inst,66.92139738,south,direct,0,46.0
160349,2019,cf,Sex Not Available,pre,type1,p3,l1,nopc,nob/c,306500,,,,360.0,not_neg,not_int,not_lpsm,808000.0,sb,pr,home,1U,5280.0,CRIF,883,EXP,55-64,to_inst,37.93316832,south,direct,1,37.0
76395,2019,cf,Female,nopre,type1,p3,l1,nopc,nob/c,246500,4.75,0.3648,4774.0,360.0,neg_amm,not_int,not_lpsm,308000.0,sb,pr,home,1U,3060.0,EXP,792,CIB,45-54,to_inst,80.03246753,central,direct,0,48.0
45125,2019,cf,Female,nopre,type1,p4,l1,nopc,nob/c,486500,3.875,0.1151,427.47,360.0,not_neg,int_only,not_lpsm,688000.0,sb,pr,home,1U,5040.0,CIB,587,CIB,55-64,not_inst,70.7122093,south,direct,0,47.0
89701,2019,cf,Sex Not Available,nopre,type1,p3,l1,nopc,nob/c,726500,4.875,0.8918,12124.19,360.0,not_neg,not_int,not_lpsm,1358000.0,sb,pr,home,1U,8760.0,CRIF,544,CIB,55-64,to_inst,53.49779087,south,direct,0,44.0
145257,2019,cf,Joint,nopre,type1,p1,l1,nopc,nob/c,246500,,,,360.0,not_neg,not_int,not_lpsm,358000.0,sb,pr,home,1U,4620.0,CIB,547,EXP,55-64,to_inst,68.8547486,North,direct,1,45.0
49599,2019,cf,Sex Not Available,nopre,type1,p4,l1,nopc,nob/c,146500,4.25,1.0464,3758.02,324.0,not_neg,not_int,not_lpsm,168000.0,sb,pr,home,1U,3120.0,CRIF,580,CIB,25-34,to_inst,87.20238095,south,direct,0,40.0
95884,2019,ncf,Male,nopre,type1,p1,l2,nopc,nob/c,806500,,,,300.0,neg_amm,not_int,not_lpsm,958000.0,sb,pr,home,1U,9060.0,CRIF,648,CIB,25-34,not_inst,84.18580376,south,direct,1,45.0
75453,2019,cf,Male,nopre,type1,p1,l1,nopc,nob/c,566500,4.375,0.7752,100.0,360.0,not_neg,not_int,not_lpsm,618000.0,sb,pr,home,1U,7260.0,CRIF,756,CIB,35-44,to_inst,91.66666667,North,direct,0,33.0
67267,2019,cf,Male,nopre,type1,p4,l1,nopc,nob/c,576500,3.875,0.6545,11000.0,360.0,not_neg,not_int,not_lpsm,618000.0,sb,pr,home,1U,11940.0,CIB,545,EXP,25-34,not_inst,93.28478964,south,direct,0,33.0
26089,2019,cf,Sex Not Available,nopre,type1,p3,l1,nopc,nob/c,106500,4.375,0.2614,3098.2,360.0,neg_amm,not_int,not_lpsm,188000.0,sb,pr,home,1U,1380.0,CIB,626,CIB,65-74,to_inst,56.64893617,south,direct,0,49.0
45389,2019,cf,Sex Not Available,nopre,type2,p3,l1,nopc,b/c,166500,4.5,1.1748,1692.56,360.0,not_neg,not_int,not_lpsm,198000.0,sb,pr,home,1U,6240.0,CRIF,821,CIB,65-74,to_inst,84.09090909,south,direct,0,38.0
120851,2019,cf,Male,nopre,type1,p1,l1,nopc,nob/c,466500,3.625,-0.1554,1442.1,360.0,not_neg,not_int,not_lpsm,778000.0,sb,pr,home,1U,5760.0,EXP,621,CIB,35-44,not_inst,59.96143959,south,direct,0,42.0
144780,2019,cf,Joint,nopre,type1,p1,l1,nopc,nob/c,636500,4.5,0.1318,0.0,360.0,not_neg,not_int,not_lpsm,848000.0,sb,pr,home,1U,27660.0,CRIF,657,EXP,65-74,to_inst,75.05896226,North,direct,0,25.0
171430,2019,cf,Female,pre,type1,p1,l1,nopc,nob/c,466500,3.75,0.0754,4645.5,360.0,not_neg,not_int,not_lpsm,488000.0,sb,pr,home,1U,9780.0,CRIF,701,EXP,35-44,to_inst,95.5942623,North,direct,0,37.0
70761,2019,ncf,Sex Not Available,pre,type1,p3,l1,nopc,nob/c,346500,,,,360.0,not_neg,not_int,not_lpsm,448000.0,sb,pr,home,1U,3780.0,CRIF,741,CIB,45-54,to_inst,77.34375,south,direct,1,44.0
62412,2019,cf,Male,nopre,type1,p3,l1,nopc,nob/c,556500,,,,360.0,not_neg,not_int,not_lpsm,1308000.0,sb,pr,home,1U,5520.0,EXP,857,CIB,25-34,not_inst,42.54587156,south,direct,1,12.0
114729,2019,cf,Sex Not Available,nopre,type1,p4,l1,nopc,nob/c,256500,,,,360.0,not_neg,not_int,lpsm,258000.0,sb,pr,home,1U,8220.0,CIB,565,EXP,35-44,to_inst,99.41860465,south,direct,1,34.0
28679,2019,cf,Sex Not Available,nopre,type1,p3,l1,nopc,nob/c,326500,3.75,0.3547,10793.55,360.0,not_neg,not_int,not_lpsm,428000.0,sb,pr,home,1U,3420.0,CIB,722,EXP,65-74,to_inst,76.28504673,south,direct,0,40.0
121943,2019,cf,Male,pre,type1,p1,l1,nopc,nob/c,206500,3.99,0.6595,3473.75,360.0,not_neg,not_int,not_lpsm,218000.0,sb,pr,home,1U,10200.0,CIB,604,CIB,35-44,to_inst,94.72477064,North,direct,0,9.0
159102,2019,cf,Male,nopre,type1,p3,l1,nopc,nob/c,156500,,,,180.0,neg_amm,not_int,not_lpsm,228000.0,sb,pr,home,1U,3060.0,CIB,596,CIB,45-54,to_inst,68.64035088,North,direct,1,60.0
166211,2019,cf,Sex Not Available,nopre,type1,p4,l1,nopc,nob/c,236500,4.25,0.68,3835.97,180.0,not_neg,not_int,not_lpsm,288000.0,sb,pr,home,1U,5520.0,CIB,839,CIB,45-54,to_inst,82.11805556,south,direct,0,37.0
35803,2019,cf,Sex Not Available,pre,type2,p3,l1,nopc,b/c,136500,,,,360.0,not_neg,not_int,not_lpsm,168000.0,sb,pr,home,1U,4800.0,EXP,628,CIB,35-44,to_inst,81.25,south,direct,1,31.0
142169,2019,cf,Joint,nopre,type1,p3,l1,nopc,nob/c,306500,4.125,0.1583,141.0,360.0,not_neg,not_int,not_lpsm,608000.0,sb,pr,home,1U,3540.0,EXP,625,EXP,55-64,not_inst,50.41118421,North,direct,0,48.0
148265,2019,cf,Male,nopre,type1,p3,l1,nopc,nob/c,486500,4.5,0.2905,5993.5,360.0,not_neg,not_int,not_lpsm,638000.0,sb,pr,home,1U,9420.0,EXP,649,CIB,45-54,to_inst,76.2539185,south,direct,0,32.0
68186,2019,cf,Male,nopre,type1,p1,l1,nopc,nob/c,226500,,,,360.0,not_neg,not_int,not_lpsm,228000.0,sb,pr,home,1U,4740.0,CIB,871,CIB,25-34,to_inst,99.34210526,North,direct,1,37.0
88813,2019,cf,Female,nopre,type1,p1,l1,nopc,nob/c,376500,3.875,0.5499,10096.0,360.0,not_neg,not_int,not_lpsm,418000.0,sb,sr,home,1U,12900.0,EXP,669,CIB,65-74,not_inst,90.07177033,North,direct,0,41.0
83481,2019,cf,Female,nopre,type1,p1,l1,nopc,nob/c,386500,3.99,0.5357,782.47,360.0,not_neg,not_int,not_lpsm,408000.0,sb,pr,home,1U,5100.0,CRIF,668,CIB,45-54,not_inst,94.73039216,south,direct,0,32.0
117133,2019,cf,Sex Not Available,nopre,type1,p3,l1,nopc,nob/c,506500,3.175,-0.3201,0.0,360.0,not_neg,not_int,not_lpsm,1208000.0,sb,sr,home,1U,19740.0,EXP,517,EXP,65-74,to_inst,41.92880795,south,direct,0,30.0
115061,2019,cf,Sex Not Available,nopre,type1,p4,l1,nopc,nob/c,276500,3.625,0.2024,10077.5,324.0,not_neg,not_int,not_lpsm,358000.0,sb,pr,home,1U,5880.0,EXP,650,EXP,35-44,to_inst,77.23463687,south,direct,0,49.0
104704,2019,cf,Female,nopre,type1,p4,l1,nopc,nob/c,556500,3.75,0.1847,9521.75,360.0,not_neg,not_int,not_lpsm,838000.0,sb,pr,home,1U,10560.0,EXP,631,EXP,35-44,to_inst,66.40811456,central,direct,0,26.0
73331,2019,cf,Male,nopre,type1,p3,l1,nopc,nob/c,496500,4.99,0.8526,8210.0,360.0,not_neg,not_int,not_lpsm,648000.0,sb,pr,home,1U,8820.0,EXP,878,CIB,45-54,to_inst,76.62037037,south,direct,0,36.0
61943,2019,cf,Joint,pre,type1,p1,l1,nopc,nob/c,256500,3.625,-0.2026,1903.1,360.0,not_neg,not_int,not_lpsm,888000.0,sb,pr,home,1U,9240.0,CRIF,630,EXP,55-64,not_inst,28.88513514,North,direct,0,47.0
106194,2019,cf,Female,nopre,type1,p3,l1,nopc,nob/c,166500,,,,360.0,not_neg,not_int,not_lpsm,128000.0,sb,ir,home,1U,5040.0,CRIF,699,CIB,65-74,not_inst,130.078125,central,direct,1,36.0
141613,2019,cf,Joint,nopre,type2,p3,l1,nopc,b/c,196500,4.375,1.1371,3059.2,360.0,not_neg,not_int,not_lpsm,228000.0,sb,pr,home,1U,6420.0,CIB,565,EXP,55-64,to_inst,86.18421053,North,direct,0,47.0
98353,2019,cf,Joint,nopre,type1,p1,l1,nopc,nob/c,496500,4.375,0.5933,2734.4,360.0,not_neg,not_int,not_lpsm,588000.0,sb,pr,home,1U,10200.0,CIB,619,EXP,35-44,not_inst,84.43877551,North,direct,0,44.0
77809,2019,cf,Sex Not Available,pre,type2,p3,l1,nopc,b/c,396500,,,,360.0,neg_amm,not_int,not_lpsm,568000.0,sb,pr,home,1U,5400.0,CRIF,719,EXP,55-64,to_inst,69.80633803,south,direct,1,42.0
93393,2019,cf,Female,nopre,type1,p1,l1,nopc,nob/c,436500,3.69,0.0623,2109.28,360.0,not_neg,not_int,not_lpsm,488000.0,sb,pr,home,1U,12840.0,CIB,697,CIB,35-44,not_inst,89.44672131,North,direct,0,34.0
146054,2019,cf,Sex Not Available,nopre,type1,p3,l1,nopc,nob/c,146500,4.75,1.2343,3428.35,180.0,not_neg,not_int,not_lpsm,228000.0,sb,pr,home,1U,5760.0,CRIF,802,EXP,45-54,to_inst,64.25438596,south,direct,0,43.0
44115,2019,cf,Joint,nopre,type1,p3,l1,nopc,nob/c,136500,3.875,0.5252,4010.0,360.0,neg_amm,not_int,not_lpsm,238000.0,sb,pr,home,1U,3780.0,CRIF,890,EXP,65-74,to_inst,57.35294118,North,direct,0,23.0
127281,2019,cf,Male,nopre,type1,p4,l2,nopc,nob/c,136500,,,,324.0,not_neg,not_int,not_lpsm,238000.0,sb,pr,home,1U,2940.0,CRIF,743,CIB,35-44,to_inst,57.35294118,North,direct,1,52.0
171903,2019,cf,Male,nopre,type1,p1,l1,nopc,nob/c,346500,4.56,0.4156,1282.5,360.0,neg_amm,not_int,not_lpsm,368000.0,sb,pr,home,1U,6900.0,CIB,798,CIB,25-34,to_inst,94.1576087,North,direct,0,41.0
125283,2019,cf,Joint,nopre,type1,p4,l2,nopc,nob/c,506500,4.0,-0.038,4843.4,360.0,not_neg,not_int,not_lpsm,658000.0,sb,pr,home,1U,11700.0,CIB,644,EXP,55-64,not_inst,76.97568389,central,direct,0,44.0
89120,2019,cf,Joint,nopre,type1,p1,l1,nopc,nob/c,556500,3.875,0.2136,156.56,360.0,not_neg,not_int,not_lpsm,748000.0,sb,pr,home,1U,12660.0,CIB,738,EXP,55-64,not_inst,74.39839572,North,direct,0,30.0
43213,2019,cf,Sex Not Available,nopre,type1,p4,l1,nopc,nob/c,256500,,,,360.0,not_neg,not_int,not_lpsm,288000.0,sb,pr,home,1U,3420.0,CRIF,621,CIB,55-64,to_inst,89.0625,south,direct,1,44.0
112129,2019,cf,Male,nopre,type1,p4,l1,nopc,nob/c,156500,3.875,0.4072,2881.13,180.0,not_neg,not_int,not_lpsm,288000.0,sb,pr,home,1U,2940.0,CRIF,594,CIB,55-64,to_inst,54.34027778,south,direct,0,37.0
30766,2019,cf,Sex Not Available,nopre,type1,p3,l1,nopc,nob/c,156500,3.99,0.4664,4355.63,360.0,not_neg,not_int,not_lpsm,298000.0,sb,pr,home,1U,2040.0,EXP,759,CIB,55-64,to_inst,52.51677852,south,direct,0,43.0
78755,2019,cf,Sex Not Available,nopre,type1,p4,l1,nopc,nob/c,466500,3.75,0.6149,0.0,180.0,not_neg,not_int,not_lpsm,588000.0,sb,pr,home,1U,11700.0,CIB,605,CIB,25-34,to_inst,79.33673469,south,direct,0,30.0
79579,2019,cf,Joint,nopre,type1,p1,l1,nopc,nob/c,486500,4.375,0.3278,6162.2,360.0,not_neg,not_int,not_lpsm,528000.0,sb,pr,home,1U,11160.0,CRIF,587,EXP,25-34,not_inst,92.14015152,North,direct,0,22.0
132486,2019,cf,Sex Not Available,nopre,type1,p1,l1,nopc,nob/c,696500,3.99,-0.148,513.81,360.0,not_neg,not_int,not_lpsm,958000.0,sb,pr,home,1U,12360.0,CIB,759,EXP,35-44,not_inst,72.70354906,south,direct,0,37.0
171857,2019,cf,Joint,pre,type1,p4,l1,nopc,nob/c,346500,,,,360.0,not_neg,not_int,not_lpsm,388000.0,sb,pr,home,1U,4860.0,CRIF,666,EXP,25-34,not_inst,89.30412371,North,direct,1,47.0
70230,2019,cf,Joint,pre,type2,p1,l1,nopc,b/c,156500,3.25,0.5805,5315.63,360.0,not_neg,not_int,not_lpsm,188000.0,sb,pr,home,1U,2100.0,EXP,684,EXP,55-64,to_inst,83.24468085,North,direct,0,39.0
121835,2019,cf,Female,nopre,type1,p3,l1,nopc,nob/c,316500,3.875,0.2837,7450.0,360.0,not_neg,not_int,not_lpsm,548000.0,sb,pr,home,1U,3900.0,EXP,774,CIB,45-54,to_inst,57.75547445,south,direct,0,44.0
29894,2019,cf,Joint,nopre,type1,p3,l1,nopc,nob/c,386500,4.0,0.2272,0.0,360.0,not_neg,int_only,not_lpsm,548000.0,sb,pr,home,1U,7440.0,EXP,510,EXP,35-44,not_inst,70.52919708,North,direct,0,26.0
123103,2019,cf,Sex Not Available,nopre,type2,p3,l2,nopc,b/c,246500,4.75,1.0645,0.0,360.0,not_neg,not_int,not_lpsm,288000.0,sb,pr,home,1U,9900.0,EXP,649,EXP,45-54,to_inst,85.59027778,south,direct,0,51.0
51200,2019,cf,Joint,nopre,type1,p1,l1,nopc,nob/c,236500,4.18,0.543,0.0,360.0,not_neg,int_only,not_lpsm,238000.0,sb,pr,home,1U,5520.0,EXP,536,EXP,25-34,not_inst,99.3697479,North,direct,0,26.0
150009,2019,cf,Joint,pre,type1,p1,l1,nopc,nob/c,286500,3.375,0.6611,6766.49,180.0,not_neg,not_int,not_lpsm,298000.0,sb,pr,home,1U,7320.0,CIB,523,EXP,35-44,to_inst,96.1409396,North,direct,0,41.0
76625,2019,cf,Male,pre,type3,p3,l1,nopc,nob/c,286500,4.25,-0.1978,0.0,360.0,not_neg,not_int,not_lpsm,288000.0,sb,pr,home,1U,6720.0,EXP,581,EXP,45-54,to_inst,99.47916667,North,direct,0,58.0
169224,2019,cf,Sex Not Available,nopre,type1,p2,l1,nopc,nob/c,86500,3.99,0.857,3909.5,360.0,not_neg,not_int,not_lpsm,128000.0,sb,pr,home,1U,1620.0,CIB,615,EXP,45-54,to_inst,67.578125,south,direct,0,41.0
141216,2019,cf,Female,nopre,type1,p3,l1,nopc,nob/c,126500,,,,360.0,not_neg,not_int,not_lpsm,378000.0,sb,pr,home,1U,1200.0,CRIF,715,CIB,>74,to_inst,33.46560847,central,direct,1,45.0
57618,2019,cf,Sex Not Available,nopre,type3,p3,l1,nopc,nob/c,76500,3.25,1.1874,3226.91,180.0,not_neg,not_int,not_lpsm,88000.0,sb,pr,home,1U,5280.0,CIB,640,EXP,55-64,to_inst,86.93181818,south,direct,0,24.0
122304,2019,cf,Female,pre,type1,p1,l1,nopc,nob/c,146500,4.875,1.0623,1988.0,360.0,neg_amm,not_int,not_lpsm,168000.0,sb,pr,home,1U,4140.0,CRIF,762,CIB,35-44,to_inst,87.20238095,North,direct,0,28.0
116834,2019,cf,Female,nopre,type1,p4,l1,nopc,nob/c,406500,3.625,0.1002,2082.8,360.0,not_neg,int_only,not_lpsm,528000.0,sb,pr,home,1U,3780.0,CRIF,705,CIB,25-34,not_inst,76.98863636,North,direct,0,48.0
106615,2019,cf,Female,pre,type1,p3,l1,nopc,nob/c,326500,4.56,0.8698,3450.0,360.0,not_neg,not_int,not_lpsm,408000.0,sb,pr,home,1U,3300.0,CIB,886,CIB,65-74,not_inst,80.0245098,south,direct,0,43.0
152107,2019,cf,Male,nopre,type1,p3,l1,nopc,nob/c,116500,4.25,0.8789,3286.25,120.0,not_neg,not_int,not_lpsm,208000.0,sb,pr,home,1U,7440.0,CRIF,704,CIB,55-64,to_inst,56.00961538,North,direct,0,30.0
152435,2019,cf,Female,pre,type2,p3,l1,nopc,b/c,266500,4.625,1.2932,1687.09,360.0,not_neg,not_int,not_lpsm,628000.0,sb,pr,home,1U,6060.0,CIB,574,CIB,45-54,to_inst,42.43630573,central,direct,0,20.0
54113,2019,cf,Joint,nopre,type1,p3,l1,nopc,nob/c,156500,4.5,0.666,3672.5,360.0,neg_amm,not_int,not_lpsm,218000.0,sb,pr,home,1U,4440.0,CIB,642,EXP,55-64,to_inst,71.78899083,North,direct,0,28.0
27111,2019,cf,Joint,nopre,type1,p4,l1,nopc,nob/c,396500,3.875,0.2572,6580.14,336.0,neg_amm,not_int,not_lpsm,468000.0,sb,pr,home,1U,8940.0,CIB,602,EXP,45-54,to_inst,84.72222222,North,direct,0,35.0
145010,2019,cf,Joint,nopre,type1,p4,l1,nopc,nob/c,676500,4.5,0.3355,0.0,360.0,not_neg,not_int,not_lpsm,918000.0,sb,pr,home,1U,7800.0,CIB,669,EXP,35-44,not_inst,73.69281046,North,direct,0,46.0
149650,2019,cf,Sex Not Available,nopre,type1,p3,l1,nopc,nob/c,196500,4.25,1.3971,3675.0,240.0,not_neg,int_only,not_lpsm,268000.0,sb,pr,home,1U,3960.0,EXP,702,CIB,65-74,to_inst,73.32089552,south,direct,0,41.0
166959,2019,cf,Male,nopre,type1,p4,l1,nopc,nob/c,236500,3.75,0.3161,7151.88,360.0,not_neg,not_int,not_lpsm,328000.0,sb,pr,home,1U,6840.0,CIB,796,EXP,55-64,to_inst,72.10365854,North,direct,0,25.0
70327,2019,cf,Joint,nopre,type1,p3,l1,nopc,nob/c,166500,4.5,1.1322,4250.0,360.0,not_neg,not_int,not_lpsm,248000.0,sb,pr,home,1U,2040.0,CIB,660,EXP,55-64,to_inst,67.13709677,North,direct,0,47.0
92702,2019,cf,Male,,type1,p2,l1,nopc,nob/c,106500,4.375,0.0868,276.82,360.0,not_neg,not_int,not_lpsm,908000.0,sb,pr,home,1U,7200.0,CRIF,648,CIB,35-44,not_inst,11.72907489,south,direct,0,42.0
71418,2019,cf,Sex Not Available,nopre,type2,p3,l2,nopc,b/c,516500,4.625,1.1802,2505.37,360.0,not_neg,not_int,not_lpsm,608000.0,sb,pr,home,1U,6300.0,CIB,509,CIB,35-44,to_inst,84.95065789,south,direct,0,61.0
58197,2019,cf,Sex Not Available,pre,type3,p3,l1,nopc,nob/c,196500,3.99,0.5847,5241.5,360.0,not_neg,not_int,not_lpsm,208000.0,sb,pr,home,1U,3300.0,CRIF,583,CIB,35-44,to_inst,94.47115385,south,direct,0,42.0
151922,2019,,Sex Not Available,nopre,type1,p3,l1,nopc,nob/c,176500,,,,360.0,not_neg,not_int,not_lpsm,228000.0,sb,pr,home,1U,3480.0,CRIF,580,CIB,65-74,to_inst,77.4122807,south,direct,1,43.0
36518,2019,cf,Female,nopre,type1,p1,l1,nopc,nob/c,216500,4.5,0.5034,5000.0,360.0,not_neg,not_int,not_lpsm,228000.0,sb,pr,home,1U,3360.0,CRIF,597,CIB,35-44,not_inst,94.95614035,North,direct,0,43.0
113593,2019,cf,Joint,pre,type1,p3,l1,nopc,nob/c,176500,3.875,0.4292,3881.25,360.0,not_neg,not_int,not_lpsm,298000.0,sb,pr,home,1U,2340.0,CIB,687,EXP,65-74,to_inst,59.22818792,North,direct,0,36.0
158339,2019,cf,Joint,nopre,type1,p4,l1,nopc,nob/c,516500,3.69,-0.0938,261.6,360.0,not_neg,not_int,not_lpsm,708000.0,sb,pr,home,1U,7800.0,EXP,532,EXP,35-44,not_inst,72.9519774,south,direct,0,30.0
59364,2019,cf,Joint,nopre,type1,p4,l1,nopc,nob/c,676500,4.125,0.6133,0.0,360.0,not_neg,not_int,not_lpsm,2268000.0,sb,pr,home,1U,6300.0,EXP,585,EXP,65-74,not_inst,29.82804233,North,direct,0,44.0
92963,2019,cf,Sex Not Available,nopre,type1,p3,l1,nopc,nob/c,306500,3.875,0.1502,0.0,360.0,not_neg,not_int,not_lpsm,708000.0,sb,pr,home,1U,4860.0,CIB,834,EXP,55-64,not_inst,43.29096045,North,direct,0,45.0
84428,2019,cf,Female,nopre,type2,p1,l1,nopc,b/c,176500,4.25,0.9048,3635.65,360.0,not_neg,not_int,not_lpsm,178000.0,sb,pr,home,1U,3120.0,CIB,699,CIB,25-34,to_inst,99.15730337,North,direct,0,42.0
168731,2019,cf,Sex Not Available,nopre,type2,p3,l1,nopc,b/c,356500,4.99,1.3663,2285.43,360.0,neg_amm,not_int,not_lpsm,428000.0,sb,pr,home,1U,6360.0,CIB,568,EXP,45-54,to_inst,83.29439252,south,direct,0,39.0
59841,2019,cf,Male,nopre,type1,p1,l1,nopc,nob/c,306500,3.875,0.0139,483.0,360.0,neg_amm,not_int,not_lpsm,748000.0,sb,pr,home,1U,6000.0,EXP,782,CIB,45-54,not_inst,40.97593583,south,direct,0,28.0
170626,2019,cf,Female,nopre,type1,p4,l1,nopc,nob/c,156500,3.99,0.5132,3542.0,360.0,not_neg,not_int,not_lpsm,218000.0,sb,pr,home,1U,3180.0,CIB,660,CIB,35-44,to_inst,71.78899083,North,direct,0,36.0
44889,2019,cf,Sex Not Available,nopre,type1,p4,l1,nopc,nob/c,376500,4.0,0.0042,1748.75,360.0,not_neg,not_int,not_lpsm,458000.0,sb,pr,home,1U,4140.0,CIB,821,CIB,35-44,not_inst,82.20524017,south,direct,0,43.0
25544,2019,cf,Sex Not Available,nopre,type1,p3,l1,nopc,nob/c,456500,4.25,0.5929,4979.25,240.0,neg_amm,not_int,not_lpsm,538000.0,sb,pr,home,1U,6780.0,CIB,769,CIB,55-64,to_inst,84.85130112,south,direct,0,42.0
45946,2019,cf,Female,nopre,type1,p4,l1,nopc,nob/c,386500,4.125,0.4552,5099.46,360.0,not_neg,not_int,not_lpsm,598000.0,sb,pr,home,1U,3600.0,CRIF,695,CIB,55-64,to_inst,64.63210702,south,direct,0,44.0
47731,2019,cf,Male,nopre,type1,p3,l1,nopc,nob/c,206500,3.75,0.6099,1100.0,180.0,not_neg,not_int,not_lpsm,788000.0,sb,pr,home,1U,7620.0,EXP,796,CIB,55-64,to_inst,26.20558376,south,direct,0,25.0
25227,2019,cf,Male,nopre,type1,p4,l1,nopc,nob/c,266500,3.99,0.5849,2932.5,300.0,not_neg,not_int,not_lpsm,318000.0,sb,pr,home,1U,7200.0,EXP,652,CIB,35-44,to_inst,83.80503145,North,direct,0,31.0
70455,2019,cf,Sex Not Available,nopre,type1,p4,l1,nopc,nob/c,356500,4.125,0.6748,12794.0,324.0,not_neg,not_int,not_lpsm,408000.0,sb,pr,home,1U,5340.0,EXP,727,EXP,35-44,to_inst,87.37745098,south,direct,0,42.0
62408,2019,cf,Male,nopre,type1,p3,l1,nopc,nob/c,486500,3.75,0.1456,0.0,360.0,not_neg,not_int,not_lpsm,1008000.0,sb,pr,home,1U,5100.0,CIB,695,CIB,25-34,not_inst,48.26388889,south,direct,0,42.0
163759,2019,cf,Female,nopre,type1,p4,l1,nopc,nob/c,166500,3.99,0.6566,5632.5,240.0,not_neg,not_int,not_lpsm,188000.0,sb,pr,home,1U,3660.0,CRIF,695,CIB,35-44,to_inst,88.56382979,south,direct,0,37.0
97768,2019,ncf,Female,nopre,type1,p1,l1,nopc,nob/c,556500,4.75,0.621,1490.0,360.0,not_neg,not_int,not_lpsm,698000.0,sb,pr,home,1U,9900.0,EXP,555,CIB,25-34,not_inst,79.7277937,North,direct,0,36.0
123671,2019,cf,Female,nopre,type1,p1,l1,nopc,nob/c,256500,,,,360.0,not_neg,not_int,not_lpsm,288000.0,sb,sr,home,1U,5100.0,CRIF,561,EXP,55-64,to_inst,89.0625,central,direct,1,49.0
139057,2019,cf,Female,nopre,type1,p4,l1,nopc,nob/c,376500,5.125,0.577,2552.5,360.0,neg_amm,not_int,not_lpsm,578000.0,sb,pr,home,1U,6720.0,EXP,665,CIB,55-64,to_inst,65.1384083,North,direct,0,49.0
84105,2019,cf,Sex Not Available,nopre,type2,p4,l1,nopc,b/c,106500,3.625,0.9723,,300.0,not_neg,not_int,not_lpsm,128000.0,sb,pr,home,1U,2760.0,CRIF,765,CIB,65-74,to_inst,83.203125,south,direct,0,34.0
142454,2019,ncf,Joint,nopre,type1,p4,l1,nopc,nob/c,686500,3.125,-0.1026,2499.0,180.0,not_neg,not_int,not_lpsm,858000.0,sb,pr,home,1U,18540.0,CIB,538,EXP,45-54,not_inst,80.01165501,south,direct,0,36.0
158519,2019,cf,Male,nopre,type1,p4,l2,nopc,nob/c,106500,,,,180.0,neg_amm,not_int,not_lpsm,188000.0,sb,pr,home,1U,3300.0,EXP,630,CIB,55-64,to_inst,56.64893617,North,direct,1,29.0
51460,2019,cf,Male,nopre,type1,p3,l1,nopc,nob/c,256500,3.75,0.1256,1716.5,360.0,not_neg,not_int,not_lpsm,478000.0,sb,pr,home,1U,11100.0,EXP,611,CIB,35-44,not_inst,53.66108787,North,direct,0,6.0
98867,2019,cf,Female,nopre,type2,p4,l1,nopc,b/c,186500,5.125,1.2076,2741.4,360.0,not_neg,not_int,not_lpsm,208000.0,sb,pr,home,1U,3840.0,CRIF,751,CIB,55-64,to_inst,89.66346154,south,direct,0,40.0
161473,2019,cf,Joint,pre,type1,p3,l1,nopc,nob/c,306500,3.875,0.6783,1625.0,180.0,not_neg,not_int,not_lpsm,678000.0,sb,pr,home,1U,6600.0,EXP,780,EXP,45-54,to_inst,45.20648968,south,direct,0,31.0
158239,2019,ncf,Sex Not Available,nopre,type1,p4,l1,nopc,nob/c,426500,,,,360.0,not_neg,not_int,not_lpsm,478000.0,sb,pr,home,2U,7500.0,CIB,597,EXP,45-54,to_inst,89.22594142,south,direct,1,49.0
79644,2019,cf,Sex Not Available,nopre,type1,p2,l1,nopc,nob/c,106500,,,,360.0,not_neg,not_int,not_lpsm,138000.0,sb,ir,home,1U,4920.0,CIB,625,CIB,45-54,to_inst,77.17391304,south,direct,1,43.0
50180,2019,cf,Female,nopre,type1,p4,l1,nopc,nob/c,266500,4.56,0.6979,4593.75,360.0,neg_amm,not_int,not_lpsm,298000.0,sb,pr,home,1U,3360.0,EXP,749,CIB,55-64,to_inst,89.4295302,North,direct,0,48.0
126815,2019,cf,Sex Not Available,nopre,type1,p3,l1,nopc,nob/c,706500,3.99,0.5373,27470.4,360.0,not_neg,not_int,not_lpsm,888000.0,sb,pr,home,1U,7440.0,CIB,788,CIB,45-54,to_inst,79.56081081,south,direct,0,44.0
111452,2019,cf,Female,nopre,type1,p4,l1,nopc,nob/c,386500,3.375,-0.0488,1342.11,360.0,not_neg,not_int,not_lpsm,418000.0,sb,pr,home,1U,9780.0,CIB,870,CIB,35-44,not_inst,92.46411483,North,direct,0,41.0
98524,2019,cf,Joint,nopre,type1,p4,l1,nopc,nob/c,286500,4.375,1.2528,5461.25,324.0,not_neg,not_int,not_lpsm,318000.0,sb,pr,home,1U,9960.0,CRIF,563,EXP,45-54,to_inst,90.09433962,North,direct,0,30.0
148919,2019,cf,Female,nopre,type1,p4,l1,nopc,nob/c,336500,4.75,0.252,0.0,360.0,not_neg,not_int,not_lpsm,418000.0,sb,pr,home,1U,6660.0,EXP,796,CIB,45-54,not_inst,80.50239234,North,direct,0,40.0
67488,2019,cf,Sex Not Available,nopre,type2,p3,l1,nopc,b/c,426500,3.375,0.4641,540.0,360.0,not_neg,not_int,not_lpsm,528000.0,sb,pr,home,1U,9000.0,CIB,725,EXP,55-64,to_inst,80.77651515,south,direct,0,49.0
149022,2019,cf,Sex Not Available,nopre,type3,p3,l1,nopc,nob/c,116500,4.375,0.6282,4044.05,360.0,neg_amm,not_int,not_lpsm,118000.0,sb,pr,home,1U,3180.0,CRIF,769,EXP,65-74,to_inst,98.72881356,south,direct,0,25.0
29090,2019,cf,Female,pre,type2,p3,l1,nopc,b/c,66500,3.625,0.9273,1869.56,360.0,not_neg,not_int,not_lpsm,88000.0,sb,pr,home,1U,1320.0,EXP,596,CIB,55-64,to_inst,75.56818182,North,direct,0,48.0
164412,2019,,Male,nopre,type1,p1,l1,nopc,nob/c,216500,,,,360.0,neg_amm,not_int,not_lpsm,528000.0,sb,pr,home,1U,13740.0,CIB,559,EXP,55-64,to_inst,41.00378788,North,direct,1,20.0
70990,2019,cf,Male,nopre,type1,p4,l1,nopc,nob/c,256500,,,,360.0,not_neg,not_int,not_lpsm,278000.0,sb,pr,home,1U,4920.0,CRIF,749,CIB,45-54,to_inst,92.26618705,south,direct,1,44.0
57699,2019,cf,Joint,nopre,type1,p3,l1,nopc,nob/c,666500,5.125,1.3174,253.2,360.0,not_neg,not_int,not_lpsm,3008000.0,sb,pr,home,1U,16980.0,CIB,703,EXP,65-74,not_inst,22.15757979,North,direct,0,42.0
56862,2019,cf,Sex Not Available,nopre,type2,p4,l1,nopc,b/c,36500,,,,360.0,neg_amm,not_int,not_lpsm,58000.0,sb,pr,home,1U,600.0,CRIF,762,CIB,55-64,to_inst,62.93103448,south,direct,1,46.0
157678,2019,cf,Female,nopre,type1,p1,l1,nopc,nob/c,236500,3.75,0.0968,2986.2,360.0,not_neg,not_int,not_lpsm,478000.0,sb,ir,home,1U,5700.0,CIB,617,CIB,>74,not_inst,49.47698745,North,direct,0,49.0
137130,2019,cf,Female,nopre,type1,p3,l1,nopc,nob/c,126500,4.25,0.9128,3597.03,360.0,not_neg,not_int,not_lpsm,188000.0,sb,pr,home,1U,3960.0,CRIF,524,CIB,65-74,to_inst,67.28723404,North,direct,0,23.0
130149,2019,cf,Female,nopre,type2,p3,l1,nopc,b/c,106500,3.75,0.585,2812.6,360.0,not_neg,not_int,not_lpsm,128000.0,sb,pr,home,1U,1800.0,EXP,653,CIB,55-64,to_inst,83.203125,central,direct,0,23.0
37294,2019,cf,Joint,nopre,type2,p3,l1,nopc,b/c,316500,2.99,0.1095,1436.78,360.0,not_neg,not_int,not_lpsm,368000.0,sb,pr,home,1U,11880.0,CIB,550,EXP,55-64,not_inst,86.00543478,North,direct,0,31.0
27924,2019,cf,Sex Not Available,nopre,type1,p4,l1,nopc,nob/c,246500,4.625,0.0879,5998.78,360.0,not_neg,not_int,not_lpsm,358000.0,sb,pr,home,1U,4140.0,CIB,540,CIB,45-54,to_inst,68.8547486,south,direct,0,43.0
152701,2019,cf,Joint,nopre,type1,p1,l1,nopc,nob/c,366500,4.875,0.2036,150.0,360.0,not_neg,not_int,not_lpsm,418000.0,sb,pr,home,1U,9480.0,CIB,522,EXP,55-64,to_inst,87.67942584,south,direct,0,20.0
161685,2019,cf,Male,nopre,type1,p1,l1,nopc,nob/c,546500,3.5,0.2562,7564.92,360.0,not_neg,not_int,not_lpsm,578000.0,sb,pr,home,1U,5100.0,EXP,852,CIB,45-54,not_inst,94.55017301,North,direct,0,49.0
132379,2019,cf,Female,pre,type1,p4,l1,nopc,nob/c,296500,2.875,-0.0729,2594.0,180.0,not_neg,not_int,not_lpsm,908000.0,sb,pr,home,1U,9180.0,EXP,783,CIB,45-54,not_inst,32.65418502,south,direct,0,24.0
70534,2019,cf,Joint,nopre,type1,p4,l1,nopc,nob/c,626500,3.875,0.24,2190.0,360.0,not_neg,not_int,not_lpsm,798000.0,sb,pr,home,1U,9300.0,CIB,684,EXP,35-44,not_inst,78.50877193,south,direct,0,39.0
128445,2019,cf,Sex Not Available,pre,type2,p2,l1,nopc,b/c,56500,3.99,1.2886,1398.65,360.0,not_neg,not_int,not_lpsm,238000.0,sb,pr,home,1U,2160.0,CIB,851,CIB,>74,to_inst,23.7394958,south,direct,0,13.0
84526,2019,cf,Sex Not Available,pre,type2,p3,l1,nopc,b/c,106500,3.99,1.2612,3323.95,360.0,not_neg,not_int,not_lpsm,148000.0,sb,pr,home,1U,3000.0,EXP,734,CIB,35-44,to_inst,71.95945946,south,direct,0,48.0
153862,2019,cf,Male,nopre,type1,p4,l1,nopc,nob/c,446500,4.125,-0.031,950.0,360.0,not_neg,not_int,not_lpsm,568000.0,sb,pr,home,1U,8160.0,CRIF,824,CIB,25-34,not_inst,78.60915493,south,direct,0,28.0
34507,2019,cf,Joint,pre,type1,p1,l1,nopc,nob/c,206500,4.5,1.0836,765.32,360.0,not_neg,int_only,not_lpsm,218000.0,sb,pr,home,1U,3000.0,CRIF,520,EXP,45-54,to_inst,94.72477064,North,direct,0,49.0
132205,2019,cf,Female,nopre,type1,p1,l1,nopc,nob/c,486500,3.75,-0.0183,0.0,360.0,not_neg,not_int,not_lpsm,658000.0,sb,sr,home,1U,5700.0,CRIF,701,CIB,25-34,not_inst,73.93617021,south,direct,0,48.0
173453,2019,cf,Male,nopre,type1,p1,l1,nopc,nob/c,436500,4.0,0.3596,0.0,360.0,not_neg,not_int,not_lpsm,458000.0,sb,pr,home,1U,8100.0,EXP,719,CIB,25-34,not_inst,95.30567686,south,direct,0,42.0
99628,2019,cf,Female,nopre,type1,p3,l2,nopc,nob/c,216500,4.5,0.4817,3612.5,360.0,not_neg,not_int,not_lpsm,388000.0,sb,pr,home,1U,4260.0,CIB,833,CIB,>74,to_inst,55.79896907,North,direct,0,36.0
44949,2019,cf,Joint,nopre,type3,p3,l2,nopc,nob/c,216500,3.99,0.317,6437.06,360.0,not_neg,not_int,not_lpsm,218000.0,sb,pr,home,1U,4020.0,EXP,883,EXP,45-54,to_inst,99.31192661,North,direct,0,35.0
91685,2019,cf,Joint,pre,type1,p3,l1,nopc,nob/c,216500,3.5,0.6664,7236.75,240.0,not_neg,not_int,not_lpsm,308000.0,sb,pr,home,1U,6900.0,CRIF,741,EXP,45-54,to_inst,70.29220779,North,direct,0,22.0
118431,2019,cf,Sex Not Available,nopre,type1,p3,l1,nopc,nob/c,486500,4.125,0.5737,7785.0,360.0,not_neg,not_int,not_lpsm,738000.0,sb,pr,home,1U,8280.0,EXP,698,EXP,65-74,to_inst,65.92140921,south,direct,0,31.0
31989,2019,cf,Male,nopre,type1,p4,l1,nopc,nob/c,166500,3.25,-0.2638,5275.0,360.0,not_neg,not_int,lpsm,278000.0,sb,pr,home,1U,2820.0,EXP,793,CIB,45-54,to_inst,59.89208633,central,direct,0,57.0
25816,2019,ncf,Joint,nopre,type1,p4,l1,nopc,nob/c,456500,3.5,0.0466,7136.49,240.0,not_neg,not_int,not_lpsm,1158000.0,sb,pr,home,1U,14880.0,CRIF,887,EXP,55-64,not_inst,39.42141623,south,direct,0,16.0
30429,2019,ncf,Male,nopre,type1,p1,l1,nopc,nob/c,726500,3.99,0.3338,5020.29,360.0,not_neg,not_int,not_lpsm,828000.0,sb,pr,home,1U,11100.0,CRIF,618,CIB,25-34,not_inst,87.74154589,North,direct,0,39.0
142759,2019,cf,Joint,pre,type1,p1,l1,nopc,nob/c,546500,4.25,0.0306,7575.0,360.0,not_neg,not_int,not_lpsm,828000.0,sb,pr,home,1U,9780.0,EXP,806,EXP,25-34,to_inst,66.00241546,North,direct,0,37.0
89090,2019,cf,Male,nopre,type1,p3,l1,nopc,nob/c,416500,3.75,0.0225,1124.7,360.0,not_neg,not_int,not_lpsm,728000.0,sb,pr,home,1U,6780.0,CIB,594,CIB,55-64,not_inst,57.21153846,North,direct,0,44.0
128242,2019,cf,Male,nopre,type1,p1,l1,nopc,nob/c,526500,4.5,0.1255,0.0,360.0,not_neg,not_int,not_lpsm,588000.0,sb,pr,home,1U,7320.0,CIB,820,CIB,25-34,not_inst,89.54081633,North,direct,0,38.0
78992,2019,cf,Female,pre,type1,p1,l1,nopc,nob/c,466500,3.75,-0.03,4943.82,360.0,not_neg,not_int,not_lpsm,588000.0,sb,pr,home,1U,11760.0,CRIF,595,CIB,45-54,to_inst,79.33673469,North,direct,0,24.0
87822,2019,cf,Male,nopre,type1,p1,l1,nopc,nob/c,386500,3.875,0.1415,381.0,360.0,not_neg,not_int,not_lpsm,478000.0,sb,pr,home,1U,5760.0,CRIF,653,CIB,25-34,not_inst,80.85774059,North,direct,0,31.0
138142,2019,cf,Joint,nopre,type1,p3,l1,nopc,nob/c,546500,4.99,0.5406,1150.0,360.0,neg_amm,not_int,not_lpsm,2238000.0,sb,pr,home,1U,8100.0,CRIF,668,EXP,55-64,to_inst,24.41912422,North,direct,0,47.0
87321,2019,cf,Joint,nopre,type1,p3,l1,nopc,nob/c,76500,,,,360.0,not_neg,int_only,not_lpsm,618000.0,sb,sr,home,1U,6420.0,CRIF,625,EXP,65-74,to_inst,12.37864078,North,direct,1,36.0
138974,2019,cf,Joint,nopre,type1,p4,l1,nopc,nob/c,466500,4.125,0.007,0.0,360.0,not_neg,not_int,not_lpsm,1678000.0,sb,pr,home,1U,13560.0,CRIF,687,EXP,55-64,not_inst,27.80095352,south,direct,0,26.0
91335,2019,cf,Female,nopre,type1,p4,l1,nopc,nob/c,156500,3.375,0.5647,3850.0,180.0,not_neg,not_int,not_lpsm,398000.0,sb,pr,home,1U,3720.0,CRIF,888,CIB,55-64,not_inst,39.32160804,central,direct,0,42.0
170491,2019,cf,Joint,nopre,type1,p4,l1,nopc,nob/c,216500,2.75,-0.0011,6182.2,180.0,not_neg,not_int,not_lpsm,348000.0,sb,pr,home,1U,4920.0,CRIF,714,EXP,45-54,to_inst,62.21264368,North,direct,0,33.0
38469,2019,cf,Female,nopre,type1,p3,l1,nopc,nob/c,416500,3.5,-0.0838,2738.8,360.0,not_neg,not_int,not_lpsm,558000.0,sb,pr,home,1U,6060.0,CIB,720,CIB,35-44,not_inst,74.64157706,south,direct,0,44.0
101823,2019,cf,Male,nopre,type1,p1,l1,nopc,nob/c,106500,4.625,1.1208,3125.0,360.0,not_neg,not_int,not_lpsm,118000.0,sb,sr,home,1U,7320.0,CIB,571,EXP,55-64,to_inst,90.25423729,North,direct,0,46.0
123877,2019,cf,Female,nopre,type1,p4,l1,nopc,nob/c,426500,3.375,-0.243,0.0,360.0,not_neg,int_only,not_lpsm,628000.0,sb,pr,home,1U,6300.0,CRIF,642,CIB,35-44,not_inst,67.91401274,North,direct,0,27.0
150803,2019,cf,Joint,pre,type3,p3,l1,nopc,nob/c,196500,3.625,-0.1094,3187.44,360.0,not_neg,not_int,not_lpsm,308000.0,sb,pr,home,1U,2400.0,CIB,813,EXP,65-74,to_inst,63.7987013,North,direct,0,32.0
75622,2019,cf,Male,nopre,type1,p3,l1,nopc,nob/c,476500,,,,360.0,not_neg,not_int,not_lpsm,628000.0,sb,pr,home,2U,4200.0,EXP,507,CIB,45-54,not_inst,75.87579618,North,direct,1,55.0
88679,2019,cf,Sex Not Available,nopre,type2,p3,l1,nopc,b/c,396500,3.99,0.559,6887.28,360.0,not_neg,not_int,not_lpsm,508000.0,sb,pr,home,1U,5640.0,EXP,539,CIB,65-74,to_inst,78.0511811,south,direct,0,49.0
126616,2019,cf,Male,nopre,type1,p4,l1,nopc,nob/c,336500,3.5,0.0669,1035.43,360.0,not_neg,not_int,not_lpsm,378000.0,sb,pr,home,1U,6240.0,CIB,652,CIB,25-34,not_inst,89.02116402,North,direct,0,30.0
101764,2019,cf,Joint,nopre,type1,p4,l1,nopc,nob/c,536500,4.25,0.1266,0.0,360.0,not_neg,not_int,not_lpsm,688000.0,sb,pr,home,1U,7980.0,CIB,739,EXP,25-34,not_inst,77.97965116,south,direct,0,37.0
162277,2019,cf,Female,nopre,type1,p2,l1,nopc,nob/c,156500,4.625,1.3519,5573.44,360.0,not_neg,not_int,not_lpsm,208000.0,sb,ir,home,1U,12360.0,CIB,647,CIB,55-64,to_inst,75.24038462,North,direct,0,47.0
31628,2019,cf,Female,nopre,type1,p3,l1,nopc,nob/c,276500,3.75,0.6877,680.0,180.0,not_neg,not_int,not_lpsm,358000.0,sb,pr,home,1U,9480.0,CIB,547,EXP,45-54,to_inst,77.23463687,North,direct,0,15.0
58457,2019,cf,Joint,nopre,type1,p3,l1,nopc,nob/c,206500,,,,180.0,neg_amm,not_int,not_lpsm,258000.0,sb,pr,home,1U,4740.0,CRIF,712,EXP,45-54,to_inst,80.03875969,south,direct,1,30.0
85056,2019,cf,Female,nopre,type1,p1,l2,nopc,nob/c,356500,4.25,0.042,51.48,360.0,not_neg,not_int,not_lpsm,448000.0,sb,pr,home,1U,3900.0,EXP,638,CIB,45-54,not_inst,79.57589286,North,direct,0,45.0
102553,2019,cf,Joint,nopre,type3,p3,l1,nopc,nob/c,206500,,,,180.0,not_neg,int_only,not_lpsm,228000.0,sb,pr,home,1U,4560.0,EXP,619,EXP,45-54,to_inst,90.57017544,North,direct,1,43.0
48137,2019,cf,Male,nopre,type2,p3,l1,nopc,b/c,116500,4.49,1.3204,2626.29,360.0,not_neg,not_int,not_lpsm,138000.0,sb,pr,home,1U,2880.0,EXP,736,CIB,65-74,to_inst,84.42028986,North,direct,0,45.0
72039,2019,cf,Male,nopre,type1,p3,l1,nopc,nob/c,156500,4.25,0.2393,4435.0,360.0,not_neg,not_int,not_lpsm,338000.0,sb,pr,home,2U,2940.0,EXP,664,CIB,>74,to_inst,46.30177515,North,direct,0,39.0
171099,2019,cf,Male,nopre,type1,p3,l1,nopc,nob/c,196500,4.625,0.4982,4093.75,360.0,not_neg,not_int,not_lpsm,268000.0,sb,pr,home,1U,5580.0,CIB,571,CIB,55-64,to_inst,73.32089552,south,direct,0,22.0
125018,2019,cf,Joint,pre,type1,p3,l1,nopc,nob/c,356500,3.625,-0.0804,2700.0,360.0,not_neg,not_int,not_lpsm,648000.0,sb,pr,home,1U,8940.0,EXP,656,EXP,45-54,not_inst,55.0154321,south,direct,0,6.0
90863,2019,cf,Joint,nopre,type1,p4,l1,nopc,nob/c,176500,3.25,-0.2053,4413.51,360.0,not_neg,not_int,not_lpsm,358000.0,sb,pr,home,1U,8880.0,EXP,562,EXP,55-64,not_inst,49.30167598,central,direct,0,11.0
167212,2019,cf,Male,nopre,type1,p4,l1,nopc,nob/c,336500,3.625,-0.0288,1257.04,360.0,not_neg,not_int,not_lpsm,808000.0,sb,pr,home,1U,4860.0,CIB,855,CIB,45-54,not_inst,41.6460396,south,direct,0,45.0
32250,2019,cf,Sex Not Available,nopre,type1,p3,l1,nopc,nob/c,196500,3.99,0.9544,3890.0,240.0,not_neg,not_int,not_lpsm,408000.0,sb,pr,home,1U,3540.0,EXP,855,EXP,55-64,to_inst,48.16176471,south,direct,0,37.0
29483,2019,cf,Male,nopre,type1,p1,l1,nopc,nob/c,726500,3.99,0.4763,1250.0,360.0,not_neg,not_int,not_lpsm,778000.0,sb,pr,home,1U,12060.0,CRIF,796,CIB,55-64,to_inst,93.38046272,North,direct,0,36.0
123175,2019,cf,Joint,nopre,type3,p3,l1,nopc,nob/c,366500,2.875,-0.718,966.82,360.0,not_neg,not_int,not_lpsm,418000.0,sb,pr,home,1U,7200.0,EXP,716,EXP,45-54,not_inst,87.67942584,south,direct,0,29.0
88821,2019,cf,Sex Not Available,nopre,type2,p4,l1,nopc,b/c,286500,4.25,1.1507,7889.05,360.0,not_neg,not_int,not_lpsm,318000.0,sb,pr,home,1U,6540.0,CRIF,890,EXP,55-64,to_inst,90.09433962,south,direct,0,42.0
51848,2019,cf,Joint,nopre,type1,p1,l1,nopc,nob/c,306500,3.375,-0.2175,8236.31,360.0,not_neg,not_int,not_lpsm,528000.0,sb,pr,home,1U,3240.0,CIB,635,EXP,25-34,not_inst,58.04924242,North,direct,0,49.0
38244,2019,cf,Female,nopre,type1,p4,l1,nopc,nob/c,596500,,,,360.0,not_neg,not_int,not_lpsm,808000.0,sb,pr,home,1U,8400.0,CRIF,645,EXP,65-74,not_inst,73.82425743,south,direct,1,46.0
160271,2019,cf,Joint,nopre,type1,p3,l1,nopc,nob/c,336500,3.375,-0.2448,840.37,360.0,not_neg,not_int,not_lpsm,538000.0,sb,pr,home,1U,8520.0,CIB,770,EXP,45-54,not_inst,62.5464684,North,direct,0,35.0
27696,2019,cf,Joint,nopre,type1,p3,l1,nopc,nob/c,206500,4.375,0.6386,0.0,360.0,not_neg,not_int,not_lpsm,1118000.0,sb,pr,home,1U,5220.0,CIB,858,EXP,55-64,not_inst,18.47048301,North,direct,0,20.0
142203,2019,cf,Sex Not Available,nopre,type1,p4,l1,nopc,nob/c,246500,3.625,0.044,4476.38,312.0,not_neg,not_int,not_lpsm,348000.0,sb,pr,home,1U,5520.0,EXP,734,CIB,55-64,to_inst,70.83333333,south,direct,0,41.0
75906,2019,ncf,Female,nopre,type2,p3,l1,nopc,b/c,346500,,,,360.0,not_neg,not_int,not_lpsm,408000.0,sb,pr,home,1U,4200.0,CRIF,706,CIB,55-64,to_inst,84.92647059,south,direct,1,59.0
53673,2019,cf,Male,pre,type1,p1,l1,nopc,nob/c,106500,4.5,1.2636,3528.8,360.0,not_neg,not_int,not_lpsm,138000.0,sb,pr,home,1U,2100.0,EXP,874,CIB,55-64,to_inst,77.17391304,North,direct,0,47.0
146815,2019,cf,Joint,pre,type1,p4,l1,nopc,nob/c,386500,,,,360.0,neg_amm,not_int,not_lpsm,428000.0,sb,pr,home,1U,6240.0,CRIF,689,EXP,25-34,to_inst,90.30373832,North,direct,1,22.0
57745,2019,ncf,Sex Not Available,nopre,type1,p3,l1,nopc,nob/c,256500,4.5,0.6667,5949.71,360.0,not_neg,not_int,not_lpsm,308000.0,sb,pr,home,1U,4380.0,CRIF,893,CIB,35-44,to_inst,83.27922078,south,direct,0,36.0
121269,2019,cf,Sex Not Available,nopre,type1,p3,l1,nopc,nob/c,246500,4.56,0.3472,4226.25,360.0,not_neg,not_int,not_lpsm,338000.0,sb,pr,home,1U,3480.0,CIB,765,EXP,65-74,to_inst,72.92899408,south,direct,0,44.0
126046,2019,cf,Sex Not Available,nopre,type1,p3,l1,nopc,nob/c,196500,4.5,0.4532,6393.44,360.0,not_neg,not_int,not_lpsm,238000.0,sb,pr,home,1U,3540.0,CRIF,852,CIB,55-64,to_inst,82.56302521,south,direct,0,38.0
144653,2019,cf,Joint,nopre,type1,p4,l1,nopc,nob/c,376500,3.625,0.0434,4867.2,324.0,neg_amm,not_int,not_lpsm,508000.0,sb,sr,home,1U,19140.0,EXP,706,EXP,45-54,not_inst,74.11417323,North,direct,0,25.0
103556,2019,cf,Sex Not Available,nopre,type2,p3,l1,nopc,b/c,216500,,,,360.0,not_neg,not_int,lpsm,258000.0,sb,pr,home,1U,2040.0,CIB,602,EXP,45-54,to_inst,83.91472868,south,direct,1,49.0
30924,2019,cf,Male,nopre,type2,p1,l1,nopc,b/c,256500,3.99,0.9788,0.0,360.0,not_neg,not_int,not_lpsm,258000.0,sb,pr,home,1U,3360.0,CRIF,631,CIB,35-44,not_inst,99.41860465,North,direct,0,41.0
104588,2019,cf,Female,nopre,type2,p4,l1,nopc,b/c,126500,,,,360.0,neg_amm,not_int,not_lpsm,188000.0,sb,pr,home,1U,3060.0,EXP,544,EXP,35-44,to_inst,67.28723404,North,direct,1,58.0
67056,2019,cf,Male,nopre,type1,p1,l1,nopc,nob/c,656500,3.375,-0.0214,6745.1,360.0,not_neg,not_int,not_lpsm,698000.0,sb,pr,home,1U,7380.0,EXP,730,CIB,25-34,not_inst,94.05444126,North,direct,0,47.0
58900,2019,cf,Male,nopre,type1,p4,l1,nopc,nob/c,156500,3.75,0.7767,,240.0,not_neg,not_int,not_lpsm,258000.0,sb,pr,home,1U,2880.0,CRIF,863,CIB,55-64,to_inst,60.65891473,North,direct,0,36.0
85712,2019,cf,Sex Not Available,nopre,type1,p3,l1,nopc,nob/c,126500,3.99,0.5623,3282.8,360.0,not_neg,not_int,not_lpsm,158000.0,sb,pr,home,1U,3420.0,CRIF,573,CIB,55-64,to_inst,80.06329114,south,direct,0,30.0
76866,2019,cf,Male,nopre,type1,p1,l1,nopc,nob/c,366500,4.375,0.6367,0.0,360.0,not_neg,not_int,not_lpsm,388000.0,sb,pr,home,1U,7800.0,CIB,886,CIB,35-44,not_inst,94.45876289,North,direct,0,38.0
103624,2019,cf,Male,nopre,type1,p3,l1,nopc,nob/c,726500,5.25,1.441,22500.0,360.0,neg_amm,not_int,not_lpsm,908000.0,sb,pr,home,1U,10860.0,CIB,639,CIB,25-34,to_inst,80.01101322,North,direct,0,30.0
44679,2019,cf,Joint,nopre,type1,p3,l2,nopc,nob/c,186500,4.99,1.0354,3950.0,360.0,not_neg,not_int,not_lpsm,228000.0,sb,pr,home,1U,3120.0,EXP,655,EXP,65-74,to_inst,81.79824561,North,direct,0,36.0
140447,2019,cf,Sex Not Available,nopre,type1,p3,l1,nopc,nob/c,316500,3.875,0.4548,9545.26,360.0,not_neg,int_only,not_lpsm,638000.0,sb,pr,home,1U,3180.0,CRIF,674,CIB,65-74,to_inst,49.60815047,south,direct,0,51.0
109148,2019,cf,Female,nopre,type2,p4,l1,nopc,b/c,316500,,,,360.0,not_neg,not_int,lpsm,318000.0,sb,pr,home,1U,5160.0,CIB,667,CIB,45-54,not_inst,99.52830189,south,direct,1,36.0
36044,2019,cf,Joint,nopre,type2,p3,l1,nopc,b/c,166500,4.99,1.2799,,360.0,not_neg,not_int,not_lpsm,228000.0,sb,pr,home,1U,3360.0,CRIF,889,EXP,35-44,to_inst,73.02631579,south,direct,0,47.0
153207,2019,cf,Joint,nopre,type1,p3,l1,nopc,nob/c,326500,4.75,0.3568,0.0,360.0,not_neg,not_int,not_lpsm,788000.0,sb,pr,home,1U,3420.0,CIB,506,EXP,55-64,not_inst,41.43401015,North,direct,0,46.0
37371,2019,cf,Sex Not Available,pre,type1,p1,l1,nopc,nob/c,356500,3.875,0.4591,5011.24,360.0,not_neg,not_int,not_lpsm,368000.0,sb,pr,home,1U,3840.0,EXP,740,CIB,25-34,to_inst,96.875,south,direct,0,44.0
173032,2019,cf,Male,nopre,type1,p3,l1,nopc,nob/c,96500,4.125,1.404,3227.33,240.0,not_neg,not_int,not_lpsm,138000.0,sb,pr,home,1U,4140.0,EXP,772,CIB,25-34,to_inst,69.92753623,North,direct,0,27.0
75366,2019,cf,Sex Not Available,nopre,type1,p1,l1,nopc,nob/c,156500,3.625,0.0489,3357.88,360.0,not_neg,not_int,not_lpsm,218000.0,sb,sr,home,1U,20340.0,CIB,527,CIB,55-64,to_inst,71.78899083,south,direct,0,17.0
76940,2019,cf,Joint,nopre,type1,p3,l1,nopc,nob/c,436500,3.56,0.44,2085.0,240.0,not_neg,not_int,not_lpsm,608000.0,sb,pr,home,1U,9540.0,CIB,594,EXP,45-54,not_inst,71.79276316,south,direct,0,38.0
100606,2019,cf,Joint,pre,type3,p3,l1,nopc,nob/c,106500,3.25,0.6531,3612.0,180.0,not_neg,not_int,not_lpsm,248000.0,sb,pr,home,1U,4500.0,CIB,638,EXP,65-74,to_inst,42.94354839,North,direct,0,26.0
157440,2019,cf,Male,nopre,type1,p3,l1,nopc,nob/c,196500,3.99,0.599,5559.13,360.0,not_neg,not_int,not_lpsm,288000.0,sb,pr,home,1U,2160.0,CRIF,604,CIB,65-74,to_inst,68.22916667,North,direct,0,43.0
46715,2019,ncf,Joint,nopre,type1,p4,l1,nopc,nob/c,1386500,,,,360.0,neg_amm,not_int,not_lpsm,2508000.0,sb,pr,home,1U,15120.0,CIB,521,EXP,45-54,not_inst,55.2830941,North,direct,1,58.0
110971,2019,cf,Joint,nopre,type1,p4,l1,nopc,nob/c,436500,3.25,0.1982,5067.89,180.0,not_neg,not_int,not_lpsm,708000.0,sb,pr,home,1U,30600.0,EXP,639,EXP,35-44,to_inst,61.65254237,south,direct,0,10.0
123771,2019,cf,Joint,pre,type1,p1,l1,nopc,nob/c,366500,4.875,0.437,0.0,360.0,not_neg,not_int,not_lpsm,498000.0,sb,pr,home,1U,14700.0,EXP,859,EXP,55-64,to_inst,73.59437751,North,direct,0,46.0
158066,2019,cf,Sex Not Available,nopre,type1,p4,l1,nopc,nob/c,216500,,,,360.0,neg_amm,not_int,not_lpsm,218000.0,sb,pr,home,1U,3900.0,EXP,842,CIB,65-74,to_inst,99.31192661,south,direct,1,21.0
123680,2019,cf,Joint,nopre,type1,p3,l2,nopc,nob/c,516500,4.75,0.8051,11370.0,360.0,not_neg,not_int,not_lpsm,738000.0,sb,pr,home,1U,8160.0,CRIF,543,EXP,65-74,to_inst,69.98644986,central,direct,0,43.0
39200,2019,cf,Male,,type1,p3,l1,nopc,nob/c,526500,4.875,0.4982,0.0,360.0,not_neg,not_int,not_lpsm,788000.0,sb,pr,home,1U,8700.0,CIB,683,CIB,35-44,not_inst,66.81472081,North,direct,0,47.0
87371,2019,ncf,Female,pre,type1,p1,l1,nopc,nob/c,526500,3.5,-0.2239,4749.0,360.0,not_neg,not_int,not_lpsm,658000.0,sb,pr,home,1U,17100.0,CIB,672,CIB,35-44,to_inst,80.01519757,south,direct,0,30.0
82705,2019,cf,Male,nopre,type1,p1,l1,nopc,nob/c,536500,4.5,-0.007,1735.82,360.0,neg_amm,not_int,not_lpsm,718000.0,sb,pr,home,1U,9060.0,CIB,520,CIB,25-34,not_inst,74.72144847,south,direct,0,42.0
126738,2019,cf,Joint,pre,type1,p1,l1,nopc,nob/c,316500,3.75,-0.0791,795.0,360.0,not_neg,not_int,not_lpsm,628000.0,sb,pr,home,1U,8940.0,CRIF,834,EXP,55-64,to_inst,50.39808917,North,direct,0,41.0
76983,2019,cf,Female,nopre,type1,p4,l1,nopc,nob/c,496500,4.75,0.2553,0.0,360.0,not_neg,not_int,not_lpsm,708000.0,sb,pr,home,1U,8460.0,CRIF,542,CIB,35-44,not_inst,70.12711864,south,direct,0,47.0
74690,2019,cf,Male,nopre,type1,p4,l1,nopc,nob/c,326500,3.875,0.3686,150.89,360.0,not_neg,not_int,not_lpsm,388000.0,sb,pr,home,1U,4200.0,EXP,760,CIB,25-34,not_inst,84.14948454,North,direct,0,36.0
170186,2019,cf,Male,nopre,type1,p1,l1,nopc,nob/c,346500,3.99,0.2336,1150.0,360.0,not_neg,not_int,not_lpsm,358000.0,sb,pr,home,1U,6000.0,EXP,869,CIB,25-34,to_inst,96.7877095,North,direct,0,36.0
120662,2019,cf,Joint,nopre,type1,p3,l1,nopc,nob/c,186500,3.75,0.2344,5750.63,360.0,not_neg,not_int,not_lpsm,478000.0,sb,pr,home,1U,6600.0,EXP,822,EXP,55-64,to_inst,39.0167364,south,direct,0,37.0
104779,2019,cf,Sex Not Available,nopre,type1,p4,l1,nopc,nob/c,196500,4.5,0.5452,5687.44,360.0,not_neg,not_int,not_lpsm,458000.0,sb,ir,home,1U,8820.0,EXP,772,CIB,45-54,to_inst,42.90393013,south,direct,0,42.0
173085,2019,cf,Male,pre,type2,p3,l1,nopc,b/c,276500,,,,360.0,not_neg,not_int,not_lpsm,468000.0,sb,pr,home,1U,3960.0,CRIF,530,CIB,45-54,to_inst,59.08119658,North-East,direct,1,51.0
91150,2019,ncf,Sex Not Available,nopre,type1,p3,l1,nopc,nob/c,206500,3.875,0.0536,6500.0,360.0,not_neg,not_int,not_lpsm,288000.0,sb,pr,home,1U,5520.0,CRIF,708,CIB,45-54,to_inst,71.70138889,south,direct,0,49.0
161455,2019,cf,Male,nopre,type1,p3,l1,nopc,nob/c,236500,4.625,1.1825,4838.0,360.0,not_neg,not_int,not_lpsm,308000.0,sb,pr,home,1U,4080.0,EXP,564,CIB,45-54,to_inst,76.78571429,North,direct,0,35.0
69647,2019,cf,Male,nopre,type1,p3,l1,nopc,nob/c,206500,,,,360.0,not_neg,not_int,not_lpsm,258000.0,sb,pr,home,1U,2040.0,CIB,674,CIB,55-64,to_inst,80.03875969,North,direct,1,50.0
86328,2019,cf,Sex Not Available,nopre,type1,p4,l1,nopc,nob/c,456500,4.25,0.5272,0.0,360.0,not_neg,not_int,not_lpsm,498000.0,sb,pr,home,1U,7200.0,CRIF,664,CIB,35-44,not_inst,91.66666667,south,direct,0,36.0
41956,2019,cf,Male,nopre,type1,p3,l1,nopc,nob/c,316500,,,,360.0,neg_amm,not_int,not_lpsm,398000.0,sb,pr,home,1U,3840.0,CIB,873,CIB,65-74,to_inst,79.52261307,south,direct,1,44.0
153968,2019,cf,Sex Not Available,nopre,type1,p4,l1,nopc,nob/c,226500,4.5,0.2001,3698.42,360.0,not_neg,not_int,not_lpsm,1058000.0,sb,pr,home,1U,2400.0,EXP,866,CIB,65-74,to_inst,21.40831758,south,direct,0,29.0
141336,2019,cf,Sex Not Available,pre,type1,p4,l1,nopc,nob/c,96500,5.25,1.3195,3160.0,360.0,not_neg,not_int,not_lpsm,138000.0,sb,ir,home,1U,4320.0,CIB,660,CIB,45-54,to_inst,69.92753623,south,direct,0,24.0
25649,2019,cf,Male,nopre,type2,p1,l1,nopc,b/c,286500,3.25,0.6173,0.0,360.0,not_neg,not_int,not_lpsm,298000.0,sb,pr,home,1U,3240.0,CIB,786,CIB,25-34,not_inst,96.1409396,North,direct,0,53.0
155936,2019,cf,Sex Not Available,nopre,type1,p1,l1,nopc,nob/c,226500,4.0,-0.1577,1017.41,360.0,not_neg,not_int,not_lpsm,248000.0,sb,pr,home,1U,6240.0,CIB,702,CIB,35-44,not_inst,91.33064516,south,direct,0,10.0
99131,2019,,Female,nopre,type1,p2,l1,nopc,nob/c,156500,3.875,0.8452,4805.0,180.0,not_neg,not_int,not_lpsm,328000.0,sb,pr,home,1U,2700.0,CIB,704,CIB,55-64,to_inst,47.71341463,North,direct,0,47.0
126683,2019,cf,Sex Not Available,pre,type2,p3,l1,nopc,b/c,126500,3.875,0.9748,2078.46,360.0,not_neg,not_int,not_lpsm,178000.0,sb,pr,home,1U,1800.0,CIB,701,EXP,55-64,to_inst,71.06741573,south,direct,0,57.0
166636,2019,cf,Joint,nopre,type1,p3,l1,nopc,nob/c,166500,4.625,0.4567,4968.0,360.0,not_neg,not_int,not_lpsm,268000.0,sb,pr,home,1U,2940.0,CIB,829,EXP,>74,to_inst,62.12686567,North,direct,0,37.0
28306,2019,cf,Joint,nopre,type1,p3,l1,nopc,nob/c,256500,3.75,-0.0945,4784.6,360.0,not_neg,not_int,not_lpsm,508000.0,sb,pr,home,1U,2400.0,CIB,858,EXP,65-74,to_inst,50.49212598,North,direct,0,46.0
132713,2019,cf,Male,nopre,type1,p3,l1,nopc,nob/c,416500,,,,360.0,not_neg,not_int,not_lpsm,528000.0,sb,pr,home,1U,5220.0,CRIF,593,CIB,55-64,to_inst,78.88257576,south,direct,1,49.0
138388,2019,cf,Sex Not Available,nopre,type2,p3,l1,nopc,b/c,436500,4.75,1.2761,761.2,360.0,not_neg,not_int,not_lpsm,508000.0,sb,pr,home,1U,6180.0,EXP,732,EXP,35-44,to_inst,85.92519685,south,direct,0,42.0
51496,2019,cf,Female,nopre,type1,p4,l1,nopc,nob/c,196500,3.75,0.9275,4240.63,240.0,not_neg,int_only,not_lpsm,258000.0,sb,pr,home,1U,4260.0,EXP,808,EXP,45-54,to_inst,76.1627907,North,direct,0,43.0
32357,2019,cf,Male,nopre,type1,p3,l1,nopc,nob/c,166500,5.375,1.2008,4750.0,360.0,not_neg,not_int,not_lpsm,208000.0,sb,pr,home,1U,4140.0,CIB,833,CIB,65-74,to_inst,80.04807692,North,direct,0,44.0
126657,2019,cf,Female,pre,type1,p1,l1,nopc,nob/c,536500,4.99,0.5719,0.0,360.0,not_neg,not_int,not_lpsm,718000.0,sb,ir,home,1U,2460.0,EXP,787,CIB,>74,not_inst,74.72144847,south,direct,0,49.0
142938,2019,cf,Joint,nopre,type3,p3,l1,nopc,nob/c,296500,3.125,-0.613,0.0,360.0,not_neg,not_int,not_lpsm,468000.0,sb,pr,home,1U,7320.0,CIB,677,EXP,35-44,not_inst,63.35470085,central,direct,0,37.0
157926,2019,cf,Male,nopre,type1,p3,l1,nopc,nob/c,426500,3.875,0.2829,7574.83,360.0,not_neg,not_int,not_lpsm,658000.0,sb,pr,home,1U,8580.0,EXP,798,CIB,55-64,to_inst,64.81762918,south,direct,0,37.0
101195,2019,cf,Joint,nopre,type1,p4,l1,nopc,nob/c,286500,3.375,-0.1777,4850.97,360.0,not_neg,not_int,not_lpsm,498000.0,sb,pr,home,1U,3960.0,EXP,579,EXP,55-64,to_inst,57.53012048,North,direct,0,43.0
76459,2019,cf,Joint,pre,type1,p3,l1,nopc,nob/c,496500,4.75,0.2283,0.0,360.0,neg_amm,not_int,not_lpsm,1728000.0,sb,sr,home,1U,16140.0,EXP,625,EXP,65-74,not_inst,28.73263889,south,direct,0,44.0
116227,2019,cf,Joint,pre,type1,p4,l1,nopc,nob/c,576500,4.125,0.5064,11404.0,360.0,not_neg,not_int,not_lpsm,718000.0,sb,pr,home,1U,10860.0,CIB,558,EXP,45-54,not_inst,80.29247911,North,direct,0,45.0
60702,2019,cf,Sex Not Available,nopre,type1,p4,l1,nopc,nob/c,186500,2.99,0.2329,5672.25,180.0,not_neg,not_int,not_lpsm,308000.0,sb,pr,home,1U,4560.0,EXP,864,CIB,45-54,to_inst,60.55194805,south,direct,0,46.0
141374,2019,cf,Male,nopre,type1,p2,l1,nopc,nob/c,266500,,,,180.0,not_neg,not_int,lpsm,678000.0,sb,pr,home,1U,8520.0,CRIF,701,CIB,65-74,to_inst,39.30678466,North,direct,1,33.0
149806,2019,cf,Joint,nopre,type1,p1,l1,nopc,nob/c,486500,4.25,-0.1949,6727.0,360.0,not_neg,not_int,not_lpsm,708000.0,sb,pr,home,1U,10440.0,CIB,787,EXP,35-44,not_inst,68.71468927,North,direct,0,38.0
143396,2019,cf,Female,nopre,type1,p3,l1,nopc,nob/c,196500,4.875,1.4604,5520.46,360.0,not_neg,not_int,not_lpsm,268000.0,sb,pr,home,1U,2400.0,CIB,686,CIB,45-54,to_inst,73.32089552,North,direct,0,44.0
141152,2019,cf,Joint,nopre,type1,p1,l1,nopc,nob/c,426500,3.75,0.1471,595.0,360.0,not_neg,not_int,not_lpsm,538000.0,sb,pr,home,1U,15300.0,CIB,897,EXP,45-54,to_inst,79.27509294,North,direct,0,18.0
64423,2019,cf,Joint,nopre,type1,p3,l1,nopc,nob/c,186500,4.5,0.2524,4350.0,360.0,neg_amm,not_int,not_lpsm,638000.0,sb,pr,home,1U,2640.0,CRIF,505,EXP,>74,to_inst,29.23197492,North,direct,0,42.0
71890,2019,cf,Female,nopre,type1,p4,l1,nopc,nob/c,456500,3.25,-0.2845,4197.11,324.0,neg_amm,not_int,not_lpsm,698000.0,sb,pr,home,1U,13080.0,EXP,707,CIB,55-64,not_inst,65.40114613,south,direct,0,5.0
130703,2019,cf,Sex Not Available,nopre,type1,p3,l1,nopc,nob/c,336500,4.25,0.0052,8311.25,360.0,neg_amm,not_int,not_lpsm,1148000.0,sb,pr,home,1U,3900.0,CIB,552,CIB,>74,to_inst,29.31184669,south,direct,0,47.0
30695,2019,cf,Male,nopre,type1,p3,l1,nopc,nob/c,86500,4.125,0.6788,1987.0,360.0,not_neg,not_int,not_lpsm,168000.0,sb,pr,home,1U,2280.0,CRIF,726,CIB,45-54,not_inst,51.48809524,North,direct,0,22.0
172086,2019,cf,Joint,nopre,type1,p3,l1,nopc,nob/c,396500,3.875,0.0763,12408.5,360.0,not_neg,not_int,not_lpsm,908000.0,sb,pr,home,1U,7200.0,EXP,549,EXP,55-64,to_inst,43.66740088,south,direct,0,38.0
157791,2019,cf,Male,nopre,type1,p1,l1,nopc,nob/c,106500,5.25,0.9455,1012.0,360.0,neg_amm,not_int,not_lpsm,138000.0,sb,sr,home,1U,4920.0,EXP,611,CIB,35-44,to_inst,77.17391304,North,direct,0,16.0
148190,2019,cf,Female,nopre,type1,p4,l1,nopc,nob/c,366500,3.69,-0.0084,0.0,360.0,not_neg,not_int,not_lpsm,538000.0,sb,pr,home,1U,8880.0,CRIF,815,CIB,35-44,not_inst,68.12267658,North,direct,0,25.0
60032,2019,cf,Male,nopre,type1,p3,l1,nopc,nob/c,426500,,,,180.0,,not_int,not_lpsm,958000.0,sb,pr,home,1U,9300.0,EXP,759,CIB,35-44,to_inst,44.51983299,south,direct,1,37.0
110714,2019,cf,Female,nopre,type2,p3,l1,nopc,b/c,96500,3.75,1.03,2716.32,360.0,not_neg,not_int,not_lpsm,108000.0,sb,pr,home,1U,2880.0,EXP,515,CIB,65-74,to_inst,89.35185185,central,direct,0,33.0
125078,2019,cf,Joint,nopre,type1,p3,l1,nopc,nob/c,556500,3.69,-0.0687,768.0,360.0,not_neg,not_int,not_lpsm,778000.0,sb,pr,home,1U,14400.0,CIB,760,EXP,35-44,not_inst,71.52956298,North,direct,0,28.0
39028,2019,cf,Sex Not Available,nopre,type1,p4,l1,nopc,nob/c,116500,4.25,0.7823,3510.0,324.0,not_neg,not_int,not_lpsm,168000.0,sb,pr,home,1U,2640.0,CRIF,809,CIB,35-44,to_inst,69.3452381,south,direct,0,26.0
170179,2019,cf,Female,nopre,type1,p3,l1,nopc,nob/c,136500,4.375,0.9398,1987.5,180.0,not_neg,not_int,not_lpsm,238000.0,sb,pr,home,1U,4140.0,CRIF,819,CIB,45-54,to_inst,57.35294118,North,direct,0,38.0
171945,2019,cf,Joint,nopre,type1,p4,l2,nopc,nob/c,496500,4.5,0.5192,4628.99,360.0,not_neg,not_int,not_lpsm,548000.0,sb,pr,home,1U,12660.0,EXP,631,EXP,25-34,not_inst,90.60218978,North,direct,0,36.0
59973,2019,,Female,nopre,type1,p1,l1,nopc,nob/c,436500,4.125,0.0318,1325.9,360.0,not_neg,not_int,not_lpsm,548000.0,sb,pr,home,1U,5580.0,EXP,876,CIB,45-54,not_inst,79.65328467,North,direct,0,40.0
76859,2019,cf,Joint,nopre,type1,p3,l1,nopc,nob/c,666500,3.625,0.168,21415.0,360.0,not_neg,int_only,not_lpsm,838000.0,sb,pr,home,1U,17160.0,CRIF,567,EXP,45-54,not_inst,79.53460621,North,direct,0,32.0
34554,2019,cf,Male,nopre,type1,p4,l1,nopc,nob/c,296500,3.75,0.357,7290.0,360.0,not_neg,int_only,not_lpsm,598000.0,sb,pr,home,1U,6240.0,CRIF,664,CIB,35-44,not_inst,49.5819398,North,direct,0,37.0
148447,2019,cf,Joint,nopre,type1,p3,l1,nopc,nob/c,256500,3.875,0.4998,8937.33,360.0,not_neg,int_only,not_lpsm,318000.0,sb,pr,home,1U,4740.0,CRIF,547,EXP,65-74,to_inst,80.66037736,North,direct,0,45.0
105764,2019,cf,Sex Not Available,nopre,type2,p3,l1,nopc,b/c,76500,3.375,1.5532,2663.3,180.0,not_neg,int_only,not_lpsm,148000.0,sb,pr,home,1U,2520.0,CIB,880,CIB,>74,to_inst,51.68918919,south,direct,0,36.0
40594,2019,cf,Sex Not Available,nopre,type1,p3,l1,nopc,nob/c,126500,4.5,0.401,3870.0,360.0,not_neg,not_int,not_lpsm,248000.0,sb,sr,home,1U,5040.0,CIB,745,CIB,55-64,to_inst,51.00806452,south,direct,0,48.0
121052,2019,cf,Male,nopre,type1,p4,l1,nopc,nob/c,396500,3.625,0.1201,0.0,360.0,not_neg,not_int,not_lpsm,448000.0,sb,pr,home,1U,4440.0,CIB,689,CIB,25-34,not_inst,88.50446429,North,direct,0,44.0
55299,2019,cf,Sex Not Available,nopre,type1,p3,l1,nopc,nob/c,256500,4.25,0.8046,4062.5,240.0,not_neg,not_int,not_lpsm,458000.0,sb,pr,home,1U,12240.0,CIB,705,EXP,45-54,to_inst,56.00436681,south,direct,0,24.0
52609,2019,cf,Joint,nopre,type1,p4,l1,nopc,nob/c,326500,3.875,0.3665,5735.65,324.0,not_neg,not_int,not_lpsm,478000.0,sb,pr,home,1U,6780.0,CRIF,529,EXP,25-34,to_inst,68.30543933,North,direct,0,37.0
44409,2019,,Joint,nopre,type1,p1,l1,nopc,nob/c,566500,4.375,0.343,1990.0,360.0,not_neg,not_int,not_lpsm,708000.0,sb,pr,home,1U,8400.0,CRIF,590,EXP,35-44,not_inst,80.01412429,North,direct,0,43.0
88203,2019,cf,Joint,nopre,type1,p4,l1,nopc,nob/c,396500,3.5,-0.006,4000.0,360.0,not_neg,not_int,not_lpsm,908000.0,sb,pr,home,1U,6600.0,CIB,882,EXP,35-44,not_inst,43.66740088,North,direct,0,25.0
106272,2019,cf,Joint,pre,type1,p3,l1,nopc,nob/c,336500,3.625,-0.0782,3235.0,360.0,not_neg,not_int,not_lpsm,498000.0,sb,pr,home,1U,3360.0,CIB,726,EXP,>74,to_inst,67.57028112,North,direct,0,47.0
99016,2019,cf,Joint,pre,type3,p1,l1,nopc,nob/c,176500,5.25,0.781,2062.5,360.0,not_neg,not_int,not_lpsm,178000.0,sb,pr,home,1U,3420.0,CRIF,540,EXP,55-64,to_inst,99.15730337,central,direct,0,54.0
31837,2019,cf,Female,nopre,type1,p3,l1,nopc,nob/c,726500,4.0,0.146,995.0,180.0,not_neg,int_only,not_lpsm,1458000.0,sb,pr,home,1U,10980.0,CIB,519,CIB,35-44,not_inst,49.82853224,south,direct,0,44.0
110723,2019,cf,Female,pre,type1,p4,l1,nopc,nob/c,356500,3.5,-0.2452,5658.88,360.0,not_neg,not_int,not_lpsm,688000.0,sb,pr,home,1U,9300.0,CIB,658,EXP,55-64,not_inst,51.81686047,south,direct,0,38.0
95285,2019,cf,Female,nopre,type1,p1,l1,nopc,nob/c,176500,,,,360.0,not_neg,not_int,not_lpsm,188000.0,sb,pr,home,1U,3120.0,CRIF,896,CIB,25-34,to_inst,93.88297872,North,direct,1,59.0
131658,2019,cf,Joint,nopre,type1,p4,l1,nopc,nob/c,606500,3.875,-0.401,1295.0,360.0,not_neg,not_int,not_lpsm,828000.0,sb,pr,home,1U,10260.0,CIB,554,EXP,45-54,not_inst,73.24879227,south,direct,0,37.0
135384,2019,cf,Joint,nopre,type1,p3,l1,nopc,nob/c,366500,3.875,0.3073,3972.5,360.0,not_neg,not_int,not_lpsm,508000.0,sb,pr,home,1U,8040.0,CIB,500,EXP,55-64,to_inst,72.14566929,south,direct,0,29.0
106928,2019,cf,Female,nopre,type1,p4,l1,nopc,nob/c,476500,4.99,0.502,0.0,360.0,not_neg,not_int,not_lpsm,558000.0,sb,pr,home,1U,5880.0,CRIF,613,EXP,25-34,not_inst,85.39426523,North,direct,0,49.0
45874,2019,cf,Male,nopre,type1,p4,l1,nopc,nob/c,386500,3.375,-0.2231,394.65,324.0,neg_amm,not_int,not_lpsm,518000.0,sb,pr,home,1U,6360.0,CIB,689,CIB,35-44,not_inst,74.61389961,south,direct,0,44.0
124873,2019,cf,Sex Not Available,nopre,type1,p3,l1,nopc,nob/c,246500,3.375,0.0439,7694.38,360.0,not_neg,not_int,not_lpsm,318000.0,sb,pr,home,1U,2280.0,CRIF,889,CIB,55-64,to_inst,77.51572327,south,direct,0,42.0
171349,2019,cf,Sex Not Available,nopre,type1,p4,l1,nopc,nob/c,416500,,,,360.0,neg_amm,not_int,not_lpsm,968000.0,sb,pr,home,1U,3840.0,EXP,721,CIB,55-64,to_inst,43.0268595,south,direct,1,49.0
61681,2019,cf,Female,pre,type1,p3,l1,nopc,nob/c,156500,4.25,0.8071,5272.81,360.0,not_neg,not_int,not_lpsm,278000.0,sb,pr,home,1U,7380.0,CRIF,857,EXP,35-44,to_inst,56.29496403,North,direct,0,12.0
72417,2019,cf,Joint,nopre,type1,p4,l1,nopc,nob/c,426500,3.875,0.3597,0.0,360.0,not_neg,not_int,not_lpsm,968000.0,sb,pr,home,1U,6660.0,CIB,506,EXP,55-64,not_inst,44.05991736,North,direct,0,28.0
163848,2019,cf,Sex Not Available,nopre,type3,p1,l1,nopc,nob/c,236500,4.49,0.8174,836.5,360.0,not_neg,not_int,not_lpsm,238000.0,sb,pr,home,1U,5520.0,EXP,651,EXP,55-64,to_inst,99.3697479,south,direct,0,42.0
141248,2019,cf,Joint,nopre,type1,p4,l1,nopc,nob/c,536500,3.75,0.1643,0.0,360.0,neg_amm,not_int,not_lpsm,938000.0,sb,pr,home,1U,14520.0,CIB,528,EXP,45-54,not_inst,57.19616205,North,direct,0,36.0
92804,2019,cf,Male,nopre,type1,p1,l1,nopc,nob/c,336500,3.99,0.1951,4272.96,360.0,neg_amm,not_int,not_lpsm,358000.0,sb,pr,home,1U,4260.0,CRIF,527,CIB,45-54,not_inst,93.99441341,North,direct,0,49.0
126009,2019,cf,Female,nopre,type1,p1,l1,nopc,nob/c,636500,3.875,0.4494,11920.0,360.0,not_neg,not_int,not_lpsm,718000.0,sb,pr,home,1U,7080.0,EXP,590,CIB,35-44,not_inst,88.64902507,North,direct,0,39.0
41628,2019,cf,Female,pre,type1,p1,l1,nopc,nob/c,136500,3.99,0.7461,3594.13,360.0,not_neg,not_int,not_lpsm,148000.0,sb,pr,home,1U,4620.0,EXP,770,EXP,55-64,to_inst,92.22972973,North,direct,0,41.0
96483,2019,cf,Male,nopre,type1,p3,l1,nopc,nob/c,76500,5.25,0.864,2407.5,360.0,not_neg,not_int,not_lpsm,138000.0,sb,pr,home,1U,1620.0,EXP,879,CIB,65-74,to_inst,55.43478261,North,direct,0,34.0
43509,2019,cf,Joint,nopre,type1,p1,l1,nopc,nob/c,506500,4.125,0.0638,8724.35,360.0,not_neg,not_int,not_lpsm,638000.0,sb,pr,home,1U,12660.0,CRIF,591,EXP,25-34,not_inst,79.38871473,North,direct,0,25.0
154119,2019,cf,Joint,nopre,type1,p2,l1,nopc,nob/c,676500,4.56,1.0352,9300.3,360.0,not_neg,not_int,not_lpsm,1228000.0,sb,ir,home,1U,8400.0,EXP,592,EXP,55-64,not_inst,55.08957655,North,direct,0,49.0
149982,2019,cf,Male,nopre,type1,p1,l1,nopc,nob/c,206500,4.5,0.933,947.6,360.0,not_neg,not_int,lpsm,238000.0,sb,sr,home,1U,6840.0,EXP,842,CIB,65-74,not_inst,86.76470588,North,direct,0,41.0
53607,2019,cf,Joint,nopre,type1,p1,l1,nopc,nob/c,126500,,,,360.0,not_neg,not_int,not_lpsm,158000.0,sb,pr,home,1U,9060.0,CIB,857,EXP,<25,to_inst,80.06329114,North,direct,1,18.0
93580,2019,cf,Sex Not Available,nopre,type1,p3,l1,nopc,nob/c,206500,3.99,0.5962,3762.5,360.0,not_neg,not_int,not_lpsm,298000.0,sb,pr,home,1U,3000.0,CRIF,744,CIB,35-44,to_inst,69.29530201,south,direct,0,33.0
62422,2019,cf,Sex Not Available,nopre,type1,p4,l1,nopc,nob/c,386500,3.99,0.1599,6106.25,360.0,not_neg,not_int,not_lpsm,468000.0,sb,pr,home,1U,5640.0,CIB,668,EXP,25-34,to_inst,82.58547009,south,direct,0,46.0
114561,2019,cf,Sex Not Available,nopre,type1,p4,l1,nopc,nob/c,286500,3.99,0.3405,1250.0,312.0,not_neg,not_int,not_lpsm,408000.0,sb,pr,home,1U,10320.0,EXP,687,CIB,45-54,to_inst,70.22058824,south,direct,0,39.0
124769,2019,cf,Male,nopre,type1,p3,l1,nopc,nob/c,246500,4.125,0.4385,4550.0,360.0,not_neg,not_int,not_lpsm,688000.0,sb,pr,home,1U,2940.0,EXP,805,CIB,55-64,to_inst,35.82848837,south,direct,0,44.0
64125,2019,cf,Male,nopre,type3,p3,l1,nopc,nob/c,316500,3.99,0.0433,9027.5,360.0,not_neg,not_int,not_lpsm,468000.0,sb,pr,home,1U,4860.0,CIB,534,CIB,>74,to_inst,67.62820513,central,direct,0,34.0
135368,2019,cf,Female,pre,type1,p3,l1,nopc,nob/c,236500,,,,360.0,not_neg,not_int,not_lpsm,388000.0,sb,pr,home,1U,5400.0,EXP,504,CIB,45-54,to_inst,60.95360825,central,direct,1,30.0
67260,2019,cf,Female,nopre,type1,p3,l1,nopc,nob/c,226500,4.625,1.1767,6357.5,360.0,not_neg,not_int,not_lpsm,338000.0,sb,pr,home,1U,4620.0,CRIF,860,CIB,45-54,to_inst,67.01183432,south,direct,0,45.0
126597,2019,cf,Male,nopre,type1,p1,l1,nopc,nob/c,86500,,,,360.0,not_neg,not_int,not_lpsm,128000.0,sb,sr,home,1U,12000.0,CIB,801,CIB,35-44,to_inst,67.578125,North,direct,1,46.0
87269,2019,cf,Sex Not Available,nopre,type1,p1,l1,nopc,nob/c,376500,3.99,0.5384,4068.47,360.0,not_neg,not_int,not_lpsm,398000.0,sb,pr,home,1U,5220.0,CRIF,880,CIB,25-34,to_inst,94.59798995,south,direct,0,37.0
48941,2019,cf,Female,nopre,type1,p3,l1,nopc,nob/c,186500,3.375,0.0121,5230.49,360.0,not_neg,not_int,not_lpsm,368000.0,sb,pr,home,1U,1980.0,CRIF,622,CIB,65-74,to_inst,50.67934783,North,direct,0,41.0
56685,2019,cf,Joint,nopre,type1,p3,l2,nopc,nob/c,266500,5.125,1.4371,4205.15,360.0,not_neg,not_int,not_lpsm,408000.0,sb,ir,home,2U,8040.0,EXP,676,EXP,35-44,not_inst,65.31862745,North,direct,0,48.0
52316,2019,ncf,Joint,nopre,type1,p2,l1,nopc,nob/c,156500,5.125,1.315,4250.0,360.0,not_neg,not_int,not_lpsm,248000.0,sb,ir,home,1U,3060.0,EXP,801,EXP,45-54,to_inst,63.10483871,south,direct,0,38.0
92445,2019,cf,Sex Not Available,nopre,type1,p4,l1,nopc,nob/c,216500,3.69,0.0457,584.96,360.0,not_neg,not_int,not_lpsm,348000.0,sb,pr,home,1U,4920.0,CIB,741,EXP,25-34,not_inst,62.21264368,south,direct,0,38.0
148641,2019,cf,Female,pre,type1,p3,l1,nopc,nob/c,246500,4.625,0.7591,0.0,360.0,not_neg,not_int,not_lpsm,388000.0,sb,pr,home,1U,2700.0,EXP,592,CIB,55-64,not_inst,63.53092784,North,direct,0,45.0
27149,2019,cf,Female,nopre,type1,p3,l2,nopc,nob/c,86500,,,,180.0,neg_amm,not_int,not_lpsm,178000.0,sb,pr,home,1U,1440.0,CIB,512,CIB,>74,to_inst,48.59550562,North,direct,1,42.0
37605,2019,cf,Female,nopre,type1,p3,l1,nopc,nob/c,256500,3.99,0.3953,2848.08,360.0,not_neg,not_int,not_lpsm,318000.0,sb,pr,home,1U,4320.0,CIB,526,CIB,35-44,not_inst,80.66037736,North,direct,0,43.0
105560,2019,cf,Female,nopre,type1,p4,l1,nopc,nob/c,86500,3.75,1.1699,3537.73,240.0,not_neg,not_int,not_lpsm,178000.0,sb,pr,home,1U,2820.0,CIB,701,CIB,45-54,to_inst,48.59550562,North,direct,0,38.0
150656,2019,cf,Male,nopre,type1,p1,l1,nopc,nob/c,96500,,,,360.0,neg_amm,not_int,not_lpsm,108000.0,sb,pr,home,1U,3180.0,CRIF,607,CIB,55-64,not_inst,89.35185185,North,direct,1,45.0
157405,2019,cf,Joint,nopre,type1,p4,l1,nopc,nob/c,526500,3.875,0.1301,0.0,360.0,not_neg,not_int,not_lpsm,888000.0,sb,pr,home,1U,6240.0,CIB,746,EXP,55-64,not_inst,59.29054054,south,direct,0,41.0
81862,2019,cf,Joint,nopre,type1,p3,l1,nopc,nob/c,306500,3.625,0.0628,7025.0,360.0,not_neg,not_int,not_lpsm,568000.0,sb,pr,home,1U,4800.0,EXP,764,EXP,45-54,to_inst,53.96126761,North,direct,0,45.0
27101,2019,cf,Joint,nopre,type1,p4,l1,nopc,nob/c,366500,,,,360.0,not_neg,int_only,not_lpsm,528000.0,sb,pr,home,1U,8940.0,EXP,662,EXP,35-44,not_inst,69.41287879,North,direct,1,44.0
103936,2019,cf,Male,nopre,type1,p4,l1,nopc,nob/c,186500,3.625,0.9069,5737.0,240.0,not_neg,not_int,not_lpsm,268000.0,sb,pr,home,1U,5280.0,CIB,855,CIB,35-44,to_inst,69.58955224,central,direct,0,28.0
165768,2019,cf,Male,nopre,type1,p1,l1,nopc,nob/c,346500,4.375,0.2348,67.0,360.0,not_neg,not_int,not_lpsm,358000.0,sb,pr,home,1U,5400.0,CIB,607,CIB,35-44,not_inst,96.7877095,North,direct,0,43.0
159114,2019,cf,Joint,pre,type1,p1,l1,nopc,nob/c,446500,4.25,0.621,150.0,360.0,not_neg,not_int,not_lpsm,478000.0,sb,pr,home,1U,11340.0,CRIF,537,EXP,35-44,to_inst,93.41004184,North,direct,0,26.0
89687,2019,cf,Female,nopre,type1,p3,l1,nopc,nob/c,726500,4.375,0.937,19413.13,360.0,not_neg,not_int,not_lpsm,1738000.0,sb,pr,home,1U,9540.0,EXP,529,EXP,55-64,to_inst,41.8009206,North,direct,0,40.0
148002,2019,cf,Female,nopre,type1,p4,l1,nopc,nob/c,486500,4.5,0.1206,0.0,360.0,not_neg,not_int,not_lpsm,588000.0,sb,pr,home,1U,6000.0,CIB,554,CIB,65-74,not_inst,82.73809524,south,direct,0,42.0
145981,2019,cf,Female,nopre,type1,p3,l1,nopc,nob/c,116500,4.99,0.6593,2552.5,360.0,not_neg,not_int,not_lpsm,238000.0,sb,pr,home,1U,2100.0,EXP,777,CIB,55-64,to_inst,48.94957983,central,direct,0,39.0
69913,2019,cf,Sex Not Available,pre,type1,p3,l1,nopc,nob/c,196500,4.75,1.1906,2648.13,180.0,not_neg,not_int,not_lpsm,238000.0,sb,pr,home,1U,5220.0,CIB,786,EXP,45-54,to_inst,82.56302521,south,direct,0,20.0
74637,2019,cf,Joint,pre,type1,p4,l1,nopc,nob/c,356500,3.625,-0.143,0.0,360.0,not_neg,not_int,not_lpsm,1328000.0,sb,pr,home,1U,12060.0,CRIF,710,EXP,55-64,not_inst,26.84487952,south,direct,0,38.0
103700,2019,cf,Sex Not Available,nopre,type1,p4,l1,nopc,nob/c,506500,3.375,-0.4,0.0,360.0,not_neg,int_only,not_lpsm,818000.0,sb,pr,home,1U,,CIB,581,EXP,35-44,to_inst,61.9193154,south,direct,0,43.0
170015,2019,cf,Sex Not Available,nopre,type2,p4,l1,nopc,b/c,166500,5.5,1.8417,2019.54,360.0,not_neg,not_int,not_lpsm,188000.0,sb,pr,home,1U,3900.0,CIB,619,EXP,55-64,to_inst,88.56382979,south,direct,0,47.0
118040,2019,cf,Male,nopre,type2,p3,l1,nopc,b/c,66500,4.25,1.6363,1882.05,360.0,not_neg,not_int,not_lpsm,88000.0,sb,pr,home,1U,2220.0,CIB,582,CIB,35-44,to_inst,75.56818182,North,direct,0,38.0
101731,2019,cf,Sex Not Available,nopre,type1,p3,l1,nopc,nob/c,246500,4.25,0.0607,7750.0,360.0,neg_amm,not_int,not_lpsm,428000.0,sb,pr,home,1U,3840.0,CIB,567,CIB,35-44,to_inst,57.59345794,south,direct,0,24.0
85733,2019,ncf,Joint,nopre,type1,p1,l1,nopc,nob/c,696500,3.99,-0.0868,2123.75,360.0,not_neg,not_int,not_lpsm,1168000.0,sb,pr,home,1U,29940.0,CRIF,713,EXP,45-54,to_inst,59.63184932,south,direct,0,30.0
84214,2019,cf,Male,nopre,type2,p2,l1,nopc,b/c,66500,4.75,1.6923,973.38,360.0,not_neg,not_int,not_lpsm,188000.0,sb,pr,home,1U,2520.0,CIB,838,CIB,65-74,to_inst,35.37234043,North,direct,0,27.0
67548,2019,cf,Joint,nopre,type1,p4,l1,nopc,nob/c,306500,3.5,-0.1321,,360.0,not_neg,not_int,not_lpsm,398000.0,sb,pr,home,1U,5820.0,CIB,735,EXP,35-44,not_inst,77.01005025,North,direct,0,36.0
112220,2019,cf,Sex Not Available,nopre,type1,p1,l1,nopc,nob/c,456500,3.25,0.4509,10275.0,180.0,not_neg,not_int,not_lpsm,478000.0,sb,pr,home,1U,11880.0,CRIF,528,CIB,45-54,to_inst,95.50209205,south,direct,0,33.0
148025,2019,cf,Sex Not Available,pre,type1,p1,l1,nopc,nob/c,206500,3.875,0.1141,563.0,180.0,not_neg,not_int,not_lpsm,308000.0,sb,pr,home,1U,3240.0,CRIF,769,CIB,35-44,not_inst,67.04545455,south,direct,0,47.0
80321,2019,cf,Male,nopre,type2,p4,l1,nopc,b/c,296500,3.99,1.0741,4310.88,360.0,not_neg,not_int,not_lpsm,308000.0,sb,pr,home,1U,5220.0,EXP,633,CIB,55-64,to_inst,96.26623377,North,direct,0,43.0
156597,2019,cf,Male,nopre,type1,p4,l1,nopc,nob/c,536500,4.5,0.18,0.0,360.0,not_neg,not_int,not_lpsm,708000.0,sb,pr,home,1U,7800.0,CRIF,819,CIB,45-54,not_inst,75.77683616,North,direct,0,41.0
75463,2019,cf,Sex Not Available,nopre,type1,p4,l1,nopc,nob/c,126500,3.375,0.8782,4120.19,180.0,not_neg,not_int,not_lpsm,148000.0,sb,pr,home,1U,4740.0,CIB,863,CIB,55-64,to_inst,85.47297297,south,direct,0,31.0
57922,2019,cf,Joint,nopre,type1,p4,l1,nopc,nob/c,196500,4.375,0.97,4197.19,360.0,not_neg,not_int,not_lpsm,278000.0,sb,ir,home,1U,6000.0,CIB,579,EXP,35-44,not_inst,70.68345324,North,direct,0,47.0
55188,2019,cf,Male,nopre,type1,p3,l1,nopc,nob/c,196500,4.375,0.5084,6513.63,360.0,neg_amm,not_int,not_lpsm,278000.0,sb,pr,home,1U,4200.0,CIB,875,CIB,65-74,to_inst,70.68345324,central,direct,0,44.0
101292,2019,cf,Joint,nopre,type1,p3,l1,nopc,nob/c,166500,4.75,0.9857,0.0,360.0,not_neg,not_int,not_lpsm,288000.0,sb,pr,home,1U,3120.0,EXP,658,EXP,55-64,to_inst,57.8125,North,direct,0,36.0
114277,2019,,Sex Not Available,nopre,type1,p3,l1,nopc,nob/c,256500,4.375,0.9638,3800.0,240.0,not_neg,not_int,not_lpsm,428000.0,sb,pr,home,1U,7080.0,CRIF,568,CIB,65-74,to_inst,59.92990654,south,direct,0,40.0
97029,2019,cf,Female,pre,type1,p1,l1,nopc,nob/c,156500,,,,180.0,not_neg,not_int,not_lpsm,168000.0,sb,pr,home,1U,4500.0,CRIF,582,CIB,25-34,to_inst,93.1547619,south,direct,1,21.0
63682,2019,cf,Male,nopre,type1,p1,l2,nopc,nob/c,216500,4.375,0.2003,0.0,360.0,not_neg,not_int,not_lpsm,278000.0,sb,pr,home,1U,2580.0,EXP,787,CIB,35-44,not_inst,77.87769784,south,direct,0,39.0
150509,2019,cf,Joint,nopre,type1,p3,l1,nopc,nob/c,176500,3.99,0.678,5712.5,360.0,not_neg,not_int,not_lpsm,258000.0,sb,pr,home,1U,3300.0,EXP,875,EXP,>74,to_inst,68.41085271,North,direct,0,36.0
59813,2019,cf,Joint,nopre,type2,p3,l1,nopc,b/c,586500,4.625,0.7731,0.0,360.0,neg_amm,not_int,not_lpsm,718000.0,sb,pr,home,1U,8160.0,CRIF,506,EXP,65-74,not_inst,81.68523677,south,direct,0,53.0
110611,2019,cf,Male,nopre,type2,p1,l1,nopc,b/c,216500,4.5,1.1871,3447.61,360.0,not_neg,not_int,not_lpsm,218000.0,sb,pr,home,1U,7080.0,CRIF,647,CIB,35-44,to_inst,99.31192661,North,direct,0,31.0
97753,2019,cf,Sex Not Available,nopre,type1,p3,l1,nopc,nob/c,186500,4.99,1.4517,5020.79,360.0,not_neg,not_int,not_lpsm,268000.0,sb,pr,home,1U,3960.0,EXP,835,EXP,45-54,to_inst,69.58955224,south,direct,0,47.0
98998,2019,cf,Male,pre,type2,p1,l1,nopc,b/c,226500,3.5,0.7062,5206.62,360.0,not_neg,not_int,not_lpsm,228000.0,sb,pr,home,1U,2580.0,CRIF,685,CIB,35-44,to_inst,99.34210526,North,direct,0,51.0
89167,2019,cf,Sex Not Available,nopre,type1,p3,l1,nopc,nob/c,186500,3.99,0.5916,5749.24,360.0,not_neg,not_int,not_lpsm,258000.0,sb,pr,home,1U,3480.0,CRIF,783,EXP,65-74,to_inst,72.28682171,south,direct,0,34.0
151998,2019,cf,Sex Not Available,nopre,type1,p3,l1,nopc,nob/c,316500,3.99,0.0877,6651.48,360.0,not_neg,not_int,not_lpsm,408000.0,sb,pr,home,1U,5400.0,CIB,893,EXP,55-64,to_inst,77.57352941,south,direct,0,37.0
68769,2019,cf,Female,nopre,type2,p3,l1,nopc,b/c,136500,,,,360.0,not_neg,not_int,not_lpsm,238000.0,sb,pr,home,1U,540.0,EXP,596,EXP,45-54,not_inst,57.35294118,central,direct,1,40.0
62843,2019,cf,Sex Not Available,nopre,type1,p3,l1,nopc,nob/c,466500,4.99,0.6131,8169.48,360.0,not_neg,not_int,not_lpsm,728000.0,sb,pr,home,1U,6120.0,CRIF,580,EXP,55-64,to_inst,64.07967033,south,direct,0,48.0
104202,2019,cf,Sex Not Available,pre,type1,p4,l1,nopc,nob/c,266500,,,,360.0,not_neg,not_int,not_lpsm,398000.0,sb,pr,home,1U,4800.0,CRIF,897,CIB,35-44,to_inst,66.95979899,south,direct,1,36.0
126191,2019,ncf,Joint,nopre,type1,p4,l1,nopc,nob/c,586500,4.375,0.5214,0.0,360.0,not_neg,not_int,not_lpsm,648000.0,sb,pr,home,1U,7200.0,CRIF,567,EXP,25-34,not_inst,90.50925926,North,direct,0,45.0
120844,2019,cf,Female,nopre,type1,p3,l1,nopc,nob/c,556500,4.375,0.6079,0.0,360.0,not_neg,not_int,not_lpsm,868000.0,sb,pr,home,1U,7920.0,CIB,854,CIB,55-64,not_inst,64.11290323,North,direct,0,38.0
63694,2019,cf,Female,pre,type1,p3,l1,nopc,nob/c,326500,3.75,-0.0874,1129.0,360.0,not_neg,not_int,not_lpsm,1848000.0,sb,pr,home,1U,12360.0,CRIF,654,CIB,45-54,not_inst,17.66774892,south,direct,0,29.0
121103,2019,cf,Sex Not Available,nopre,type1,p3,l1,nopc,nob/c,296500,4.375,0.4886,7110.0,360.0,not_neg,not_int,not_lpsm,438000.0,sb,pr,home,1U,5280.0,CIB,669,CIB,65-74,to_inst,67.69406393,south,direct,0,41.0
151709,2019,cf,Female,nopre,type1,p3,l1,nopc,nob/c,266500,3.99,0.5224,7600.0,360.0,not_neg,not_int,not_lpsm,338000.0,sb,pr,home,1U,3300.0,EXP,644,EXP,65-74,to_inst,78.84615385,North,direct,0,49.0
155578,2019,cf,Sex Not Available,nopre,type1,p1,l1,nopc,nob/c,326500,4.125,0.513,9446.5,360.0,not_neg,not_int,not_lpsm,338000.0,sb,pr,home,1U,9900.0,CIB,543,CIB,45-54,to_inst,96.59763314,south,direct,0,17.0
78298,2019,ncf,Sex Not Available,nopre,type1,p3,l2,nopc,nob/c,966500,4.99,0.7639,15550.0,360.0,not_neg,not_int,not_lpsm,1208000.0,sb,pr,home,1U,13920.0,EXP,826,EXP,35-44,to_inst,80.00827815,south,direct,0,39.0
81853,2019,cf,Sex Not Available,pre,type1,p3,l1,nopc,nob/c,76500,4.5,1.0563,3003.75,360.0,not_neg,not_int,not_lpsm,228000.0,sb,pr,home,1U,2220.0,CRIF,742,EXP,65-74,to_inst,33.55263158,south,direct,0,21.0
167068,2019,cf,Sex Not Available,nopre,type3,p1,l1,nopc,nob/c,96500,3.75,-0.0103,2700.0,360.0,not_neg,not_int,not_lpsm,458000.0,sb,pr,home,1U,2100.0,CRIF,644,EXP,>74,to_inst,21.069869,south,direct,0,56.0
45791,2019,cf,Joint,nopre,type1,p3,l1,nopc,nob/c,126500,4.875,1.2946,2018.75,360.0,not_neg,not_int,not_lpsm,208000.0,sb,pr,home,1U,3000.0,CIB,809,EXP,55-64,to_inst,60.81730769,North,direct,0,47.0
151820,2019,cf,Sex Not Available,nopre,type1,p3,l1,nopc,nob/c,146500,3.99,0.4306,4425.0,360.0,not_neg,not_int,lpsm,278000.0,sb,pr,home,1U,2040.0,EXP,842,EXP,>74,to_inst,52.69784173,south,direct,0,35.0
61151,2019,cf,Joint,nopre,type1,p4,l1,nopc,nob/c,676500,3.625,-0.1128,6586.1,360.0,not_neg,not_int,not_lpsm,1988000.0,sb,pr,home,1U,18420.0,CIB,849,EXP,45-54,not_inst,34.02917505,North,direct,0,21.0
167598,2019,ncf,Joint,pre,type1,p1,l1,nopc,nob/c,476500,4.625,0.3138,495.0,324.0,neg_amm,not_int,not_lpsm,528000.0,sb,pr,home,1U,12240.0,EXP,808,EXP,35-44,to_inst,90.24621212,North,direct,0,46.0
162286,2019,cf,Female,nopre,type1,p4,l1,nopc,nob/c,396500,3.5,0.0594,2102.66,360.0,not_neg,int_only,not_lpsm,1048000.0,sb,pr,home,1U,7200.0,CIB,678,CIB,45-54,not_inst,37.83396947,North,direct,0,29.0
133329,2019,cf,Joint,pre,type1,p3,l1,nopc,nob/c,486500,4.375,0.551,1101.84,360.0,not_neg,not_int,not_lpsm,1318000.0,sb,ir,home,1U,14640.0,CIB,678,EXP,45-54,not_inst,36.91198786,south,direct,0,41.0
117388,2019,ncf,Sex Not Available,pre,type1,p1,l1,nopc,nob/c,306500,2.99,-0.0568,5787.5,180.0,not_neg,not_int,not_lpsm,608000.0,sb,pr,home,1U,7200.0,EXP,596,CIB,55-64,to_inst,50.41118421,south,direct,0,35.0
119205,2019,ncf,Sex Not Available,nopre,type1,p1,l1,nopc,nob/c,456500,3.5,-0.114,6445.8,360.0,not_neg,not_int,not_lpsm,488000.0,sb,pr,home,1U,4140.0,EXP,638,CIB,45-54,not_inst,93.54508197,south,direct,0,46.0
60639,2019,cf,Joint,nopre,type1,p1,l2,nopc,nob/c,556500,4.375,0.5041,0.0,360.0,not_neg,not_int,not_lpsm,588000.0,sb,pr,home,1U,9960.0,EXP,714,EXP,35-44,not_inst,94.64285714,North,direct,0,40.0
131513,2019,cf,Female,nopre,type1,p4,l1,nopc,nob/c,536500,3.75,0.2949,3948.32,360.0,not_neg,not_int,not_lpsm,908000.0,sb,pr,home,1U,7920.0,EXP,720,CIB,55-64,to_inst,59.08590308,North,direct,0,49.0
100523,2019,ncf,Sex Not Available,nopre,type1,p4,l1,nopc,nob/c,126500,4.25,0.9643,3241.0,240.0,not_neg,not_int,not_lpsm,248000.0,sb,pr,home,1U,2400.0,EXP,668,CIB,65-74,to_inst,51.00806452,south,direct,0,28.0
132283,2019,,Female,nopre,type2,p1,l1,nopc,b/c,176500,4.5,1.4855,1947.05,360.0,not_neg,not_int,not_lpsm,178000.0,sb,pr,home,1U,2460.0,CRIF,611,CIB,25-34,to_inst,99.15730337,central,direct,0,59.0
64817,2019,cf,Joint,nopre,type1,p3,l1,nopc,nob/c,726500,4.25,-0.082,8146.93,360.0,not_neg,not_int,not_lpsm,1858000.0,sb,pr,home,1U,12960.0,CRIF,813,EXP,>74,not_inst,39.10118407,North,direct,0,31.0
171119,2019,cf,Sex Not Available,nopre,type1,p4,l2,nopc,nob/c,676500,,,,300.0,neg_amm,not_int,not_lpsm,808000.0,sb,pr,home,1U,12300.0,EXP,557,CIB,55-64,to_inst,83.72524752,south,direct,1,39.0
173411,2019,cf,Male,nopre,type1,p3,l1,nopc,nob/c,106500,4.99,0.9982,1300.0,180.0,not_neg,not_int,not_lpsm,308000.0,sb,pr,home,1U,2940.0,CIB,705,CIB,65-74,to_inst,34.57792208,North,direct,0,36.0
171395,2019,cf,Male,nopre,type1,p4,l1,nopc,nob/c,486500,3.375,-0.1235,6683.75,360.0,not_neg,not_int,not_lpsm,588000.0,sb,pr,home,1U,6840.0,CRIF,900,CIB,25-34,to_inst,82.73809524,North,direct,0,33.0
92934,2019,cf,Sex Not Available,nopre,type1,p3,l1,nopc,nob/c,586500,3.625,0.1607,19056.0,360.0,not_neg,not_int,not_lpsm,2458000.0,sb,pr,home,1U,7440.0,CRIF,802,EXP,65-74,to_inst,23.86086249,south,direct,0,46.0
51318,2019,cf,Joint,nopre,type1,p3,l1,nopc,nob/c,306500,4.125,0.674,1242.0,360.0,not_neg,not_int,not_lpsm,978000.0,sb,pr,home,1U,3480.0,CIB,756,EXP,45-54,not_inst,31.3394683,North,direct,0,40.0
69525,2019,ncf,Sex Not Available,nopre,type3,p3,l1,nopc,nob/c,776500,3.125,-0.4836,10642.5,360.0,not_neg,not_int,not_lpsm,1018000.0,sb,pr,home,1U,10800.0,CRIF,628,EXP,45-54,to_inst,76.27701375,south,direct,0,33.0
145686,2019,cf,Joint,pre,type1,p1,l1,nopc,nob/c,156500,,,,360.0,not_neg,not_int,not_lpsm,178000.0,sb,sr,home,1U,5640.0,CRIF,558,EXP,55-64,to_inst,87.92134831,central,direct,1,59.0
96860,2019,cf,Sex Not Available,nopre,type1,p4,l1,nopc,nob/c,336500,3.625,0.039,0.0,360.0,not_neg,int_only,not_lpsm,508000.0,sb,pr,home,1U,6120.0,EXP,797,CIB,65-74,not_inst,66.24015748,south,direct,0,21.0
153448,2019,cf,Sex Not Available,pre,type1,p1,l1,nopc,nob/c,546500,4.25,-0.034,2185.42,360.0,not_neg,not_int,not_lpsm,578000.0,sb,pr,home,1U,6660.0,CIB,536,CIB,45-54,not_inst,94.55017301,south,direct,0,46.0
107073,2019,cf,Sex Not Available,nopre,type1,p3,l1,nopc,nob/c,216500,4.75,1.3156,5772.0,360.0,not_neg,not_int,lpsm,268000.0,sb,pr,home,1U,3660.0,CIB,715,CIB,35-44,to_inst,80.78358209,south,direct,0,44.0
29148,2019,cf,Male,pre,type1,p1,l1,nopc,nob/c,206500,3.725,-0.2075,743.25,360.0,not_neg,int_only,not_lpsm,258000.0,sb,pr,home,1U,3120.0,EXP,887,CIB,55-64,to_inst,80.03875969,North,direct,0,44.0
73943,2019,ncf,Male,pre,type1,p3,l1,nopc,nob/c,786500,,,,360.0,not_neg,not_int,not_lpsm,1008000.0,sb,pr,home,1U,8040.0,CIB,844,EXP,55-64,to_inst,78.02579365,south,direct,1,44.0
131242,2019,cf,Male,nopre,type3,p3,l1,nopc,nob/c,316500,,,,360.0,neg_amm,not_int,not_lpsm,308000.0,sb,pr,home,1U,5760.0,EXP,672,CIB,45-54,to_inst,102.7597403,central,direct,1,32.0
137398,2019,cf,Joint,nopre,type2,p1,l1,nopc,b/c,506500,3.5,0.8883,0.0,360.0,not_neg,not_int,not_lpsm,518000.0,sb,pr,home,1U,7440.0,CIB,514,EXP,25-34,not_inst,97.77992278,south,direct,0,43.0
103126,2019,cf,Joint,nopre,type1,p1,l1,nopc,nob/c,166500,4.56,0.5074,4069.25,360.0,not_neg,not_int,not_lpsm,178000.0,sb,sr,home,1U,4260.0,EXP,636,EXP,>74,to_inst,93.53932584,south,direct,0,43.0
47120,2019,cf,Sex Not Available,nopre,type2,p3,l1,nopc,b/c,136500,,,,360.0,not_neg,not_int,not_lpsm,158000.0,sb,pr,home,1U,1980.0,CIB,840,CIB,35-44,to_inst,86.39240506,south,direct,1,39.0
106840,2019,cf,Sex Not Available,nopre,type1,p3,l1,nopc,nob/c,226500,4.375,0.8737,6530.0,360.0,not_neg,not_int,not_lpsm,278000.0,sb,pr,home,1U,6300.0,EXP,658,CIB,45-54,to_inst,81.47482014,south,direct,0,38.0
128369,2019,,Male,nopre,type1,p1,l1,nopc,nob/c,106500,4.5,0.306,1235.64,360.0,not_neg,not_int,not_lpsm,108000.0,sb,pr,home,1U,3000.0,CRIF,831,CIB,25-34,to_inst,98.61111111,North,direct,0,22.0
33451,2019,cf,Female,nopre,type1,p3,l1,nopc,nob/c,486500,3.99,0.4892,4262.5,360.0,not_neg,not_int,not_lpsm,958000.0,sb,pr,home,1U,12600.0,EXP,867,CIB,35-44,to_inst,50.782881,North,direct,0,8.0
120459,2019,cf,Female,pre,type2,p1,l1,nopc,b/c,156500,4.125,1.4854,2705.25,360.0,not_neg,not_int,not_lpsm,158000.0,sb,pr,home,1U,6060.0,CRIF,714,EXP,35-44,to_inst,99.05063291,North-East,direct,0,38.0
173029,2019,cf,Female,nopre,type1,p3,l1,nopc,nob/c,116500,3.99,0.4958,3298.01,360.0,not_neg,not_int,not_lpsm,308000.0,sb,pr,home,1U,1500.0,EXP,810,CIB,65-74,to_inst,37.82467532,central,direct,0,40.0
53053,2019,cf,Male,nopre,type1,p4,l1,nopc,nob/c,486500,3.125,-0.0691,0.0,180.0,not_neg,not_int,not_lpsm,1128000.0,sb,pr,home,1U,11400.0,CRIF,709,CIB,35-44,not_inst,43.12943262,North,direct,0,21.0
73700,2019,cf,Female,pre,type1,p3,l1,nopc,nob/c,486500,2.99,0.1654,13955.0,180.0,not_neg,not_int,not_lpsm,828000.0,sb,pr,home,1U,12360.0,EXP,528,CIB,45-54,to_inst,58.75603865,North,direct,0,36.0
133688,2019,cf,Male,pre,type1,p1,l2,nopc,nob/c,96500,4.99,1.2224,4096.25,360.0,not_neg,not_int,not_lpsm,138000.0,sb,ir,home,1U,6660.0,CRIF,855,CIB,25-34,to_inst,69.92753623,south,direct,0,45.0
66465,2019,cf,Joint,nopre,type1,p1,l1,nopc,nob/c,226500,,,,360.0,neg_amm,not_int,not_lpsm,308000.0,sb,ir,home,1U,3540.0,CRIF,865,EXP,35-44,not_inst,73.53896104,south,direct,1,13.0
53561,2019,cf,Joint,pre,type1,p1,l1,nopc,nob/c,166500,4.5,0.8748,3792.5,360.0,not_neg,not_int,not_lpsm,188000.0,sb,pr,home,1U,7020.0,CRIF,656,EXP,25-34,to_inst,88.56382979,North,direct,0,32.0
138061,2019,cf,Joint,nopre,type1,p3,l1,nopc,nob/c,506500,,,,360.0,not_neg,not_int,not_lpsm,1128000.0,sb,pr,home,1U,6120.0,EXP,501,EXP,65-74,not_inst,44.90248227,south,direct,1,57.0
135300,2019,cf,Sex Not Available,nopre,type1,p3,l2,nopc,nob/c,236500,4.25,0.7154,2540.0,180.0,not_neg,not_int,not_lpsm,368000.0,sb,pr,home,1U,5220.0,EXP,847,CIB,65-74,to_inst,64.26630435,south,direct,0,47.0
158076,2019,cf,Sex Not Available,nopre,type1,p1,l2,nopc,nob/c,486500,4.5,0.112,1150.0,360.0,not_neg,not_int,not_lpsm,618000.0,sb,pr,home,1U,10620.0,CRIF,602,EXP,35-44,to_inst,78.72168285,south,direct,0,29.0
148156,2019,cf,Male,nopre,type1,p3,l1,nopc,nob/c,296500,5.5,1.2735,7385.0,360.0,not_neg,not_int,not_lpsm,1608000.0,sb,ir,home,1U,12540.0,CIB,720,EXP,>74,to_inst,18.43905473,North,direct,0,44.0
100662,2019,cf,Female,nopre,type1,p3,l1,nopc,nob/c,266500,4.5,0.2397,5181.55,360.0,neg_amm,not_int,not_lpsm,338000.0,sb,pr,home,1U,3180.0,EXP,512,CIB,35-44,to_inst,78.84615385,North,direct,0,49.0
87412,2019,ncf,Sex Not Available,nopre,type1,p4,l1,nopc,nob/c,496500,3.25,-0.3861,178.64,360.0,not_neg,not_int,not_lpsm,688000.0,sb,pr,home,1U,8760.0,CIB,819,CIB,45-54,to_inst,72.16569767,south,direct,0,31.0
32622,2019,cf,Joint,nopre,type1,p1,l1,nopc,nob/c,626500,3.875,-0.3625,6466.6,360.0,not_neg,not_int,not_lpsm,1018000.0,sb,pr,home,1U,14760.0,CIB,682,EXP,25-34,not_inst,61.54223969,south,direct,0,13.0
125879,2019,cf,Female,nopre,type1,p1,l1,nopc,nob/c,196500,4.875,0.2493,0.0,360.0,not_neg,not_int,not_lpsm,248000.0,sb,sr,home,1U,4020.0,CRIF,712,CIB,65-74,to_inst,79.23387097,North,direct,0,42.0
108045,2019,ncf,Sex Not Available,nopre,type3,p3,l1,nopc,nob/c,646500,3.5,-0.3823,19362.0,360.0,not_neg,not_int,not_lpsm,1488000.0,sb,pr,home,1U,6060.0,EXP,652,EXP,>74,to_inst,43.44758065,south,direct,0,47.0
163998,2019,cf,Male,nopre,type1,p4,l1,nopc,nob/c,56500,,,,360.0,not_neg,not_int,not_lpsm,428000.0,sb,pr,home,1U,4500.0,CRIF,519,CIB,>74,to_inst,13.20093458,North,direct,1,16.0
104043,2019,cf,Male,nopre,type1,p3,l1,nopc,nob/c,456500,3.625,-0.0471,0.0,360.0,not_neg,not_int,not_lpsm,1258000.0,sb,pr,home,1U,16500.0,EXP,638,CIB,55-64,not_inst,36.28775835,south,direct,0,11.0
79553,2019,cf,Female,pre,type1,p1,l1,nopc,nob/c,176500,4.375,0.252,2937.25,360.0,not_neg,not_int,not_lpsm,188000.0,sb,pr,home,1U,2640.0,CRIF,877,EXP,25-34,to_inst,93.88297872,North,direct,0,39.0
117519,2019,cf,Sex Not Available,nopre,type3,p3,l1,nopc,nob/c,156500,,,,360.0,not_neg,not_int,not_lpsm,208000.0,sb,pr,home,1U,1740.0,CRIF,760,CIB,55-64,to_inst,75.24038462,south,direct,1,49.0
109460,2019,cf,Male,pre,type1,p4,l1,nopc,nob/c,236500,4.375,0.6839,2399.0,360.0,not_neg,not_int,not_lpsm,408000.0,sb,pr,home,1U,7260.0,CRIF,633,EXP,45-54,to_inst,57.96568627,North,direct,0,27.0
145979,2019,cf,Joint,pre,type1,p1,l1,nopc,nob/c,516500,3.99,0.2469,0.0,360.0,not_neg,not_int,not_lpsm,578000.0,sb,pr,home,1U,9720.0,EXP,654,EXP,25-34,not_inst,89.35986159,central,direct,0,20.0
113610,2019,cf,Joint,nopre,type1,p4,l1,nopc,nob/c,226500,,,,360.0,neg_amm,not_int,not_lpsm,508000.0,sb,pr,home,1U,3120.0,CRIF,857,EXP,65-74,not_inst,44.58661417,North-East,direct,1,37.0
36502,2019,cf,Joint,nopre,type1,p4,l1,nopc,nob/c,296500,2.875,-0.212,0.0,180.0,not_neg,not_int,not_lpsm,668000.0,sb,pr,home,1U,9000.0,EXP,759,EXP,35-44,not_inst,44.38622754,south,direct,0,49.0
125977,2019,cf,Sex Not Available,nopre,type2,p3,l1,nopc,b/c,76500,,,,360.0,neg_amm,not_int,not_lpsm,78000.0,sb,pr,home,1U,3060.0,EXP,562,EXP,65-74,to_inst,98.07692308,south,direct,1,48.0
156617,2019,ncf,Male,pre,type1,p1,l1,nopc,nob/c,436500,4.5,0.5056,2261.24,360.0,not_neg,not_int,not_lpsm,548000.0,sb,pr,home,1U,125100.0,EXP,616,EXP,25-34,not_inst,79.65328467,North,direct,0,5.0
70296,2019,cf,Joint,nopre,type1,p4,l1,nopc,nob/c,396500,3.75,0.0555,3000.0,300.0,neg_amm,not_int,not_lpsm,658000.0,sb,ir,home,1U,11220.0,CRIF,776,EXP,35-44,not_inst,60.25835866,south,direct,0,42.0
32603,2019,cf,Sex Not Available,nopre,type2,p3,l1,nopc,b/c,396500,3.125,0.4147,8848.95,360.0,not_neg,not_int,not_lpsm,498000.0,sb,pr,home,1U,4560.0,EXP,800,EXP,55-64,to_inst,79.6184739,south,direct,0,41.0
126662,2019,cf,Joint,nopre,type1,p1,l1,nopc,nob/c,636500,3.875,0.3288,1407.96,360.0,not_neg,int_only,not_lpsm,718000.0,sb,pr,home,1U,9600.0,EXP,698,EXP,35-44,not_inst,88.64902507,North,direct,0,49.0
169938,2019,cf,Male,nopre,type1,p3,l1,nopc,nob/c,256500,3.5,-0.0076,3581.88,360.0,not_neg,int_only,not_lpsm,758000.0,sb,pr,home,1U,4800.0,CIB,753,CIB,65-74,to_inst,33.83905013,North,direct,0,41.0
62777,2019,cf,Male,nopre,type3,p3,l1,nopc,nob/c,126500,4.5,0.2517,3905.98,360.0,not_neg,not_int,not_lpsm,148000.0,sb,pr,home,1U,2520.0,CRIF,719,CIB,65-74,to_inst,85.47297297,North,direct,0,55.0
117072,2019,cf,Male,nopre,type1,p4,l1,nopc,nob/c,376500,4.875,0.1166,0.0,360.0,not_neg,not_int,not_lpsm,538000.0,sb,pr,home,1U,7380.0,CRIF,871,CIB,45-54,to_inst,69.98141264,North,direct,0,47.0
31281,2019,cf,Male,nopre,type1,p3,l1,nopc,nob/c,126500,3.99,1.0695,3105.38,240.0,not_neg,not_int,not_lpsm,178000.0,sb,pr,home,1U,3420.0,EXP,692,CIB,45-54,to_inst,71.06741573,North,direct,0,30.0
48880,2019,cf,Female,nopre,type1,p1,l1,nopc,nob/c,216500,,,,360.0,not_neg,not_int,not_lpsm,268000.0,sb,pr,home,1U,8460.0,CIB,825,EXP,35-44,to_inst,80.78358209,south,direct,1,31.0
34080,2019,cf,Joint,nopre,type1,p4,l1,nopc,nob/c,296500,3.375,0.1751,268.2,180.0,not_neg,not_int,not_lpsm,858000.0,sb,pr,home,1U,6600.0,CIB,630,EXP,55-64,not_inst,34.55710956,North,direct,0,37.0
153508,2019,,Female,nopre,type1,p1,l1,nopc,nob/c,416500,3.99,-0.0139,1351.3,360.0,not_neg,not_int,not_lpsm,768000.0,sb,pr,home,1U,5280.0,CRIF,767,CIB,45-54,not_inst,54.23177083,south,direct,0,45.0
80184,2019,cf,Sex Not Available,nopre,type1,p4,l1,nopc,nob/c,186500,3.5,0.0327,5601.0,324.0,not_neg,not_int,not_lpsm,358000.0,sb,pr,home,1U,2880.0,EXP,862,CIB,45-54,to_inst,52.09497207,south,direct,0,40.0
115046,2019,cf,Sex Not Available,nopre,type2,p1,l1,nopc,b/c,266500,3.25,0.5521,0.0,360.0,not_neg,not_int,not_lpsm,268000.0,sb,pr,home,1U,6180.0,CRIF,705,EXP,25-34,not_inst,99.44029851,central,direct,0,22.0
36069,2019,cf,Sex Not Available,nopre,type2,p4,l2,nopc,b/c,516500,4.5,1.0317,2491.7,360.0,not_neg,not_int,not_lpsm,658000.0,sb,pr,home,1U,7500.0,CRIF,528,CIB,45-54,to_inst,78.49544073,south,direct,0,51.0
38845,2019,cf,Joint,nopre,type1,p4,l1,nopc,nob/c,486500,3.25,-0.4822,2000.0,360.0,not_neg,not_int,not_lpsm,608000.0,sb,pr,home,1U,4980.0,CIB,612,EXP,25-34,not_inst,80.01644737,south,direct,0,43.0
149044,2019,cf,Joint,nopre,type1,p1,l1,nopc,nob/c,206500,4.625,0.2932,0.0,360.0,not_neg,not_int,not_lpsm,328000.0,sb,ir,home,1U,8160.0,CIB,799,EXP,45-54,not_inst,62.95731707,south,direct,0,38.0
80368,2019,cf,Joint,nopre,type1,p4,l1,nopc,nob/c,626500,3.875,-0.36,4664.97,360.0,not_neg,not_int,not_lpsm,908000.0,sb,pr,home,1U,12480.0,CRIF,503,EXP,35-44,not_inst,68.99779736,south,direct,0,35.0
52352,2019,cf,Joint,nopre,type1,p4,l1,nopc,nob/c,136500,,,,360.0,neg_amm,not_int,not_lpsm,288000.0,sb,pr,home,1U,1860.0,CIB,526,EXP,45-54,not_inst,47.39583333,south,direct,1,11.0
103844,2019,cf,Sex Not Available,nopre,type1,p4,l1,nopc,nob/c,146500,4.99,0.5921,0.0,360.0,not_neg,not_int,not_lpsm,608000.0,sb,pr,home,1U,15420.0,CRIF,738,CIB,55-64,to_inst,24.09539474,south,direct,0,18.0
132686,2019,cf,Male,pre,type3,p3,l1,nopc,nob/c,296500,3.75,0.5511,,360.0,not_neg,not_int,not_lpsm,338000.0,sb,pr,home,1U,2580.0,CRIF,890,EXP,55-64,to_inst,87.72189349,North,direct,0,58.0
78822,2019,cf,Joint,nopre,type1,p4,l1,nopc,nob/c,326500,3.625,0.3926,250.0,240.0,not_neg,not_int,not_lpsm,578000.0,sb,pr,home,1U,4800.0,CRIF,565,EXP,45-54,to_inst,56.48788927,south,direct,0,45.0
92186,2019,cf,Joint,nopre,type1,p4,l1,nopc,nob/c,456500,3.99,0.3071,5269.53,324.0,not_neg,not_int,not_lpsm,628000.0,sb,pr,home,1U,12960.0,CRIF,896,EXP,45-54,to_inst,72.6910828,North,direct,0,22.0
78116,2019,cf,Sex Not Available,nopre,type1,p4,l1,nopc,nob/c,246500,3.5,0.1553,4060.0,180.0,not_neg,not_int,not_lpsm,318000.0,sb,pr,home,1U,4800.0,EXP,506,EXP,55-64,to_inst,77.51572327,south,direct,0,51.0
34637,2019,cf,Male,pre,type1,p3,l1,nopc,nob/c,356500,4.875,1.4846,6825.84,360.0,not_neg,not_int,not_lpsm,488000.0,sb,pr,home,2U,4260.0,CRIF,733,CIB,35-44,not_inst,73.05327869,south,direct,0,44.0
29642,2019,cf,Female,nopre,type1,p1,l1,nopc,nob/c,366500,3.625,0.189,6808.0,360.0,not_neg,not_int,not_lpsm,468000.0,sb,pr,home,1U,12840.0,CRIF,569,CIB,35-44,not_inst,78.31196581,south,direct,0,22.0
131296,2019,cf,Female,nopre,type1,p4,l1,nopc,nob/c,436500,3.99,0.5739,5799.38,360.0,not_neg,not_int,not_lpsm,738000.0,sb,pr,home,1U,6300.0,CIB,510,CIB,45-54,to_inst,59.14634146,North,direct,0,37.0
104641,2019,cf,Male,nopre,type1,p1,l1,nopc,nob/c,146500,4.56,1.0948,4362.49,360.0,not_neg,not_int,not_lpsm,158000.0,sb,pr,home,1U,3060.0,EXP,900,CIB,35-44,to_inst,92.72151899,North,direct,0,42.0
98742,2019,cf,Male,nopre,type3,p3,l1,nopc,nob/c,266500,,,,360.0,neg_amm,not_int,not_lpsm,288000.0,sb,pr,home,1U,2220.0,CIB,719,CIB,65-74,to_inst,92.53472222,North,direct,1,58.0
40631,2019,cf,Male,nopre,type1,p1,l1,nopc,nob/c,376500,3.75,0.202,175.12,360.0,not_neg,not_int,not_lpsm,418000.0,sb,pr,home,1U,5340.0,EXP,805,CIB,25-34,not_inst,90.07177033,North,direct,0,38.0
53738,2019,cf,Female,nopre,type1,p1,l1,nopc,nob/c,176500,4.625,0.2821,795.06,360.0,not_neg,not_int,not_lpsm,218000.0,sb,pr,home,1U,2100.0,CIB,646,CIB,35-44,not_inst,80.96330275,south,direct,0,43.0
126437,2019,cf,Sex Not Available,nopre,type1,p3,l2,nopc,nob/c,386500,4.375,0.5158,8900.0,360.0,not_neg,not_int,not_lpsm,458000.0,sb,pr,home,1U,6000.0,CIB,618,CIB,35-44,to_inst,84.38864629,south,direct,0,37.0
64301,2019,cf,Male,pre,type2,p1,l1,nopc,b/c,206500,3.75,0.943,0.0,360.0,not_neg,not_int,not_lpsm,208000.0,sb,pr,home,1U,3960.0,CRIF,635,CIB,<25,not_inst,99.27884615,North,direct,0,49.0
84121,2019,cf,Joint,nopre,type1,p4,l1,nopc,nob/c,646500,4.125,0.027,0.0,360.0,not_neg,not_int,not_lpsm,888000.0,sb,pr,home,1U,11700.0,EXP,723,EXP,25-34,not_inst,72.80405405,south,direct,0,31.0
141919,2019,cf,Male,nopre,type1,p3,l1,nopc,nob/c,336500,3.375,-0.083,12891.08,360.0,not_neg,not_int,not_lpsm,428000.0,sb,pr,home,1U,5160.0,EXP,549,CIB,25-34,not_inst,78.62149533,North,direct,0,44.0
161729,2019,,Male,nopre,type1,p1,l1,nopc,nob/c,726500,4.375,0.298,0.0,360.0,not_neg,not_int,not_lpsm,838000.0,sb,pr,home,1U,10200.0,CIB,894,CIB,35-44,not_inst,86.69451074,central,direct,0,39.0
135416,2019,cf,Sex Not Available,nopre,type1,p4,l1,nopc,nob/c,456500,3.56,-0.163,3654.69,360.0,not_neg,not_int,not_lpsm,678000.0,sb,pr,home,1U,11880.0,EXP,682,CIB,25-34,not_inst,67.33038348,south,direct,0,15.0
90717,2019,cf,Sex Not Available,nopre,type1,p3,l1,nopc,nob/c,276500,4.25,0.8896,6816.0,360.0,not_neg,not_int,not_lpsm,468000.0,sb,pr,home,1U,4860.0,CIB,545,CIB,35-44,to_inst,59.08119658,south,direct,0,31.0
142394,2019,cf,Male,nopre,type1,p4,l1,nopc,nob/c,336500,3.5,0.6301,5350.0,240.0,not_neg,not_int,not_lpsm,538000.0,sb,pr,home,1U,6000.0,EXP,883,CIB,55-64,not_inst,62.5464684,North,direct,0,47.0
55999,2019,cf,Sex Not Available,nopre,type1,p3,l1,nopc,nob/c,416500,3.375,0.3044,0.0,180.0,not_neg,not_int,not_lpsm,1008000.0,sb,pr,home,1U,11880.0,CIB,876,EXP,55-64,to_inst,41.31944444,south,direct,0,32.0
117961,2019,cf,Joint,nopre,type1,p3,l1,nopc,nob/c,486500,3.75,0.1448,6008.6,360.0,not_neg,not_int,not_lpsm,658000.0,sb,pr,home,1U,12900.0,EXP,800,EXP,35-44,not_inst,73.93617021,North,direct,0,40.0
38972,2019,cf,Joint,nopre,type1,p3,l2,nopc,nob/c,136500,4.75,1.4175,2723.14,240.0,not_neg,not_int,not_lpsm,288000.0,sb,pr,home,1U,1980.0,EXP,768,EXP,55-64,to_inst,47.39583333,south,direct,0,43.0
131184,2019,ncf,Joint,nopre,type1,p4,l1,nopc,nob/c,266500,4.0,-0.1233,,360.0,not_neg,not_int,not_lpsm,508000.0,sb,pr,home,1U,3720.0,CIB,689,EXP,55-64,not_inst,52.46062992,south,direct,0,44.0
138301,2019,cf,Sex Not Available,nopre,type1,p4,l1,nopc,nob/c,226500,3.99,0.2685,1386.41,360.0,not_neg,not_int,not_lpsm,328000.0,sb,pr,home,1U,3060.0,EXP,706,CIB,35-44,to_inst,69.05487805,south,direct,0,40.0
61160,2019,cf,Female,nopre,type1,p3,l1,nopc,nob/c,396500,4.625,1.2166,11618.75,360.0,not_neg,not_int,not_lpsm,558000.0,sb,ir,home,1U,4260.0,CIB,853,CIB,35-44,to_inst,71.05734767,North,direct,0,56.0
83682,2019,cf,Sex Not Available,nopre,type1,p4,l1,nopc,nob/c,366500,3.875,0.3343,1250.0,360.0,not_neg,not_int,not_lpsm,388000.0,sb,pr,home,1U,8340.0,EXP,878,EXP,45-54,to_inst,94.45876289,south,direct,0,31.0
156108,2019,cf,Joint,nopre,type1,p3,l1,nopc,nob/c,386500,,,,360.0,not_neg,not_int,not_lpsm,458000.0,sb,pr,home,1U,10140.0,CRIF,604,EXP,55-64,to_inst,84.38864629,North,direct,1,46.0
56089,2019,ncf,Female,pre,type1,p4,l1,nopc,nob/c,736500,3.75,-0.2654,7864.31,360.0,not_neg,not_int,not_lpsm,2908000.0,sb,pr,home,1U,8820.0,CIB,593,CIB,45-54,not_inst,25.32668501,North,direct,0,38.0
147113,2019,ncf,Male,pre,type1,p2,l1,nopc,nob/c,606500,5.5,1.4653,1078.95,360.0,not_neg,not_int,not_lpsm,1308000.0,sb,ir,home,4U,5760.0,CIB,567,CIB,>74,not_inst,46.36850153,North,direct,0,9.0
45948,2019,cf,Sex Not Available,nopre,type1,p1,l1,nopc,nob/c,356500,,,,360.0,not_neg,not_int,not_lpsm,338000.0,sb,pr,home,1U,10260.0,EXP,540,CIB,25-34,to_inst,105.4733728,south,direct,1,23.0
55519,2019,cf,Male,nopre,type1,p1,l1,nopc,nob/c,236500,4.25,0.1584,520.0,360.0,not_neg,not_int,not_lpsm,298000.0,sb,pr,home,1U,3120.0,CIB,612,CIB,<25,not_inst,79.36241611,North,direct,0,47.0
127785,2019,cf,Joint,nopre,type1,p4,l1,nopc,nob/c,326500,3.99,0.5024,2865.5,360.0,not_neg,not_int,not_lpsm,458000.0,sb,pr,home,1U,7080.0,CIB,884,EXP,45-54,to_inst,71.28820961,central,direct,0,36.0
28419,2019,cf,Joint,nopre,type1,p3,l1,nopc,nob/c,256500,3.5,0.0404,2000.0,360.0,not_neg,not_int,not_lpsm,458000.0,sb,pr,home,1U,4380.0,EXP,609,EXP,55-64,not_inst,56.00436681,south,direct,0,42.0
146536,2019,cf,Joint,nopre,type1,p3,l1,nopc,nob/c,626500,4.375,0.743,0.0,180.0,not_neg,not_int,not_lpsm,968000.0,sb,pr,home,1U,12120.0,CRIF,681,EXP,45-54,not_inst,64.72107438,North,direct,0,38.0
136338,2019,ncf,Male,nopre,type2,p1,l1,nopc,b/c,246500,3.99,1.2125,2739.47,360.0,not_neg,not_int,not_lpsm,248000.0,sb,pr,home,1U,5100.0,EXP,803,EXP,55-64,to_inst,99.39516129,North,direct,0,49.0
97897,2019,cf,Joint,nopre,type1,p3,l1,nopc,nob/c,356500,3.875,0.3764,2946.9,360.0,not_neg,int_only,not_lpsm,758000.0,sb,pr,home,1U,4740.0,EXP,740,EXP,35-44,to_inst,47.03166227,North,direct,0,30.0
90009,2019,cf,Sex Not Available,pre,type1,p4,l1,nopc,nob/c,226500,3.75,0.6091,,180.0,not_neg,not_int,not_lpsm,298000.0,sb,pr,home,1U,5220.0,EXP,856,CIB,55-64,to_inst,76.00671141,south,direct,0,32.0
68249,2019,cf,Joint,nopre,type1,p3,l1,nopc,nob/c,356500,3.75,-0.0036,730.5,360.0,not_neg,not_int,not_lpsm,638000.0,sb,pr,home,1U,3060.0,CRIF,720,EXP,45-54,not_inst,55.87774295,North,direct,0,47.0
97530,2019,cf,Sex Not Available,pre,type1,p1,l1,nopc,nob/c,116500,3.875,0.2241,4562.81,360.0,neg_amm,not_int,not_lpsm,158000.0,sb,sr,home,1U,5700.0,EXP,883,CIB,65-74,to_inst,73.73417722,south,direct,0,25.0
47046,2019,cf,Sex Not Available,pre,type1,p3,l1,nopc,nob/c,396500,4.99,1.2597,1627.0,360.0,not_neg,not_int,not_lpsm,468000.0,sb,pr,home,1U,9480.0,CRIF,737,CIB,55-64,to_inst,84.72222222,south,direct,0,26.0
56740,2019,cf,Sex Not Available,pre,type1,p3,l1,nopc,nob/c,306500,,,,360.0,not_neg,not_int,not_lpsm,388000.0,sb,pr,home,1U,6360.0,CRIF,553,EXP,65-74,to_inst,78.99484536,south,direct,1,32.0
154678,2019,cf,Sex Not Available,pre,type1,p4,l1,nopc,nob/c,186500,4.5,1.3287,1250.0,240.0,not_neg,not_int,not_lpsm,258000.0,sb,pr,home,1U,4620.0,EXP,648,EXP,25-34,to_inst,72.28682171,south,direct,0,42.0
167285,2019,cf,Male,nopre,type1,p4,l1,nopc,nob/c,396500,3.875,0.4048,7950.0,360.0,not_neg,not_int,not_lpsm,428000.0,sb,pr,home,1U,6600.0,CIB,597,CIB,45-54,not_inst,92.64018692,central,direct,0,32.0
114520,2019,cf,Joint,nopre,type1,p3,l1,nopc,nob/c,386500,3.5,0.3087,1313.88,240.0,not_neg,not_int,not_lpsm,878000.0,sb,pr,home,1U,9000.0,CIB,847,EXP,45-54,not_inst,44.02050114,central,direct,0,32.0
44552,2019,cf,Joint,nopre,type1,p3,l1,nopc,nob/c,156500,4.5,0.8748,3447.25,180.0,not_neg,not_int,not_lpsm,418000.0,sb,pr,home,1U,4020.0,CRIF,798,EXP,45-54,to_inst,37.44019139,North,direct,0,35.0
140100,2019,cf,Joint,nopre,type3,p1,l1,nopc,nob/c,306500,4.125,0.2032,0.0,360.0,not_neg,not_int,not_lpsm,298000.0,sb,pr,home,1U,4020.0,EXP,656,EXP,55-64,not_inst,102.852349,south,direct,0,42.0
162104,2019,cf,Sex Not Available,nopre,type1,p4,l1,nopc,nob/c,196500,4.625,0.1726,3332.5,360.0,not_neg,not_int,not_lpsm,958000.0,sb,pr,home,1U,7560.0,CRIF,659,EXP,55-64,to_inst,20.51148225,south,direct,0,23.0
51486,2019,cf,Male,nopre,type1,p3,l1,nopc,nob/c,216500,3.5,0.1343,3419.5,360.0,not_neg,not_int,not_lpsm,558000.0,sb,pr,home,1U,12480.0,CIB,657,EXP,55-64,to_inst,38.79928315,North,direct,0,16.0
157111,2019,cf,Sex Not Available,nopre,type1,p3,l1,nopc,nob/c,206500,4.25,1.465,6287.5,240.0,not_neg,not_int,not_lpsm,298000.0,sb,pr,home,1U,3600.0,CIB,693,CIB,55-64,to_inst,69.29530201,south,direct,0,41.0
32113,2019,cf,Sex Not Available,nopre,type1,p4,l1,nopc,nob/c,176500,,,,240.0,neg_amm,not_int,not_lpsm,258000.0,sb,pr,home,1U,4020.0,CRIF,649,CIB,55-64,to_inst,68.41085271,south,direct,1,46.0
58925,2019,cf,Male,nopre,type1,p4,l1,nopc,nob/c,416500,3.5,-0.2755,0.0,360.0,not_neg,not_int,not_lpsm,708000.0,sb,pr,home,1U,9480.0,CRIF,839,CIB,35-44,not_inst,58.82768362,south,direct,0,34.0
115479,2019,cf,Male,nopre,type1,p3,l1,nopc,nob/c,196500,4.5,1.0128,,228.0,not_neg,not_int,not_lpsm,288000.0,sb,pr,home,1U,5100.0,EXP,505,CIB,55-64,to_inst,68.22916667,south,direct,0,24.0
136624,2019,cf,Male,nopre,type1,p3,l1,nopc,nob/c,86500,3.99,1.1825,,144.0,not_neg,not_int,not_lpsm,198000.0,sb,pr,home,1U,2160.0,CIB,854,CIB,65-74,to_inst,43.68686869,south,direct,0,42.0
51299,2019,cf,Male,nopre,type1,p4,l1,nopc,nob/c,446500,3.75,0.1717,95.14,360.0,not_neg,not_int,not_lpsm,498000.0,sb,pr,home,1U,5700.0,CIB,646,CIB,45-54,not_inst,89.65863454,North,direct,0,39.0
82326,2019,cf,Male,nopre,type3,p3,l1,nopc,nob/c,276500,3.75,0.3065,1026.0,360.0,not_neg,not_int,not_lpsm,308000.0,sb,pr,home,1U,6000.0,CIB,886,CIB,55-64,to_inst,89.77272727,North,direct,0,21.0
137630,2019,cf,Sex Not Available,pre,type1,p3,l1,nopc,nob/c,486500,4.5,0.3825,2229.38,360.0,not_neg,not_int,not_lpsm,2008000.0,sb,pr,home,1U,5880.0,CIB,812,CIB,65-74,to_inst,24.22808765,south,direct,0,43.0
39196,2019,cf,Joint,nopre,type1,p3,l1,nopc,nob/c,486500,4.75,1.4614,663.39,240.0,not_neg,not_int,not_lpsm,658000.0,sb,pr,home,1U,10560.0,EXP,616,EXP,45-54,to_inst,73.93617021,North,direct,0,36.0
164579,2019,ncf,Female,nopre,type1,p1,l1,nopc,nob/c,396500,3.99,0.0166,4502.0,360.0,not_neg,not_int,not_lpsm,528000.0,sb,pr,home,1U,4080.0,CRIF,659,CIB,45-54,not_inst,75.09469697,North,direct,0,45.0
61990,2019,cf,Sex Not Available,nopre,type1,p3,l1,nopc,nob/c,126500,3.5,-0.0781,3750.0,360.0,not_neg,not_int,not_lpsm,328000.0,sb,pr,home,1U,2880.0,CIB,686,CIB,>74,to_inst,38.56707317,south,direct,0,49.0
121298,2019,cf,Sex Not Available,nopre,type1,p3,l1,nopc,nob/c,336500,4.625,1.1698,10010.94,360.0,not_neg,not_int,not_lpsm,448000.0,sb,ir,home,1U,10080.0,EXP,835,CIB,45-54,to_inst,75.11160714,south,direct,0,46.0
42721,2019,ncf,Joint,pre,type1,p4,l1,nopc,nob/c,416500,4.375,0.2763,301.03,360.0,not_neg,not_int,not_lpsm,538000.0,sb,pr,home,1U,4980.0,CIB,692,EXP,35-44,not_inst,77.41635688,North,direct,0,41.0
44024,2019,cf,Joint,nopre,type1,p3,l1,nopc,nob/c,206500,3.625,0.0086,1021.61,360.0,not_neg,not_int,not_lpsm,808000.0,sb,pr,home,1U,6360.0,CIB,569,EXP,65-74,not_inst,25.55693069,North,direct,0,30.0
94389,2019,cf,Joint,nopre,type1,p4,l1,nopc,nob/c,556500,3.875,0.1543,9712.5,360.0,not_neg,not_int,not_lpsm,1208000.0,sb,pr,home,1U,12060.0,CIB,600,EXP,55-64,not_inst,46.06788079,North,direct,0,36.0
36154,2019,cf,Male,nopre,type1,p1,l1,nopc,nob/c,186500,4.375,1.0477,795.0,360.0,not_neg,not_int,not_lpsm,198000.0,sb,pr,home,1U,4020.0,CIB,835,CIB,25-34,to_inst,94.19191919,North,direct,0,44.0
171807,2019,cf,Male,nopre,type1,p3,l1,nopc,nob/c,166500,4.99,1.2192,4960.63,360.0,not_neg,not_int,not_lpsm,218000.0,sb,pr,home,1U,2220.0,CRIF,713,CIB,35-44,not_inst,76.37614679,central,direct,0,43.0
37916,2019,cf,Male,pre,type1,p4,l1,nopc,nob/c,256500,3.05,-0.2258,295.0,360.0,not_neg,not_int,not_lpsm,518000.0,sb,pr,home,1U,8640.0,CRIF,878,CIB,45-54,to_inst,49.51737452,North,direct,0,31.0
95114,2019,cf,Female,nopre,type1,p3,l1,nopc,nob/c,256500,4.875,0.8632,8025.0,360.0,not_neg,not_int,not_lpsm,448000.0,sb,ir,home,1U,5160.0,CRIF,635,CIB,55-64,to_inst,57.25446429,central,direct,0,39.0
109269,2019,ncf,Joint,nopre,type3,p3,l1,nopc,nob/c,526500,3.375,-0.1113,,360.0,not_neg,not_int,not_lpsm,568000.0,sb,pr,home,1U,21540.0,CRIF,569,EXP,45-54,not_inst,92.69366197,North,direct,0,27.0
127748,2019,cf,Joint,nopre,type1,p3,l1,nopc,nob/c,306500,3.99,0.4897,3893.45,324.0,neg_amm,not_int,not_lpsm,438000.0,sb,ir,home,1U,6360.0,CIB,710,EXP,55-64,not_inst,69.97716895,North,direct,0,45.0
28512,2019,cf,Joint,nopre,type1,p3,l1,nopc,nob/c,226500,3.75,0.134,5802.0,360.0,not_neg,not_int,not_lpsm,438000.0,sb,pr,home,1U,3060.0,EXP,840,EXP,>74,to_inst,51.71232877,North,direct,0,37.0
122349,2019,cf,Joint,nopre,type1,p1,l1,nopc,nob/c,326500,3.625,0.3533,9690.3,360.0,not_neg,not_int,not_lpsm,338000.0,sb,pr,home,1U,5940.0,CIB,732,EXP,35-44,to_inst,96.59763314,central,direct,0,30.0
143354,2019,cf,Male,pre,type1,p4,l1,nopc,nob/c,486500,3.625,-0.253,0.0,360.0,not_neg,not_int,not_lpsm,668000.0,sb,pr,home,1U,9600.0,EXP,790,CIB,25-34,not_inst,72.82934132,south,direct,0,31.0
68181,2019,cf,Male,nopre,type1,p3,l1,nopc,nob/c,216500,4.125,0.435,2575.78,300.0,not_neg,not_int,not_lpsm,408000.0,sb,pr,home,1U,4140.0,CIB,878,CIB,35-44,to_inst,53.06372549,south,direct,0,36.0
154645,2019,cf,Joint,nopre,type1,p4,l1,nopc,nob/c,306500,3.75,-0.057,0.0,360.0,not_neg,not_int,not_lpsm,458000.0,sb,pr,home,1U,2460.0,EXP,829,EXP,45-54,not_inst,66.92139738,south,direct,0,49.0
58568,2019,,Joint,pre,type1,p1,l1,nopc,nob/c,256500,4.5,0.9804,8376.84,360.0,not_neg,not_int,not_lpsm,338000.0,sb,ir,home,1U,31860.0,CIB,776,EXP,55-64,to_inst,75.88757396,North,direct,0,13.0
33252,2019,cf,Sex Not Available,nopre,type1,p4,l1,nopc,nob/c,166500,5.125,1.4074,4557.22,360.0,not_neg,not_int,not_lpsm,238000.0,sb,ir,home,1U,7020.0,EXP,834,CIB,65-74,to_inst,69.95798319,North,direct,0,41.0
105239,2019,cf,Joint,nopre,type1,p4,l1,nopc,nob/c,566500,,,,360.0,not_neg,not_int,not_lpsm,988000.0,sb,pr,home,1U,12420.0,EXP,725,EXP,35-44,not_inst,57.33805668,North,direct,1,29.0
147127,2019,cf,Female,pre,type1,p3,l1,nopc,nob/c,236500,4.25,1.458,5003.75,240.0,not_neg,not_int,not_lpsm,398000.0,sb,ir,home,1U,3900.0,CRIF,575,CIB,65-74,to_inst,59.42211055,North,direct,0,48.0
131356,2019,cf,Male,nopre,type1,p3,l1,nopc,nob/c,476500,4.99,0.875,0.0,360.0,not_neg,not_int,not_lpsm,668000.0,sb,pr,home,1U,8280.0,CIB,574,CIB,35-44,not_inst,71.33233533,North,direct,0,38.0
124558,2019,cf,Male,pre,type1,p1,l1,nopc,nob/c,186500,,,,360.0,not_neg,not_int,not_lpsm,308000.0,sb,pr,home,1U,3540.0,EXP,898,CIB,25-34,to_inst,60.55194805,south,direct,1,20.0
171391,2019,cf,Male,pre,type2,p1,l1,nopc,b/c,206500,4.875,1.9778,3739.5,360.0,not_neg,not_int,not_lpsm,208000.0,sb,pr,home,1U,2520.0,EXP,895,CIB,25-34,to_inst,99.27884615,North,direct,0,58.0
29236,2019,ncf,Female,nopre,type1,p4,l1,nopc,nob/c,826500,,,,360.0,neg_amm,not_int,not_lpsm,1708000.0,sb,pr,home,1U,11460.0,CIB,525,CIB,65-74,to_inst,48.38992974,North,direct,1,37.0
163942,2019,cf,Joint,nopre,type1,p4,l1,nopc,nob/c,406500,3.625,0.099,0.0,360.0,not_neg,not_int,not_lpsm,448000.0,sb,pr,home,1U,10560.0,CRIF,676,EXP,25-34,not_inst,90.73660714,North,direct,0,20.0
145519,2019,cf,Joint,nopre,type1,p3,l1,nopc,nob/c,156500,3.99,0.6224,3687.5,360.0,not_neg,not_int,not_lpsm,228000.0,sb,pr,home,1U,4800.0,CIB,716,EXP,65-74,to_inst,68.64035088,south,direct,0,34.0
131455,2019,ncf,Sex Not Available,pre,type1,p3,l1,nopc,nob/c,276500,4.99,1.4997,10070.6,360.0,not_neg,not_int,not_lpsm,348000.0,sb,pr,home,1U,6060.0,CRIF,849,CIB,45-54,to_inst,79.45402299,south,direct,0,29.0
28188,2019,ncf,Sex Not Available,nopre,type1,p4,l1,nopc,nob/c,386500,4.125,0.0999,0.0,360.0,not_neg,not_int,not_lpsm,658000.0,sb,pr,home,1U,4080.0,EXP,692,EXP,45-54,to_inst,58.73860182,south,direct,0,41.0
88803,2019,cf,Sex Not Available,nopre,type1,p3,l1,nopc,nob/c,86500,4.125,1.1351,2850.0,180.0,not_neg,not_int,not_lpsm,138000.0,sb,pr,home,1U,2580.0,CIB,853,CIB,65-74,to_inst,62.68115942,south,direct,0,31.0
97981,2019,cf,Sex Not Available,nopre,type1,p3,l1,nopc,nob/c,346500,4.875,1.4381,2550.31,360.0,not_neg,not_int,not_lpsm,598000.0,sb,pr,home,1U,4380.0,EXP,765,CIB,35-44,to_inst,57.94314381,south,direct,0,38.0
105403,2019,cf,Sex Not Available,nopre,type1,p3,l1,nopc,nob/c,236500,3.75,0.9598,5681.68,180.0,not_neg,not_int,not_lpsm,308000.0,sb,pr,home,1U,8220.0,CRIF,885,CIB,55-64,to_inst,76.78571429,south,direct,0,24.0
34136,2019,cf,Male,nopre,type2,p3,l1,nopc,b/c,316500,4.99,1.2726,253.37,360.0,not_neg,not_int,not_lpsm,368000.0,sb,pr,home,1U,14700.0,CIB,565,CIB,45-54,to_inst,86.00543478,North,direct,0,33.0
39953,2019,cf,Joint,nopre,type1,p3,l1,nopc,nob/c,456500,,,,360.0,not_neg,not_int,not_lpsm,608000.0,sb,ir,home,1U,9240.0,EXP,836,EXP,55-64,not_inst,75.08223684,central,direct,1,48.0
154006,2019,cf,Joint,nopre,type1,p4,l1,nopc,nob/c,206500,3.125,0.2357,2701.7,180.0,not_neg,not_int,not_lpsm,308000.0,sb,pr,home,1U,8040.0,EXP,730,EXP,55-64,to_inst,67.04545455,North,direct,0,17.0
73115,2019,cf,Male,nopre,type1,p3,l1,nopc,nob/c,486500,,,,360.0,not_neg,not_int,not_lpsm,628000.0,sb,pr,home,1U,8700.0,EXP,812,CIB,65-74,to_inst,77.46815287,North,direct,1,49.0
115746,2019,ncf,Male,nopre,type1,p4,l1,nopc,nob/c,746500,3.99,0.0317,14704.34,360.0,not_neg,not_int,not_lpsm,1418000.0,sb,pr,home,1U,8220.0,CIB,554,CIB,65-74,not_inst,52.64456982,North,direct,0,40.0
83635,2019,cf,Joint,nopre,type1,p4,l1,nopc,nob/c,456500,3.75,0.1042,2117.5,360.0,not_neg,not_int,not_lpsm,768000.0,sb,pr,home,1U,6120.0,CIB,758,EXP,45-54,not_inst,59.44010417,North,direct,0,34.0
91425,2019,ncf,Male,nopre,type1,p3,l1,nopc,nob/c,616500,,,,360.0,not_neg,not_int,not_lpsm,928000.0,sb,pr,home,1U,5580.0,CRIF,899,CIB,55-64,to_inst,66.43318966,North,direct,1,42.0
96003,2019,cf,Sex Not Available,nopre,type1,p3,l1,nopc,nob/c,236500,3.75,0.2266,4703.02,360.0,not_neg,not_int,not_lpsm,348000.0,sb,pr,home,1U,3600.0,CRIF,747,EXP,65-74,to_inst,67.95977011,south,direct,0,30.0
151206,2019,cf,Female,nopre,type1,p3,l1,nopc,nob/c,226500,5.125,0.5416,,360.0,not_neg,not_int,not_lpsm,308000.0,sb,pr,home,1U,4860.0,CRIF,580,CIB,55-64,to_inst,73.53896104,North,direct,0,35.0
157759,2019,cf,Male,nopre,type2,p4,l1,nopc,b/c,106500,,,,360.0,not_neg,not_int,not_lpsm,128000.0,sb,pr,home,1U,2700.0,EXP,662,CIB,35-44,to_inst,83.203125,central,direct,1,29.0
53632,2019,cf,Sex Not Available,nopre,type1,p4,l1,nopc,nob/c,236500,3.99,0.398,6494.75,360.0,not_neg,not_int,not_lpsm,318000.0,sb,pr,home,1U,4020.0,CIB,516,CIB,45-54,to_inst,74.37106918,south,direct,0,36.0
168245,2019,cf,Female,nopre,type1,p1,l1,nopc,nob/c,326500,,,,360.0,not_neg,not_int,not_lpsm,408000.0,sb,pr,home,1U,5640.0,CRIF,822,CIB,25-34,to_inst,80.0245098,North,direct,1,31.0
111430,2019,cf,Male,nopre,type1,p1,l1,nopc,nob/c,106500,4.875,0.9645,2089.31,360.0,not_neg,not_int,not_lpsm,118000.0,sb,pr,home,1U,2760.0,CRIF,726,CIB,35-44,to_inst,90.25423729,North,direct,0,24.0
72951,2019,ncf,Female,pre,type2,p3,l1,nopc,b/c,376500,,,,360.0,not_neg,not_int,not_lpsm,478000.0,sb,pr,home,1U,4560.0,EXP,504,CIB,55-64,to_inst,78.76569038,central,direct,1,40.0
108493,2019,cf,Joint,nopre,type1,p1,l1,nopc,nob/c,436500,4.375,0.3761,700.0,360.0,not_neg,not_int,not_lpsm,478000.0,sb,pr,home,1U,6960.0,EXP,591,EXP,35-44,not_inst,91.31799163,south,direct,0,39.0
170173,2019,cf,Male,nopre,type1,p3,l1,nopc,nob/c,106500,4.75,1.3466,2789.0,360.0,neg_amm,not_int,not_lpsm,178000.0,sb,pr,home,1U,7320.0,EXP,553,EXP,65-74,to_inst,59.83146067,North,direct,0,5.0
131980,2019,cf,Female,nopre,type1,p1,l1,nopc,nob/c,296500,3.99,0.4517,0.0,360.0,neg_amm,not_int,not_lpsm,298000.0,sb,pr,home,1U,4020.0,CRIF,812,CIB,35-44,to_inst,99.4966443,North,direct,0,44.0
162032,2019,cf,Male,pre,type1,p4,l1,nopc,nob/c,466500,4.18,-0.1543,2265.43,360.0,not_neg,not_int,not_lpsm,708000.0,sb,pr,home,1U,9840.0,CIB,702,CIB,55-64,to_inst,65.88983051,North,direct,0,36.0
44981,2019,cf,Joint,nopre,type1,p3,l1,nopc,nob/c,246500,4.125,0.6288,8272.27,360.0,not_neg,not_int,not_lpsm,498000.0,sb,ir,home,1U,6960.0,CIB,726,EXP,55-64,to_inst,49.49799197,south,direct,0,48.0
33958,2019,cf,Joint,pre,type1,p3,l1,nopc,nob/c,216500,4.25,0.9512,6730.0,360.0,not_neg,not_int,not_lpsm,278000.0,sb,pr,home,1U,6600.0,EXP,639,EXP,45-54,to_inst,77.87769784,south,direct,0,41.0
75546,2019,cf,Female,nopre,type1,p4,l1,nopc,nob/c,526500,3.625,-0.0465,0.0,360.0,not_neg,int_only,not_lpsm,818000.0,sb,pr,home,1U,8580.0,EXP,736,CIB,55-64,not_inst,64.36430318,North,direct,0,43.0
35183,2019,cf,Female,nopre,type1,p1,l1,nopc,nob/c,226500,3.875,0.1748,395.68,360.0,not_neg,not_int,not_lpsm,288000.0,sb,pr,home,1U,4500.0,CIB,830,CIB,55-64,to_inst,78.64583333,North,direct,0,39.0
126395,2019,cf,Female,nopre,type1,p4,l1,nopc,nob/c,386500,3.625,-0.023,0.0,360.0,not_neg,not_int,not_lpsm,598000.0,sb,pr,home,1U,7320.0,CRIF,589,CIB,45-54,not_inst,64.63210702,south,direct,0,30.0
27621,2019,cf,Male,nopre,type1,p4,l1,nopc,nob/c,206500,5.375,1.2715,2669.88,360.0,not_neg,not_int,lpsm,248000.0,sb,pr,home,1U,5640.0,CRIF,883,CIB,55-64,to_inst,83.26612903,North,direct,0,45.0
98509,2019,cf,Sex Not Available,nopre,type1,p3,l1,nopc,nob/c,116500,,,,144.0,neg_amm,not_int,not_lpsm,348000.0,sb,pr,home,1U,2460.0,CRIF,559,CIB,55-64,to_inst,33.47701149,south,direct,1,18.0
141892,2019,cf,Female,nopre,type2,p3,l1,nopc,b/c,66500,4.25,1.7122,1746.23,360.0,neg_amm,int_only,not_lpsm,78000.0,sb,pr,home,1U,1080.0,EXP,862,CIB,>74,to_inst,85.25641026,North,direct,0,47.0
124780,2019,cf,Female,pre,type1,p3,l1,nopc,nob/c,126500,4.875,1.3041,2723.6,360.0,not_neg,not_int,not_lpsm,168000.0,sb,pr,home,1U,2580.0,EXP,676,CIB,45-54,to_inst,75.29761905,North,direct,0,43.0
80872,2019,,Sex Not Available,nopre,type1,p3,l1,nopc,nob/c,546500,4.99,1.285,1495.0,360.0,not_neg,not_int,not_lpsm,728000.0,sb,pr,home,1U,11460.0,CIB,509,CIB,35-44,not_inst,75.06868132,south,direct,0,35.0
117154,2019,cf,Joint,pre,type1,p4,l1,nopc,nob/c,516500,4.0,0.4435,3881.56,360.0,not_neg,not_int,not_lpsm,648000.0,sb,pr,home,1U,8460.0,EXP,691,EXP,55-64,not_inst,79.70679012,North,direct,0,22.0
51362,2019,cf,Male,nopre,type1,p1,l2,nopc,nob/c,726500,,,,300.0,neg_amm,not_int,not_lpsm,1378000.0,sb,sr,home,1U,45360.0,CRIF,590,CIB,35-44,not_inst,52.72133527,North,direct,1,27.0
115894,2019,cf,Joint,nopre,type1,p1,l2,nopc,nob/c,96500,4.56,0.389,584.09,360.0,not_neg,not_int,not_lpsm,228000.0,sb,pr,home,1U,1740.0,EXP,600,EXP,>74,to_inst,42.3245614,North,direct,0,31.0
119020,2019,cf,Male,pre,type1,p4,l1,nopc,nob/c,306500,,,,360.0,not_neg,not_int,not_lpsm,948000.0,sb,ir,home,3U,7860.0,EXP,785,EXP,55-64,not_inst,32.33122363,south,direct,1,46.0
55759,2019,cf,Male,nopre,type1,p4,l1,nopc,nob/c,586500,4.875,0.51,1435.0,360.0,neg_amm,not_int,not_lpsm,808000.0,sb,pr,home,1U,6000.0,CIB,697,CIB,45-54,not_inst,72.58663366,North,direct,0,46.0
107582,2019,cf,Male,nopre,type1,p3,l1,nopc,nob/c,116500,4.75,0.9595,3075.0,360.0,neg_amm,not_int,not_lpsm,158000.0,sb,pr,home,1U,1560.0,CRIF,859,CIB,>74,to_inst,73.73417722,North,direct,0,39.0
53875,2019,cf,Joint,nopre,type1,p4,l1,nopc,nob/c,586500,4.25,0.0738,0.0,360.0,not_neg,not_int,not_lpsm,698000.0,sb,pr,home,1U,7620.0,EXP,565,EXP,35-44,not_inst,84.02578797,North,direct,0,37.0
62924,2019,cf,Joint,nopre,type1,p4,l1,nopc,nob/c,226500,4.125,0.6683,7304.13,324.0,not_neg,int_only,not_lpsm,258000.0,sb,pr,home,1U,5700.0,CIB,646,EXP,25-34,to_inst,87.79069767,North,direct,0,43.0
96280,2019,cf,Joint,nopre,type1,p3,l1,nopc,nob/c,356500,3.99,0.5218,9194.46,360.0,not_neg,not_int,not_lpsm,598000.0,sb,pr,home,1U,3360.0,CRIF,571,EXP,65-74,to_inst,59.61538462,North,direct,0,47.0
100689,2019,cf,Male,nopre,type1,p1,l1,nopc,nob/c,326500,3.99,0.4272,0.0,360.0,not_neg,not_int,not_lpsm,338000.0,sb,pr,home,1U,3960.0,EXP,863,CIB,25-34,not_inst,96.59763314,south,direct,0,38.0
93097,2019,cf,Male,nopre,type2,p3,l1,nopc,b/c,606500,,,,360.0,not_neg,not_int,not_lpsm,718000.0,sb,pr,home,1U,7440.0,CIB,891,CIB,45-54,not_inst,84.47075209,North,direct,1,60.0
117208,2019,cf,Sex Not Available,pre,type1,p4,l1,nopc,nob/c,226500,4.25,0.3336,5187.5,360.0,not_neg,not_int,not_lpsm,428000.0,sb,pr,home,1U,2160.0,CIB,803,CIB,45-54,to_inst,52.92056075,south,direct,0,46.0
121454,2019,cf,Male,pre,type1,p4,l1,nopc,nob/c,236500,3.99,0.976,4201.25,240.0,not_neg,not_int,not_lpsm,308000.0,sb,pr,home,1U,3000.0,EXP,556,CIB,55-64,to_inst,76.78571429,central,direct,0,48.0
93206,2019,cf,Male,nopre,type1,p1,l1,nopc,nob/c,506500,4.125,0.0002,250.0,360.0,not_neg,not_int,not_lpsm,788000.0,sb,pr,home,1U,13860.0,EXP,534,EXP,45-54,to_inst,64.27664975,North,direct,0,29.0
35756,2019,cf,Female,nopre,type2,p1,l1,nopc,b/c,146500,3.25,0.4595,973.6,360.0,not_neg,not_int,not_lpsm,148000.0,sb,pr,home,1U,2880.0,EXP,504,CIB,55-64,not_inst,98.98648649,North,direct,0,39.0
152814,2019,ncf,Sex Not Available,nopre,type1,p3,l1,nopc,nob/c,976500,,,,360.0,not_neg,not_int,not_lpsm,1408000.0,sb,pr,home,1U,9540.0,CIB,725,EXP,45-54,to_inst,69.35369318,south,direct,1,51.0
58720,2019,cf,Sex Not Available,nopre,type1,p1,l1,nopc,nob/c,226500,,,,360.0,not_neg,not_int,not_lpsm,248000.0,sb,pr,home,1U,3180.0,CIB,826,CIB,25-34,to_inst,91.33064516,south,direct,1,46.0
102266,2019,cf,Sex Not Available,pre,type1,p3,l1,nopc,nob/c,296500,3.625,0.309,,360.0,not_neg,not_int,not_lpsm,378000.0,sb,pr,home,1U,3720.0,CRIF,741,CIB,35-44,to_inst,78.43915344,south,direct,0,43.0
103795,2019,cf,Female,nopre,type1,p4,l1,nopc,nob/c,516500,3.875,0.1877,0.0,360.0,not_neg,not_int,not_lpsm,648000.0,sb,pr,home,1U,5340.0,CIB,535,CIB,35-44,not_inst,79.70679012,south,direct,0,40.0
47459,2019,cf,Joint,nopre,type2,p1,l1,nopc,b/c,116500,4.375,1.1909,2109.47,360.0,not_neg,not_int,not_lpsm,118000.0,sb,pr,home,1U,2820.0,CRIF,844,EXP,<25,to_inst,98.72881356,North,direct,0,30.0
121291,2019,cf,Sex Not Available,nopre,type1,p1,l1,nopc,nob/c,166500,4.625,1.3891,4250.0,180.0,not_neg,not_int,not_lpsm,208000.0,sb,ir,home,1U,26520.0,EXP,572,CIB,35-44,to_inst,80.04807692,south,direct,0,6.0
114261,2019,cf,Male,nopre,type1,p3,l1,nopc,nob/c,106500,4.625,1.1557,2621.25,180.0,neg_amm,not_int,not_lpsm,168000.0,sb,pr,home,1U,2100.0,CIB,781,CIB,>74,to_inst,63.39285714,south,direct,0,44.0
100262,2019,cf,Male,nopre,type2,p3,l1,nopc,b/c,316500,3.49,0.3767,0.0,360.0,neg_amm,not_int,not_lpsm,368000.0,sb,pr,home,1U,5580.0,CRIF,884,CIB,55-64,to_inst,86.00543478,south,direct,0,56.0
115366,2019,cf,Joint,nopre,type1,p4,l1,nopc,nob/c,296500,4.0,0.1437,0.0,360.0,not_neg,not_int,not_lpsm,448000.0,sb,pr,home,1U,3900.0,CIB,640,EXP,35-44,not_inst,66.18303571,North,direct,0,40.0
146060,2019,cf,Male,pre,type1,p1,l1,nopc,nob/c,726500,4.625,0.59,8173.41,360.0,not_neg,not_int,not_lpsm,1698000.0,sb,pr,home,1U,11400.0,CRIF,514,CIB,45-54,to_inst,42.78563015,North-East,direct,0,41.0
48962,2019,cf,Sex Not Available,nopre,type2,p4,l1,nopc,b/c,196500,3.99,1.5768,3699.04,360.0,not_neg,not_int,not_lpsm,198000.0,sb,pr,home,1U,2220.0,EXP,791,CIB,25-34,to_inst,99.24242424,south,direct,0,49.0
62937,2019,cf,Male,nopre,type1,p1,l1,nopc,nob/c,346500,,,,360.0,not_neg,not_int,not_lpsm,368000.0,sb,pr,home,1U,3600.0,CIB,829,CIB,35-44,not_inst,94.1576087,North,direct,1,52.0
118836,2019,cf,Male,nopre,type1,p4,l1,nopc,nob/c,566500,,,,360.0,not_neg,not_int,not_lpsm,758000.0,sb,pr,home,1U,1740.0,EXP,650,CIB,35-44,not_inst,74.73614776,south,direct,1,23.0
167910,2019,cf,Joint,nopre,type1,p2,l1,nopc,nob/c,106500,,,,180.0,not_neg,not_int,not_lpsm,268000.0,sb,pr,home,1U,4380.0,EXP,797,EXP,35-44,to_inst,39.73880597,North,direct,1,43.0
84394,2019,cf,Sex Not Available,nopre,type1,p3,l1,nopc,nob/c,186500,3.875,0.5392,5875.0,360.0,not_neg,not_int,not_lpsm,288000.0,sb,pr,home,1U,4440.0,CIB,740,CIB,35-44,to_inst,64.75694444,south,direct,0,31.0
121667,2019,cf,Joint,pre,type1,p3,l1,nopc,nob/c,366500,4.5,0.9291,7152.0,360.0,not_neg,not_int,not_lpsm,458000.0,sb,pr,home,1U,8400.0,CIB,713,EXP,65-74,to_inst,80.02183406,North,direct,0,32.0
32421,2019,cf,Female,nopre,type1,p3,l1,nopc,nob/c,106500,4.99,1.412,1912.0,360.0,not_neg,not_int,not_lpsm,208000.0,sb,pr,home,1U,2400.0,CRIF,766,CIB,65-74,to_inst,51.20192308,North,direct,0,43.0
136241,2019,cf,Joint,nopre,type1,p3,l1,nopc,nob/c,276500,3.99,0.4424,1105.1,360.0,not_neg,not_int,not_lpsm,348000.0,sb,pr,home,1U,8400.0,CIB,868,EXP,45-54,not_inst,79.45402299,North-East,direct,0,37.0
35589,2019,cf,Female,nopre,type1,p4,l1,nopc,nob/c,126500,4.5,0.7204,3635.0,360.0,neg_amm,not_int,not_lpsm,278000.0,sb,pr,home,1U,2460.0,CRIF,786,CIB,55-64,to_inst,45.50359712,North,direct,0,28.0
126286,2019,cf,Sex Not Available,pre,type2,p1,l1,nopc,b/c,296500,4.125,1.6115,2209.25,360.0,not_neg,not_int,not_lpsm,308000.0,sb,pr,home,1U,6240.0,CRIF,689,CIB,45-54,to_inst,96.26623377,south,direct,0,60.0
50082,2019,cf,Male,nopre,type1,p4,l1,nopc,nob/c,366500,,,,360.0,not_neg,not_int,not_lpsm,748000.0,sb,pr,home,1U,8700.0,EXP,605,CIB,45-54,not_inst,48.9973262,North,direct,1,16.0
125068,2019,cf,Sex Not Available,nopre,type1,p4,l1,nopc,nob/c,366500,2.875,-0.4357,295.0,360.0,not_neg,not_int,not_lpsm,1238000.0,sb,pr,home,1U,4920.0,CRIF,724,CIB,>74,to_inst,29.60420032,south,direct,0,33.0
113857,2019,cf,Female,nopre,type2,p3,l1,nopc,b/c,66500,3.75,1.0055,1817.37,360.0,not_neg,not_int,not_lpsm,118000.0,sb,pr,home,1U,1560.0,CIB,568,CIB,65-74,to_inst,56.3559322,North,direct,0,24.0
49010,2019,cf,Joint,nopre,type1,p1,l2,nopc,nob/c,376500,4.875,0.427,0.0,360.0,not_neg,not_int,not_lpsm,508000.0,sb,ir,home,1U,9840.0,CIB,669,EXP,45-54,not_inst,74.11417323,south,direct,0,36.0
74928,2019,ncf,Joint,nopre,type1,p4,l1,nopc,nob/c,676500,,,,180.0,neg_amm,not_int,not_lpsm,1508000.0,sb,pr,home,1U,16080.0,CRIF,665,EXP,45-54,to_inst,44.86074271,south,direct,1,35.0
36833,2019,cf,Male,pre,type1,p3,l1,nopc,nob/c,116500,3.875,0.3118,2795.7,180.0,neg_amm,not_int,not_lpsm,248000.0,sb,pr,home,1U,3000.0,CRIF,509,CIB,25-34,not_inst,46.97580645,North,direct,0,39.0
51452,2019,cf,Joint,nopre,type1,p3,l1,nopc,nob/c,376500,4.0,0.01,795.0,360.0,neg_amm,not_int,not_lpsm,1328000.0,sb,pr,home,1U,11400.0,CIB,801,EXP,55-64,to_inst,28.35090361,North,direct,0,29.0
45441,2019,cf,Male,pre,type1,p3,l1,nopc,nob/c,176500,4.5,1.4549,1921.25,240.0,not_neg,not_int,not_lpsm,288000.0,sb,pr,home,1U,4320.0,EXP,673,CIB,45-54,to_inst,61.28472222,North,direct,0,21.0
70612,2019,,Male,nopre,type1,p1,l1,nopc,nob/c,256500,,,,360.0,neg_amm,not_int,not_lpsm,418000.0,sb,pr,home,1U,7560.0,CRIF,746,EXP,>74,to_inst,61.36363636,North,direct,1,34.0
25150,2019,cf,Joint,nopre,type1,p4,l1,nopc,nob/c,86500,,,,360.0,not_neg,not_int,not_lpsm,208000.0,sb,ir,home,1U,2220.0,EXP,786,EXP,45-54,to_inst,41.58653846,North,direct,1,42.0
82835,2019,cf,Sex Not Available,nopre,type1,p3,l1,nopc,nob/c,246500,3.5,0.5731,4820.0,180.0,not_neg,not_int,not_lpsm,588000.0,sb,pr,home,1U,4860.0,CIB,754,CIB,55-64,not_inst,41.92176871,south,direct,0,38.0
83034,2019,cf,Sex Not Available,nopre,type1,p3,l1,nopc,nob/c,156500,,,,360.0,not_neg,not_int,not_lpsm,328000.0,sb,pr,home,1U,3840.0,CRIF,519,CIB,35-44,to_inst,47.71341463,south,direct,1,36.0
93395,2019,cf,Joint,nopre,type1,p4,l1,nopc,nob/c,226500,3.625,0.1346,4002.5,300.0,not_neg,not_int,not_lpsm,328000.0,sb,pr,home,1U,6420.0,EXP,671,EXP,25-34,to_inst,69.05487805,North,direct,0,23.0
148119,2019,cf,Sex Not Available,nopre,type1,p3,l1,nopc,nob/c,456500,4.375,0.4366,6960.25,360.0,not_neg,not_int,not_lpsm,1858000.0,sb,pr,home,1U,8640.0,CRIF,757,CIB,55-64,to_inst,24.56942949,south,direct,0,45.0
162352,2019,cf,Sex Not Available,nopre,type1,p3,l1,nopc,nob/c,256500,4.125,0.4617,5312.5,360.0,not_neg,int_only,not_lpsm,338000.0,sb,pr,home,1U,2400.0,CRIF,792,CIB,>74,to_inst,75.88757396,south,direct,0,49.0
148264,2019,cf,Male,nopre,type1,p1,l1,nopc,nob/c,286500,3.875,0.3058,1263.15,360.0,not_neg,not_int,not_lpsm,308000.0,sb,pr,home,1U,5820.0,CIB,777,CIB,45-54,not_inst,93.01948052,central,direct,0,45.0
70741,2019,cf,Joint,pre,type1,p1,l1,nopc,nob/c,316500,4.25,0.4577,4793.75,360.0,not_neg,not_int,not_lpsm,358000.0,sb,pr,home,1U,6420.0,CIB,807,EXP,25-34,to_inst,88.40782123,North,direct,0,30.0
162102,2019,,Female,nopre,type1,p4,l1,nopc,nob/c,106500,4.125,1.4222,3140.0,180.0,not_neg,not_int,not_lpsm,188000.0,sb,pr,home,1U,1920.0,CIB,643,CIB,45-54,to_inst,56.64893617,south,direct,0,44.0
147547,2019,cf,Female,nopre,type1,p3,l1,nopc,nob/c,236500,3.875,0.4365,8270.0,360.0,not_neg,int_only,not_lpsm,368000.0,sb,pr,home,1U,7980.0,CRIF,584,CIB,45-54,to_inst,64.26630435,North,direct,0,14.0
48229,2019,cf,Joint,nopre,type1,p1,l1,nopc,nob/c,346500,,,,360.0,not_neg,not_int,not_lpsm,428000.0,sb,pr,home,1U,10920.0,CRIF,822,EXP,>74,to_inst,80.95794393,North,direct,1,35.0
112525,2019,cf,Sex Not Available,nopre,type1,p4,l1,nopc,nob/c,296500,4.375,0.1378,1150.0,360.0,not_neg,not_int,not_lpsm,418000.0,sb,pr,home,1U,10140.0,CIB,613,CIB,55-64,to_inst,70.93301435,south,direct,0,37.0
101600,2019,cf,Male,nopre,type1,p3,l2,nopc,nob/c,176500,,,,300.0,neg_amm,not_int,not_lpsm,198000.0,sb,pr,home,1U,5760.0,CIB,508,CIB,65-74,to_inst,89.14141414,North,direct,1,24.0
146103,2019,cf,Male,nopre,type2,p1,l1,nopc,b/c,256500,3.375,0.812,383.85,360.0,not_neg,not_int,not_lpsm,268000.0,sb,pr,home,1U,4080.0,CIB,900,CIB,25-34,not_inst,95.70895522,south,direct,0,45.0
75010,2019,cf,Sex Not Available,nopre,type1,p4,l1,nopc,nob/c,196500,3.75,0.372,6283.77,360.0,not_neg,not_int,not_lpsm,268000.0,sb,pr,home,1U,3420.0,CRIF,723,CIB,45-54,to_inst,73.32089552,south,direct,0,30.0
47432,2019,ncf,Female,nopre,type1,p1,l1,nopc,nob/c,166500,4.375,1.4095,5618.86,360.0,not_neg,not_int,not_lpsm,168000.0,sb,pr,home,1U,2760.0,CIB,889,CIB,25-34,not_inst,99.10714286,North,direct,0,43.0
54932,2019,cf,Joint,pre,type1,p4,l1,nopc,nob/c,236500,3.375,0.688,9976.14,240.0,not_neg,not_int,not_lpsm,408000.0,sb,ir,home,1U,12240.0,EXP,535,EXP,45-54,not_inst,57.96568627,North,direct,0,40.0
77547,2019,cf,Joint,nopre,type1,p3,l1,nopc,nob/c,506500,,,,360.0,not_neg,not_int,not_lpsm,668000.0,sb,pr,home,1U,8640.0,CRIF,751,EXP,65-74,not_inst,75.82335329,North,direct,1,38.0
95622,2019,ncf,Joint,nopre,type1,p4,l1,nopc,nob/c,346500,4.625,0.431,995.0,360.0,not_neg,not_int,not_lpsm,688000.0,sb,ir,home,1U,8040.0,CRIF,639,EXP,35-44,not_inst,50.36337209,south,direct,0,37.0
115375,2019,cf,Female,nopre,type2,p3,l1,nopc,b/c,626500,,,,360.0,not_neg,not_int,not_lpsm,958000.0,sb,pr,home,1U,7440.0,CIB,815,EXP,55-64,to_inst,65.39665971,North-East,direct,1,60.0
109197,2019,cf,Joint,nopre,type1,p1,l1,nopc,nob/c,406500,4.5,0.9012,0.0,360.0,not_neg,not_int,not_lpsm,428000.0,sb,pr,home,1U,12120.0,EXP,781,EXP,45-54,not_inst,94.97663551,North,direct,0,47.0
101283,2019,cf,Male,nopre,type1,p1,l1,nopc,nob/c,486500,3.75,0.2219,10534.61,360.0,not_neg,not_int,not_lpsm,778000.0,sb,pr,home,1U,6720.0,CIB,509,CIB,25-34,not_inst,62.53213368,North,direct,0,45.0
62858,2019,cf,Sex Not Available,nopre,type1,p3,l2,nopc,nob/c,276500,4.5,0.5283,2546.0,360.0,not_neg,not_int,not_lpsm,508000.0,sb,pr,home,1U,4860.0,CRIF,809,CIB,55-64,to_inst,54.42913386,south,direct,0,38.0
113780,2019,cf,Joint,pre,type1,p1,l1,nopc,nob/c,376500,3.8,0.0123,4045.0,360.0,not_neg,not_int,not_lpsm,628000.0,sb,ir,home,1U,4920.0,CRIF,775,EXP,>74,to_inst,59.9522293,North,direct,0,44.0
49705,2019,cf,Sex Not Available,nopre,type1,p2,l1,nopc,nob/c,76500,4.625,1.4292,2575.0,180.0,not_neg,not_int,not_lpsm,178000.0,sb,pr,home,1U,2460.0,CRIF,573,CIB,65-74,to_inst,42.97752809,south,direct,0,31.0
136257,2019,cf,Male,nopre,type1,p3,l1,nopc,nob/c,446500,3.875,0.2689,5550.0,360.0,not_neg,not_int,not_lpsm,558000.0,sb,pr,home,1U,6480.0,CIB,552,CIB,35-44,not_inst,80.01792115,south,direct,0,32.0
102888,2019,cf,Female,nopre,type2,p1,l1,nopc,b/c,246500,4.375,1.2527,2436.52,360.0,not_neg,not_int,not_lpsm,248000.0,sb,pr,home,1U,7200.0,EXP,624,EXP,55-64,to_inst,99.39516129,North,direct,0,43.0
77014,2019,cf,Sex Not Available,nopre,type1,p4,l1,nopc,nob/c,536500,,,,360.0,not_neg,not_int,not_lpsm,678000.0,sb,pr,home,1U,8400.0,CRIF,508,CIB,25-34,to_inst,79.12979351,south,direct,1,38.0
63405,2019,cf,Sex Not Available,nopre,type2,p4,l1,nopc,b/c,36500,,,,360.0,not_neg,not_int,not_lpsm,88000.0,sb,pr,home,1U,1200.0,CIB,720,CIB,55-64,to_inst,41.47727273,south,direct,1,42.0
59497,2019,ncf,Male,nopre,type1,p4,l1,nopc,nob/c,1176500,,,,360.0,not_neg,not_int,not_lpsm,1478000.0,sb,pr,home,1U,13680.0,CIB,721,CIB,35-44,not_inst,79.60081191,south,direct,1,38.0
94710,2019,cf,Male,pre,type3,p3,l1,nopc,nob/c,166500,4.5,0.7822,1650.0,360.0,not_neg,not_int,not_lpsm,248000.0,sb,pr,home,1U,2100.0,EXP,625,CIB,65-74,to_inst,67.13709677,North,direct,0,46.0
109772,2019,cf,Female,pre,type1,p1,l1,nopc,nob/c,386500,4.125,0.4194,2705.0,360.0,not_neg,not_int,not_lpsm,488000.0,sb,pr,home,1U,8400.0,CIB,846,CIB,35-44,to_inst,79.20081967,North,direct,0,34.0
42532,2019,cf,Sex Not Available,nopre,type1,p3,l1,nopc,nob/c,156500,3.99,0.6186,4456.25,360.0,not_neg,not_int,not_lpsm,328000.0,sb,pr,home,1U,2220.0,CRIF,512,CIB,65-74,to_inst,47.71341463,south,direct,0,40.0
36950,2019,cf,Sex Not Available,nopre,type1,p1,l1,nopc,nob/c,86500,,,,180.0,not_neg,not_int,not_lpsm,88000.0,sb,pr,home,1U,0.0,EXP,755,CIB,25-34,to_inst,98.29545455,south,direct,1,16.0
122667,2019,cf,Sex Not Available,nopre,type2,p4,l1,nopc,b/c,46500,3.49,1.55,1206.78,180.0,neg_amm,not_int,not_lpsm,98000.0,sb,pr,home,1U,3360.0,CIB,526,EXP,55-64,to_inst,47.44897959,south,direct,0,38.0
46217,2019,cf,Male,nopre,type1,p3,l1,nopc,nob/c,296500,3.99,0.4807,7696.25,360.0,not_neg,not_int,not_lpsm,488000.0,sb,pr,home,1U,7140.0,CRIF,647,CIB,25-34,not_inst,60.75819672,North,direct,0,30.0
135867,2019,cf,Male,nopre,type1,p4,l1,nopc,nob/c,306500,3.25,-0.0753,4490.76,324.0,neg_amm,not_int,not_lpsm,338000.0,sb,pr,home,1U,5400.0,EXP,798,CIB,35-44,not_inst,90.68047337,south,direct,0,32.0
26683,2019,ncf,Female,pre,type1,p3,l1,nopc,nob/c,216500,4.5,0.4572,1250.0,360.0,not_neg,not_int,not_lpsm,368000.0,sb,pr,home,1U,6300.0,CRIF,658,CIB,45-54,to_inst,58.83152174,North,direct,0,33.0
136512,2019,cf,Sex Not Available,pre,type1,p3,l1,nopc,nob/c,316500,3.625,0.7454,9387.5,240.0,not_neg,not_int,not_lpsm,428000.0,sb,pr,home,1U,9300.0,CIB,644,CIB,55-64,to_inst,73.94859813,south,direct,0,18.0
95465,2019,cf,Sex Not Available,nopre,type1,p4,l1,nopc,nob/c,406500,4.375,0.7823,8372.5,360.0,not_neg,not_int,not_lpsm,558000.0,sb,pr,home,1U,7020.0,CRIF,629,EXP,45-54,to_inst,72.84946237,south,direct,0,20.0
42680,2019,cf,Male,nopre,type1,p4,l1,nopc,nob/c,646500,4.625,0.492,1195.0,360.0,not_neg,not_int,not_lpsm,728000.0,sb,pr,home,1U,7020.0,EXP,647,CIB,25-34,not_inst,88.80494505,south,direct,0,44.0
150426,2019,cf,Male,nopre,type2,p1,l1,nopc,b/c,256500,4.75,0.964,1595.56,360.0,not_neg,not_int,not_lpsm,268000.0,sb,pr,home,1U,4020.0,CIB,648,CIB,35-44,to_inst,95.70895522,North,direct,0,37.0
145299,2019,cf,Sex Not Available,pre,type1,p4,l1,nopc,nob/c,316500,3.5,-0.2707,,360.0,not_neg,not_int,not_lpsm,608000.0,sb,pr,home,1U,4080.0,EXP,780,EXP,55-64,to_inst,52.05592105,south,direct,0,43.0
66488,2019,cf,Male,nopre,type1,p3,l1,nopc,nob/c,336500,3.625,0.1194,8305.0,360.0,not_neg,not_int,not_lpsm,418000.0,sb,pr,home,1U,4800.0,CRIF,656,EXP,35-44,to_inst,80.50239234,North,direct,0,36.0
67903,2019,cf,Female,nopre,type1,p4,l1,nopc,nob/c,236500,3.625,0.0138,4791.31,360.0,not_neg,not_int,not_lpsm,398000.0,sb,pr,home,1U,6120.0,EXP,600,CIB,65-74,to_inst,59.42211055,North,direct,0,38.0
65529,2019,cf,Sex Not Available,pre,type2,p3,l1,nopc,b/c,386500,3.75,0.6687,0.0,360.0,not_neg,not_int,not_lpsm,458000.0,sb,pr,home,1U,4860.0,EXP,617,CIB,45-54,not_inst,84.38864629,south,direct,0,60.0
109706,2019,cf,Female,nopre,type1,p3,l1,nopc,nob/c,326500,3.75,-0.0203,0.0,360.0,not_neg,not_int,not_lpsm,588000.0,sb,pr,home,1U,3420.0,CIB,533,CIB,55-64,not_inst,55.52721088,North,direct,0,47.0
40979,2019,cf,Female,nopre,type1,p4,l1,nopc,nob/c,336500,4.0,0.2295,0.0,360.0,not_neg,not_int,not_lpsm,878000.0,sb,ir,home,1U,6060.0,EXP,604,CIB,45-54,not_inst,38.32574032,south,direct,0,6.0
111743,2019,cf,Male,nopre,type1,p3,l1,nopc,nob/c,166500,4.625,1.2677,3297.75,360.0,not_neg,int_only,not_lpsm,198000.0,sb,pr,home,1U,2940.0,EXP,579,CIB,55-64,to_inst,84.09090909,North,direct,0,39.0
130088,2019,cf,Sex Not Available,nopre,type1,p4,l1,nopc,nob/c,376500,2.75,-0.103,7786.78,180.0,neg_amm,not_int,not_lpsm,658000.0,sb,pr,home,1U,7560.0,CIB,741,CIB,45-54,to_inst,57.21884498,south,direct,0,37.0
48899,2019,cf,Male,nopre,type1,p4,l1,nopc,nob/c,556500,4.5,0.123,3226.25,360.0,not_neg,not_int,not_lpsm,688000.0,sb,pr,home,1U,12720.0,CIB,638,CIB,35-44,not_inst,80.88662791,North,direct,0,37.0
107173,2019,cf,Joint,nopre,type1,p1,l1,nopc,nob/c,266500,4.375,0.3083,5880.94,360.0,not_neg,int_only,not_lpsm,308000.0,sb,sr,home,1U,3660.0,CIB,536,EXP,25-34,not_inst,86.52597403,south,direct,0,43.0
102861,2019,cf,Sex Not Available,pre,type1,p4,l1,nopc,nob/c,496500,3.75,-0.0063,1250.0,360.0,not_neg,not_int,not_lpsm,838000.0,sb,pr,home,2U,7200.0,EXP,612,CIB,35-44,to_inst,59.24821002,south,direct,0,29.0
143481,2019,cf,Joint,pre,type1,p4,l1,nopc,nob/c,306500,4.0,0.1846,1131.22,360.0,not_neg,not_int,not_lpsm,958000.0,sb,pr,home,2U,3000.0,CIB,533,EXP,65-74,not_inst,31.99373695,North,direct,0,49.0
170338,2019,cf,Male,nopre,type1,p1,l1,nopc,nob/c,656500,3.99,0.3753,4567.92,360.0,not_neg,not_int,not_lpsm,818000.0,sb,pr,home,1U,10620.0,CIB,583,EXP,45-54,not_inst,80.25672372,North,direct,0,39.0
124108,2019,cf,Joint,nopre,type1,p3,l1,nopc,nob/c,276500,4.875,1.4301,1250.0,360.0,not_neg,not_int,not_lpsm,808000.0,sb,pr,home,1U,6660.0,EXP,654,EXP,65-74,to_inst,34.22029703,North,direct,0,46.0
46042,2019,cf,Sex Not Available,nopre,type1,p3,l1,nopc,nob/c,156500,3.875,0.5202,4782.5,360.0,not_neg,int_only,not_lpsm,268000.0,sb,pr,home,1U,1860.0,EXP,882,CIB,>74,to_inst,58.39552239,south,direct,0,43.0
83844,2019,cf,Female,nopre,type1,p3,l2,nopc,nob/c,226500,4.5,0.9301,6498.75,360.0,not_neg,not_int,not_lpsm,468000.0,sb,pr,home,1U,3480.0,CRIF,599,CIB,65-74,to_inst,48.3974359,south,direct,0,32.0
164004,2019,cf,Male,nopre,type1,p3,l1,nopc,nob/c,326500,4.56,0.7356,11531.25,360.0,not_neg,not_int,not_lpsm,488000.0,sb,ir,home,1U,2820.0,CRIF,763,EXP,>74,to_inst,66.9057377,North,direct,0,34.0
60816,2019,cf,Joint,nopre,type1,p1,l1,nopc,nob/c,276500,4.0,0.597,1752.5,360.0,not_neg,not_int,not_lpsm,298000.0,sb,pr,home,1U,5820.0,CRIF,500,EXP,55-64,not_inst,92.7852349,North,direct,0,31.0
70234,2019,cf,Sex Not Available,nopre,type1,p3,l1,nopc,nob/c,126500,4.75,0.7567,3547.6,360.0,not_neg,not_int,not_lpsm,168000.0,sb,pr,home,1U,2880.0,CIB,793,CIB,45-54,to_inst,75.29761905,south,direct,0,45.0
132050,2019,cf,Joint,nopre,type1,p4,l1,nopc,nob/c,296500,4.25,0.1458,6642.34,360.0,neg_amm,not_int,not_lpsm,358000.0,sb,pr,home,1U,3120.0,CRIF,713,EXP,45-54,to_inst,82.82122905,North,direct,0,42.0
155841,2019,cf,Joint,nopre,type1,p4,l1,nopc,nob/c,586500,4.18,-0.1222,0.0,360.0,not_neg,not_int,not_lpsm,778000.0,sb,pr,home,1U,6540.0,EXP,500,EXP,25-34,not_inst,75.38560411,North,direct,0,44.0
56860,2019,cf,Male,nopre,type2,p1,l2,nopc,b/c,256500,,,,300.0,neg_amm,not_int,not_lpsm,258000.0,sb,pr,home,1U,0.0,CRIF,825,CIB,25-34,not_inst,99.41860465,North,direct,1,5.0
169735,2019,cf,Male,nopre,type1,p4,l2,nopc,nob/c,96500,4.875,0.941,1658.15,360.0,not_neg,not_int,not_lpsm,128000.0,sb,pr,home,1U,2280.0,EXP,732,CIB,45-54,to_inst,75.390625,North,direct,0,43.0
85035,2019,cf,Sex Not Available,nopre,type2,p3,l1,nopc,b/c,76500,3.99,1.2383,2340.02,360.0,not_neg,not_int,not_lpsm,98000.0,sb,pr,home,1U,1020.0,CRIF,684,CIB,65-74,to_inst,78.06122449,south,direct,0,47.0
155993,2019,cf,Male,nopre,type1,p3,l1,nopc,nob/c,186500,4.25,1.0582,4163.11,180.0,not_neg,not_int,not_lpsm,438000.0,sb,ir,home,1U,3120.0,CIB,634,CIB,45-54,to_inst,42.57990868,south,direct,0,49.0
91439,2019,cf,Female,nopre,type1,p4,l1,nopc,nob/c,356500,4.5,0.022,0.0,360.0,not_neg,not_int,not_lpsm,598000.0,sb,pr,home,1U,3780.0,CRIF,571,CIB,55-64,not_inst,59.61538462,North,direct,0,40.0
107160,2019,cf,Male,nopre,type1,p4,l1,nopc,nob/c,396500,,,,240.0,not_neg,not_int,not_lpsm,448000.0,sb,pr,home,1U,5580.0,EXP,812,EXP,55-64,to_inst,88.50446429,North,direct,1,50.0
57718,2019,ncf,Sex Not Available,pre,type3,p3,l1,nopc,nob/c,226500,4.75,1.3432,1610.2,360.0,not_neg,not_int,not_lpsm,428000.0,sb,pr,home,1U,6120.0,CRIF,703,CIB,55-64,to_inst,52.92056075,south,direct,0,23.0
85037,2019,cf,Joint,nopre,type2,p3,l1,nopc,b/c,186500,4.125,1.4434,6170.64,240.0,neg_amm,not_int,not_lpsm,358000.0,sb,pr,home,1U,5280.0,CRIF,708,EXP,65-74,to_inst,52.09497207,North,direct,0,40.0
169909,2019,cf,Joint,nopre,type1,p3,l1,nopc,nob/c,256500,3.99,0.2267,2198.75,360.0,not_neg,not_int,not_lpsm,528000.0,sb,pr,home,1U,4500.0,CIB,639,EXP,45-54,to_inst,48.57954545,North,direct,0,40.0
138185,2019,cf,Male,nopre,type1,p3,l1,nopc,nob/c,306500,3.99,0.6973,6946.25,360.0,not_neg,not_int,not_lpsm,508000.0,sb,pr,home,1U,8340.0,CRIF,762,CIB,55-64,to_inst,60.33464567,North,direct,0,16.0
152517,2019,cf,Male,nopre,type1,p3,l1,nopc,nob/c,216500,3.75,0.2897,4430.0,276.0,not_neg,not_int,not_lpsm,268000.0,sb,pr,home,1U,4440.0,CIB,797,CIB,45-54,to_inst,80.78358209,North,direct,0,49.0
51789,2019,cf,Female,pre,type2,p3,l1,nopc,b/c,116500,3.875,1.1952,2673.7,360.0,not_neg,not_int,not_lpsm,158000.0,sb,pr,home,1U,1260.0,CIB,684,CIB,>74,to_inst,73.73417722,central,direct,0,44.0
65581,2019,cf,Joint,nopre,type1,p3,l1,nopc,nob/c,436500,3.625,0.4713,4237.54,240.0,not_neg,not_int,not_lpsm,738000.0,sb,pr,home,1U,14940.0,EXP,880,EXP,45-54,to_inst,59.14634146,North,direct,0,30.0
37817,2019,cf,Male,nopre,type2,p1,l1,nopc,b/c,196500,3.875,0.9422,3191.13,360.0,not_neg,not_int,not_lpsm,208000.0,sb,pr,home,1U,3480.0,EXP,826,CIB,35-44,to_inst,94.47115385,central,direct,0,21.0
104118,2019,cf,Female,pre,type2,p1,l1,nopc,b/c,46500,4.125,1.2502,842.47,360.0,not_neg,not_int,not_lpsm,58000.0,sb,pr,home,1U,1140.0,CRIF,664,CIB,<25,to_inst,80.17241379,North,direct,0,24.0
38186,2019,cf,Joint,nopre,type1,p4,l1,nopc,nob/c,646500,3.75,-0.0383,0.0,360.0,not_neg,not_int,not_lpsm,1378000.0,sb,pr,home,1U,12600.0,CRIF,771,EXP,55-64,not_inst,46.91582003,North,direct,0,35.0
165048,2019,cf,Joint,nopre,type1,p4,l1,nopc,nob/c,336500,3.375,0.048,,180.0,not_neg,not_int,not_lpsm,438000.0,sb,pr,home,1U,9180.0,CIB,850,EXP,25-34,to_inst,76.82648402,North,direct,0,34.0
86144,2019,cf,Joint,nopre,type3,p1,l1,nopc,nob/c,376500,3.875,0.1272,2351.78,360.0,not_neg,not_int,not_lpsm,388000.0,sb,pr,home,1U,7860.0,CRIF,754,EXP,55-64,to_inst,97.03608247,central,direct,0,45.0
87913,2019,cf,Female,nopre,type1,p3,l1,nopc,nob/c,386500,,,,360.0,not_neg,not_int,not_lpsm,958000.0,sb,pr,home,1U,8580.0,EXP,860,CIB,55-64,not_inst,40.34446764,North,direct,1,49.0
62957,2019,cf,Joint,nopre,type1,p4,l1,nopc,nob/c,726500,3.99,0.374,0.0,360.0,not_neg,not_int,not_lpsm,1358000.0,sb,pr,home,1U,12120.0,EXP,855,EXP,45-54,not_inst,53.49779087,south,direct,0,38.0
166745,2019,cf,Joint,nopre,type1,p3,l1,nopc,nob/c,216500,,,,360.0,not_neg,not_int,not_lpsm,258000.0,sb,pr,home,1U,11220.0,CIB,885,EXP,35-44,to_inst,83.91472868,North,direct,1,42.0
161700,2019,cf,Sex Not Available,nopre,type1,p3,l1,nopc,nob/c,536500,4.375,0.6477,7860.0,360.0,not_neg,int_only,not_lpsm,1708000.0,sb,pr,home,1U,19500.0,CRIF,897,EXP,45-54,to_inst,31.41100703,south,direct,0,49.0
59803,2019,cf,Female,pre,type1,p2,l1,nopc,nob/c,466500,,,,360.0,not_neg,not_int,not_lpsm,3108000.0,sb,pr,home,1U,18360.0,CIB,627,CIB,65-74,to_inst,15.00965251,North,direct,1,37.0
28858,2019,cf,Joint,nopre,type2,p1,l1,nopc,b/c,426500,4.0,1.278,0.0,360.0,not_neg,not_int,not_lpsm,438000.0,sb,pr,home,1U,7320.0,CRIF,593,EXP,35-44,not_inst,97.37442922,south,direct,0,44.0
94600,2019,cf,Sex Not Available,nopre,type1,p3,l1,nopc,nob/c,86500,,,,360.0,not_neg,not_int,not_lpsm,208000.0,sb,pr,home,1U,2700.0,EXP,526,CIB,>74,to_inst,41.58653846,south,direct,1,57.0
124511,2019,cf,Joint,nopre,type1,p3,l1,nopc,nob/c,426500,4.375,0.33,4148.32,360.0,not_neg,not_int,not_lpsm,998000.0,sb,pr,home,1U,8040.0,EXP,801,EXP,55-64,not_inst,42.73547094,North,direct,0,30.0
118973,2019,cf,Joint,nopre,type1,p4,l1,nopc,nob/c,386500,4.0,0.5901,9318.85,360.0,neg_amm,int_only,not_lpsm,488000.0,sb,ir,home,1U,14760.0,CRIF,769,EXP,25-34,not_inst,79.20081967,south,direct,0,44.0
162571,2019,cf,Sex Not Available,pre,type1,p4,l1,nopc,nob/c,146500,4.99,0.9137,4209.58,360.0,not_neg,not_int,not_lpsm,888000.0,sb,ir,home,1U,5640.0,CRIF,840,CIB,>74,to_inst,16.49774775,south,direct,0,46.0
146876,2019,cf,Male,nopre,type1,p4,l1,nopc,nob/c,346500,3.25,-0.1933,6859.5,360.0,not_neg,not_int,not_lpsm,498000.0,sb,pr,home,1U,3300.0,EXP,508,CIB,35-44,to_inst,69.57831325,North,direct,0,48.0
38521,2019,cf,Male,nopre,type1,p3,l1,nopc,nob/c,106500,4.75,0.7162,2800.0,360.0,not_neg,not_int,not_lpsm,178000.0,sb,pr,home,1U,2880.0,CIB,671,CIB,65-74,to_inst,59.83146067,North,direct,0,16.0
53438,2019,cf,Sex Not Available,nopre,type2,p3,l1,nopc,b/c,206500,4.375,0.7611,0.0,360.0,not_neg,not_int,not_lpsm,238000.0,sb,pr,home,1U,6120.0,EXP,644,EXP,35-44,to_inst,86.76470588,south,direct,0,56.0
168361,2019,cf,Male,nopre,type1,p1,l1,nopc,nob/c,286500,4.625,1.021,1511.64,360.0,not_neg,not_int,not_lpsm,368000.0,sb,ir,home,1U,8700.0,CIB,847,CIB,45-54,not_inst,77.85326087,south,direct,0,21.0
70869,2019,cf,Female,nopre,type1,p3,l1,nopc,nob/c,336500,3.625,0.0507,5932.5,360.0,not_neg,not_int,not_lpsm,588000.0,sb,pr,home,1U,3660.0,EXP,656,CIB,>74,not_inst,57.22789116,North,direct,0,44.0
52015,2019,cf,Joint,pre,type1,p1,l1,nopc,nob/c,556500,4.375,0.5165,0.0,360.0,not_neg,not_int,not_lpsm,878000.0,sb,pr,home,1U,14040.0,CRIF,569,EXP,25-34,not_inst,63.38268793,North,direct,0,48.0
94038,2019,,Female,pre,type1,p1,l1,nopc,nob/c,286500,3.875,0.2569,5372.0,360.0,not_neg,not_int,not_lpsm,348000.0,sb,pr,home,1U,3300.0,CRIF,706,CIB,55-64,to_inst,82.32758621,central,direct,0,47.0
85216,2019,cf,Male,nopre,type2,p1,l1,nopc,b/c,396500,3.375,0.5924,0.0,360.0,not_neg,not_int,not_lpsm,418000.0,sb,pr,home,1U,7140.0,EXP,771,EXP,35-44,not_inst,94.85645933,North,direct,0,43.0
110519,2019,cf,Sex Not Available,pre,type1,p1,l1,nopc,nob/c,546500,3.875,0.2397,500.0,360.0,not_neg,not_int,not_lpsm,728000.0,sb,pr,home,1U,10980.0,CRIF,512,EXP,25-34,not_inst,75.06868132,south,direct,0,34.0
114933,2019,cf,Male,nopre,type2,p1,l1,nopc,b/c,246500,4.875,1.4014,3761.83,360.0,not_neg,not_int,not_lpsm,248000.0,sb,pr,home,1U,3420.0,EXP,625,CIB,25-34,to_inst,99.39516129,south,direct,0,49.0
167178,2019,cf,Sex Not Available,nopre,type1,p4,l1,nopc,nob/c,336500,,,,360.0,not_neg,not_int,not_lpsm,578000.0,sb,pr,home,2U,2400.0,CRIF,575,CIB,45-54,to_inst,58.21799308,south,direct,1,52.0
84280,2019,cf,Female,nopre,type2,p1,l1,nopc,b/c,386500,3.75,0.4707,1819.41,360.0,not_neg,not_int,not_lpsm,418000.0,sb,pr,home,1U,4560.0,EXP,600,CIB,45-54,not_inst,92.46411483,North,direct,0,55.0
89052,2019,cf,Joint,nopre,type1,p3,l1,nopc,nob/c,516500,3.375,0.1685,692.79,180.0,not_neg,not_int,not_lpsm,1048000.0,sb,pr,home,1U,11520.0,CRIF,721,EXP,45-54,not_inst,49.28435115,south,direct,0,31.0
128984,2019,cf,Female,nopre,type1,p4,l1,nopc,nob/c,216500,3.375,0.2995,539.84,180.0,not_neg,not_int,not_lpsm,568000.0,sb,pr,home,1U,3600.0,CIB,778,CIB,45-54,not_inst,38.11619718,south,direct,0,42.0
154203,2019,cf,Male,pre,type1,p1,l1,nopc,nob/c,166500,4.375,0.699,3230.0,360.0,not_neg,not_int,not_lpsm,178000.0,sb,pr,home,1U,3180.0,CIB,812,CIB,35-44,to_inst,93.53932584,North,direct,0,48.0
53201,2019,cf,Joint,pre,type1,p1,l1,nopc,nob/c,506500,4.75,0.279,550.0,360.0,not_neg,not_int,not_lpsm,688000.0,sb,pr,home,1U,20760.0,CIB,600,EXP,35-44,to_inst,73.61918605,North,direct,0,25.0
44490,2019,ncf,Female,nopre,type3,p1,l1,nopc,nob/c,176500,4.125,0.5446,0.0,360.0,not_neg,not_int,not_lpsm,178000.0,sb,pr,home,1U,3060.0,CIB,598,CIB,35-44,not_inst,99.15730337,North,direct,0,38.0
33976,2019,cf,Joint,nopre,type1,p4,l1,nopc,nob/c,496500,3.875,-0.1313,5151.55,360.0,not_neg,not_int,not_lpsm,568000.0,sb,pr,home,1U,8520.0,EXP,686,EXP,35-44,not_inst,87.41197183,central,direct,0,37.0
109145,2019,cf,Male,nopre,type2,p3,l1,nopc,b/c,226500,,,,360.0,not_neg,not_int,not_lpsm,308000.0,sb,pr,home,1U,3840.0,EXP,544,CIB,45-54,to_inst,73.53896104,central,direct,1,30.0
65710,2019,cf,Male,pre,type1,p4,l1,nopc,nob/c,436500,3.625,-0.2346,0.0,360.0,not_neg,not_int,not_lpsm,638000.0,sb,pr,home,1U,17820.0,CRIF,858,EXP,25-34,not_inst,68.4169279,south,direct,0,44.0
123745,2019,cf,Male,nopre,type3,p3,l1,nopc,nob/c,106500,3.375,0.1076,2952.59,360.0,not_neg,not_int,not_lpsm,128000.0,sb,pr,home,1U,2880.0,CIB,676,EXP,>74,to_inst,83.203125,North,direct,0,28.0
173099,2019,cf,Sex Not Available,nopre,type1,p3,l1,nopc,nob/c,116500,4.75,0.5984,2913.9,360.0,neg_amm,not_int,not_lpsm,168000.0,sb,pr,home,1U,2700.0,CRIF,592,EXP,>74,to_inst,69.3452381,south,direct,0,25.0
65760,2019,cf,Joint,nopre,type2,p3,l1,nopc,b/c,126500,,,,360.0,not_neg,not_int,not_lpsm,158000.0,sb,pr,home,1U,1740.0,EXP,877,EXP,65-74,to_inst,80.06329114,North,direct,1,43.0
35375,2019,cf,Joint,nopre,type2,p3,l1,nopc,b/c,296500,3.0,-0.0048,1913.14,360.0,not_neg,int_only,not_lpsm,368000.0,sb,pr,home,1U,6000.0,EXP,671,EXP,45-54,not_inst,80.57065217,North,direct,0,36.0
171646,2019,cf,Sex Not Available,nopre,type2,p4,l1,nopc,b/c,126500,3.5,0.7091,3811.6,360.0,not_neg,not_int,not_lpsm,178000.0,sb,pr,home,1U,2400.0,CIB,580,CIB,45-54,to_inst,71.06741573,south,direct,0,42.0
82377,2019,cf,Male,pre,type1,p3,l1,nopc,nob/c,416500,,,,360.0,not_neg,not_int,not_lpsm,508000.0,sb,pr,home,1U,6300.0,CIB,817,CIB,35-44,to_inst,81.98818898,south,direct,1,42.0
127834,2019,ncf,Joint,nopre,type1,p4,l1,nopc,nob/c,486500,3.875,-0.1925,0.0,360.0,not_neg,not_int,not_lpsm,658000.0,sb,pr,home,1U,10020.0,CIB,525,EXP,35-44,not_inst,73.93617021,North,direct,0,37.0
78058,2019,cf,Sex Not Available,nopre,type1,p3,l1,nopc,nob/c,486500,,,,360.0,not_neg,not_int,not_lpsm,708000.0,sb,ir,home,1U,14880.0,CRIF,565,EXP,45-54,not_inst,68.71468927,south,direct,1,44.0
36109,2019,cf,Joint,pre,type1,p4,l1,nopc,nob/c,496500,3.875,0.1107,0.0,360.0,not_neg,not_int,not_lpsm,708000.0,sb,pr,home,1U,8160.0,CRIF,807,EXP,25-34,not_inst,70.12711864,south,direct,0,32.0
160893,2019,cf,Joint,nopre,type1,p3,l1,nopc,nob/c,396500,3.625,0.1211,12950.0,360.0,not_neg,not_int,not_lpsm,498000.0,sb,pr,home,1U,4440.0,CRIF,795,EXP,35-44,to_inst,79.6184739,central,direct,0,44.0
25585,2019,cf,Sex Not Available,nopre,type1,p4,l1,nopc,nob/c,206500,3.125,0.3664,3996.87,180.0,not_neg,not_int,not_lpsm,278000.0,sb,pr,home,1U,6180.0,CIB,718,EXP,35-44,to_inst,74.28057554,south,direct,0,40.0
131846,2019,cf,Sex Not Available,nopre,type1,p3,l1,nopc,nob/c,376500,4.99,0.5783,4789.45,360.0,not_neg,not_int,not_lpsm,1018000.0,sb,ir,home,1U,4320.0,CIB,587,EXP,55-64,to_inst,36.98428291,south,direct,0,45.0
88263,2019,ncf,Sex Not Available,nopre,type1,p1,l1,nopc,nob/c,1016500,,,,360.0,neg_amm,not_int,not_lpsm,1278000.0,sb,pr,home,1U,13080.0,CRIF,873,EXP,35-44,not_inst,79.53834116,south,direct,1,47.0
75003,2019,cf,Female,nopre,type1,p4,l1,nopc,nob/c,596500,4.125,0.464,1255.56,360.0,not_neg,not_int,not_lpsm,708000.0,sb,pr,home,1U,8460.0,EXP,536,CIB,45-54,not_inst,84.25141243,south,direct,0,37.0
104099,2019,cf,Male,pre,type1,p1,l1,nopc,nob/c,246500,4.625,0.3636,755.04,360.0,not_neg,not_int,not_lpsm,248000.0,sb,pr,home,1U,9360.0,CRIF,894,EXP,25-34,to_inst,99.39516129,North,direct,0,38.0
151486,2019,cf,Joint,nopre,type1,p3,l2,nopc,nob/c,526500,4.5,0.3698,314.8,360.0,not_neg,not_int,not_lpsm,658000.0,sb,pr,home,1U,11100.0,CRIF,661,EXP,45-54,not_inst,80.01519757,North,direct,0,43.0
72528,2019,cf,Joint,nopre,type3,p1,l1,nopc,nob/c,236500,4.625,0.1684,6168.75,360.0,not_neg,not_int,not_lpsm,238000.0,sb,pr,home,1U,6900.0,CRIF,551,EXP,25-34,to_inst,99.3697479,North,direct,0,45.0
80970,2019,cf,Sex Not Available,nopre,type1,p4,l1,nopc,nob/c,536500,3.99,0.1852,1920.58,360.0,not_neg,not_int,not_lpsm,788000.0,sb,pr,home,1U,10500.0,EXP,781,EXP,25-34,to_inst,68.08375635,south,direct,0,33.0
155835,2019,cf,Sex Not Available,nopre,type1,p4,l1,nopc,nob/c,366500,3.99,-0.0768,3433.13,360.0,neg_amm,not_int,not_lpsm,618000.0,sb,pr,home,1U,3600.0,CRIF,799,CIB,25-34,to_inst,59.30420712,south,direct,0,49.0
29727,2019,cf,Sex Not Available,nopre,type1,p3,l1,nopc,nob/c,556500,5.375,0.9305,957.08,360.0,neg_amm,not_int,not_lpsm,808000.0,sb,pr,home,1U,14700.0,CRIF,728,EXP,55-64,not_inst,68.87376238,south,direct,0,32.0
118574,2019,cf,Male,nopre,type1,p4,l2,nopc,nob/c,106500,4.875,0.6976,1820.0,360.0,not_neg,not_int,not_lpsm,178000.0,sb,pr,home,1U,1440.0,CRIF,880,CIB,65-74,to_inst,59.83146067,North,direct,0,48.0
127885,2019,cf,Male,nopre,type3,p3,l1,nopc,nob/c,256500,4.375,0.2873,2965.6,360.0,not_neg,not_int,not_lpsm,278000.0,sb,pr,home,1U,3120.0,EXP,827,CIB,45-54,to_inst,92.26618705,North,direct,0,41.0
87088,2019,cf,Joint,nopre,type1,p4,l1,nopc,nob/c,526500,4.0,0.4732,0.0,360.0,not_neg,not_int,not_lpsm,608000.0,sb,pr,home,1U,10200.0,CIB,778,EXP,25-34,not_inst,86.59539474,North,direct,0,20.0
153952,2019,cf,Male,nopre,type2,p3,l1,nopc,b/c,116500,3.375,0.6605,4295.83,360.0,not_neg,not_int,not_lpsm,168000.0,sb,pr,home,1U,2280.0,CIB,525,CIB,45-54,to_inst,69.3452381,south,direct,0,39.0
144456,2019,cf,Sex Not Available,nopre,type1,p3,l1,nopc,nob/c,196500,,,,360.0,not_neg,not_int,not_lpsm,358000.0,sb,pr,home,1U,2520.0,CIB,516,EXP,65-74,to_inst,54.88826816,south,direct,1,49.0
58756,2019,cf,Sex Not Available,pre,type1,p4,l1,nopc,nob/c,356500,3.5,-0.2866,0.0,360.0,not_neg,not_int,not_lpsm,598000.0,sb,pr,home,1U,6300.0,EXP,508,EXP,45-54,not_inst,59.61538462,south,direct,0,31.0
95868,2019,cf,Male,nopre,type1,p3,l1,nopc,nob/c,376500,4.0,0.2893,4761.44,360.0,not_neg,not_int,not_lpsm,628000.0,sb,pr,home,1U,5340.0,CIB,719,CIB,45-54,not_inst,59.9522293,North,direct,0,42.0
161868,2019,cf,Sex Not Available,nopre,type1,p4,l1,nopc,nob/c,286500,4.75,0.9096,785.78,360.0,not_neg,not_int,not_lpsm,328000.0,sb,pr,home,1U,4740.0,EXP,565,CIB,45-54,to_inst,87.34756098,south,direct,0,41.0
69842,2019,cf,Joint,nopre,type1,p3,l1,nopc,nob/c,356500,3.625,-0.0412,1646.5,360.0,not_neg,not_int,not_lpsm,638000.0,sb,pr,home,1U,7500.0,CIB,896,EXP,>74,not_inst,55.87774295,North,direct,0,40.0
144964,2019,cf,Joint,nopre,type1,p4,l1,nopc,nob/c,306500,3.625,0.0303,4954.04,360.0,not_neg,not_int,not_lpsm,458000.0,sb,pr,home,1U,9660.0,CRIF,668,EXP,45-54,not_inst,66.92139738,North,direct,0,27.0
128692,2019,ncf,Sex Not Available,pre,type1,p3,l1,nopc,nob/c,176500,4.99,1.1533,5120.0,360.0,not_neg,not_int,not_lpsm,218000.0,sb,pr,home,1U,5160.0,CIB,622,CIB,25-34,to_inst,80.96330275,south,direct,0,37.0
148493,2019,cf,Female,nopre,type1,p3,l1,nopc,nob/c,196500,3.625,0.6926,3943.75,240.0,not_neg,not_int,not_lpsm,288000.0,sb,pr,home,1U,4380.0,CIB,785,CIB,45-54,to_inst,68.22916667,North,direct,0,35.0
129253,2019,cf,Male,nopre,type1,p4,l1,nopc,nob/c,256500,4.875,1.007,0.0,360.0,not_neg,not_int,not_lpsm,298000.0,sb,pr,home,1U,6960.0,CIB,512,CIB,35-44,to_inst,86.0738255,North,direct,0,48.0
73190,2019,cf,Male,nopre,type1,p3,l1,nopc,nob/c,316500,4.375,-0.043,1295.0,360.0,neg_amm,not_int,not_lpsm,508000.0,sb,pr,home,1U,3720.0,CIB,834,CIB,35-44,not_inst,62.30314961,south,direct,0,37.0
100070,2019,cf,Joint,nopre,type1,p4,l1,nopc,nob/c,706500,3.875,0.2729,0.0,360.0,neg_amm,not_int,not_lpsm,1018000.0,sb,pr,home,1U,13020.0,EXP,628,EXP,45-54,not_inst,69.40078585,south,direct,0,35.0
143860,2019,cf,Sex Not Available,nopre,type2,p4,l1,nopc,b/c,236500,,,,360.0,not_neg,not_int,not_lpsm,288000.0,sb,pr,home,1U,5160.0,CIB,717,EXP,45-54,to_inst,82.11805556,south,direct,1,49.0
68554,2019,cf,Sex Not Available,nopre,type1,p4,l1,nopc,nob/c,396500,4.56,0.1721,0.0,360.0,neg_amm,not_int,not_lpsm,448000.0,sb,pr,home,1U,4500.0,CRIF,838,EXP,55-64,to_inst,88.50446429,south,direct,0,43.0
79413,2019,cf,Female,nopre,type1,p3,l1,nopc,nob/c,186500,3.875,0.4331,6060.0,360.0,not_neg,not_int,not_lpsm,278000.0,sb,pr,home,1U,2700.0,CRIF,603,CIB,>74,to_inst,67.08633094,North,direct,0,36.0
33279,2019,cf,Joint,nopre,type1,p4,l1,nopc,nob/c,166500,3.5,0.0902,4853.62,360.0,not_neg,not_int,not_lpsm,358000.0,sb,pr,home,1U,4560.0,CRIF,603,EXP,65-74,to_inst,46.50837989,North,direct,0,38.0
135932,2019,cf,Joint,nopre,type1,p3,l1,nopc,nob/c,216500,4.875,0.9494,5938.31,360.0,not_neg,not_int,not_lpsm,258000.0,sb,pr,home,1U,4860.0,CRIF,854,EXP,>74,to_inst,83.91472868,south,direct,0,37.0
110517,2019,cf,Female,nopre,type1,p4,l1,nopc,nob/c,236500,2.99,0.1182,3561.0,180.0,not_neg,not_int,not_lpsm,318000.0,sb,pr,home,1U,5400.0,EXP,862,CIB,55-64,to_inst,74.37106918,North,direct,0,30.0
72407,2019,cf,Joint,nopre,type1,p1,l1,nopc,nob/c,506500,3.875,0.273,1800.0,240.0,not_neg,not_int,not_lpsm,918000.0,sb,pr,home,1U,9360.0,CIB,740,EXP,55-64,not_inst,55.17429194,south,direct,0,39.0
102792,2019,cf,Sex Not Available,nopre,type1,p4,l1,nopc,nob/c,176500,3.75,0.814,3685.69,240.0,not_neg,not_int,not_lpsm,358000.0,sb,pr,home,1U,3000.0,CIB,532,EXP,65-74,to_inst,49.30167598,south,direct,0,38.0
51098,2019,cf,Female,nopre,type1,p3,l1,nopc,nob/c,186500,3.99,0.4309,4410.5,360.0,not_neg,not_int,not_lpsm,478000.0,sb,pr,home,1U,3420.0,CIB,602,CIB,65-74,to_inst,39.0167364,North,direct,0,34.0
130743,2019,cf,Sex Not Available,nopre,type1,p3,l1,nopc,nob/c,126500,,,,180.0,not_neg,not_int,not_lpsm,218000.0,sb,pr,home,1U,1680.0,CRIF,615,CIB,>74,to_inst,58.02752294,south,direct,1,48.0
165851,2019,cf,Female,nopre,type1,p2,l2,nopc,nob/c,286500,4.375,0.4486,7367.6,360.0,not_neg,not_int,not_lpsm,428000.0,sb,ir,home,1U,2880.0,CIB,650,CIB,65-74,not_inst,66.93925234,North,direct,0,40.0
141478,2019,cf,Female,nopre,type1,p4,l1,nopc,nob/c,286500,3.69,0.1155,7702.69,360.0,not_neg,not_int,not_lpsm,368000.0,sb,pr,home,1U,3540.0,CRIF,676,CIB,25-34,not_inst,77.85326087,North,direct,0,39.0
152284,2019,cf,Male,nopre,type1,p4,l1,nopc,nob/c,166500,3.75,0.3563,2998.4,360.0,not_neg,not_int,not_lpsm,178000.0,sb,pr,home,1U,2340.0,CIB,854,CIB,45-54,not_inst,93.53932584,North,direct,0,40.0
48745,2019,cf,Joint,nopre,type1,p4,l1,nopc,nob/c,696500,3.99,0.2664,3612.2,360.0,not_neg,not_int,not_lpsm,928000.0,sb,pr,home,1U,10320.0,CIB,894,EXP,45-54,not_inst,75.05387931,central,direct,0,43.0
37283,2019,cf,Female,nopre,type1,p3,l1,nopc,nob/c,126500,3.5,0.3552,4355.0,180.0,not_neg,not_int,not_lpsm,1088000.0,sb,pr,home,1U,7980.0,EXP,836,CIB,65-74,to_inst,11.62683824,North,direct,0,10.0
67402,2019,cf,Sex Not Available,nopre,type2,p3,l1,nopc,b/c,256500,4.75,1.4047,2550.0,360.0,,not_int,not_lpsm,308000.0,sb,pr,home,1U,10200.0,CIB,515,CIB,55-64,to_inst,83.27922078,south,direct,0,40.0
99533,2019,cf,Female,nopre,type1,p1,l1,nopc,nob/c,276500,4.25,0.22,5224.0,360.0,not_neg,not_int,not_lpsm,288000.0,sb,pr,home,1U,4920.0,EXP,858,CIB,35-44,to_inst,96.00694444,North,direct,0,36.0
123686,2019,cf,Sex Not Available,nopre,type1,p1,l1,nopc,nob/c,486500,3.375,-0.1571,818.44,360.0,not_neg,not_int,not_lpsm,568000.0,sb,pr,home,1U,4080.0,CRIF,607,CIB,25-34,not_inst,85.65140845,south,direct,0,49.0
90077,2019,cf,Sex Not Available,nopre,type1,p3,l1,nopc,nob/c,106500,,,,360.0,not_neg,not_int,not_lpsm,668000.0,sb,pr,home,1U,2820.0,CIB,606,CIB,>74,to_inst,15.94311377,south,direct,1,38.0
146366,2019,cf,Sex Not Available,nopre,type1,p4,l1,nopc,nob/c,136500,3.75,0.2882,3686.25,360.0,not_neg,int_only,not_lpsm,158000.0,sb,pr,home,1U,3240.0,CRIF,890,CIB,45-54,to_inst,86.39240506,south,direct,0,43.0
149427,2019,cf,Male,nopre,type1,p4,l1,nopc,nob/c,346500,4.18,-0.028,0.0,360.0,not_neg,not_int,not_lpsm,888000.0,sb,sr,home,1U,18000.0,CIB,700,EXP,45-54,not_inst,39.02027027,North,direct,0,28.0
98843,2019,cf,Sex Not Available,nopre,type1,p4,l1,nopc,nob/c,706500,3.875,-0.0012,152.2,360.0,not_neg,not_int,not_lpsm,1288000.0,sb,pr,home,1U,8880.0,CIB,581,EXP,45-54,not_inst,54.85248447,south,direct,0,42.0
121544,2019,cf,Female,nopre,type1,p1,l1,nopc,nob/c,646500,3.75,0.2946,0.0,360.0,not_neg,not_int,not_lpsm,688000.0,sb,pr,home,1U,7200.0,CIB,527,CIB,25-34,not_inst,93.96802326,south,direct,0,41.0
68656,2019,ncf,Joint,nopre,type1,p3,l1,nopc,nob/c,366500,3.75,0.1553,5505.0,300.0,not_neg,not_int,not_lpsm,528000.0,sb,pr,home,1U,11460.0,EXP,861,EXP,35-44,not_inst,69.41287879,North,direct,0,11.0
73405,2019,cf,Joint,nopre,type1,p3,l1,nopc,nob/c,486500,3.875,0.1417,6090.0,360.0,not_neg,not_int,not_lpsm,748000.0,sb,pr,home,1U,10800.0,CIB,791,EXP,35-44,to_inst,65.04010695,North,direct,0,41.0
31884,2019,cf,Male,nopre,type1,p4,l1,nopc,nob/c,476500,4.625,0.1444,0.0,360.0,neg_amm,not_int,not_lpsm,538000.0,sb,pr,home,1U,7500.0,EXP,678,CIB,<25,not_inst,88.56877323,central,direct,0,33.0
171508,2019,cf,Joint,nopre,type1,p4,l1,nopc,nob/c,606500,4.25,-0.1485,0.0,360.0,not_neg,not_int,not_lpsm,728000.0,sb,pr,home,1U,11040.0,EXP,693,EXP,35-44,not_inst,83.31043956,North,direct,0,37.0
68655,2019,cf,Joint,nopre,type2,p3,l1,nopc,b/c,256500,2.99,0.1536,7526.8,360.0,not_neg,not_int,not_lpsm,328000.0,sb,pr,home,1U,6600.0,CRIF,578,EXP,35-44,to_inst,78.20121951,south,direct,0,57.0
77524,2019,cf,Sex Not Available,nopre,type1,p3,l1,nopc,nob/c,226500,3.375,-0.1339,7487.5,360.0,not_neg,not_int,not_lpsm,298000.0,sb,pr,home,1U,2220.0,CIB,832,CIB,65-74,to_inst,76.00671141,south,direct,0,49.0
128038,2019,cf,Joint,nopre,type3,p3,l1,nopc,nob/c,416500,3.25,-0.0997,8845.0,360.0,not_neg,not_int,not_lpsm,458000.0,sb,pr,home,1U,5160.0,CRIF,551,EXP,>74,to_inst,90.93886463,North,direct,0,29.0
152909,2019,cf,Sex Not Available,nopre,type1,p3,l1,nopc,nob/c,346500,3.99,-0.2363,7187.5,360.0,not_neg,not_int,not_lpsm,768000.0,sb,pr,home,1U,6960.0,CIB,563,CIB,65-74,to_inst,45.1171875,North,direct,0,31.0
142072,2019,cf,Sex Not Available,nopre,type2,p4,l1,nopc,b/c,186500,,,,360.0,not_neg,not_int,lpsm,198000.0,sb,pr,home,1U,6360.0,CIB,550,CIB,55-64,to_inst,94.19191919,south,direct,1,30.0
77129,2019,cf,Male,nopre,type1,p3,l2,nopc,nob/c,156500,4.125,0.6681,922.44,180.0,not_neg,not_int,not_lpsm,218000.0,sb,pr,home,1U,10560.0,CIB,590,EXP,45-54,to_inst,71.78899083,North,direct,0,37.0
32292,2019,cf,Male,nopre,type1,p4,l1,nopc,nob/c,706500,3.625,-0.1385,211.47,360.0,not_neg,not_int,not_lpsm,1358000.0,sb,pr,home,1U,12300.0,CIB,812,CIB,55-64,not_inst,52.02503682,south,direct,0,46.0
111523,2019,cf,Sex Not Available,nopre,type1,p4,l1,nopc,nob/c,266500,3.99,0.2746,3917.0,360.0,not_neg,not_int,not_lpsm,728000.0,sb,pr,home,1U,4920.0,CIB,664,EXP,65-74,to_inst,36.60714286,south,direct,0,35.0
46931,2019,cf,Sex Not Available,nopre,type1,p4,l1,nopc,nob/c,146500,,,,180.0,not_neg,not_int,not_lpsm,978000.0,sb,pr,home,1U,0.0,EXP,889,CIB,55-64,to_inst,14.9795501,south,direct,1,18.0
27146,2019,cf,Joint,nopre,type1,p3,l1,nopc,nob/c,386500,4.75,0.316,0.0,360.0,not_neg,not_int,not_lpsm,478000.0,sb,pr,home,1U,6600.0,CIB,653,EXP,55-64,not_inst,80.85774059,North,direct,0,48.0
161845,2019,cf,Sex Not Available,nopre,type1,p1,l1,nopc,nob/c,246500,4.375,0.0767,1060.0,360.0,not_neg,not_int,not_lpsm,308000.0,sb,pr,home,1U,6480.0,EXP,617,EXP,65-74,to_inst,80.03246753,south,direct,0,21.0
96751,2019,cf,Joint,pre,type1,p3,l1,nopc,nob/c,406500,,,,360.0,not_neg,not_int,not_lpsm,428000.0,sb,pr,home,1U,8280.0,EXP,751,EXP,55-64,to_inst,94.97663551,North,direct,1,54.0
92382,2019,cf,Female,nopre,type2,p3,l2,nopc,b/c,206500,3.99,0.7478,6206.56,360.0,not_neg,not_int,not_lpsm,248000.0,sb,pr,home,1U,8040.0,CIB,574,CIB,45-54,to_inst,83.26612903,central,direct,0,60.0
76676,2019,cf,Joint,nopre,type1,p1,l1,nopc,nob/c,336500,3.875,0.1675,13.28,360.0,not_neg,not_int,not_lpsm,418000.0,sb,pr,home,1U,7860.0,CIB,618,EXP,>74,not_inst,80.50239234,south,direct,0,31.0
143712,2019,cf,Joint,pre,type1,p1,l1,nopc,nob/c,376500,3.75,0.1498,7440.33,360.0,not_neg,not_int,not_lpsm,468000.0,sb,pr,home,1U,6060.0,CIB,588,EXP,25-34,to_inst,80.44871795,North,direct,0,33.0
131776,2019,ncf,Joint,pre,type3,p3,l1,nopc,nob/c,166500,3.75,0.2775,4944.0,300.0,not_neg,not_int,not_lpsm,208000.0,sb,pr,home,1U,5040.0,CRIF,688,EXP,65-74,to_inst,80.04807692,North,direct,0,43.0
26650,2019,cf,Male,nopre,type1,p1,l1,nopc,nob/c,536500,4.18,0.0364,2249.04,360.0,not_neg,not_int,not_lpsm,788000.0,sb,pr,home,1U,10560.0,CIB,596,CIB,25-34,not_inst,68.08375635,North,direct,0,30.0
125371,2019,cf,Male,nopre,type1,p3,l1,nopc,nob/c,356500,3.99,0.1805,1250.5,360.0,not_neg,not_int,not_lpsm,508000.0,sb,pr,home,1U,5460.0,EXP,885,CIB,25-34,to_inst,70.17716535,North,direct,0,41.0
113080,2019,cf,Sex Not Available,nopre,type1,p4,l1,nopc,nob/c,316500,3.99,0.6619,5969.83,324.0,not_neg,not_int,not_lpsm,408000.0,sb,pr,home,1U,3960.0,EXP,627,CIB,55-64,to_inst,77.57352941,south,direct,0,46.0
128996,2019,cf,Male,nopre,type1,p3,l1,nopc,nob/c,76500,3.99,0.6359,3637.5,360.0,not_neg,not_int,not_lpsm,258000.0,sb,pr,home,1U,3000.0,CIB,856,EXP,65-74,to_inst,29.65116279,North,direct,0,36.0
78299,2019,cf,Joint,pre,type1,p1,l1,nopc,nob/c,376500,4.5,0.8652,0.0,360.0,not_neg,not_int,not_lpsm,398000.0,sb,pr,home,1U,9360.0,EXP,869,EXP,55-64,to_inst,94.59798995,central,direct,0,38.0
142128,2019,cf,Joint,nopre,type1,p3,l1,nopc,nob/c,296500,5.375,1.1429,7350.04,360.0,not_neg,not_int,not_lpsm,458000.0,sb,pr,home,3U,3600.0,CRIF,624,EXP,45-54,to_inst,64.73799127,North,direct,0,45.0
126954,2019,cf,Male,nopre,type1,p1,l1,nopc,nob/c,316500,4.5,0.4488,2479.88,360.0,not_neg,not_int,not_lpsm,328000.0,sb,pr,home,1U,11880.0,CRIF,507,CIB,35-44,to_inst,96.49390244,North,direct,0,35.0
140316,2019,cf,Joint,nopre,type1,p4,l1,nopc,nob/c,136500,3.99,0.0513,3973.87,276.0,not_neg,not_int,not_lpsm,188000.0,sb,pr,home,1U,4140.0,EXP,771,EXP,25-34,to_inst,72.60638298,North,direct,0,13.0
88933,2019,cf,Male,nopre,type1,p3,l1,nopc,nob/c,456500,3.99,0.2582,6450.44,360.0,not_neg,not_int,not_lpsm,728000.0,sb,pr,home,1U,9780.0,CIB,823,CIB,55-64,to_inst,62.70604396,North,direct,0,28.0
103729,2019,cf,Joint,nopre,type1,p1,l1,nopc,nob/c,726500,4.625,0.5649,2194.74,360.0,not_neg,not_int,not_lpsm,948000.0,sb,pr,home,1U,15240.0,CIB,550,EXP,35-44,not_inst,76.6350211,North,direct,0,30.0
83516,2019,cf,Joint,pre,type2,p1,l1,nopc,b/c,226500,4.49,1.8958,290.92,360.0,not_neg,not_int,not_lpsm,228000.0,sb,pr,home,1U,6540.0,CIB,784,EXP,25-34,to_inst,99.34210526,North,direct,0,45.0
70826,2019,cf,Sex Not Available,nopre,type1,p3,l1,nopc,nob/c,196500,,,,360.0,not_neg,not_int,not_lpsm,318000.0,sb,pr,home,1U,1260.0,CRIF,842,CIB,65-74,to_inst,61.79245283,south,direct,1,56.0
57908,2019,cf,Joint,nopre,type1,p3,l1,nopc,nob/c,246500,,,,360.0,not_neg,not_int,not_lpsm,308000.0,sb,pr,home,1U,2700.0,EXP,532,EXP,55-64,to_inst,80.03246753,south,direct,1,43.0
88419,2019,cf,Male,nopre,type1,p3,l1,nopc,nob/c,356500,,,,360.0,not_neg,not_int,not_lpsm,558000.0,sb,pr,home,1U,3300.0,CIB,804,EXP,35-44,to_inst,63.88888889,North,direct,1,49.0
114219,2019,cf,Sex Not Available,nopre,type2,p3,l1,nopc,b/c,296500,,,,360.0,not_neg,not_int,lpsm,348000.0,sb,pr,home,1U,3660.0,EXP,733,EXP,>74,to_inst,85.20114943,south,direct,1,25.0
137385,2019,cf,Joint,nopre,type2,p1,l1,nopc,b/c,196500,4.625,1.2832,1717.43,360.0,not_neg,not_int,not_lpsm,198000.0,sb,pr,home,1U,5460.0,CRIF,686,EXP,35-44,to_inst,99.24242424,central,direct,0,44.0
119365,2019,cf,Joint,nopre,type1,p4,l1,nopc,nob/c,466500,2.85,-0.5371,563.82,360.0,not_neg,not_int,not_lpsm,698000.0,sb,pr,home,1U,7800.0,EXP,685,EXP,45-54,to_inst,66.83381089,North,direct,0,39.0
172543,2019,cf,Male,nopre,type1,p3,l1,nopc,nob/c,226500,4.125,0.5251,6120.5,360.0,not_neg,not_int,not_lpsm,388000.0,sb,pr,home,1U,2400.0,EXP,831,EXP,55-64,to_inst,58.37628866,south,direct,0,40.0
127252,2019,cf,Female,pre,type1,p3,l1,nopc,nob/c,386500,4.375,0.7781,250.0,360.0,not_neg,not_int,not_lpsm,588000.0,sb,pr,home,1U,4080.0,CRIF,546,CIB,65-74,to_inst,65.73129252,North,direct,0,41.0
103957,2019,cf,Joint,nopre,type1,p4,l1,nopc,nob/c,346500,3.99,-0.2809,4270.12,360.0,not_neg,not_int,not_lpsm,998000.0,sb,pr,home,1U,5700.0,CRIF,719,EXP,65-74,not_inst,34.71943888,North,direct,0,20.0
117030,2019,cf,Female,nopre,type1,p4,l1,nopc,nob/c,186500,3.875,0.3038,3525.0,324.0,not_neg,not_int,not_lpsm,428000.0,sb,pr,home,1U,4500.0,CRIF,632,EXP,65-74,to_inst,43.57476636,North,direct,0,33.0
26138,2019,cf,Male,nopre,type1,p1,l1,nopc,nob/c,296500,3.75,0.236,1719.0,360.0,not_neg,not_int,not_lpsm,318000.0,sb,pr,home,1U,5880.0,CIB,568,CIB,35-44,not_inst,93.23899371,North,direct,0,49.0
93651,2019,cf,Joint,pre,type1,p1,l1,nopc,nob/c,706500,4.18,-0.0262,3439.48,360.0,not_neg,not_int,not_lpsm,788000.0,sb,pr,home,1U,16260.0,EXP,791,EXP,45-54,not_inst,89.65736041,south,direct,0,41.0
93728,2019,cf,Male,nopre,type1,p4,l1,nopc,nob/c,486500,,,,360.0,not_neg,not_int,lpsm,628000.0,sb,pr,home,1U,4200.0,EXP,736,CIB,35-44,not_inst,77.46815287,North,direct,1,42.0
101863,2019,cf,Joint,nopre,type1,p3,l1,nopc,nob/c,386500,4.0,0.3138,0.0,360.0,not_neg,not_int,not_lpsm,528000.0,sb,pr,home,1U,13620.0,CIB,654,EXP,55-64,not_inst,73.20075758,North,direct,0,7.0
117491,2019,cf,Joint,pre,type2,p1,l1,nopc,b/c,506500,3.99,1.2156,0.0,360.0,not_neg,not_int,not_lpsm,518000.0,sb,pr,home,1U,14340.0,CIB,729,EXP,55-64,not_inst,97.77992278,North,direct,0,33.0
118228,2019,cf,Sex Not Available,nopre,type1,p3,l1,nopc,nob/c,146500,4.75,0.5163,3460.0,360.0,neg_amm,not_int,not_lpsm,428000.0,sb,pr,home,1U,3120.0,EXP,504,CIB,45-54,to_inst,34.22897196,south,direct,0,44.0
143111,2019,ncf,Male,pre,type1,p4,l1,nopc,nob/c,436500,3.625,-0.4962,1708.19,360.0,not_neg,not_int,not_lpsm,988000.0,sb,pr,home,1U,5940.0,CIB,846,CIB,55-64,not_inst,44.18016194,North,direct,0,49.0
90439,2019,cf,Male,nopre,type1,p4,l1,nopc,nob/c,276500,3.99,0.4729,2825.7,360.0,not_neg,int_only,not_lpsm,408000.0,sb,pr,home,1U,7680.0,CIB,671,CIB,45-54,to_inst,67.76960784,North,direct,0,35.0
154563,2019,cf,Male,nopre,type1,p4,l1,nopc,nob/c,196500,,,,180.0,not_neg,not_int,lpsm,378000.0,sb,pr,home,1U,5880.0,CIB,526,CIB,55-64,to_inst,51.98412698,North,direct,1,34.0
72172,2019,cf,Male,nopre,type1,p1,l1,nopc,nob/c,426500,3.99,0.581,1474.0,360.0,not_neg,not_int,not_lpsm,448000.0,sb,pr,home,1U,11160.0,CIB,696,CIB,35-44,not_inst,95.20089286,North,direct,0,30.0
55945,2019,cf,Joint,pre,type1,p4,l1,nopc,nob/c,376500,4.56,0.3478,0.0,360.0,not_neg,not_int,not_lpsm,428000.0,sb,pr,home,1U,10560.0,EXP,610,EXP,<25,not_inst,87.96728972,North,direct,0,27.0
84386,2019,cf,Female,nopre,type1,p1,l1,nopc,nob/c,306500,,,,360.0,not_neg,not_int,not_lpsm,328000.0,sb,pr,home,1U,8160.0,CIB,842,CIB,25-34,not_inst,93.44512195,North,direct,1,47.0
135639,2019,cf,Joint,pre,type1,p1,l1,nopc,nob/c,536500,,,,360.0,not_neg,not_int,not_lpsm,528000.0,sb,pr,home,1U,9780.0,CIB,795,EXP,45-54,not_inst,101.6098485,south,direct,1,33.0
58804,2019,cf,Sex Not Available,nopre,type2,p1,l1,nopc,b/c,136500,,,,360.0,not_neg,not_int,not_lpsm,138000.0,sb,pr,home,1U,2100.0,CRIF,616,CIB,<25,to_inst,98.91304348,south,direct,1,39.0
152560,2019,cf,Male,nopre,type1,p1,l1,nopc,nob/c,256500,3.25,-0.045,8750.0,360.0,not_neg,not_int,not_lpsm,538000.0,sb,sr,home,1U,12000.0,EXP,666,CIB,55-64,to_inst,47.67657993,North,direct,0,48.0
78500,2019,cf,Female,nopre,type1,p3,l1,nopc,nob/c,256500,4.25,0.622,3437.5,180.0,not_neg,not_int,not_lpsm,708000.0,sb,pr,home,1U,5640.0,EXP,776,EXP,65-74,to_inst,36.22881356,North,direct,0,32.0
82620,2019,cf,Joint,pre,type2,p1,l1,nopc,b/c,366500,3.625,0.9345,4013.75,360.0,not_neg,not_int,not_lpsm,368000.0,sb,pr,home,1U,7440.0,CRIF,633,EXP,45-54,to_inst,99.5923913,North,direct,0,42.0
125523,2019,cf,Sex Not Available,nopre,type1,p4,l1,nopc,nob/c,306500,3.99,0.4977,4296.88,360.0,not_neg,not_int,not_lpsm,388000.0,sb,pr,home,1U,3240.0,EXP,867,EXP,25-34,to_inst,78.99484536,south,direct,0,46.0
147437,2019,cf,Female,nopre,type1,p1,l1,nopc,nob/c,306500,4.025,0.0109,141.0,360.0,not_neg,not_int,not_lpsm,418000.0,sb,pr,home,1U,11580.0,EXP,717,CIB,55-64,to_inst,73.32535885,North,direct,0,27.0
152122,2019,cf,Female,nopre,type1,p3,l1,nopc,nob/c,206500,4.125,0.1266,155.0,180.0,not_neg,not_int,not_lpsm,308000.0,sb,pr,home,1U,7140.0,CRIF,544,CIB,45-54,to_inst,67.04545455,North,direct,0,25.0
80237,2019,cf,Sex Not Available,pre,type1,p1,l1,nopc,nob/c,696500,3.99,0.4274,0.0,360.0,not_neg,not_int,not_lpsm,758000.0,sb,pr,home,1U,7620.0,EXP,546,EXP,35-44,to_inst,91.88654354,south,direct,0,49.0
165381,2019,cf,Male,nopre,type1,p2,l1,nopc,nob/c,156500,3.99,0.5343,4887.5,360.0,not_neg,not_int,not_lpsm,768000.0,sb,pr,home,1U,3960.0,CIB,828,CIB,55-64,to_inst,20.37760417,North,direct,0,20.0
144421,2019,cf,Sex Not Available,nopre,type1,p4,l1,nopc,nob/c,446500,3.875,0.1581,295.0,360.0,not_neg,not_int,not_lpsm,978000.0,sb,pr,home,1U,6900.0,EXP,652,EXP,65-74,to_inst,45.65439673,south,direct,0,48.0
77450,2019,cf,Sex Not Available,nopre,type1,p4,l1,nopc,nob/c,176500,3.75,0.2674,5598.44,300.0,not_neg,not_int,not_lpsm,258000.0,sb,pr,home,1U,5640.0,EXP,688,EXP,35-44,to_inst,68.41085271,south,direct,0,36.0
117910,2019,cf,Male,nopre,type1,p4,l1,nopc,nob/c,466500,3.5,-0.198,0.0,360.0,not_neg,not_int,not_lpsm,798000.0,sb,pr,home,1U,5340.0,CIB,809,CIB,45-54,not_inst,58.45864662,North,direct,0,43.0
52940,2019,cf,Male,nopre,type1,p3,l1,nopc,nob/c,396500,,,,360.0,not_neg,not_int,not_lpsm,478000.0,sb,pr,home,1U,5340.0,CRIF,755,CIB,35-44,not_inst,82.94979079,south,direct,1,57.0
130527,2019,cf,Joint,nopre,type1,p1,l1,nopc,nob/c,196500,3.875,0.1918,1612.48,360.0,not_neg,not_int,not_lpsm,248000.0,sb,sr,home,1U,9900.0,CIB,632,EXP,65-74,not_inst,79.23387097,North,direct,0,27.0
127745,2019,cf,Joint,nopre,type1,p1,l1,nopc,nob/c,356500,5.375,0.6562,1178.89,360.0,not_neg,not_int,not_lpsm,448000.0,sb,pr,home,1U,9540.0,CIB,513,EXP,35-44,to_inst,79.57589286,North,direct,0,36.0
126211,2019,cf,Sex Not Available,nopre,type2,p4,l1,nopc,b/c,196500,,,,360.0,not_neg,not_int,not_lpsm,208000.0,sb,pr,home,1U,3660.0,EXP,691,CIB,55-64,to_inst,94.47115385,south,direct,1,43.0
78057,2019,cf,Female,nopre,type2,p3,l1,nopc,b/c,156500,3.625,1.0288,3444.44,360.0,not_neg,not_int,not_lpsm,208000.0,sb,pr,home,1U,1920.0,CRIF,576,CIB,35-44,to_inst,75.24038462,North,direct,0,48.0
43274,2019,cf,Joint,nopre,type2,p1,l1,nopc,b/c,366500,3.25,0.3935,1290.96,360.0,not_neg,not_int,not_lpsm,398000.0,sb,pr,home,1U,4500.0,CRIF,641,EXP,25-34,not_inst,92.08542714,North,direct,0,59.0
119975,2019,cf,Female,nopre,type1,p3,l1,nopc,nob/c,196500,3.625,1.0042,5457.5,180.0,not_neg,not_int,not_lpsm,338000.0,sb,pr,home,1U,5100.0,CRIF,893,CIB,55-64,to_inst,58.13609467,North,direct,0,35.0
61448,2019,cf,Joint,nopre,type1,p1,l1,nopc,nob/c,156500,4.05,0.0062,757.5,360.0,not_neg,not_int,not_lpsm,278000.0,sb,pr,home,1U,6480.0,EXP,740,EXP,65-74,to_inst,56.29496403,North,direct,0,45.0
127935,2019,cf,Joint,nopre,type2,p3,l1,nopc,b/c,536500,,,,360.0,not_neg,not_int,not_lpsm,678000.0,sb,pr,home,1U,3180.0,CRIF,574,EXP,45-54,not_inst,79.12979351,North,direct,1,49.0
83629,2019,cf,Joint,pre,type1,p3,l1,nopc,nob/c,486500,,,,360.0,not_neg,not_int,not_lpsm,538000.0,sb,pr,home,1U,7320.0,CIB,520,EXP,45-54,to_inst,90.42750929,North,direct,1,53.0
50783,2019,cf,Sex Not Available,nopre,type1,p3,l1,nopc,nob/c,306500,4.75,0.1608,1150.0,360.0,not_neg,not_int,not_lpsm,578000.0,sb,pr,home,1U,4140.0,CRIF,785,EXP,65-74,to_inst,53.02768166,south,direct,0,39.0
59596,2019,cf,Joint,nopre,type2,p3,l1,nopc,b/c,126500,4.99,1.014,1109.53,360.0,not_neg,not_int,not_lpsm,168000.0,sb,pr,home,1U,2400.0,CRIF,754,EXP,55-64,to_inst,75.29761905,North,direct,0,49.0
131783,2019,cf,Sex Not Available,,type1,p3,l1,nopc,nob/c,366500,,,,360.0,not_neg,not_int,not_lpsm,488000.0,sb,pr,home,1U,8520.0,CIB,792,EXP,55-64,to_inst,75.10245902,south,direct,1,27.0
51651,2019,cf,Sex Not Available,pre,type1,p3,l1,nopc,nob/c,156500,,,,240.0,not_neg,not_int,not_lpsm,188000.0,sb,pr,home,1U,4920.0,CIB,893,CIB,65-74,to_inst,83.24468085,south,direct,1,28.0
149592,2019,cf,Male,nopre,type2,p1,l1,nopc,b/c,206500,3.5,0.7058,5653.11,360.0,not_neg,not_int,not_lpsm,218000.0,sb,pr,home,1U,3960.0,EXP,751,CIB,25-34,not_inst,94.72477064,North,direct,0,30.0
78429,2019,cf,Female,nopre,type1,p3,l1,nopc,nob/c,76500,4.99,1.4836,,240.0,not_neg,not_int,not_lpsm,148000.0,sb,pr,home,1U,1860.0,EXP,510,CIB,55-64,to_inst,51.68918919,North,direct,0,33.0
144933,2019,cf,Sex Not Available,pre,type1,p1,l1,nopc,nob/c,106500,4.875,1.3386,1504.63,360.0,not_neg,not_int,not_lpsm,108000.0,sb,pr,home,1U,2220.0,CRIF,610,EXP,45-54,to_inst,98.61111111,south,direct,0,44.0
119062,2019,ncf,Female,nopre,type2,p1,l1,nopc,b/c,466500,,,,360.0,not_neg,not_int,not_lpsm,548000.0,sb,pr,home,1U,4500.0,EXP,799,CIB,55-64,not_inst,85.12773723,North,direct,1,48.0
60226,2019,cf,Joint,nopre,type1,p3,l1,nopc,nob/c,586500,3.99,0.4308,15760.0,360.0,not_neg,not_int,not_lpsm,988000.0,sb,pr,home,1U,9000.0,CIB,857,EXP,45-54,to_inst,59.36234818,North,direct,0,34.0
150036,2019,cf,Joint,nopre,type1,p1,l1,nopc,nob/c,346500,4.0,0.6182,0.0,360.0,not_neg,not_int,not_lpsm,358000.0,sb,pr,home,1U,4200.0,CIB,588,EXP,25-34,not_inst,96.7877095,North,direct,0,44.0
113217,2019,,Joint,nopre,type1,p1,l1,nopc,nob/c,366500,,,,360.0,neg_amm,not_int,not_lpsm,388000.0,sb,pr,home,1U,3240.0,CRIF,884,EXP,25-34,not_inst,94.45876289,North,direct,1,60.0
144586,2019,cf,Joint,nopre,type1,p1,l2,nopc,nob/c,186500,4.375,0.7976,1882.05,360.0,not_neg,not_int,not_lpsm,198000.0,sb,pr,home,1U,6300.0,CRIF,861,EXP,<25,not_inst,94.19191919,North,direct,0,20.0
131544,2019,cf,Male,nopre,type3,p3,l1,nopc,nob/c,266500,3.625,-0.3664,3429.4,360.0,not_neg,not_int,not_lpsm,318000.0,sb,pr,home,1U,7680.0,CIB,521,CIB,55-64,to_inst,83.80503145,North,direct,0,36.0
135173,2019,cf,Joint,nopre,type1,p3,l1,nopc,nob/c,156500,4.375,0.8999,4198.0,180.0,not_neg,not_int,not_lpsm,278000.0,sb,pr,home,1U,3780.0,CRIF,565,EXP,25-34,to_inst,56.29496403,North,direct,0,46.0
85343,2019,cf,Sex Not Available,nopre,type1,p4,l1,nopc,nob/c,366500,4.5,0.1641,5266.94,360.0,neg_amm,not_int,not_lpsm,428000.0,sb,pr,home,1U,5220.0,CIB,651,CIB,45-54,to_inst,85.63084112,south,direct,0,39.0
60082,2019,cf,Joint,nopre,type1,p4,l1,nopc,nob/c,396500,3.625,-0.0597,160.72,360.0,not_neg,not_int,not_lpsm,678000.0,sb,pr,home,1U,9360.0,CIB,557,EXP,45-54,not_inst,58.48082596,North,direct,0,6.0
135206,2019,cf,Joint,nopre,type1,p4,l1,nopc,nob/c,586500,4.0,0.1541,0.0,360.0,not_neg,not_int,not_lpsm,798000.0,sb,pr,home,1U,14460.0,CRIF,773,EXP,45-54,not_inst,73.4962406,central,direct,0,5.0
71838,2019,cf,Female,nopre,type1,p4,l1,nopc,nob/c,86500,,,,360.0,neg_amm,not_int,not_lpsm,528000.0,sb,pr,home,1U,1740.0,CIB,678,CIB,45-54,to_inst,16.38257576,North,direct,1,42.0
47442,2019,cf,Joint,nopre,type1,p1,l1,nopc,nob/c,236500,4.75,0.6569,6990.0,360.0,neg_amm,not_int,not_lpsm,338000.0,sb,ir,home,1U,12780.0,EXP,888,EXP,25-34,to_inst,69.9704142,North,direct,0,35.0
144509,2019,cf,Female,nopre,type1,p4,l1,nopc,nob/c,486500,4.5,0.1114,0.0,360.0,neg_amm,not_int,not_lpsm,638000.0,sb,pr,home,1U,5700.0,CIB,687,CIB,35-44,not_inst,76.2539185,North,direct,0,48.0
132854,2019,cf,Male,nopre,type1,p4,l1,nopc,nob/c,506500,3.625,-0.08,0.0,360.0,not_neg,int_only,not_lpsm,758000.0,sb,pr,home,1U,6420.0,EXP,810,CIB,25-34,not_inst,66.82058047,south,direct,0,40.0
143890,2019,cf,Male,nopre,type1,p3,l1,nopc,nob/c,466500,3.875,0.1461,0.0,360.0,not_neg,not_int,not_lpsm,1268000.0,sb,pr,home,1U,7380.0,CIB,795,CIB,35-44,not_inst,36.79022082,North,direct,0,44.0
133844,2019,ncf,Male,pre,type1,p1,l1,nopc,nob/c,236500,,,,360.0,not_neg,not_int,not_lpsm,298000.0,sb,pr,home,1U,5940.0,EXP,882,CIB,45-54,to_inst,79.36241611,North,direct,1,35.0
61138,2019,cf,Joint,nopre,type1,p4,l1,nopc,nob/c,466500,4.125,-0.181,0.0,360.0,not_neg,not_int,not_lpsm,588000.0,sb,pr,home,1U,7140.0,CIB,803,EXP,65-74,not_inst,79.33673469,North,direct,0,32.0
59165,2019,cf,Joint,nopre,type1,p3,l1,nopc,nob/c,336500,3.25,-0.3163,3817.68,360.0,not_neg,not_int,not_lpsm,428000.0,sb,pr,home,1U,2940.0,EXP,510,EXP,55-64,not_inst,78.62149533,North,direct,0,49.0
156362,2019,cf,Male,nopre,type1,p1,l1,nopc,nob/c,486500,3.625,0.0194,4093.14,360.0,not_neg,not_int,not_lpsm,618000.0,sb,pr,home,1U,13140.0,EXP,519,CIB,45-54,not_inst,78.72168285,North,direct,0,38.0
48231,2019,cf,Joint,pre,type1,p1,l1,nopc,nob/c,166500,4.99,0.4827,1150.0,360.0,not_neg,not_int,not_lpsm,188000.0,sb,sr,home,1U,8160.0,CIB,793,EXP,65-74,to_inst,88.56382979,North,direct,0,22.0
130014,2019,cf,Female,nopre,type2,p3,l1,nopc,b/c,116500,4.5,0.9604,1881.33,360.0,not_neg,int_only,not_lpsm,268000.0,sb,pr,home,1U,1680.0,CRIF,886,CIB,45-54,to_inst,43.47014925,North,direct,0,47.0
172057,2019,cf,Male,pre,type1,p1,l1,nopc,nob/c,206500,3.99,0.6571,1250.0,360.0,not_neg,not_int,not_lpsm,218000.0,sb,pr,home,1U,6480.0,EXP,806,CIB,45-54,to_inst,94.72477064,North,direct,0,47.0
29277,2019,cf,Sex Not Available,nopre,type2,p3,l1,nopc,b/c,156500,,,,360.0,not_neg,not_int,not_lpsm,198000.0,sb,pr,home,1U,300.0,CIB,741,CIB,55-64,to_inst,79.04040404,south,direct,1,9.0
51720,2019,cf,Male,nopre,type1,p3,l1,nopc,nob/c,346500,4.25,1.1538,4035.0,240.0,not_neg,not_int,not_lpsm,438000.0,sb,pr,home,1U,8220.0,CIB,742,CIB,45-54,to_inst,79.10958904,North,direct,0,38.0
147012,2019,cf,Female,nopre,type1,p2,l2,nopc,nob/c,356500,4.99,0.915,950.0,360.0,not_neg,not_int,not_lpsm,478000.0,sb,ir,home,1U,16980.0,CIB,594,CIB,45-54,not_inst,74.58158996,south,direct,0,26.0
113338,2019,cf,Sex Not Available,nopre,type1,p3,l1,nopc,nob/c,156500,4.75,0.3823,3120.0,360.0,neg_amm,not_int,not_lpsm,228000.0,sb,pr,home,1U,1440.0,CRIF,524,CIB,45-54,to_inst,68.64035088,south,direct,0,48.0
152506,2019,,Male,nopre,type2,p3,l1,nopc,b/c,156500,3.75,0.6079,4190.91,360.0,not_neg,not_int,not_lpsm,218000.0,sb,pr,home,1U,1800.0,CIB,519,CIB,35-44,to_inst,71.78899083,central,direct,0,47.0
161658,2019,cf,Joint,nopre,type1,p3,l2,nopc,nob/c,586500,4.25,0.0495,12046.94,360.0,not_neg,not_int,not_lpsm,998000.0,sb,pr,home,1U,11220.0,CIB,787,EXP,45-54,to_inst,58.76753507,south,direct,0,23.0
63165,2019,cf,Joint,nopre,type1,p4,l1,nopc,nob/c,426500,3.5,-0.1624,1249.75,360.0,not_neg,not_int,not_lpsm,1298000.0,sb,pr,home,1U,4440.0,CIB,799,EXP,65-74,not_inst,32.85824345,North,direct,0,42.0
152891,2019,ncf,Joint,nopre,type1,p1,l1,nopc,nob/c,196500,4.99,1.2467,0.0,360.0,not_neg,not_int,not_lpsm,228000.0,sb,sr,home,1U,12600.0,CRIF,857,EXP,65-74,not_inst,86.18421053,North,direct,0,38.0
135107,2019,cf,Joint,nopre,type1,p3,l1,nopc,nob/c,386500,3.625,0.0944,3009.48,360.0,not_neg,not_int,not_lpsm,608000.0,sb,pr,home,1U,7200.0,EXP,704,EXP,25-34,not_inst,63.56907895,North,direct,0,27.0
146211,2019,cf,Sex Not Available,,type1,p4,l1,nopc,nob/c,586500,3.5,0.5652,9255.34,240.0,not_neg,int_only,not_lpsm,1808000.0,sb,pr,home,1U,16800.0,CRIF,600,EXP,45-54,to_inst,32.43915929,south,direct,0,28.0
37216,2019,cf,Male,nopre,type1,p4,l1,nopc,nob/c,206500,3.625,0.0935,4000.0,360.0,not_neg,not_int,not_lpsm,388000.0,sb,pr,home,1U,3180.0,EXP,876,EXP,55-64,to_inst,53.22164948,central,direct,0,36.0
145420,2019,cf,Male,nopre,type1,p4,l1,nopc,nob/c,386500,3.875,0.2338,4771.25,360.0,not_neg,not_int,not_lpsm,468000.0,sb,pr,home,1U,5100.0,EXP,719,CIB,25-34,to_inst,82.58547009,North,direct,0,42.0
40732,2019,cf,Sex Not Available,nopre,type1,p3,l1,nopc,nob/c,126500,5.5,1.3971,3650.0,360.0,not_neg,not_int,not_lpsm,198000.0,sb,pr,home,1U,4020.0,CIB,675,CIB,35-44,to_inst,63.88888889,south,direct,0,37.0
46179,2019,cf,Joint,nopre,type1,p3,l1,nopc,nob/c,176500,4.25,0.4342,5134.75,360.0,not_neg,not_int,not_lpsm,318000.0,sb,pr,home,1U,5340.0,EXP,514,EXP,65-74,to_inst,55.50314465,North,direct,0,11.0
57949,2019,cf,Joint,nopre,type1,p4,l1,nopc,nob/c,486500,3.625,-0.173,0.0,360.0,not_neg,not_int,not_lpsm,628000.0,sb,pr,home,1U,6300.0,CIB,675,EXP,25-34,not_inst,77.46815287,south,direct,0,40.0
74294,2019,cf,Joint,pre,type1,p1,l1,nopc,nob/c,596500,3.75,0.1448,11350.0,360.0,not_neg,not_int,not_lpsm,748000.0,sb,pr,home,1U,15600.0,CIB,802,EXP,25-34,to_inst,79.7459893,south,direct,0,7.0
127135,2019,cf,Female,nopre,type1,p4,l1,nopc,nob/c,196500,4.5,0.1351,2976.53,360.0,not_neg,not_int,not_lpsm,318000.0,sb,pr,home,1U,7800.0,EXP,590,CIB,35-44,to_inst,61.79245283,North,direct,0,33.0
63779,2019,cf,Joint,nopre,type1,p4,l1,nopc,nob/c,246500,4.25,0.3465,6789.03,360.0,not_neg,int_only,not_lpsm,358000.0,sb,pr,home,1U,2580.0,CIB,759,EXP,>74,to_inst,68.8547486,south,direct,0,42.0
64421,2019,ncf,Joint,pre,type1,p3,l1,nopc,nob/c,636500,4.625,0.637,7590.0,360.0,not_neg,not_int,not_lpsm,828000.0,sb,pr,home,1U,22140.0,CRIF,784,EXP,45-54,to_inst,76.87198068,North,direct,0,9.0
66726,2019,cf,Male,nopre,type1,p4,l1,nopc,nob/c,336500,3.99,0.9686,3734.75,240.0,not_neg,not_int,not_lpsm,368000.0,sb,pr,home,1U,7800.0,EXP,643,CIB,55-64,to_inst,91.44021739,North,direct,0,23.0
122481,2019,cf,Joint,nopre,type1,p3,l1,nopc,nob/c,666500,3.625,0.0938,17912.5,360.0,not_neg,not_int,not_lpsm,1228000.0,sb,pr,home,1U,15060.0,EXP,575,EXP,45-54,to_inst,54.2752443,south,direct,0,21.0
145337,2019,cf,Joint,nopre,type1,p4,l1,nopc,nob/c,726500,3.625,0.058,1050.0,360.0,not_neg,not_int,not_lpsm,998000.0,sb,pr,home,1U,9780.0,CIB,826,EXP,25-34,not_inst,72.79559118,south,direct,0,36.0
33126,2019,cf,Female,nopre,type3,p1,l1,nopc,nob/c,366500,4.125,0.298,1800.0,360.0,not_neg,not_int,not_lpsm,358000.0,sb,pr,home,1U,8640.0,CRIF,843,EXP,35-44,to_inst,102.3743017,North,direct,0,45.0
51737,2019,cf,Sex Not Available,nopre,type2,p3,l1,nopc,b/c,196500,,,,360.0,not_neg,not_int,not_lpsm,208000.0,sb,pr,home,2U,3300.0,CIB,534,CIB,25-34,to_inst,94.47115385,south,direct,1,47.0
115172,2019,cf,Female,nopre,type1,p3,l1,nopc,nob/c,206500,4.875,0.8268,0.0,360.0,not_neg,not_int,not_lpsm,378000.0,sb,sr,home,1U,4800.0,EXP,612,CIB,55-64,to_inst,54.62962963,North,direct,0,47.0
170453,2019,cf,Female,nopre,type1,p3,l1,nopc,nob/c,306500,3.875,0.4295,8750.0,360.0,not_neg,not_int,not_lpsm,478000.0,sb,pr,home,1U,5160.0,EXP,534,EXP,45-54,to_inst,64.12133891,North,direct,0,39.0
103004,2019,cf,Female,nopre,type2,p1,l2,nopc,b/c,46500,,,,300.0,neg_amm,not_int,not_lpsm,48000.0,sb,pr,home,1U,2340.0,CIB,799,CIB,55-64,to_inst,96.875,North,direct,1,31.0
88511,2019,cf,Female,pre,type1,p1,l1,nopc,nob/c,286500,4.125,0.8908,5791.68,360.0,not_neg,not_int,not_lpsm,298000.0,sb,pr,home,1U,5040.0,EXP,595,CIB,35-44,not_inst,96.1409396,North,direct,0,34.0
130153,2019,cf,Male,nopre,type1,p1,l1,nopc,nob/c,256500,3.99,0.0811,929.96,360.0,not_neg,not_int,not_lpsm,268000.0,sb,pr,home,1U,7380.0,CRIF,882,CIB,45-54,not_inst,95.70895522,North,direct,0,26.0
81240,2019,cf,Male,nopre,type3,p3,l1,nopc,nob/c,206500,4.49,0.5779,3213.9,360.0,not_neg,not_int,not_lpsm,208000.0,sb,pr,home,1U,3660.0,EXP,702,CIB,25-34,to_inst,99.27884615,North,direct,0,49.0
138167,2019,cf,Joint,nopre,type3,p3,l1,nopc,nob/c,656500,3.375,-0.2582,4947.21,360.0,not_neg,not_int,not_lpsm,858000.0,sb,pr,home,1U,5400.0,CIB,844,EXP,65-74,not_inst,76.51515152,North,direct,0,46.0
34789,2019,cf,Sex Not Available,nopre,type1,p1,l1,nopc,nob/c,286500,3.875,0.3746,0.0,360.0,not_neg,not_int,not_lpsm,298000.0,sb,pr,home,1U,6120.0,CIB,566,CIB,55-64,not_inst,96.1409396,south,direct,0,38.0
62946,2019,cf,Joint,nopre,type3,p3,l1,nopc,nob/c,426500,3.25,-0.247,9517.5,360.0,not_neg,not_int,not_lpsm,478000.0,sb,pr,home,1U,10080.0,CIB,888,EXP,35-44,to_inst,89.22594142,south,direct,0,40.0
95014,2019,cf,Joint,nopre,type1,p1,l1,nopc,nob/c,486500,3.5,-0.318,8426.09,360.0,not_neg,not_int,not_lpsm,618000.0,sb,pr,home,1U,6480.0,CRIF,848,EXP,25-34,not_inst,78.72168285,central,direct,0,49.0
129664,2019,cf,Male,nopre,type1,p1,l1,nopc,nob/c,886500,4.5,0.2855,0.0,360.0,not_neg,not_int,not_lpsm,1108000.0,sb,pr,home,4U,12240.0,CRIF,757,CIB,35-44,not_inst,80.00902527,North,direct,0,36.0
104254,2019,cf,Male,nopre,type1,p4,l1,nopc,nob/c,486500,3.625,0.064,2150.0,360.0,not_neg,not_int,not_lpsm,928000.0,sb,pr,home,1U,14340.0,CRIF,776,EXP,35-44,not_inst,52.42456897,south,direct,0,21.0
41120,2019,cf,Joint,nopre,type2,p1,l1,nopc,b/c,256500,,,,360.0,not_neg,not_int,lpsm,268000.0,sb,pr,home,1U,5040.0,CRIF,791,EXP,35-44,to_inst,95.70895522,North,direct,1,38.0
155289,2019,cf,Sex Not Available,nopre,type2,p3,l1,nopc,b/c,96500,,,,360.0,not_neg,not_int,not_lpsm,108000.0,sb,pr,home,1U,1560.0,CIB,749,CIB,65-74,to_inst,89.35185185,south,direct,1,39.0
27581,2019,cf,Sex Not Available,nopre,type1,p3,l1,nopc,nob/c,306500,3.25,0.3872,9632.5,240.0,not_neg,not_int,not_lpsm,488000.0,sb,pr,home,1U,5400.0,CIB,578,EXP,55-64,to_inst,62.80737705,south,direct,0,41.0
165961,2019,cf,Male,nopre,type2,p1,l1,nopc,b/c,126500,4.375,1.6878,1224.58,360.0,not_neg,not_int,not_lpsm,128000.0,sb,pr,home,1U,2100.0,CIB,553,CIB,25-34,to_inst,98.828125,North,direct,0,37.0
157028,2019,cf,Joint,nopre,type1,p3,l1,nopc,nob/c,146500,,,,360.0,not_neg,not_int,not_lpsm,158000.0,sb,pr,home,1U,4020.0,CIB,839,EXP,65-74,to_inst,92.72151899,North,direct,1,45.0
92845,2019,cf,Joint,nopre,type1,p1,l1,nopc,nob/c,326500,3.99,0.1248,6181.36,360.0,not_neg,not_int,not_lpsm,348000.0,sb,pr,home,1U,10440.0,CIB,544,EXP,55-64,not_inst,93.82183908,North,direct,0,41.0
121580,2019,cf,Female,pre,type2,p1,l1,nopc,b/c,286500,,,,360.0,not_neg,not_int,not_lpsm,298000.0,sb,pr,home,1U,4620.0,CRIF,595,CIB,45-54,to_inst,96.1409396,North,direct,1,55.0
73513,2019,cf,Joint,pre,type1,p3,l1,nopc,nob/c,456500,3.875,0.3176,8256.22,180.0,not_neg,not_int,not_lpsm,618000.0,sb,pr,home,1U,9840.0,CRIF,744,EXP,55-64,to_inst,73.86731392,North,direct,0,39.0
116272,2019,cf,Joint,nopre,type1,p2,l1,nopc,nob/c,196500,4.99,0.7838,4537.5,360.0,not_neg,not_int,not_lpsm,388000.0,sb,ir,home,1U,8460.0,CIB,757,EXP,55-64,to_inst,50.6443299,North,direct,0,46.0
148181,2019,cf,Male,nopre,type1,p1,l1,nopc,nob/c,366500,4.375,0.3589,1009.8,360.0,not_neg,not_int,not_lpsm,458000.0,sb,pr,home,1U,7620.0,CRIF,646,CIB,25-34,not_inst,80.02183406,south,direct,0,47.0
93350,2019,cf,Female,nopre,type1,p3,l1,nopc,nob/c,386500,3.875,0.4526,7952.5,360.0,not_neg,not_int,not_lpsm,808000.0,sb,pr,home,1U,5160.0,CRIF,506,CIB,55-64,to_inst,47.83415842,North,direct,0,37.0
93232,2019,cf,Male,nopre,type1,p4,l1,nopc,nob/c,646500,4.18,-0.241,1737.74,360.0,not_neg,not_int,not_lpsm,928000.0,sb,pr,home,1U,9060.0,EXP,817,CIB,35-44,not_inst,69.66594828,south,direct,0,39.0
148100,2019,cf,Female,nopre,type1,p3,l1,nopc,nob/c,236500,5.125,0.7631,2632.5,360.0,not_neg,not_int,not_lpsm,388000.0,sb,pr,home,1U,2880.0,EXP,536,CIB,>74,to_inst,60.95360825,central,direct,0,47.0
38341,2019,cf,Sex Not Available,nopre,type1,p3,l1,nopc,nob/c,206500,3.75,0.8363,5256.56,216.0,not_neg,not_int,not_lpsm,288000.0,sb,pr,home,1U,3360.0,CRIF,602,EXP,55-64,to_inst,71.70138889,south,direct,0,40.0
94046,2019,cf,Sex Not Available,nopre,type1,p2,l1,nopc,nob/c,126500,4.25,0.6208,1472.5,180.0,not_neg,not_int,not_lpsm,168000.0,sb,pr,home,1U,2700.0,CRIF,624,CIB,>74,to_inst,75.29761905,south,direct,0,44.0
42830,2019,cf,Joint,nopre,type1,p3,l1,nopc,nob/c,366500,3.625,0.2195,12315.65,360.0,not_neg,not_int,not_lpsm,648000.0,sb,pr,home,1U,11040.0,EXP,700,EXP,35-44,to_inst,56.55864198,North,direct,0,48.0
58079,2019,cf,Male,nopre,type1,p3,l1,nopc,nob/c,396500,3.99,0.4354,5660.0,300.0,not_neg,not_int,not_lpsm,638000.0,sb,pr,home,1U,7320.0,CIB,652,CIB,45-54,to_inst,62.14733542,south,direct,0,23.0
53026,2019,cf,Male,nopre,type3,p3,l1,nopc,nob/c,236500,4.625,0.3234,6160.84,360.0,not_neg,not_int,not_lpsm,238000.0,sb,pr,home,1U,6000.0,CIB,814,CIB,65-74,to_inst,99.3697479,south,direct,0,35.0
116475,2019,cf,Joint,nopre,type1,p1,l1,nopc,nob/c,206500,4.375,0.1244,2030.0,360.0,not_neg,not_int,not_lpsm,278000.0,sb,sr,home,1U,10200.0,CIB,788,EXP,55-64,to_inst,74.28057554,North,direct,0,47.0
124357,2019,cf,Male,nopre,type1,p4,l1,nopc,nob/c,546500,,,,360.0,not_neg,not_int,not_lpsm,598000.0,sb,pr,home,1U,1560.0,CIB,519,CIB,55-64,to_inst,91.38795987,south,direct,1,48.0
46694,2019,cf,Joint,pre,type1,p4,l1,nopc,nob/c,306500,2.875,0.1946,10018.75,180.0,not_neg,not_int,not_lpsm,408000.0,sb,pr,home,1U,5400.0,CIB,841,EXP,65-74,to_inst,75.12254902,North,direct,0,41.0
84942,2019,cf,Male,nopre,type3,p1,l1,nopc,nob/c,186500,4.75,1.121,2656.72,360.0,not_neg,not_int,not_lpsm,198000.0,sb,pr,home,1U,2880.0,CRIF,836,CIB,25-34,to_inst,94.19191919,North,direct,0,37.0
93459,2019,cf,Joint,pre,type1,p4,l1,nopc,nob/c,486500,3.875,0.0548,0.0,360.0,not_neg,not_int,not_lpsm,628000.0,sb,pr,home,1U,6000.0,CIB,894,EXP,25-34,not_inst,77.46815287,North,direct,0,36.0
52833,2019,,Sex Not Available,nopre,type1,p4,l1,nopc,nob/c,246500,4.375,0.4072,3064.25,360.0,not_neg,not_int,not_lpsm,308000.0,sb,sr,home,1U,13860.0,EXP,875,CIB,35-44,to_inst,80.03246753,North,direct,0,39.0
47945,2019,cf,Joint,pre,type3,p1,l1,nopc,nob/c,336500,3.5,0.1076,3307.37,360.0,not_neg,not_int,not_lpsm,348000.0,sb,pr,home,1U,4260.0,CIB,581,EXP,55-64,to_inst,96.6954023,North,direct,0,38.0
54554,2019,cf,Sex Not Available,nopre,type1,p4,l1,nopc,nob/c,126500,3.99,0.6146,4068.82,360.0,not_neg,not_int,not_lpsm,168000.0,sb,pr,home,1U,2880.0,CRIF,658,CIB,25-34,to_inst,75.29761905,south,direct,0,37.0
134043,2019,cf,Joint,nopre,type1,p1,l1,nopc,nob/c,266500,4.125,0.1779,711.02,360.0,not_neg,not_int,not_lpsm,298000.0,sb,sr,home,1U,8040.0,CRIF,511,EXP,65-74,not_inst,89.4295302,North,direct,0,41.0
117980,2019,cf,Joint,nopre,type1,p1,l1,nopc,nob/c,356500,4.75,0.254,1395.0,360.0,neg_amm,not_int,not_lpsm,478000.0,sb,ir,home,1U,18180.0,CIB,731,EXP,55-64,not_inst,74.58158996,south,direct,0,40.0
26456,2019,cf,Female,pre,type2,p3,l1,nopc,b/c,126500,4.5,1.266,2071.91,360.0,not_neg,not_int,not_lpsm,148000.0,sb,pr,home,1U,2040.0,EXP,515,CIB,35-44,to_inst,85.47297297,North,direct,0,51.0
43388,2019,ncf,Joint,nopre,type1,p1,l1,nopc,nob/c,246500,4.125,0.0868,3759.6,360.0,not_neg,not_int,not_lpsm,318000.0,sb,pr,home,1U,7200.0,CRIF,709,EXP,45-54,not_inst,77.51572327,North,direct,0,48.0
115588,2019,cf,Male,nopre,type1,p4,l1,nopc,nob/c,366500,3.625,-0.0058,0.0,360.0,not_neg,int_only,not_lpsm,788000.0,sb,pr,home,1U,6360.0,CIB,859,CIB,45-54,not_inst,46.51015228,central,direct,0,32.0
50937,2019,cf,Female,nopre,type2,p1,l1,nopc,b/c,126500,3.99,1.4696,2359.93,180.0,not_neg,not_int,not_lpsm,138000.0,sb,pr,home,1U,1980.0,CRIF,500,CIB,25-34,to_inst,91.66666667,North,direct,0,51.0
61036,2019,cf,Joint,nopre,type2,p1,l1,nopc,b/c,146500,3.25,0.5423,3923.28,360.0,not_neg,not_int,not_lpsm,148000.0,sb,pr,home,1U,1560.0,CIB,842,EXP,35-44,not_inst,98.98648649,North-East,direct,0,57.0
110260,2019,cf,Sex Not Available,nopre,type1,p4,l1,nopc,nob/c,116500,3.75,0.2878,3749.47,324.0,not_neg,not_int,not_lpsm,238000.0,sb,pr,home,1U,1260.0,CRIF,746,CIB,>74,to_inst,48.94957983,south,direct,0,48.0
28233,2019,cf,Sex Not Available,nopre,type1,p3,l1,nopc,nob/c,256500,4.125,0.1872,4378.75,360.0,not_neg,not_int,not_lpsm,718000.0,sb,pr,home,1U,2760.0,CRIF,546,CIB,>74,to_inst,35.72423398,south,direct,0,44.0
109042,2019,cf,Male,nopre,type1,p3,l1,nopc,nob/c,456500,4.625,1.0507,8643.75,360.0,not_neg,not_int,not_lpsm,698000.0,sb,pr,home,1U,7860.0,CIB,729,CIB,45-54,to_inst,65.40114613,North,direct,0,37.0
107669,2019,cf,Female,nopre,type1,p4,l1,nopc,nob/c,156500,4.125,1.4059,3627.08,180.0,not_neg,not_int,not_lpsm,258000.0,sb,ir,home,1U,4740.0,EXP,817,CIB,65-74,to_inst,60.65891473,North,direct,0,37.0
69544,2019,cf,Sex Not Available,pre,type2,p4,l1,nopc,b/c,46500,,,,180.0,not_neg,not_int,not_lpsm,58000.0,sb,pr,home,1U,2820.0,CIB,775,CIB,65-74,to_inst,80.17241379,south,direct,1,47.0
36433,2019,cf,Joint,nopre,type1,p4,l1,nopc,nob/c,596500,3.5,0.2954,659.59,240.0,not_neg,not_int,not_lpsm,1258000.0,sb,pr,home,1U,14040.0,CIB,628,EXP,55-64,not_inst,47.41653418,North,direct,0,26.0
34810,2019,cf,Female,nopre,type1,p3,l2,nopc,nob/c,296500,,,,360.0,not_neg,not_int,not_lpsm,528000.0,sb,pr,home,1U,2820.0,CRIF,820,CIB,65-74,to_inst,56.15530303,North,direct,1,58.0
143611,2019,,Female,nopre,type1,p4,l1,nopc,nob/c,376500,3.99,0.1371,0.0,360.0,not_neg,not_int,not_lpsm,508000.0,sb,pr,home,1U,6600.0,CRIF,799,CIB,55-64,not_inst,74.11417323,North,direct,0,31.0
81637,2019,cf,Male,nopre,type1,p3,l1,nopc,nob/c,216500,4.56,0.333,5166.93,360.0,neg_amm,not_int,not_lpsm,308000.0,sb,pr,home,1U,7740.0,EXP,657,CIB,25-34,to_inst,70.29220779,North,direct,0,29.0
157071,2019,cf,Sex Not Available,nopre,type1,p3,l1,nopc,nob/c,216500,4.625,1.2446,7098.63,240.0,neg_amm,not_int,not_lpsm,298000.0,sb,pr,home,1U,7560.0,EXP,536,EXP,25-34,to_inst,72.65100671,south,direct,0,35.0
65575,2019,cf,Female,nopre,type2,p3,l1,nopc,b/c,176500,4.625,1.1599,62.89,360.0,neg_amm,not_int,not_lpsm,358000.0,sb,pr,home,1U,2580.0,CIB,688,CIB,65-74,to_inst,49.30167598,North,direct,0,54.0
116211,2019,cf,Joint,nopre,type1,p3,l1,nopc,nob/c,226500,3.75,0.3405,1505.3,240.0,not_neg,not_int,not_lpsm,458000.0,sb,pr,home,1U,7560.0,EXP,839,EXP,45-54,to_inst,49.45414847,south,direct,0,28.0
71296,2019,cf,Sex Not Available,nopre,type1,p4,l1,nopc,nob/c,456500,3.99,-0.0298,5650.0,360.0,not_neg,not_int,not_lpsm,758000.0,sb,pr,home,1U,7260.0,EXP,821,CIB,65-74,to_inst,60.22427441,south,direct,0,36.0
38699,2019,cf,Joint,nopre,type1,p4,l1,nopc,nob/c,546500,3.625,0.1187,5460.0,360.0,not_neg,not_int,not_lpsm,808000.0,sb,pr,home,1U,6180.0,CIB,642,EXP,45-54,not_inst,67.63613861,North,direct,0,43.0
147233,2019,cf,Male,nopre,type1,p3,l1,nopc,nob/c,226500,4.875,0.5402,3124.0,360.0,not_neg,not_int,not_lpsm,288000.0,sb,pr,home,1U,9900.0,EXP,550,CIB,55-64,to_inst,78.64583333,south,direct,0,5.0
90144,2019,cf,Male,nopre,type1,p4,l1,nopc,nob/c,286500,3.625,0.2713,5924.12,360.0,not_neg,not_int,not_lpsm,328000.0,sb,pr,home,1U,3960.0,EXP,667,CIB,25-34,to_inst,87.34756098,south,direct,0,31.0
166376,2019,cf,Sex Not Available,nopre,type1,p3,l1,nopc,nob/c,356500,3.99,0.2706,5991.79,240.0,neg_amm,not_int,not_lpsm,598000.0,sb,pr,home,1U,6480.0,EXP,767,CIB,65-74,to_inst,59.61538462,North,direct,0,49.0
107480,2019,cf,Female,nopre,type1,p3,l1,nopc,nob/c,366500,3.25,-0.2139,12353.84,360.0,not_neg,not_int,not_lpsm,498000.0,sb,pr,home,1U,4740.0,CRIF,888,CIB,55-64,not_inst,73.59437751,North,direct,0,32.0
54276,2019,ncf,Male,pre,type1,p1,l1,nopc,nob/c,136500,3.99,0.2748,3573.51,360.0,not_neg,not_int,not_lpsm,148000.0,sb,pr,home,1U,2520.0,CRIF,897,CIB,35-44,to_inst,92.22972973,North,direct,0,36.0
134562,2019,cf,Male,nopre,type1,p3,l1,nopc,nob/c,226500,3.375,0.3544,2833.93,180.0,not_neg,not_int,not_lpsm,278000.0,sb,pr,home,1U,9360.0,EXP,665,EXP,55-64,to_inst,81.47482014,North,direct,0,24.0
57670,2019,cf,Male,nopre,type1,p4,l1,nopc,nob/c,246500,3.25,0.2956,3700.0,180.0,not_neg,not_int,not_lpsm,328000.0,sb,pr,home,1U,9600.0,EXP,698,CIB,45-54,to_inst,75.15243902,North,direct,0,17.0
56056,2019,cf,Sex Not Available,nopre,type2,p3,l1,nopc,b/c,76500,4.99,1.2621,1703.9,360.0,not_neg,not_int,not_lpsm,128000.0,sb,pr,home,1U,3240.0,CRIF,876,EXP,45-54,to_inst,59.765625,south,direct,0,30.0
81256,2019,cf,Female,nopre,type1,p1,l1,nopc,nob/c,566500,4.25,0.6393,50.28,360.0,not_neg,not_int,not_lpsm,718000.0,sb,pr,home,1U,11280.0,CIB,713,CIB,45-54,not_inst,78.89972145,south,direct,0,26.0
135539,2019,cf,Joint,nopre,type1,p3,l1,nopc,nob/c,346500,4.75,0.5086,7950.0,360.0,not_neg,not_int,not_lpsm,448000.0,sb,pr,home,1U,5040.0,CRIF,686,EXP,45-54,to_inst,77.34375,North,direct,0,42.0
98142,2019,cf,Male,nopre,type1,p1,l1,nopc,nob/c,146500,5.125,1.241,1722.98,360.0,neg_amm,not_int,not_lpsm,158000.0,sb,pr,home,1U,3960.0,CRIF,872,CIB,<25,not_inst,92.72151899,south,direct,0,28.0
71596,2019,ncf,Male,nopre,type1,p3,l1,nopc,nob/c,286500,3.99,0.0195,5463.33,360.0,not_neg,not_int,not_lpsm,418000.0,sb,pr,home,1U,3180.0,CRIF,890,CIB,>74,to_inst,68.54066986,south,direct,0,47.0
48100,2019,cf,Joint,nopre,type3,p1,l1,nopc,nob/c,526500,3.5,-0.5071,0.0,360.0,not_neg,int_only,not_lpsm,588000.0,sb,pr,home,1U,4740.0,CIB,703,EXP,35-44,not_inst,89.54081633,North,direct,0,55.0
25057,2019,cf,Male,nopre,type1,p1,l1,nopc,nob/c,636500,4.125,0.048,3520.2,360.0,not_neg,not_int,not_lpsm,798000.0,sb,pr,home,1U,19620.0,CIB,737,CIB,45-54,not_inst,79.76190476,North,direct,0,10.0
35304,2019,ncf,Sex Not Available,nopre,type3,p3,l1,nopc,nob/c,716500,4.625,0.5081,10566.19,360.0,not_neg,not_int,not_lpsm,808000.0,sb,pr,home,1U,10080.0,CRIF,521,EXP,45-54,to_inst,88.67574257,south,direct,0,38.0
161764,2019,cf,Male,nopre,type2,p1,l1,nopc,b/c,486500,3.625,0.9176,0.0,360.0,not_neg,not_int,not_lpsm,498000.0,sb,pr,home,1U,5520.0,EXP,618,EXP,45-54,not_inst,97.69076305,North,direct,0,55.0
118788,2019,cf,Male,nopre,type1,p4,l1,nopc,nob/c,506500,3.99,0.4727,10850.0,360.0,not_neg,not_int,not_lpsm,698000.0,sb,pr,home,1U,5940.0,CRIF,746,CIB,35-44,not_inst,72.56446991,central,direct,0,41.0
51044,2019,cf,Female,nopre,type1,p1,l1,nopc,nob/c,356500,4.25,0.4062,440.91,360.0,not_neg,not_int,not_lpsm,398000.0,sb,pr,home,1U,6060.0,CIB,858,CIB,45-54,not_inst,89.57286432,North,direct,0,48.0
38764,2019,cf,Sex Not Available,nopre,type1,p3,l1,nopc,nob/c,276500,4.125,0.6627,6750.0,360.0,not_neg,not_int,not_lpsm,378000.0,sb,pr,home,1U,4020.0,CRIF,767,CIB,55-64,to_inst,73.14814815,south,direct,0,44.0
38617,2019,cf,Joint,nopre,type1,p4,l1,nopc,nob/c,556500,3.0,-0.193,1147.0,180.0,not_neg,not_int,not_lpsm,948000.0,sb,pr,home,1U,15720.0,CIB,578,EXP,45-54,not_inst,58.70253165,south,direct,0,27.0
142246,2019,cf,Female,nopre,type1,p4,l1,nopc,nob/c,256500,3.75,-0.0469,5462.81,360.0,not_neg,not_int,not_lpsm,298000.0,sb,pr,home,1U,16080.0,CIB,658,CIB,35-44,to_inst,86.0738255,North,direct,0,6.0
71373,2019,cf,Joint,nopre,type2,p4,l1,nopc,b/c,316500,,,,360.0,not_neg,not_int,lpsm,378000.0,sb,pr,home,1U,3120.0,CRIF,824,EXP,45-54,to_inst,83.73015873,North,direct,1,46.0
58950,2019,cf,Male,pre,type1,p1,l1,nopc,nob/c,456500,4.375,0.1145,8212.04,360.0,neg_amm,not_int,not_lpsm,548000.0,sb,pr,home,1U,12600.0,CRIF,539,EXP,45-54,to_inst,83.30291971,south,direct,0,47.0
110597,2019,cf,Joint,nopre,type1,p4,l1,nopc,nob/c,356500,3.875,0.1199,0.0,360.0,not_neg,int_only,not_lpsm,458000.0,sb,pr,home,1U,5220.0,CIB,832,EXP,35-44,not_inst,77.83842795,North,direct,0,33.0
155615,2019,cf,Female,nopre,type1,p1,l1,nopc,nob/c,276500,4.375,0.5837,1493.1,360.0,not_neg,not_int,not_lpsm,288000.0,sb,pr,home,1U,3960.0,CRIF,554,CIB,25-34,not_inst,96.00694444,North,direct,0,43.0
25770,2019,cf,Male,nopre,type3,p3,l1,nopc,nob/c,386500,3.375,-0.3455,141.7,360.0,not_neg,not_int,not_lpsm,588000.0,sb,pr,home,1U,7740.0,CRIF,621,CIB,55-64,not_inst,65.73129252,south,direct,0,36.0
29230,2019,cf,Sex Not Available,nopre,type1,p4,l1,nopc,nob/c,386500,3.875,0.546,9004.6,360.0,not_neg,not_int,not_lpsm,438000.0,sb,pr,home,1U,5040.0,CIB,755,CIB,35-44,to_inst,88.24200913,south,direct,0,47.0
160118,2019,cf,Male,nopre,type2,p3,l1,nopc,b/c,86500,,,,360.0,not_neg,not_int,not_lpsm,98000.0,sb,pr,home,1U,840.0,CRIF,765,CIB,35-44,to_inst,88.26530612,North,direct,1,48.0
29188,2019,cf,Sex Not Available,nopre,type2,p1,l1,nopc,b/c,226500,,,,360.0,not_neg,not_int,not_lpsm,228000.0,sb,pr,home,1U,4860.0,CIB,531,EXP,35-44,to_inst,99.34210526,south,direct,1,41.0
66960,2019,ncf,Joint,nopre,type1,p4,l1,nopc,nob/c,1056500,3.75,0.1199,10507.5,360.0,not_neg,not_int,not_lpsm,1458000.0,sb,pr,home,1U,22680.0,CRIF,752,EXP,35-44,to_inst,72.46227709,North,direct,0,28.0
74159,2019,cf,Male,nopre,type2,p3,l1,nopc,b/c,416500,3.625,0.5286,471.57,360.0,not_neg,int_only,not_lpsm,488000.0,sb,pr,home,1U,11520.0,CIB,881,CIB,35-44,to_inst,85.34836066,south,direct,0,33.0
83694,2019,cf,Male,nopre,type2,p3,l1,nopc,b/c,156500,,,,360.0,not_neg,not_int,not_lpsm,228000.0,sb,pr,home,1U,2040.0,CRIF,752,CIB,65-74,to_inst,68.64035088,North,direct,1,36.0
80077,2019,cf,Sex Not Available,nopre,type1,p3,l1,nopc,nob/c,276500,4.99,0.811,3972.5,360.0,not_neg,not_int,not_lpsm,438000.0,sb,pr,home,1U,5340.0,EXP,883,CIB,55-64,to_inst,63.12785388,south,direct,0,43.0
108181,2019,cf,Joint,pre,type1,p1,l1,nopc,nob/c,486500,4.0,0.2473,0.0,360.0,not_neg,not_int,not_lpsm,658000.0,sb,sr,home,1U,32340.0,CIB,824,EXP,45-54,not_inst,73.93617021,south,direct,0,19.0
120634,2019,cf,Joint,nopre,type3,p1,l2,nopc,nob/c,106500,4.25,0.1426,2205.8,360.0,not_neg,not_int,not_lpsm,108000.0,sb,pr,home,1U,4680.0,CRIF,513,EXP,25-34,to_inst,98.61111111,central,direct,0,30.0
143737,2019,cf,Joint,nopre,type2,p4,l1,nopc,b/c,376500,3.25,0.1478,0.0,360.0,neg_amm,not_int,not_lpsm,468000.0,sb,pr,home,1U,10620.0,EXP,815,EXP,45-54,not_inst,80.44871795,central,direct,0,27.0
127181,2019,ncf,Sex Not Available,nopre,type1,p3,l1,nopc,nob/c,556500,4.99,0.2776,2531.08,360.0,not_neg,not_int,not_lpsm,868000.0,sb,pr,home,1U,7200.0,EXP,657,EXP,35-44,to_inst,64.11290323,south,direct,0,42.0
68480,2019,cf,Female,pre,type1,p3,l1,nopc,nob/c,236500,3.5,0.6598,4202.5,180.0,not_neg,not_int,not_lpsm,368000.0,sb,pr,home,1U,9060.0,CRIF,514,CIB,55-64,to_inst,64.26630435,North,direct,0,28.0
153480,2019,cf,Male,nopre,type1,p1,l1,nopc,nob/c,276500,4.5,0.4061,300.0,360.0,not_neg,not_int,not_lpsm,458000.0,sb,ir,home,1U,18720.0,CIB,891,CIB,45-54,not_inst,60.37117904,south,direct,0,34.0
165513,2019,ncf,Male,nopre,type1,p4,l1,nopc,nob/c,676500,4.375,0.3515,1134.37,360.0,not_neg,not_int,not_lpsm,798000.0,sb,pr,home,1U,8640.0,CIB,793,CIB,25-34,not_inst,84.77443609,south,direct,0,43.0
33041,2019,cf,Female,pre,type1,p3,l1,nopc,nob/c,276500,,,,180.0,not_neg,not_int,not_lpsm,398000.0,sb,pr,home,1U,2940.0,CRIF,885,CIB,55-64,to_inst,69.47236181,south,direct,1,33.0
121126,2019,cf,Joint,nopre,type1,p1,l1,nopc,nob/c,496500,2.85,-0.462,0.0,360.0,not_neg,not_int,not_lpsm,658000.0,sb,pr,home,1U,10800.0,CRIF,703,EXP,25-34,to_inst,75.45592705,south,direct,0,48.0
58472,2019,cf,Female,nopre,type2,p1,l1,nopc,b/c,76500,3.875,1.0569,2295.72,360.0,not_neg,not_int,not_lpsm,78000.0,sb,pr,home,1U,10080.0,CIB,805,CIB,35-44,to_inst,98.07692308,North,direct,0,22.0
32358,2019,cf,Female,nopre,type1,p4,l1,nopc,nob/c,396500,3.75,0.6424,11740.16,360.0,not_neg,not_int,not_lpsm,468000.0,sb,pr,home,1U,8040.0,CRIF,874,CIB,55-64,to_inst,84.72222222,south,direct,0,35.0
133449,2019,ncf,Sex Not Available,nopre,type1,p4,l1,nopc,nob/c,606500,,,,180.0,not_neg,not_int,not_lpsm,1208000.0,sb,pr,home,1U,16680.0,EXP,799,EXP,45-54,to_inst,50.20695364,south,direct,1,23.0
153900,2019,cf,Joint,nopre,type1,p3,l1,nopc,nob/c,366500,4.375,0.3872,1150.0,180.0,not_neg,not_int,not_lpsm,458000.0,sb,pr,home,1U,18900.0,CIB,631,EXP,45-54,to_inst,80.02183406,central,direct,0,41.0
62874,2019,cf,Sex Not Available,nopre,type2,p3,l1,nopc,b/c,296500,3.875,1.3573,293.73,180.0,not_neg,not_int,not_lpsm,368000.0,sb,pr,home,1U,8880.0,CIB,549,CIB,35-44,to_inst,80.57065217,south,direct,0,60.0
157444,2019,cf,Female,nopre,type2,p3,l1,nopc,b/c,206500,,,,360.0,not_neg,not_int,not_lpsm,218000.0,sb,pr,home,1U,4920.0,EXP,508,CIB,35-44,to_inst,94.72477064,North,direct,1,42.0
88251,2019,cf,Joint,pre,type1,p1,l1,nopc,nob/c,336500,4.18,-0.2307,818.62,360.0,not_neg,not_int,not_lpsm,688000.0,sb,pr,home,1U,15660.0,CIB,620,EXP,25-34,not_inst,48.90988372,North,direct,0,39.0
100379,2019,cf,Male,pre,type3,p3,l1,nopc,nob/c,176500,3.25,-0.4467,3400.0,360.0,not_neg,not_int,not_lpsm,178000.0,sb,pr,home,1U,3600.0,CIB,777,CIB,65-74,to_inst,99.15730337,North,direct,0,26.0
33021,2019,cf,Male,nopre,type1,p3,l1,nopc,nob/c,496500,4.875,0.4329,1252.44,360.0,neg_amm,not_int,not_lpsm,628000.0,sb,pr,home,1U,8580.0,CIB,679,CIB,35-44,not_inst,79.06050955,south,direct,0,42.0
153366,2019,cf,Joint,nopre,type3,p1,l1,nopc,nob/c,186500,3.25,-0.1964,5520.0,360.0,not_neg,int_only,not_lpsm,188000.0,sb,pr,home,1U,6300.0,CRIF,531,EXP,65-74,to_inst,99.20212766,North,direct,0,37.0
27413,2019,cf,Joint,nopre,type1,p3,l1,nopc,nob/c,376500,4.125,-0.09,9703.79,360.0,not_neg,not_int,not_lpsm,608000.0,sb,pr,home,1U,5220.0,EXP,575,EXP,65-74,not_inst,61.92434211,North,direct,0,30.0
146931,2019,cf,Joint,nopre,type1,p1,l1,nopc,nob/c,456500,3.625,-0.0446,0.0,360.0,not_neg,not_int,not_lpsm,508000.0,sb,pr,home,1U,5100.0,CRIF,807,EXP,25-34,not_inst,89.86220472,south,direct,0,41.0
150556,2019,cf,Sex Not Available,nopre,type1,p4,l1,nopc,nob/c,206500,4.99,0.5313,6631.75,300.0,not_neg,not_int,not_lpsm,238000.0,sb,pr,home,1U,4560.0,EXP,565,EXP,35-44,to_inst,86.76470588,south,direct,0,43.0
136361,2019,cf,Female,pre,type1,p3,l1,nopc,nob/c,406500,3.99,1.2525,8320.0,180.0,not_neg,not_int,not_lpsm,508000.0,sb,pr,home,1U,7560.0,CRIF,634,CIB,45-54,to_inst,80.01968504,south,direct,0,47.0
57913,2019,cf,Joint,nopre,type1,p3,l1,nopc,nob/c,276500,4.875,0.5038,0.0,360.0,not_neg,not_int,not_lpsm,338000.0,sb,pr,home,1U,4380.0,CRIF,875,EXP,55-64,not_inst,81.80473373,North,direct,0,36.0
149426,2019,ncf,Male,pre,type1,p3,l1,nopc,nob/c,206500,3.875,0.6069,4250.0,180.0,not_neg,not_int,not_lpsm,358000.0,sb,pr,home,1U,4380.0,CIB,600,CIB,45-54,to_inst,57.68156425,North,direct,0,30.0
28362,2019,cf,Male,nopre,type1,p3,l1,nopc,nob/c,116500,4.5,1.165,3678.75,180.0,not_neg,not_int,not_lpsm,318000.0,sb,pr,home,1U,3420.0,CIB,865,CIB,55-64,to_inst,36.63522013,North,direct,0,33.0
108626,2019,ncf,Sex Not Available,nopre,type3,p1,l1,nopc,nob/c,506500,,,,360.0,neg_amm,not_int,not_lpsm,628000.0,sb,pr,home,1U,10020.0,CRIF,661,CIB,45-54,to_inst,80.65286624,south,direct,1,8.0
138804,2019,cf,Female,nopre,type1,p4,l1,nopc,nob/c,186500,3.875,0.7671,1250.0,240.0,not_neg,not_int,not_lpsm,408000.0,sb,pr,home,1U,3420.0,CIB,729,CIB,55-64,to_inst,45.71078431,North,direct,0,34.0
42629,2019,cf,Male,nopre,type1,p3,l1,nopc,nob/c,406500,4.875,0.3121,3175.0,360.0,not_neg,not_int,not_lpsm,558000.0,sb,pr,home,1U,6900.0,CIB,769,CIB,35-44,to_inst,72.84946237,North,direct,0,21.0
36093,2019,cf,Joint,nopre,type1,p3,l1,nopc,nob/c,106500,4.375,0.9482,3330.0,360.0,not_neg,not_int,not_lpsm,198000.0,sb,pr,home,1U,1740.0,CRIF,644,EXP,35-44,to_inst,53.78787879,North,direct,0,36.0
147179,2019,cf,Sex Not Available,pre,type1,p4,l1,nopc,nob/c,316500,3.75,0.0304,3885.88,324.0,not_neg,not_int,not_lpsm,438000.0,sb,pr,home,1U,4260.0,CRIF,867,CIB,35-44,to_inst,72.26027397,south,direct,0,42.0
59840,2019,cf,Sex Not Available,nopre,type1,p1,l1,nopc,nob/c,196500,,,,360.0,not_neg,not_int,not_lpsm,238000.0,sb,pr,home,1U,2100.0,CIB,882,CIB,55-64,to_inst,82.56302521,south,direct,1,43.0
27283,2019,cf,Female,pre,type1,p4,l1,nopc,nob/c,156500,,,,180.0,neg_amm,not_int,not_lpsm,278000.0,sb,pr,home,1U,2580.0,CRIF,619,CIB,65-74,to_inst,56.29496403,North,direct,1,42.0
126713,2019,cf,Female,nopre,type1,p3,l1,nopc,nob/c,316500,5.25,1.3143,542.88,180.0,not_neg,not_int,not_lpsm,398000.0,sb,pr,home,1U,9900.0,CRIF,698,CIB,45-54,not_inst,79.52261307,North,direct,0,26.0
26846,2019,cf,Female,nopre,type1,p1,l1,nopc,nob/c,356500,3.99,0.4317,816.22,360.0,not_neg,not_int,not_lpsm,378000.0,sb,pr,home,1U,5220.0,EXP,761,CIB,35-44,not_inst,94.31216931,south,direct,0,48.0
88939,2019,cf,Female,nopre,type1,p3,l1,nopc,nob/c,226500,3.99,0.5138,4876.11,360.0,not_neg,not_int,not_lpsm,328000.0,sb,pr,home,1U,4320.0,CRIF,577,CIB,45-54,to_inst,69.05487805,North,direct,0,43.0
131600,2019,cf,Joint,nopre,type1,p3,l1,nopc,nob/c,246500,3.875,0.4649,4325.0,360.0,not_neg,not_int,not_lpsm,368000.0,sb,pr,home,1U,8880.0,CIB,851,EXP,35-44,to_inst,66.98369565,North,direct,0,29.0
51289,2019,,Sex Not Available,nopre,type1,p4,l1,nopc,nob/c,446500,4.5,0.8366,5642.0,360.0,not_neg,not_int,not_lpsm,878000.0,sb,ir,home,1U,12480.0,CIB,709,CIB,35-44,to_inst,50.85421412,south,direct,0,26.0
68445,2019,cf,Male,pre,type1,p1,l1,nopc,nob/c,456500,4.5,1.0917,0.0,360.0,not_neg,not_int,not_lpsm,478000.0,sb,pr,home,1U,9000.0,EXP,695,CIB,45-54,not_inst,95.50209205,south,direct,0,21.0
89301,2019,cf,Sex Not Available,nopre,type1,p4,l1,nopc,nob/c,166500,4.25,0.877,3366.28,324.0,not_neg,not_int,not_lpsm,258000.0,sb,pr,home,1U,5940.0,EXP,568,CIB,55-64,to_inst,64.53488372,south,direct,0,44.0
54432,2019,cf,Joint,nopre,type1,p4,l1,nopc,nob/c,456500,3.375,-0.1761,5300.0,324.0,neg_amm,not_int,not_lpsm,738000.0,sb,pr,home,1U,15120.0,EXP,565,EXP,45-54,not_inst,61.85636856,south,direct,0,20.0
160280,2019,cf,Male,nopre,type1,p3,l1,nopc,nob/c,396500,3.99,0.4568,8351.47,360.0,not_neg,not_int,not_lpsm,538000.0,sb,pr,home,1U,9900.0,EXP,857,CIB,55-64,to_inst,73.69888476,North,direct,0,43.0
144402,2019,cf,Joint,nopre,type1,p4,l1,nopc,nob/c,186500,,,,360.0,neg_amm,not_int,not_lpsm,258000.0,sb,pr,home,1U,6300.0,CIB,886,EXP,45-54,to_inst,72.28682171,North,direct,1,31.0
73060,2019,cf,Female,nopre,type1,p3,l1,nopc,nob/c,336500,4.5,0.9806,9121.89,360.0,not_neg,not_int,not_lpsm,458000.0,sb,pr,home,1U,5520.0,CIB,791,CIB,65-74,to_inst,73.47161572,south,direct,0,45.0
173418,2019,cf,Sex Not Available,nopre,type3,p3,l1,nopc,nob/c,146500,3.125,-0.4099,4455.0,360.0,not_neg,not_int,not_lpsm,168000.0,sb,pr,home,1U,3540.0,CIB,762,EXP,65-74,to_inst,87.20238095,south,direct,0,44.0
118304,2019,cf,Joint,pre,type1,p1,l1,nopc,nob/c,276500,3.99,-0.0522,2130.88,360.0,not_neg,not_int,not_lpsm,288000.0,sb,pr,home,1U,4500.0,EXP,528,EXP,25-34,to_inst,96.00694444,North,direct,0,49.0
58517,2019,cf,Joint,nopre,type1,p4,l1,nopc,nob/c,336500,3.5,0.2205,7095.0,324.0,not_neg,not_int,not_lpsm,408000.0,sb,pr,home,1U,7260.0,CIB,695,EXP,55-64,to_inst,82.4754902,central,direct,0,31.0
151284,2019,cf,Sex Not Available,nopre,type2,p1,l1,nopc,b/c,126500,3.99,1.1945,2433.61,360.0,not_neg,not_int,not_lpsm,128000.0,sb,pr,home,1U,4560.0,EXP,557,EXP,<25,to_inst,98.828125,south,direct,0,42.0
26774,2019,cf,Joint,nopre,type1,p4,l1,nopc,nob/c,716500,3.875,0.0578,0.0,360.0,not_neg,not_int,not_lpsm,968000.0,sb,pr,home,1U,13920.0,EXP,504,EXP,35-44,not_inst,74.01859504,North,direct,0,20.0
43744,2019,cf,Joint,nopre,type1,p3,l1,nopc,nob/c,716500,4.0,0.4473,2145.71,360.0,not_neg,not_int,not_lpsm,1198000.0,sb,pr,home,1U,7200.0,CRIF,852,EXP,35-44,not_inst,59.80801336,North,direct,0,44.0
62119,2019,cf,Joint,nopre,type1,p4,l1,nopc,nob/c,566500,4.125,-0.0325,1593.71,360.0,not_neg,not_int,not_lpsm,728000.0,sb,pr,home,1U,9300.0,CRIF,710,EXP,25-34,not_inst,77.81593407,south,direct,0,36.0
39163,2019,cf,Sex Not Available,nopre,type2,p3,l1,nopc,b/c,296500,3.75,0.4292,9674.04,360.0,not_neg,int_only,not_lpsm,348000.0,sb,pr,home,1U,5280.0,CRIF,655,CIB,35-44,to_inst,85.20114943,south,direct,0,38.0
140073,2019,cf,Female,nopre,type1,p3,l1,nopc,nob/c,86500,4.125,1.4875,2654.0,240.0,not_neg,not_int,not_lpsm,148000.0,sb,pr,home,1U,3420.0,CIB,730,CIB,35-44,to_inst,58.44594595,south,direct,0,20.0
167885,2019,cf,Male,nopre,type1,p1,l1,nopc,nob/c,476500,,,,360.0,not_neg,not_int,not_lpsm,538000.0,sb,pr,home,1U,4980.0,CRIF,890,CIB,35-44,not_inst,88.56877323,North,direct,1,60.0
107472,2019,cf,Joint,nopre,type2,p1,l1,nopc,b/c,636500,3.75,0.5324,0.0,360.0,not_neg,not_int,not_lpsm,648000.0,sb,pr,home,1U,10500.0,CIB,692,EXP,35-44,not_inst,98.22530864,central,direct,0,41.0
111317,2019,cf,Male,pre,type1,p3,l1,nopc,nob/c,106500,3.75,1.0239,3095.0,204.0,not_neg,not_int,not_lpsm,218000.0,sb,pr,home,1U,2940.0,CIB,741,CIB,45-54,to_inst,48.85321101,North,direct,0,44.0
169181,2019,cf,Sex Not Available,pre,type1,p1,l1,nopc,nob/c,116500,4.25,0.9335,1975.0,180.0,not_neg,not_int,not_lpsm,218000.0,sb,pr,home,1U,2640.0,CRIF,754,EXP,55-64,to_inst,53.44036697,south,direct,0,49.0
108465,2019,cf,Sex Not Available,nopre,type1,p4,l1,nopc,nob/c,406500,3.375,-0.2619,6261.48,300.0,not_neg,not_int,not_lpsm,588000.0,sb,pr,home,1U,7200.0,CRIF,625,EXP,55-64,to_inst,69.13265306,south,direct,0,35.0
117698,2019,cf,Sex Not Available,nopre,type1,p3,l1,nopc,nob/c,356500,3.99,0.3069,3920.0,360.0,not_neg,not_int,not_lpsm,448000.0,sb,pr,home,1U,5880.0,CRIF,683,EXP,65-74,to_inst,79.57589286,south,direct,0,40.0
148322,2019,cf,Female,nopre,type2,p3,l1,nopc,b/c,76500,,,,360.0,not_neg,not_int,not_lpsm,1008000.0,sb,pr,home,1U,1080.0,CIB,708,CIB,>74,to_inst,7.589285714,south,direct,1,45.0
113273,2019,cf,Female,nopre,type1,p4,l1,nopc,nob/c,226500,3.75,0.0927,1233.84,360.0,not_neg,not_int,not_lpsm,298000.0,sb,pr,home,1U,2640.0,EXP,876,CIB,45-54,not_inst,76.00671141,North,direct,0,48.0
124946,2019,cf,Male,nopre,type1,p3,l1,nopc,nob/c,156500,3.75,1.1141,4175.0,180.0,not_neg,not_int,not_lpsm,368000.0,sb,pr,home,1U,3060.0,CIB,685,CIB,65-74,to_inst,42.52717391,North,direct,0,43.0
75782,2019,ncf,Sex Not Available,nopre,type1,p1,l1,nopc,nob/c,216500,,,,360.0,not_neg,not_int,not_lpsm,228000.0,sb,pr,home,1U,600.0,CRIF,742,EXP,<25,to_inst,94.95614035,south,direct,1,49.0
148290,2019,cf,Joint,nopre,type3,p3,l1,nopc,nob/c,356500,,,,360.0,not_neg,not_int,not_lpsm,438000.0,sb,pr,home,1U,6480.0,CRIF,896,EXP,45-54,not_inst,81.39269406,North,direct,1,44.0
72323,2019,cf,Sex Not Available,nopre,type1,p4,l1,nopc,nob/c,206500,4.5,0.871,2669.35,240.0,neg_amm,not_int,not_lpsm,388000.0,sb,pr,home,1U,5760.0,EXP,587,CIB,55-64,to_inst,53.22164948,south,direct,0,23.0
84489,2019,cf,Female,nopre,type1,p4,l1,nopc,nob/c,516500,4.0,0.2277,0.0,360.0,not_neg,not_int,not_lpsm,658000.0,sb,pr,home,1U,5700.0,CRIF,877,CIB,>74,not_inst,78.49544073,North,direct,0,36.0
44367,2019,cf,Sex Not Available,nopre,type1,p4,l1,nopc,nob/c,126500,4.125,0.592,3167.75,360.0,not_neg,not_int,not_lpsm,218000.0,sb,pr,home,1U,3420.0,CRIF,594,CIB,45-54,to_inst,58.02752294,south,direct,0,22.0
53556,2019,cf,Male,pre,type1,p1,l1,nopc,nob/c,396500,3.875,-0.1255,595.0,360.0,not_neg,not_int,not_lpsm,498000.0,sb,pr,home,1U,14700.0,EXP,875,CIB,45-54,to_inst,79.6184739,North,direct,0,23.0
37863,2019,cf,Sex Not Available,nopre,type1,p2,l1,nopc,nob/c,186500,4.75,0.3518,2537.5,360.0,not_neg,not_int,not_lpsm,328000.0,sb,pr,home,1U,2880.0,CIB,874,CIB,55-64,to_inst,56.8597561,south,direct,0,40.0
162312,2019,cf,Female,nopre,type1,p3,l1,nopc,nob/c,426500,,,,180.0,not_neg,not_int,not_lpsm,898000.0,sb,pr,home,1U,8340.0,CIB,575,CIB,65-74,to_inst,47.49443207,North,direct,1,49.0
161417,2019,cf,Male,nopre,type2,p1,l1,nopc,b/c,236500,3.75,1.123,6618.56,360.0,not_neg,not_int,not_lpsm,238000.0,sb,pr,home,1U,3660.0,EXP,717,CIB,<25,not_inst,99.3697479,North,direct,0,31.0
66607,2019,cf,Sex Not Available,nopre,type3,p3,l1,nopc,nob/c,336500,3.5,0.3111,13063.52,360.0,not_neg,not_int,not_lpsm,348000.0,sb,pr,home,1U,6900.0,EXP,766,EXP,65-74,to_inst,96.6954023,south,direct,0,41.0
28788,2019,ncf,Female,pre,type1,p1,l1,nopc,nob/c,116500,4.25,0.5166,2958.21,360.0,not_neg,not_int,not_lpsm,138000.0,sb,pr,home,1U,17400.0,CRIF,681,EXP,65-74,to_inst,84.42028986,south,direct,0,21.0
106396,2019,ncf,Joint,nopre,type3,p1,l1,nopc,nob/c,536500,4.125,0.54,0.0,360.0,not_neg,not_int,lpsm,538000.0,sb,pr,home,1U,8880.0,CRIF,732,EXP,35-44,not_inst,99.72118959,south,direct,0,34.0
169988,2019,,Male,nopre,type2,p3,l1,nopc,b/c,266500,,,,360.0,not_neg,not_int,not_lpsm,328000.0,sb,pr,home,1U,3600.0,CRIF,517,CIB,45-54,to_inst,81.25,central,direct,1,58.0
65836,2019,cf,Sex Not Available,pre,type2,p3,l1,nopc,b/c,196500,3.99,1.2937,3944.21,360.0,not_neg,not_int,not_lpsm,238000.0,sb,pr,home,1U,3060.0,CRIF,591,CIB,65-74,to_inst,82.56302521,south,direct,0,60.0
123596,2019,cf,Male,pre,type1,p1,l1,nopc,nob/c,176500,3.75,0.2085,4272.63,360.0,not_neg,not_int,not_lpsm,178000.0,sb,pr,home,1U,6480.0,EXP,832,CIB,55-64,to_inst,99.15730337,North,direct,0,45.0
104970,2019,cf,Male,nopre,type1,p4,l1,nopc,nob/c,486500,3.875,0.087,0.0,360.0,not_neg,int_only,not_lpsm,608000.0,sb,pr,home,1U,6180.0,EXP,627,CIB,25-34,not_inst,80.01644737,North,direct,0,43.0
136905,2019,cf,Joint,nopre,type1,p4,l1,nopc,nob/c,346500,3.99,0.4525,6116.63,360.0,not_neg,not_int,not_lpsm,448000.0,sb,pr,home,1U,6660.0,CIB,829,EXP,55-64,not_inst,77.34375,North,direct,0,30.0
132141,2019,cf,Joint,nopre,type1,p1,l1,nopc,nob/c,536500,3.875,0.167,0.0,360.0,not_neg,not_int,not_lpsm,668000.0,sb,sr,home,1U,32940.0,CIB,721,EXP,65-74,not_inst,80.31437126,North,direct,0,28.0
159209,2019,ncf,Female,nopre,type1,p1,l1,nopc,nob/c,206500,4.375,0.314,0.0,360.0,not_neg,not_int,not_lpsm,258000.0,sb,pr,home,1U,13560.0,CIB,845,CIB,45-54,not_inst,80.03875969,North,direct,0,28.0
78913,2019,cf,Sex Not Available,nopre,type1,p3,l1,nopc,nob/c,216500,4.75,0.348,1332.5,360.0,not_neg,not_int,not_lpsm,1808000.0,sb,pr,home,1U,5220.0,CRIF,843,EXP,>74,to_inst,11.97455752,south,direct,0,43.0
173199,2019,cf,Male,nopre,type1,p4,l1,nopc,nob/c,666500,3.625,0.0596,0.0,360.0,not_neg,not_int,not_lpsm,748000.0,sb,pr,home,1U,9180.0,CIB,588,CIB,35-44,not_inst,89.10427807,south,direct,0,39.0
109454,2019,cf,Joint,nopre,type1,p1,l1,nopc,nob/c,186500,4.375,0.6239,830.7,180.0,not_neg,not_int,not_lpsm,228000.0,sb,sr,home,1U,11280.0,CRIF,697,EXP,45-54,to_inst,81.79824561,North,direct,0,24.0
44251,2019,cf,Male,nopre,type2,p3,l1,nopc,b/c,296500,3.0,0.1866,7958.6,360.0,not_neg,not_int,not_lpsm,368000.0,sb,pr,home,1U,9360.0,EXP,636,CIB,35-44,not_inst,80.57065217,North,direct,0,34.0
59602,2019,cf,Male,nopre,type1,p1,l1,nopc,nob/c,716500,4.99,0.385,950.0,360.0,not_neg,not_int,not_lpsm,848000.0,sb,pr,home,1U,7500.0,CRIF,889,CIB,25-34,not_inst,84.49292453,south,direct,0,48.0
73192,2019,cf,Female,nopre,type1,p3,l1,nopc,nob/c,356500,4.375,0.7014,6651.14,360.0,not_neg,not_int,not_lpsm,588000.0,sb,pr,home,1U,5400.0,CIB,673,EXP,65-74,to_inst,60.6292517,North-East,direct,0,36.0
62004,2019,cf,Male,nopre,type1,p4,l1,nopc,nob/c,236500,3.625,0.1454,2587.6,360.0,not_neg,not_int,not_lpsm,508000.0,sb,pr,home,1U,3000.0,CIB,735,CIB,35-44,not_inst,46.55511811,North,direct,0,49.0
70837,2019,cf,Sex Not Available,nopre,type1,p3,l1,nopc,nob/c,566500,,,,360.0,not_neg,not_int,not_lpsm,758000.0,sb,ir,home,1U,8640.0,EXP,672,CIB,45-54,to_inst,74.73614776,south,direct,1,49.0
124128,2019,cf,Female,nopre,type1,p4,l1,nopc,nob/c,146500,3.625,0.4421,4215.6,180.0,not_neg,not_int,not_lpsm,238000.0,sb,pr,home,1U,4740.0,CIB,519,CIB,45-54,to_inst,61.55462185,North,direct,0,33.0
86929,2019,cf,Sex Not Available,nopre,type1,p4,l1,nopc,nob/c,386500,4.25,0.2367,3855.0,360.0,not_neg,not_int,not_lpsm,458000.0,sb,pr,home,1U,7200.0,CRIF,884,EXP,35-44,not_inst,84.38864629,south,direct,0,41.0
163827,2019,cf,Joint,nopre,type1,p4,l1,nopc,nob/c,456500,3.5,0.1389,9111.2,348.0,neg_amm,not_int,not_lpsm,538000.0,sb,pr,home,1U,11940.0,CIB,572,EXP,45-54,not_inst,84.85130112,North,direct,0,31.0
146367,2019,cf,Sex Not Available,nopre,type1,p4,l1,nopc,nob/c,106500,3.99,1.1685,3334.03,240.0,not_neg,not_int,not_lpsm,158000.0,sb,pr,home,1U,2580.0,CIB,704,EXP,55-64,to_inst,67.40506329,south,direct,0,29.0
107222,2019,cf,Female,nopre,type1,p3,l1,nopc,nob/c,96500,5.25,0.9425,1955.0,360.0,neg_amm,not_int,not_lpsm,128000.0,sb,pr,home,1U,3540.0,EXP,660,CIB,25-34,to_inst,75.390625,North,direct,0,36.0
32644,2019,cf,Female,nopre,type1,p4,l1,nopc,nob/c,316500,3.69,0.0361,2500.0,360.0,not_neg,not_int,not_lpsm,438000.0,sb,pr,home,1U,5040.0,CIB,867,CIB,35-44,not_inst,72.26027397,North,direct,0,37.0
97879,2019,cf,Female,nopre,type2,p1,l1,nopc,b/c,206500,3.0,0.2613,208.83,360.0,not_neg,not_int,not_lpsm,208000.0,sb,pr,home,1U,2220.0,CIB,514,CIB,<25,not_inst,99.27884615,south,direct,0,61.0
85939,2019,cf,Joint,nopre,type1,p3,l1,nopc,nob/c,276500,4.75,0.3561,1150.0,360.0,not_neg,not_int,not_lpsm,618000.0,sb,pr,home,1U,4320.0,EXP,546,EXP,45-54,to_inst,44.74110032,North,direct,0,36.0
118129,2019,cf,Joint,nopre,type1,p3,l1,nopc,nob/c,246500,3.75,0.0834,3068.0,360.0,not_neg,not_int,not_lpsm,408000.0,sb,pr,home,1U,6060.0,EXP,770,EXP,55-64,to_inst,60.41666667,North,direct,0,20.0
67856,2019,cf,Male,pre,type2,p3,l1,nopc,b/c,116500,3.75,1.5131,1548.14,180.0,not_neg,not_int,not_lpsm,138000.0,sb,pr,home,1U,4020.0,CIB,666,CIB,45-54,to_inst,84.42028986,North,direct,0,41.0
134938,2019,,Male,nopre,type2,p3,l1,nopc,b/c,166500,,,,360.0,not_neg,not_int,not_lpsm,258000.0,sb,pr,home,1U,4020.0,CIB,528,CIB,55-64,to_inst,64.53488372,North,direct,1,36.0
27393,2019,cf,Male,nopre,type1,p1,l1,nopc,nob/c,226500,4.18,0.1334,5201.0,360.0,not_neg,not_int,not_lpsm,238000.0,sb,pr,home,1U,4440.0,CRIF,507,CIB,25-34,not_inst,95.16806723,North,direct,0,30.0
107504,2019,cf,Sex Not Available,nopre,type1,p1,l1,nopc,nob/c,276500,3.625,-0.0863,5267.5,180.0,neg_amm,not_int,not_lpsm,368000.0,sb,pr,home,1U,11040.0,CRIF,778,CIB,25-34,to_inst,75.13586957,south,direct,0,15.0
123924,2019,cf,Sex Not Available,nopre,type1,p3,l1,nopc,nob/c,136500,4.375,0.1776,4862.5,360.0,not_neg,not_int,not_lpsm,308000.0,sb,pr,home,1U,2820.0,CIB,615,CIB,55-64,to_inst,44.31818182,south,direct,0,31.0
26168,2019,cf,Sex Not Available,nopre,type1,p3,l1,nopc,nob/c,136500,,,,360.0,not_neg,not_int,not_lpsm,168000.0,sb,pr,home,1U,1920.0,CRIF,759,CIB,25-34,to_inst,81.25,south,direct,1,51.0
142017,2019,cf,Male,pre,type1,p3,l1,nopc,nob/c,296500,,,,240.0,not_neg,not_int,not_lpsm,418000.0,sb,pr,home,1U,6840.0,CIB,685,CIB,55-64,to_inst,70.93301435,south,direct,1,38.0
53520,2019,cf,Male,nopre,type1,p3,l1,nopc,nob/c,186500,,,,360.0,neg_amm,not_int,not_lpsm,288000.0,sb,pr,home,1U,3960.0,CIB,565,CIB,45-54,to_inst,64.75694444,North,direct,1,24.0
97574,2019,cf,Joint,nopre,type1,p4,l1,nopc,nob/c,576500,3.75,-0.0595,0.0,360.0,not_neg,not_int,not_lpsm,908000.0,sb,pr,home,1U,9300.0,CRIF,810,EXP,55-64,not_inst,63.49118943,central,direct,0,47.0
57649,2019,cf,Sex Not Available,nopre,type1,p3,l1,nopc,nob/c,306500,,,,180.0,not_neg,not_int,not_lpsm,508000.0,sb,pr,home,1U,0.0,CIB,762,CIB,45-54,to_inst,60.33464567,south,direct,1,8.0
45175,2019,cf,Sex Not Available,nopre,type1,p3,l1,nopc,nob/c,126500,4.75,0.7035,3798.0,360.0,not_neg,not_int,not_lpsm,538000.0,sb,pr,home,1U,8820.0,CRIF,674,EXP,65-74,to_inst,23.51301115,south,direct,0,44.0
43554,2019,cf,Joint,nopre,type1,p3,l1,nopc,nob/c,186500,3.875,0.4938,4475.0,360.0,not_neg,not_int,not_lpsm,238000.0,sb,pr,home,1U,5280.0,CIB,811,EXP,35-44,to_inst,78.36134454,North,direct,0,46.0
137669,2019,cf,Female,nopre,type1,p4,l1,nopc,nob/c,326500,,,,360.0,not_neg,not_int,not_lpsm,548000.0,sb,pr,home,1U,5700.0,EXP,773,CIB,35-44,not_inst,59.58029197,south,direct,1,43.0
164887,2019,cf,Female,nopre,type1,p3,l2,nopc,nob/c,206500,,,,360.0,not_neg,not_int,not_lpsm,258000.0,sb,pr,home,1U,4200.0,EXP,806,CIB,>74,to_inst,80.03875969,North,direct,1,45.0
28567,2019,cf,Female,nopre,type1,p3,l1,nopc,nob/c,166500,3.875,1.0329,5059.5,240.0,not_neg,not_int,not_lpsm,258000.0,sb,pr,home,1U,3000.0,CIB,804,CIB,35-44,to_inst,64.53488372,south,direct,0,38.0
126321,2019,cf,Female,nopre,type1,p3,l2,nopc,nob/c,146500,4.625,1.3725,2534.63,180.0,not_neg,not_int,not_lpsm,188000.0,sb,pr,home,1U,4680.0,EXP,878,EXP,55-64,to_inst,77.92553191,south,direct,0,42.0
49448,2019,cf,Female,nopre,type1,p3,l1,nopc,nob/c,186500,3.25,0.5483,6135.0,180.0,not_neg,not_int,not_lpsm,358000.0,sb,pr,home,1U,4080.0,CRIF,876,CIB,45-54,to_inst,52.09497207,North,direct,0,30.0
163599,2019,cf,Sex Not Available,nopre,type1,p3,l1,nopc,nob/c,246500,3.99,0.6962,7582.16,360.0,not_neg,not_int,not_lpsm,318000.0,sb,pr,home,1U,3900.0,CIB,849,CIB,65-74,to_inst,77.51572327,south,direct,0,40.0
170784,2019,cf,Male,nopre,type1,p3,l1,nopc,nob/c,756500,4.125,1.035,11250.0,240.0,not_neg,not_int,not_lpsm,1108000.0,sb,pr,home,2U,10320.0,EXP,767,CIB,45-54,not_inst,68.27617329,south,direct,0,44.0
165659,2019,ncf,Male,nopre,type1,p1,l1,nopc,nob/c,886500,,,,360.0,not_neg,not_int,not_lpsm,1448000.0,sb,pr,home,1U,13440.0,CIB,568,CIB,45-54,not_inst,61.22237569,south,direct,1,32.0
155725,2019,cf,Male,nopre,type1,p4,l1,nopc,nob/c,446500,,,,360.0,not_neg,not_int,not_lpsm,568000.0,sb,pr,home,1U,28920.0,EXP,884,CIB,25-34,to_inst,78.60915493,North,direct,1,17.0
66953,2019,cf,Joint,nopre,type1,p2,l1,nopc,nob/c,266500,4.0,0.6735,6936.09,360.0,not_neg,not_int,not_lpsm,388000.0,sb,ir,home,2U,8340.0,CRIF,668,EXP,35-44,not_inst,68.68556701,North,direct,0,37.0
161546,2019,cf,Sex Not Available,nopre,type1,p1,l1,nopc,nob/c,256500,4.25,0.1655,,360.0,neg_amm,not_int,not_lpsm,268000.0,sb,pr,home,1U,4320.0,CIB,630,CIB,65-74,to_inst,95.70895522,south,direct,0,36.0
150502,2019,cf,Female,nopre,type1,p4,l1,nopc,nob/c,416500,4.375,0.6361,1250.0,360.0,not_neg,not_int,not_lpsm,628000.0,sb,pr,home,1U,4800.0,CRIF,687,EXP,55-64,to_inst,66.32165605,south,direct,0,46.0
92846,2019,cf,Sex Not Available,nopre,type1,p4,l1,nopc,nob/c,236500,3.0,0.0348,4126.85,180.0,not_neg,int_only,not_lpsm,348000.0,sb,pr,home,1U,5580.0,CRIF,579,CIB,45-54,not_inst,67.95977011,south,direct,0,27.0
88647,2019,cf,Joint,nopre,type1,p4,l1,nopc,nob/c,456500,3.75,-0.0354,0.0,360.0,not_neg,not_int,not_lpsm,568000.0,sb,pr,home,1U,9780.0,CRIF,805,EXP,65-74,not_inst,80.36971831,North,direct,0,31.0
142491,2019,cf,Sex Not Available,pre,type1,p2,l1,nopc,nob/c,86500,4.75,1.5013,2425.0,360.0,not_neg,not_int,not_lpsm,198000.0,sb,pr,home,2U,2760.0,EXP,865,CIB,35-44,to_inst,43.68686869,south,direct,0,39.0
104522,2019,cf,Sex Not Available,nopre,type3,p3,l1,nopc,nob/c,486500,3.5,0.0034,8476.13,360.0,not_neg,not_int,not_lpsm,608000.0,sb,pr,home,1U,6900.0,CRIF,859,EXP,65-74,to_inst,80.01644737,south,direct,0,38.0
45445,2019,cf,Male,nopre,type1,p4,l1,nopc,nob/c,336500,,,,360.0,not_neg,not_int,not_lpsm,498000.0,sb,pr,home,1U,960.0,EXP,755,CIB,55-64,to_inst,67.57028112,North,direct,1,13.0
32344,2019,cf,Joint,nopre,type3,p3,l1,nopc,nob/c,216500,3.5,0.278,5697.04,360.0,not_neg,not_int,not_lpsm,268000.0,sb,pr,home,1U,3840.0,CIB,604,EXP,65-74,to_inst,80.78358209,North,direct,0,46.0
91614,2019,cf,Male,nopre,type1,p3,l1,nopc,nob/c,176500,4.99,0.8268,2648.75,360.0,not_neg,not_int,not_lpsm,238000.0,sb,sr,home,1U,9060.0,EXP,636,EXP,55-64,to_inst,74.15966387,North,direct,0,34.0
145069,2019,cf,Female,nopre,type1,p4,l1,nopc,nob/c,156500,3.99,0.628,4838.75,360.0,neg_amm,int_only,not_lpsm,288000.0,sb,pr,home,1U,3000.0,CRIF,845,CIB,65-74,to_inst,54.34027778,North,direct,0,43.0
154849,2019,ncf,Female,nopre,type1,p3,l1,nopc,nob/c,206500,,,,180.0,not_neg,not_int,not_lpsm,448000.0,sb,pr,home,1U,4380.0,CRIF,613,CIB,55-64,to_inst,46.09375,North,direct,1,41.0
99310,2019,ncf,Male,pre,type3,p3,l1,nopc,nob/c,336500,3.5,-0.4193,8846.25,360.0,not_neg,not_int,not_lpsm,478000.0,sb,pr,home,1U,2640.0,CIB,524,CIB,35-44,to_inst,70.39748954,North,direct,0,56.0
137802,2019,cf,Sex Not Available,nopre,type1,p3,l1,nopc,nob/c,166500,3.625,0.0388,4319.32,336.0,not_neg,not_int,not_lpsm,218000.0,sb,pr,home,1U,2940.0,CIB,594,EXP,55-64,to_inst,76.37614679,south,direct,0,47.0
165352,2019,cf,Female,nopre,type2,p4,l1,nopc,b/c,346500,,,,360.0,not_neg,not_int,not_lpsm,368000.0,sb,pr,home,1U,3060.0,EXP,505,EXP,45-54,to_inst,94.1576087,south,direct,1,55.0
34047,2019,cf,Sex Not Available,nopre,type1,p3,l1,nopc,nob/c,326500,4.875,0.8645,,360.0,not_neg,not_int,not_lpsm,428000.0,sb,pr,home,1U,5220.0,CIB,842,EXP,65-74,to_inst,76.28504673,south,direct,0,47.0
99360,2019,cf,Female,nopre,type1,p4,l1,nopc,nob/c,446500,3.875,-0.2201,0.0,360.0,not_neg,not_int,not_lpsm,628000.0,sb,pr,home,1U,9360.0,CRIF,588,EXP,45-54,not_inst,71.09872611,North,direct,0,25.0
41532,2019,ncf,Male,pre,type1,p4,l1,nopc,nob/c,216500,3.875,0.5826,5231.0,240.0,not_neg,not_int,not_lpsm,358000.0,sb,pr,home,1U,5280.0,EXP,803,CIB,45-54,to_inst,60.47486034,south,direct,0,37.0
61542,2019,ncf,Male,pre,type1,p4,l1,nopc,nob/c,726500,3.5,0.001,1611.12,180.0,not_neg,not_int,not_lpsm,1088000.0,sb,pr,home,1U,12600.0,CIB,881,CIB,35-44,not_inst,66.77389706,south,direct,0,38.0
106852,2019,cf,Joint,nopre,type3,p3,l1,nopc,nob/c,486500,4.25,0.5491,9028.13,360.0,not_neg,not_int,not_lpsm,648000.0,sb,pr,home,1U,6420.0,CRIF,880,EXP,45-54,to_inst,75.07716049,North,direct,0,47.0
138887,2019,cf,Joint,pre,type1,p4,l1,nopc,nob/c,626500,4.25,-0.1012,1211.76,360.0,not_neg,not_int,not_lpsm,858000.0,sb,pr,home,1U,8700.0,CRIF,804,EXP,35-44,not_inst,73.01864802,south,direct,0,45.0
101602,2019,ncf,Sex Not Available,nopre,type1,p4,l1,nopc,nob/c,746500,4.25,0.0076,24428.44,360.0,not_neg,not_int,not_lpsm,1008000.0,sb,pr,home,1U,17640.0,CRIF,630,EXP,55-64,to_inst,74.05753968,south,direct,0,29.0
126090,2019,cf,Male,nopre,type1,p1,l1,nopc,nob/c,536500,4.375,0.1698,0.0,360.0,not_neg,not_int,not_lpsm,598000.0,sb,pr,home,1U,7320.0,CIB,891,CIB,25-34,not_inst,89.71571906,south,direct,0,47.0
153826,2019,ncf,Male,nopre,type1,p4,l1,nopc,nob/c,626500,4.99,0.898,0.0,360.0,not_neg,not_int,not_lpsm,668000.0,sb,pr,home,1U,10560.0,CRIF,766,CIB,35-44,not_inst,93.78742515,south,direct,0,31.0
79026,2019,cf,Female,nopre,type2,p1,l1,nopc,b/c,306500,,,,360.0,not_neg,not_int,not_lpsm,318000.0,sb,pr,home,1U,5760.0,EXP,900,CIB,35-44,to_inst,96.3836478,North,direct,1,37.0
79450,2019,cf,Male,nopre,type1,p3,l1,nopc,nob/c,166500,3.99,1.0918,2459.38,180.0,not_neg,not_int,not_lpsm,218000.0,sb,pr,home,1U,5400.0,CRIF,684,CIB,45-54,to_inst,76.37614679,North,direct,0,42.0
138098,2019,,Male,nopre,type1,p4,l1,nopc,nob/c,106500,,,,276.0,not_neg,not_int,not_lpsm,118000.0,sb,ir,home,1U,6600.0,CIB,887,CIB,>74,to_inst,90.25423729,central,direct,1,36.0
81777,2019,cf,Joint,nopre,type1,p3,l1,nopc,nob/c,106500,4.56,0.4045,3250.0,360.0,neg_amm,not_int,not_lpsm,248000.0,sb,pr,home,1U,1920.0,EXP,868,EXP,55-64,to_inst,42.94354839,North,direct,0,37.0
163082,2019,cf,Joint,nopre,type1,p4,l1,nopc,nob/c,426500,3.75,-0.2763,,360.0,not_neg,not_int,not_lpsm,998000.0,sb,pr,home,1U,5100.0,CIB,580,EXP,55-64,not_inst,42.73547094,south,direct,0,47.0
43623,2019,cf,Joint,nopre,type1,p3,l1,nopc,nob/c,216500,3.5,-0.0099,802.3,360.0,not_neg,not_int,not_lpsm,608000.0,sb,pr,home,1U,10200.0,CRIF,579,EXP,>74,not_inst,35.60855263,south,direct,0,15.0
34283,2019,cf,Sex Not Available,nopre,type1,p4,l1,nopc,nob/c,326500,3.625,0.1728,5287.73,324.0,not_neg,not_int,not_lpsm,468000.0,sb,pr,home,1U,5820.0,EXP,800,CIB,35-44,to_inst,69.76495726,south,direct,0,31.0
84622,2019,cf,Male,nopre,type2,p1,l1,nopc,b/c,306500,,,,360.0,not_neg,not_int,not_lpsm,318000.0,mh,pr,land,1U,3420.0,EXP,695,CIB,25-34,not_inst,96.3836478,North,Indriect,1,46.0
66643,2019,cf,Female,nopre,type1,p3,l1,nopc,nob/c,346500,4.75,0.5218,2417.4,360.0,not_neg,not_int,not_lpsm,408000.0,sb,pr,home,1U,4920.0,EXP,552,CIB,55-64,not_inst,84.92647059,North,direct,0,41.0
58047,2019,cf,Sex Not Available,nopre,type1,p4,l1,nopc,nob/c,356500,3.625,0.5881,1250.0,180.0,not_neg,not_int,not_lpsm,748000.0,sb,pr,home,1U,6660.0,CRIF,843,CIB,55-64,to_inst,47.66042781,south,direct,0,48.0
26540,2019,cf,Male,nopre,type1,p3,l1,nopc,nob/c,316500,4.0,0.4158,1688.85,360.0,not_neg,int_only,not_lpsm,488000.0,sb,pr,home,1U,6900.0,CIB,646,CIB,35-44,not_inst,64.85655738,south,direct,0,38.0
79605,2019,cf,Male,nopre,type1,p4,l1,nopc,nob/c,686500,3.875,0.1517,2838.6,360.0,not_neg,not_int,not_lpsm,928000.0,sb,pr,home,1U,8520.0,CIB,595,CIB,35-44,not_inst,73.9762931,south,direct,0,44.0
159065,2019,cf,Male,pre,type1,p4,l1,nopc,nob/c,416500,4.5,0.2934,7828.31,360.0,not_neg,not_int,not_lpsm,518000.0,sb,pr,home,1U,7800.0,CRIF,791,CIB,35-44,to_inst,80.40540541,North,direct,0,41.0
171541,2019,cf,Female,nopre,type3,p3,l1,nopc,nob/c,116500,4.375,0.4871,4065.36,360.0,not_neg,not_int,not_lpsm,178000.0,sb,pr,home,1U,2040.0,CIB,842,CIB,65-74,to_inst,65.4494382,North,direct,0,31.0
139370,2019,cf,Joint,nopre,type1,p1,l1,nopc,nob/c,506500,4.25,0.1372,1355.0,360.0,not_neg,not_int,not_lpsm,638000.0,sb,pr,home,1U,4740.0,EXP,864,EXP,25-34,not_inst,79.38871473,south,direct,0,49.0
42393,2019,cf,Male,nopre,type1,p1,l2,nopc,nob/c,486500,4.25,0.2281,0.0,360.0,not_neg,not_int,not_lpsm,518000.0,sb,pr,home,1U,18900.0,CIB,559,CIB,35-44,not_inst,93.91891892,south,direct,0,26.0
138111,2019,ncf,Sex Not Available,nopre,type2,p3,l1,nopc,b/c,86500,3.99,1.4753,2046.26,180.0,not_neg,not_int,not_lpsm,178000.0,sb,pr,home,1U,3720.0,CIB,768,CIB,55-64,to_inst,48.59550562,south,direct,0,13.0
111227,2019,cf,Female,nopre,type1,p3,l1,nopc,nob/c,586500,4.25,0.5421,7680.06,180.0,neg_amm,not_int,not_lpsm,858000.0,sb,pr,home,1U,14100.0,EXP,750,CIB,45-54,to_inst,68.35664336,south,direct,0,36.0
114610,2019,cf,Male,nopre,type2,p1,l1,nopc,b/c,236500,4.5,1.357,517.75,360.0,not_neg,not_int,not_lpsm,238000.0,sb,pr,home,1U,3000.0,EXP,641,CIB,25-34,to_inst,99.3697479,North,direct,0,43.0
152507,2019,cf,Female,nopre,type1,p4,l1,nopc,nob/c,136500,,,,360.0,not_neg,not_int,not_lpsm,208000.0,sb,pr,home,1U,1500.0,EXP,893,CIB,45-54,to_inst,65.625,south,direct,1,47.0
55518,2019,cf,Male,pre,type1,p1,l1,nopc,nob/c,226500,4.625,0.1228,1150.0,360.0,not_neg,not_int,not_lpsm,238000.0,sb,pr,home,1U,3480.0,CIB,693,CIB,25-34,to_inst,95.16806723,south,direct,0,48.0
64723,2019,cf,Male,pre,type1,p1,l1,nopc,nob/c,726500,4.375,-0.0351,1671.22,360.0,not_neg,not_int,not_lpsm,978000.0,sb,pr,home,1U,7080.0,CIB,655,CIB,55-64,not_inst,74.28425358,North,direct,0,49.0
173306,2019,cf,Male,pre,type2,p2,l1,nopc,b/c,66500,,,,240.0,not_neg,not_int,not_lpsm,88000.0,sb,pr,home,1U,1440.0,CIB,806,CIB,>74,to_inst,75.56818182,North,direct,1,20.0
92602,2019,cf,Male,nopre,type2,p3,l2,nopc,b/c,456500,3.875,0.4622,5655.35,360.0,not_neg,not_int,not_lpsm,548000.0,sb,pr,home,1U,8400.0,CRIF,619,EXP,35-44,to_inst,83.30291971,North,direct,0,31.0
57281,2019,ncf,Female,pre,type1,p1,l1,nopc,nob/c,886500,,,,360.0,not_neg,not_int,not_lpsm,1108000.0,sb,sr,home,1U,10440.0,EXP,641,CIB,65-74,to_inst,80.00902527,North,direct,1,52.0
45455,2019,ncf,Joint,nopre,type1,p3,l1,nopc,nob/c,616500,,,,360.0,not_neg,not_int,not_lpsm,2058000.0,sb,pr,home,1U,23220.0,EXP,682,EXP,65-74,not_inst,29.95626822,North,direct,1,48.0
71189,2019,cf,Joint,nopre,type1,p1,l1,nopc,nob/c,246500,4.375,-0.0654,742.35,360.0,not_neg,not_int,not_lpsm,368000.0,sb,pr,home,1U,4740.0,CRIF,575,EXP,65-74,not_inst,66.98369565,central,direct,0,34.0
28917,2019,cf,Joint,nopre,type1,p3,l1,nopc,nob/c,326500,3.375,-0.2545,0.0,360.0,neg_amm,int_only,not_lpsm,998000.0,sb,pr,home,1U,3660.0,EXP,723,EXP,65-74,not_inst,32.71543086,south,direct,0,46.0
78293,2019,,Male,pre,type1,p1,l1,nopc,nob/c,106500,4.125,0.8241,2375.0,360.0,not_neg,not_int,not_lpsm,208000.0,sb,pr,home,1U,1800.0,EXP,707,CIB,35-44,to_inst,51.20192308,North,direct,0,49.0
171837,2019,cf,Male,nopre,type1,p1,l1,nopc,nob/c,706500,4.125,0.683,182.09,360.0,not_neg,not_int,not_lpsm,788000.0,sb,pr,home,1U,12540.0,CRIF,597,CIB,35-44,not_inst,89.65736041,North,direct,0,34.0
121070,2019,cf,Male,pre,type1,p3,l1,nopc,nob/c,176500,,,,360.0,not_neg,not_int,not_lpsm,238000.0,sb,pr,home,1U,3300.0,CIB,668,CIB,55-64,to_inst,74.15966387,North,direct,1,36.0
149465,2019,cf,Sex Not Available,nopre,type2,p4,l1,nopc,b/c,286500,,,,360.0,not_neg,not_int,not_lpsm,278000.0,sb,pr,home,1U,9060.0,CRIF,656,EXP,55-64,to_inst,103.057554,south,direct,1,45.0
111314,2019,cf,Sex Not Available,nopre,type1,p3,l1,nopc,nob/c,176500,,,,360.0,not_neg,not_int,not_lpsm,218000.0,sb,pr,home,1U,4020.0,CRIF,750,CIB,55-64,to_inst,80.96330275,south,direct,1,28.0
108323,2019,cf,Female,nopre,type1,p3,l1,nopc,nob/c,126500,3.99,0.5064,2812.5,360.0,not_neg,not_int,not_lpsm,228000.0,sb,pr,home,1U,2820.0,CRIF,671,CIB,35-44,to_inst,55.48245614,central,direct,0,36.0
48706,2019,cf,Female,nopre,type1,p3,l1,nopc,nob/c,386500,3.875,0.2232,4894.4,360.0,not_neg,not_int,lpsm,738000.0,sb,pr,home,1U,8040.0,CIB,545,CIB,55-64,not_inst,52.37127371,south,direct,0,36.0
124632,2019,cf,Male,nopre,type2,p3,l1,nopc,b/c,166500,4.5,1.0978,3934.46,300.0,not_neg,not_int,not_lpsm,248000.0,sb,pr,home,1U,3360.0,CRIF,604,CIB,45-54,to_inst,67.13709677,North,direct,0,36.0
126715,2019,cf,Sex Not Available,nopre,type1,p3,l1,nopc,nob/c,116500,3.875,0.4099,3508.0,360.0,not_neg,not_int,not_lpsm,308000.0,sb,pr,home,1U,1920.0,CIB,796,CIB,>74,to_inst,37.82467532,south,direct,0,20.0
66284,2019,cf,Male,nopre,type2,p4,l1,nopc,b/c,276500,,,,360.0,not_neg,not_int,not_lpsm,268000.0,sb,pr,home,1U,6540.0,CIB,749,EXP,45-54,to_inst,103.1716418,North,direct,1,54.0
35176,2019,cf,Joint,nopre,type3,p1,l1,nopc,nob/c,486500,3.99,0.342,0.0,360.0,not_neg,not_int,not_lpsm,488000.0,sb,pr,home,1U,6540.0,CRIF,802,EXP,65-74,not_inst,99.69262295,North,direct,0,47.0
87228,2019,cf,Sex Not Available,nopre,type1,p4,l1,nopc,nob/c,326500,,,,360.0,not_neg,not_int,not_lpsm,368000.0,sb,pr,home,1U,7140.0,CRIF,532,CIB,55-64,to_inst,88.72282609,south,direct,1,41.0
167613,2019,cf,Male,nopre,type1,p4,l1,nopc,nob/c,616500,4.56,0.4797,1250.0,360.0,not_neg,not_int,not_lpsm,708000.0,sb,pr,home,1U,8100.0,CRIF,727,CIB,25-34,to_inst,87.07627119,south,direct,0,39.0
87231,2019,cf,Male,nopre,type2,p3,l1,nopc,b/c,136500,4.5,0.6494,2397.85,360.0,not_neg,not_int,not_lpsm,178000.0,sb,pr,home,1U,4140.0,CIB,816,CIB,55-64,to_inst,76.68539326,North,direct,0,34.0
26305,2019,cf,Male,nopre,type1,p4,l1,nopc,nob/c,416500,4.0,0.2151,0.0,360.0,not_neg,not_int,not_lpsm,568000.0,sb,pr,home,1U,6240.0,EXP,859,CIB,35-44,not_inst,73.32746479,North,direct,0,37.0
109943,2019,cf,Male,nopre,type1,p2,l1,nopc,nob/c,256500,,,,360.0,neg_amm,not_int,not_lpsm,808000.0,sb,ir,home,2U,9000.0,CIB,561,CIB,45-54,not_inst,31.7450495,North,direct,1,44.0
67875,2019,cf,Male,nopre,type1,p4,l1,nopc,nob/c,446500,3.875,0.4318,6228.13,360.0,not_neg,not_int,not_lpsm,598000.0,sb,pr,home,1U,7620.0,CIB,688,CIB,45-54,to_inst,74.66555184,North,direct,0,34.0
33838,2019,,Joint,nopre,type1,p4,l1,nopc,nob/c,656500,4.56,0.4926,0.0,360.0,not_neg,not_int,not_lpsm,708000.0,sb,pr,home,1U,9720.0,CRIF,617,EXP,35-44,not_inst,92.7259887,south,direct,0,41.0
173041,2019,cf,Female,nopre,type1,p4,l1,nopc,nob/c,196500,3.25,0.4862,4445.56,180.0,not_neg,not_int,not_lpsm,288000.0,sb,pr,home,1U,5280.0,CIB,628,EXP,25-34,to_inst,68.22916667,North,direct,0,38.0
147573,2019,cf,Male,nopre,type1,p4,l1,nopc,nob/c,496500,4.375,-0.1179,242.56,360.0,not_neg,not_int,not_lpsm,708000.0,sb,pr,home,1U,8460.0,EXP,762,CIB,25-34,not_inst,70.12711864,south,direct,0,34.0
148872,2019,ncf,Male,nopre,type1,p1,l1,nopc,nob/c,286500,,,,324.0,neg_amm,not_int,not_lpsm,338000.0,sb,pr,home,1U,18780.0,CRIF,522,CIB,55-64,to_inst,84.76331361,North,direct,1,7.0
118045,2019,cf,Sex Not Available,nopre,type1,p4,l1,nopc,nob/c,246500,,,,360.0,not_neg,not_int,lpsm,378000.0,sb,ir,home,1U,7320.0,EXP,631,CIB,55-64,to_inst,65.21164021,south,direct,1,43.0
69071,2019,cf,Joint,nopre,type1,p1,l2,nopc,nob/c,406500,4.18,0.0996,409.22,360.0,not_neg,not_int,not_lpsm,458000.0,sb,pr,home,1U,4980.0,EXP,805,EXP,35-44,not_inst,88.75545852,south,direct,0,48.0
32746,2019,cf,Sex Not Available,nopre,type1,p3,l1,nopc,nob/c,416500,,,,360.0,not_neg,not_int,not_lpsm,538000.0,sb,pr,home,1U,4620.0,EXP,839,EXP,65-74,to_inst,77.41635688,south,direct,1,44.0
74240,2019,cf,Female,nopre,type1,p4,l1,nopc,nob/c,516500,3.625,0.0976,6960.0,360.0,not_neg,not_int,not_lpsm,808000.0,sb,pr,home,1U,9000.0,CRIF,596,CIB,25-34,not_inst,63.92326733,North,direct,0,23.0
44923,2019,cf,Sex Not Available,nopre,type1,p1,l1,nopc,nob/c,386500,4.5,0.4057,3090.0,360.0,neg_amm,not_int,not_lpsm,478000.0,sb,sr,home,1U,13080.0,CIB,579,CIB,55-64,to_inst,80.85774059,North,direct,0,49.0
72315,2019,cf,Joint,nopre,type1,p4,l1,nopc,nob/c,576500,4.875,0.4395,0.0,360.0,not_neg,int_only,not_lpsm,778000.0,sb,ir,home,1U,10680.0,EXP,578,EXP,55-64,not_inst,74.10025707,south,direct,0,46.0
41423,2019,cf,Joint,nopre,type1,p3,l1,nopc,nob/c,286500,3.875,0.2977,0.0,360.0,not_neg,not_int,not_lpsm,438000.0,sb,pr,home,1U,6660.0,CIB,644,EXP,35-44,not_inst,65.4109589,North,direct,0,44.0
115647,2019,cf,Joint,nopre,type1,p4,l1,nopc,nob/c,486500,4.75,0.1697,0.0,360.0,neg_amm,not_int,not_lpsm,958000.0,sb,ir,home,1U,22260.0,CIB,856,EXP,55-64,not_inst,50.782881,south,direct,0,17.0
33926,2019,cf,Male,nopre,type1,p3,l1,nopc,nob/c,556500,4.75,0.5877,12909.25,360.0,not_neg,not_int,not_lpsm,1008000.0,sb,pr,home,1U,7140.0,EXP,677,EXP,65-74,to_inst,55.20833333,central,direct,0,39.0
133627,2019,cf,Sex Not Available,nopre,type1,p3,l2,nopc,nob/c,366500,,,,300.0,neg_amm,not_int,not_lpsm,368000.0,sb,pr,home,1U,4740.0,CIB,624,CIB,45-54,to_inst,99.5923913,south,direct,1,53.0
118183,2019,cf,Joint,nopre,type1,p3,l2,nopc,nob/c,186500,,,,360.0,not_neg,not_int,not_lpsm,208000.0,sb,pr,home,1U,3120.0,CRIF,836,EXP,45-54,to_inst,89.66346154,North,direct,1,39.0
27485,2019,cf,Female,nopre,type1,p3,l1,nopc,nob/c,246500,4.99,1.0466,2966.87,360.0,not_neg,not_int,not_lpsm,288000.0,sb,pr,home,1U,3900.0,CIB,738,CIB,55-64,to_inst,85.59027778,south,direct,0,45.0
47630,2019,cf,Male,nopre,type1,p4,l1,nopc,nob/c,556500,3.625,0.0351,3250.0,360.0,not_neg,not_int,not_lpsm,758000.0,sb,pr,home,1U,6900.0,CRIF,836,CIB,45-54,not_inst,73.41688654,south,direct,0,39.0
131605,2019,cf,Female,nopre,type1,p4,l1,nopc,nob/c,386500,,,,360.0,not_neg,not_int,not_lpsm,418000.0,sb,pr,home,1U,0.0,CRIF,516,CIB,55-64,not_inst,92.46411483,North,direct,1,12.0
71848,2019,cf,Female,nopre,type1,p4,l1,nopc,nob/c,566500,4.375,0.291,1785.0,360.0,not_neg,not_int,not_lpsm,758000.0,sb,pr,home,1U,10320.0,CIB,838,CIB,25-34,not_inst,74.73614776,south,direct,0,31.0
101460,2019,cf,Female,nopre,type1,p3,l1,nopc,nob/c,166500,3.99,0.4006,4232.81,180.0,neg_amm,not_int,not_lpsm,218000.0,sb,pr,home,1U,5460.0,CRIF,832,CIB,25-34,to_inst,76.37614679,North,direct,0,31.0
106560,2019,cf,Joint,nopre,type1,p3,l2,nopc,nob/c,466500,,,,204.0,not_neg,not_int,not_lpsm,508000.0,sb,pr,home,1U,5280.0,CIB,738,EXP,45-54,to_inst,91.83070866,North,direct,1,40.0
147392,2019,cf,Sex Not Available,nopre,type1,p3,l1,nopc,nob/c,516500,4.99,1.4015,1250.0,360.0,not_neg,not_int,not_lpsm,668000.0,sb,pr,home,1U,13500.0,CRIF,776,CIB,45-54,to_inst,77.32035928,south,direct,0,30.0
122030,2019,cf,Sex Not Available,nopre,type1,p4,l1,nopc,nob/c,406500,3.375,0.223,3517.5,240.0,not_neg,int_only,not_lpsm,558000.0,sb,pr,home,1U,8400.0,CIB,707,CIB,35-44,to_inst,72.84946237,south,direct,0,42.0
75236,2019,cf,Male,nopre,type1,p4,l1,nopc,nob/c,436500,4.0,0.1874,921.15,360.0,not_neg,not_int,not_lpsm,558000.0,sb,pr,home,1U,4980.0,EXP,699,CIB,35-44,not_inst,78.22580645,North,direct,0,41.0
34610,2019,cf,Sex Not Available,nopre,type1,p1,l1,nopc,nob/c,466500,,,,360.0,not_neg,not_int,not_lpsm,938000.0,sb,pr,home,1U,5340.0,EXP,775,CIB,55-64,to_inst,49.73347548,south,direct,1,46.0
51187,2019,cf,Sex Not Available,pre,type1,p4,l1,nopc,nob/c,186500,,,,180.0,not_neg,not_int,not_lpsm,378000.0,sb,ir,home,1U,8820.0,CRIF,534,CIB,55-64,to_inst,49.33862434,North,direct,1,5.0
64337,2019,cf,Female,nopre,type1,p3,l1,nopc,nob/c,156500,,,,360.0,not_neg,not_int,not_lpsm,318000.0,sb,pr,home,1U,3540.0,CIB,702,CIB,45-54,to_inst,49.21383648,central,direct,1,25.0
80281,2019,cf,Joint,nopre,type1,p4,l1,nopc,nob/c,486500,3.5,-0.2651,0.0,360.0,not_neg,not_int,not_lpsm,818000.0,sb,pr,home,1U,14880.0,EXP,600,EXP,45-54,not_inst,59.47432763,south,direct,0,9.0
122497,2019,cf,Joint,pre,type1,p1,l1,nopc,nob/c,236500,4.125,0.5631,1540.94,360.0,not_neg,not_int,not_lpsm,248000.0,sb,pr,home,1U,7320.0,EXP,628,EXP,35-44,to_inst,95.36290323,North,direct,0,29.0
167815,2019,cf,Female,nopre,type1,p4,l1,nopc,nob/c,556500,,,,360.0,not_neg,not_int,lpsm,818000.0,sb,ir,home,1U,10860.0,CRIF,731,CIB,55-64,not_inst,68.03178484,south,direct,1,47.0
76328,2019,cf,Sex Not Available,nopre,type2,p4,l1,nopc,b/c,316500,3.375,0.3544,642.88,360.0,not_neg,not_int,not_lpsm,488000.0,sb,pr,home,1U,4860.0,EXP,737,EXP,25-34,not_inst,64.85655738,south,direct,0,39.0
34780,2019,cf,Sex Not Available,nopre,type1,p3,l1,nopc,nob/c,376500,,,,360.0,not_neg,not_int,not_lpsm,438000.0,sb,ir,home,1U,3480.0,CRIF,518,CIB,35-44,to_inst,85.95890411,south,direct,1,36.0
56864,2019,cf,Female,nopre,type1,p4,l1,nopc,nob/c,586500,3.625,-0.0072,2867.8,360.0,not_neg,not_int,not_lpsm,758000.0,sb,pr,home,1U,15480.0,CIB,717,EXP,35-44,not_inst,77.37467018,south,direct,0,48.0
82673,2019,cf,Joint,pre,type1,p4,l1,nopc,nob/c,476500,3.75,0.5317,0.0,240.0,not_neg,not_int,not_lpsm,708000.0,sb,pr,home,1U,8160.0,CIB,708,EXP,35-44,not_inst,67.30225989,North,direct,0,39.0
63548,2019,cf,Joint,nopre,type1,p4,l1,nopc,nob/c,476500,3.75,0.0625,0.0,360.0,not_neg,not_int,not_lpsm,608000.0,sb,pr,home,1U,8940.0,CRIF,890,EXP,25-34,not_inst,78.37171053,North,direct,0,34.0
33716,2019,cf,Female,nopre,type1,p3,l1,nopc,nob/c,226500,4.625,0.4041,5350.0,360.0,neg_amm,not_int,not_lpsm,288000.0,sb,pr,home,1U,4500.0,CIB,669,CIB,45-54,to_inst,78.64583333,North,direct,0,38.0
154854,2019,cf,Male,nopre,type1,p4,l1,nopc,nob/c,596500,3.75,0.0724,0.0,360.0,not_neg,not_int,not_lpsm,718000.0,sb,pr,home,1U,7320.0,CRIF,797,CIB,45-54,not_inst,83.07799443,North,direct,0,42.0
84249,2019,cf,Joint,nopre,type1,p3,l1,nopc,nob/c,276500,3.125,0.1449,2514.68,180.0,not_neg,not_int,not_lpsm,478000.0,sb,pr,home,1U,9120.0,CRIF,723,EXP,35-44,not_inst,57.84518828,North,direct,0,26.0
153998,2019,cf,Male,nopre,type1,p4,l1,nopc,nob/c,196500,3.5,0.8372,6079.44,240.0,not_neg,not_int,not_lpsm,228000.0,sb,pr,home,1U,5940.0,CIB,771,CIB,35-44,to_inst,86.18421053,North,direct,0,47.0
127870,2019,cf,Male,nopre,type1,p1,l1,nopc,nob/c,316500,,,,360.0,not_neg,not_int,not_lpsm,348000.0,sb,sr,home,1U,93720.0,EXP,592,CIB,55-64,not_inst,90.94827586,North,direct,1,10.0
170241,2019,cf,Sex Not Available,nopre,type1,p3,l1,nopc,nob/c,126500,3.875,0.5011,3965.75,360.0,not_neg,not_int,not_lpsm,258000.0,sb,pr,home,1U,1620.0,EXP,807,CIB,55-64,to_inst,49.03100775,south,direct,0,42.0
148395,2019,cf,Sex Not Available,nopre,type1,p3,l1,nopc,nob/c,246500,3.5,-0.0479,6146.0,360.0,not_neg,not_int,not_lpsm,408000.0,sb,pr,home,1U,2520.0,EXP,698,EXP,65-74,to_inst,60.41666667,south,direct,0,41.0
112132,2019,cf,Female,nopre,type1,p1,l1,nopc,nob/c,406500,3.625,0.0422,1467.0,360.0,not_neg,int_only,not_lpsm,918000.0,sb,pr,home,1U,7200.0,EXP,613,CIB,55-64,not_inst,44.28104575,North,direct,0,37.0
28218,2019,cf,Joint,pre,type3,p3,l1,nopc,nob/c,516500,4.375,-0.0187,0.0,360.0,not_neg,not_int,not_lpsm,578000.0,sb,pr,home,1U,6780.0,EXP,621,EXP,35-44,to_inst,89.35986159,North,direct,0,44.0
49879,2019,cf,Male,nopre,type1,p1,l2,nopc,nob/c,726500,3.625,0.057,1890.0,180.0,not_neg,not_int,not_lpsm,1548000.0,sb,pr,home,1U,16680.0,CIB,599,CIB,35-44,not_inst,46.93152455,south,direct,0,43.0
41311,2019,cf,Sex Not Available,nopre,type1,p4,l1,nopc,nob/c,226500,,,,360.0,not_neg,not_int,not_lpsm,278000.0,sb,pr,home,1U,4980.0,CIB,836,CIB,55-64,to_inst,81.47482014,south,direct,1,49.0
93143,2019,cf,Joint,nopre,type1,p1,l1,nopc,nob/c,516500,3.99,0.633,837.23,360.0,not_neg,not_int,not_lpsm,578000.0,sb,pr,home,1U,19140.0,CIB,617,EXP,55-64,not_inst,89.35986159,North,direct,0,41.0
94673,2019,cf,Joint,nopre,type1,p1,l1,nopc,nob/c,596500,,,,360.0,not_neg,not_int,not_lpsm,638000.0,sb,pr,home,1U,7380.0,CRIF,696,EXP,45-54,to_inst,93.49529781,North,direct,1,41.0
158991,2019,cf,Sex Not Available,nopre,type2,p3,l1,nopc,b/c,146500,4.375,0.8673,2572.99,360.0,not_neg,not_int,not_lpsm,178000.0,sb,pr,home,1U,2220.0,CRIF,626,CIB,55-64,to_inst,82.30337079,south,direct,0,41.0
29819,2019,cf,Male,nopre,type1,p1,l1,nopc,nob/c,566500,,,,360.0,not_neg,not_int,not_lpsm,658000.0,sb,pr,home,1U,5520.0,EXP,765,CIB,45-54,not_inst,86.09422492,south,direct,1,60.0
110044,2019,cf,Female,nopre,type1,p4,l1,nopc,nob/c,206500,3.99,0.1305,5851.3,300.0,not_neg,not_int,not_lpsm,358000.0,sb,pr,home,1U,11460.0,EXP,691,EXP,65-74,to_inst,57.68156425,North,direct,0,8.0
92467,2019,cf,Male,,type1,p4,l1,nopc,nob/c,246500,,,,360.0,not_neg,not_int,not_lpsm,328000.0,sb,pr,home,1U,3600.0,CIB,677,CIB,55-64,to_inst,75.15243902,south,direct,1,49.0
156742,2019,cf,Joint,nopre,type1,p3,l1,nopc,nob/c,506500,4.25,0.6165,3392.04,360.0,not_neg,not_int,not_lpsm,708000.0,sb,pr,home,1U,11820.0,CRIF,729,EXP,25-34,not_inst,71.53954802,North,direct,0,31.0
47583,2019,cf,Sex Not Available,nopre,type1,p3,l2,nopc,nob/c,126500,3.99,1.0675,4660.0,180.0,not_neg,not_int,not_lpsm,648000.0,sb,pr,home,1U,5520.0,CRIF,734,EXP,65-74,to_inst,19.52160494,south,direct,0,36.0
68590,2019,cf,Sex Not Available,nopre,type1,p4,l1,nopc,nob/c,306500,4.125,0.3018,1250.0,300.0,not_neg,not_int,not_lpsm,338000.0,sb,pr,home,1U,12840.0,EXP,734,CIB,45-54,to_inst,90.68047337,south,direct,0,37.0
119201,2019,cf,Joint,nopre,type1,p3,l1,nopc,nob/c,436500,,,,360.0,not_neg,not_int,not_lpsm,708000.0,sb,pr,home,1U,4140.0,CRIF,888,EXP,65-74,to_inst,61.65254237,North,direct,1,49.0
116384,2019,cf,Sex Not Available,nopre,type2,p2,l1,nopc,b/c,56500,3.75,1.0796,1648.57,360.0,not_neg,not_int,not_lpsm,98000.0,sb,pr,home,1U,1140.0,CRIF,515,CIB,55-64,to_inst,57.65306122,south,direct,0,31.0
129537,2019,cf,Joint,nopre,type1,p1,l1,nopc,nob/c,206500,4.375,1.2775,1865.0,240.0,neg_amm,not_int,not_lpsm,258000.0,sb,pr,home,1U,5580.0,CIB,713,EXP,45-54,not_inst,80.03875969,North,direct,0,31.0
106813,2019,cf,Sex Not Available,nopre,type1,p4,l1,nopc,nob/c,146500,4.25,0.8875,4479.42,324.0,not_neg,not_int,not_lpsm,218000.0,sb,pr,home,1U,3840.0,CRIF,851,EXP,35-44,to_inst,67.20183486,south,direct,0,26.0
78600,2019,cf,Joint,nopre,type1,p3,l1,nopc,nob/c,476500,4.375,0.09,0.0,360.0,not_neg,not_int,not_lpsm,778000.0,sb,pr,home,1U,11220.0,CIB,790,EXP,45-54,not_inst,61.24678663,North,direct,0,22.0
42787,2019,cf,Joint,nopre,type1,p1,l1,nopc,nob/c,426500,3.625,-0.0267,1269.19,360.0,not_neg,not_int,not_lpsm,538000.0,sb,pr,home,1U,6660.0,EXP,604,EXP,25-34,not_inst,79.27509294,south,direct,0,26.0
135359,2019,cf,Female,nopre,type2,p1,l1,nopc,b/c,196500,4.5,1.82,5349.35,360.0,not_neg,not_int,not_lpsm,208000.0,sb,pr,home,1U,4320.0,CRIF,628,CIB,55-64,not_inst,94.47115385,central,direct,0,33.0
72670,2019,cf,Joint,nopre,type1,p4,l1,nopc,nob/c,396500,2.75,-0.0726,6265.72,180.0,not_neg,not_int,not_lpsm,688000.0,sb,pr,home,1U,4920.0,EXP,804,EXP,55-64,not_inst,57.63081395,North,direct,0,49.0
153384,2019,cf,Joint,nopre,type2,p1,l1,nopc,b/c,516500,4.25,1.6279,0.0,360.0,not_neg,not_int,not_lpsm,528000.0,sb,pr,home,1U,6780.0,CRIF,758,EXP,25-34,not_inst,97.8219697,North,direct,0,50.0
97002,2019,ncf,Joint,nopre,type1,p4,l1,nopc,nob/c,906500,3.25,-0.3512,859.0,360.0,not_neg,not_int,not_lpsm,1518000.0,sb,pr,home,1U,12960.0,CRIF,578,EXP,35-44,not_inst,59.71673254,south,direct,0,36.0
171105,2019,cf,Female,nopre,type1,p3,l1,nopc,nob/c,206500,3.5,-0.0474,295.0,360.0,not_neg,not_int,not_lpsm,1108000.0,sb,pr,home,1U,4800.0,CIB,563,CIB,65-74,to_inst,18.63718412,North,direct,0,43.0
49638,2019,cf,Sex Not Available,nopre,type1,p2,l1,nopc,nob/c,106500,4.99,0.8658,3058.3,360.0,not_neg,not_int,not_lpsm,158000.0,sb,pr,home,1U,3000.0,CRIF,535,EXP,55-64,to_inst,67.40506329,south,direct,0,22.0
145664,2019,cf,Male,nopre,type1,p3,l1,nopc,nob/c,706500,,,,360.0,not_neg,not_int,not_lpsm,1688000.0,sb,pr,home,1U,10020.0,CIB,848,CIB,55-64,to_inst,41.8542654,North,direct,1,38.0
116046,2019,cf,Joint,pre,type1,p1,l1,nopc,nob/c,396500,4.25,-0.1532,4120.0,360.0,not_neg,not_int,not_lpsm,498000.0,sb,pr,home,1U,7860.0,CRIF,624,EXP,35-44,to_inst,79.6184739,central,direct,0,40.0
173109,2019,cf,Male,nopre,type1,p4,l1,nopc,nob/c,476500,3.25,-0.3982,2968.75,360.0,not_neg,not_int,not_lpsm,728000.0,sb,pr,home,1U,5640.0,EXP,762,CIB,35-44,not_inst,65.4532967,North,direct,0,36.0
102416,2019,cf,Joint,nopre,type1,p1,l1,nopc,nob/c,506500,4.75,0.376,0.0,360.0,not_neg,not_int,not_lpsm,628000.0,sb,pr,home,1U,7140.0,EXP,781,EXP,45-54,not_inst,80.65286624,North,direct,0,47.0
89441,2019,cf,Joint,nopre,type1,p3,l1,nopc,nob/c,136500,4.99,1.2689,3568.0,360.0,not_neg,not_int,not_lpsm,178000.0,sb,pr,home,1U,1800.0,CRIF,742,EXP,65-74,to_inst,76.68539326,North,direct,0,40.0
107906,2019,cf,Joint,nopre,type1,p4,l1,nopc,nob/c,376500,2.75,-0.2301,3015.24,180.0,not_neg,not_int,not_lpsm,908000.0,sb,pr,home,1U,9600.0,CRIF,842,EXP,45-54,not_inst,41.46475771,south,direct,0,41.0
35209,2019,cf,Male,nopre,type1,p3,l1,nopc,nob/c,326500,3.75,0.108,3262.5,360.0,not_neg,not_int,not_lpsm,438000.0,sb,pr,home,1U,4560.0,CRIF,799,CIB,25-34,not_inst,74.543379,south,direct,0,38.0
131549,2019,cf,Sex Not Available,pre,type3,p3,l1,nopc,nob/c,416500,,,,360.0,not_neg,not_int,not_lpsm,418000.0,sb,pr,home,1U,3600.0,EXP,692,CIB,55-64,to_inst,99.64114833,south,direct,1,60.0
100429,2019,cf,Sex Not Available,nopre,type1,p4,l1,nopc,nob/c,426500,,,,360.0,not_neg,not_int,not_lpsm,548000.0,sb,pr,home,1U,4680.0,EXP,872,EXP,45-54,to_inst,77.82846715,south,direct,1,54.0
83463,2019,cf,Male,nopre,type1,p4,l1,nopc,nob/c,456500,3.5,-0.1367,0.0,360.0,neg_amm,int_only,not_lpsm,678000.0,sb,pr,home,1U,5280.0,CIB,584,CIB,35-44,not_inst,67.33038348,North,direct,0,37.0
123918,2019,cf,Female,nopre,type1,p1,l1,nopc,nob/c,206500,3.625,0.2513,6805.0,360.0,not_neg,not_int,not_lpsm,258000.0,sb,pr,home,1U,2520.0,CRIF,530,CIB,45-54,to_inst,80.03875969,North,direct,0,49.0
86674,2019,cf,Male,nopre,type1,p4,l1,nopc,nob/c,486500,3.625,0.032,0.0,360.0,not_neg,not_int,not_lpsm,818000.0,sb,pr,home,1U,12240.0,EXP,599,CIB,55-64,not_inst,59.47432763,south,direct,0,20.0
83424,2019,cf,Joint,nopre,type1,p1,l2,nopc,nob/c,316500,4.18,-0.2609,0.0,360.0,not_neg,not_int,not_lpsm,428000.0,sb,sr,home,1U,17160.0,EXP,753,EXP,45-54,not_inst,73.94859813,central,direct,0,41.0
30783,2019,cf,Joint,nopre,type1,p3,l1,nopc,nob/c,436500,3.99,0.4587,2101.44,360.0,not_neg,not_int,not_lpsm,648000.0,sb,pr,home,1U,10020.0,EXP,620,EXP,45-54,not_inst,67.36111111,North,direct,0,31.0
54025,2019,cf,Male,nopre,type1,p4,l1,nopc,nob/c,196500,2.875,0.3055,6255.0,180.0,not_neg,not_int,not_lpsm,408000.0,sb,pr,home,1U,5340.0,EXP,656,CIB,65-74,to_inst,48.16176471,North,direct,0,34.0
164756,2019,,Sex Not Available,nopre,type2,p1,l1,nopc,b/c,156500,,,,360.0,not_neg,not_int,not_lpsm,168000.0,sb,pr,home,1U,3300.0,CRIF,881,CIB,25-34,to_inst,93.1547619,south,direct,1,40.0
104848,2019,cf,Female,nopre,type1,p4,l1,nopc,nob/c,626500,,,,360.0,neg_amm,not_int,not_lpsm,928000.0,sb,pr,home,1U,7140.0,CIB,767,CIB,35-44,not_inst,67.51077586,south,direct,1,49.0
153610,2019,cf,Joint,pre,type3,p3,l1,nopc,nob/c,256500,3.99,0.3278,3789.75,360.0,not_neg,not_int,not_lpsm,298000.0,sb,pr,home,1U,5460.0,CRIF,879,EXP,65-74,to_inst,86.0738255,North,direct,0,36.0
161940,2019,ncf,Male,nopre,type3,p1,l1,nopc,nob/c,536500,3.5,-0.1931,5253.15,360.0,not_neg,not_int,not_lpsm,588000.0,sb,pr,home,1U,10500.0,CRIF,757,CIB,55-64,not_inst,91.2414966,North,direct,0,53.0
30037,2019,cf,Female,nopre,type1,p4,l1,nopc,nob/c,126500,3.75,0.8198,3266.95,240.0,not_neg,not_int,not_lpsm,368000.0,sb,pr,home,1U,8280.0,EXP,871,CIB,45-54,to_inst,34.375,North,direct,0,7.0
169763,2019,cf,Male,nopre,type2,p1,l1,nopc,b/c,236500,4.75,1.4393,0.0,360.0,not_neg,not_int,not_lpsm,238000.0,sb,pr,home,1U,3180.0,CRIF,565,CIB,25-34,not_inst,99.3697479,North,direct,0,49.0
149986,2019,,Sex Not Available,nopre,type1,p4,l1,nopc,nob/c,226500,4.25,0.7013,81.56,180.0,not_neg,not_int,not_lpsm,308000.0,sb,pr,home,1U,9000.0,CIB,650,CIB,55-64,to_inst,73.53896104,south,direct,0,23.0
77102,2019,cf,Male,nopre,type2,p1,l1,nopc,b/c,246500,3.5,0.8349,3597.01,360.0,not_neg,not_int,not_lpsm,268000.0,sb,pr,home,1U,4680.0,CRIF,541,CIB,55-64,to_inst,91.97761194,North,direct,0,35.0
146148,2019,cf,Joint,nopre,type1,p3,l1,nopc,nob/c,536500,,,,360.0,not_neg,not_int,not_lpsm,688000.0,sb,ir,home,1U,9780.0,EXP,812,EXP,25-34,not_inst,77.97965116,central,direct,1,35.0
136540,2019,ncf,Male,nopre,type1,p1,l1,nopc,nob/c,266500,3.99,0.4285,2485.0,360.0,not_neg,not_int,not_lpsm,358000.0,sb,pr,home,1U,31020.0,CIB,774,CIB,55-64,to_inst,74.44134078,south,direct,0,26.0
120215,2019,cf,Male,nopre,type1,p4,l1,nopc,nob/c,306500,3.25,0.3021,6917.5,240.0,not_neg,not_int,not_lpsm,528000.0,sb,pr,home,1U,4680.0,EXP,677,CIB,45-54,to_inst,58.04924242,North,direct,0,43.0
75705,2019,cf,Sex Not Available,nopre,type1,p4,l1,nopc,nob/c,116500,5.25,0.9263,2188.63,360.0,not_neg,not_int,not_lpsm,158000.0,sb,pr,home,1U,2940.0,CRIF,835,CIB,65-74,to_inst,73.73417722,south,direct,0,38.0
137776,2019,cf,Male,nopre,type1,p1,l1,nopc,nob/c,126500,,,,360.0,not_neg,not_int,not_lpsm,128000.0,sb,pr,home,1U,1500.0,CIB,778,CIB,<25,to_inst,98.828125,North,direct,1,61.0
155478,2019,cf,Male,nopre,type1,p4,l1,nopc,nob/c,346500,3.875,0.3593,4591.7,360.0,not_neg,not_int,not_lpsm,448000.0,sb,pr,home,1U,6600.0,CIB,624,CIB,35-44,to_inst,77.34375,North,direct,0,40.0
150194,2019,cf,Joint,nopre,type1,p1,l2,nopc,nob/c,686500,4.0,-0.1192,5689.1,360.0,not_neg,not_int,not_lpsm,928000.0,sb,pr,home,1U,16800.0,CIB,611,EXP,45-54,not_inst,73.9762931,south,direct,0,33.0
127664,2019,,Male,nopre,type1,p1,l1,nopc,nob/c,286500,3.875,-0.0649,2130.6,360.0,not_neg,not_int,not_lpsm,358000.0,sb,pr,home,1U,2880.0,CIB,578,CIB,25-34,not_inst,80.02793296,south,direct,0,48.0
54301,2019,cf,Female,pre,type1,p1,l1,nopc,nob/c,146500,,,,180.0,not_neg,not_int,not_lpsm,268000.0,sb,pr,home,1U,4260.0,EXP,611,CIB,45-54,to_inst,54.6641791,North,direct,1,38.0
156726,2019,cf,Female,nopre,type1,p4,l1,nopc,nob/c,356500,3.625,-0.1752,106.5,360.0,not_neg,not_int,not_lpsm,478000.0,sb,pr,home,1U,5400.0,CIB,732,CIB,55-64,not_inst,74.58158996,North,direct,0,30.0
26869,2019,cf,Joint,nopre,type1,p3,l1,nopc,nob/c,166500,4.99,0.3059,1876.08,360.0,not_neg,not_int,not_lpsm,348000.0,sb,pr,home,1U,2520.0,CIB,648,EXP,65-74,to_inst,47.84482759,North,direct,0,42.0
84997,2019,cf,Female,nopre,type1,p3,l1,nopc,nob/c,336500,,,,360.0,not_neg,not_int,not_lpsm,428000.0,sb,pr,home,1U,4980.0,CIB,548,CIB,55-64,to_inst,78.62149533,North,direct,1,39.0
46888,2019,cf,Joint,nopre,type1,p2,l1,nopc,nob/c,136500,3.625,0.0566,1726.1,360.0,not_neg,not_int,not_lpsm,568000.0,sb,pr,home,1U,4680.0,CRIF,723,EXP,25-34,not_inst,24.03169014,North,direct,0,47.0
68295,2019,cf,Female,pre,type1,p3,l1,nopc,nob/c,256500,4.375,0.131,3650.0,360.0,not_neg,not_int,not_lpsm,418000.0,sb,pr,home,1U,4080.0,CRIF,587,CIB,>74,to_inst,61.36363636,North,direct,0,38.0
131917,2019,cf,Sex Not Available,nopre,type1,p4,l1,nopc,nob/c,586500,3.99,0.52,10625.21,240.0,not_neg,not_int,not_lpsm,988000.0,sb,pr,home,1U,8760.0,CRIF,500,CIB,55-64,to_inst,59.36234818,south,direct,0,37.0
78254,2019,,Joint,nopre,type1,p3,l1,nopc,nob/c,516500,4.5,0.1997,6290.0,360.0,not_neg,not_int,not_lpsm,1208000.0,sb,pr,home,1U,10140.0,CRIF,619,EXP,65-74,to_inst,42.75662252,North,direct,0,30.0
117558,2019,cf,Joint,nopre,type1,p3,l1,nopc,nob/c,386500,3.625,-0.0325,2793.51,300.0,not_neg,not_int,not_lpsm,558000.0,sb,pr,home,1U,9060.0,CIB,509,EXP,35-44,not_inst,69.26523297,south,direct,0,36.0
32920,2019,cf,Joint,nopre,type1,p2,l1,nopc,nob/c,406500,4.25,0.353,459.0,240.0,not_neg,not_int,not_lpsm,1158000.0,sb,pr,home,1U,5160.0,EXP,746,EXP,65-74,not_inst,35.10362694,south,direct,0,60.0
129398,2019,cf,Female,,type1,p3,l1,nopc,nob/c,356500,3.5,-0.0583,7812.5,360.0,not_neg,int_only,not_lpsm,1508000.0,sb,pr,home,1U,3240.0,CRIF,539,CIB,>74,to_inst,23.64058355,North,direct,0,43.0
75536,2019,cf,Male,nopre,type1,p3,l1,nopc,nob/c,456500,4.625,0.1492,5148.75,360.0,not_neg,not_int,not_lpsm,598000.0,sb,pr,home,1U,10380.0,CIB,694,EXP,65-74,to_inst,76.33779264,North,direct,0,43.0
152530,2019,,Female,nopre,type2,p1,l1,nopc,b/c,236500,,,,360.0,neg_amm,not_int,not_lpsm,228000.0,sb,pr,home,1U,3660.0,CRIF,602,CIB,35-44,to_inst,103.7280702,central,direct,1,48.0
89639,2019,cf,Male,nopre,type1,p1,l1,nopc,nob/c,146500,3.625,-0.0153,4225.0,360.0,neg_amm,not_int,not_lpsm,178000.0,sb,pr,home,1U,2880.0,CRIF,609,CIB,<25,to_inst,82.30337079,North,direct,0,44.0
98059,2019,cf,Female,nopre,type1,p4,l1,nopc,nob/c,106500,3.99,1.297,2407.01,180.0,not_neg,not_int,not_lpsm,158000.0,sb,pr,home,1U,2760.0,CIB,757,CIB,65-74,to_inst,67.40506329,south,direct,0,26.0
118399,2019,cf,Joint,pre,type1,p3,l1,nopc,nob/c,466500,,,,180.0,not_neg,not_int,not_lpsm,558000.0,sb,pr,home,1U,9000.0,CRIF,856,EXP,45-54,to_inst,83.60215054,North,direct,1,37.0
28203,2019,cf,Male,nopre,type1,p4,l1,nopc,nob/c,436500,3.25,0.0741,0.0,180.0,not_neg,not_int,not_lpsm,458000.0,sb,pr,home,1U,9960.0,EXP,864,CIB,35-44,to_inst,95.30567686,south,direct,0,49.0
93102,2019,cf,Male,nopre,type1,p4,l1,nopc,nob/c,506500,3.99,0.4407,7598.13,360.0,not_neg,not_int,not_lpsm,708000.0,sb,pr,home,1U,7500.0,CIB,683,EXP,35-44,to_inst,71.53954802,North,direct,0,32.0
46947,2019,cf,Male,nopre,type1,p3,l1,nopc,nob/c,296500,4.99,0.7236,2630.0,360.0,not_neg,not_int,not_lpsm,378000.0,sb,pr,home,1U,4440.0,CIB,685,CIB,35-44,to_inst,78.43915344,North,direct,0,43.0
54110,2019,cf,Male,nopre,type2,p1,l1,nopc,b/c,156500,,,,360.0,not_neg,not_int,not_lpsm,148000.0,sb,pr,home,1U,3720.0,CRIF,860,EXP,35-44,to_inst,105.7432432,North,direct,1,31.0
104930,2019,cf,Joint,pre,type1,p1,l1,nopc,nob/c,156500,4.375,0.5582,4350.0,360.0,not_neg,not_int,not_lpsm,248000.0,sb,pr,home,1U,7020.0,CRIF,722,EXP,25-34,to_inst,63.10483871,North,direct,0,29.0
38015,2019,ncf,Male,nopre,type1,p1,l1,nopc,nob/c,196500,3.925,0.0135,246.9,324.0,neg_amm,not_int,not_lpsm,248000.0,sb,pr,home,1U,3120.0,EXP,514,CIB,55-64,to_inst,79.23387097,North,direct,0,40.0
66991,2019,ncf,Male,nopre,type1,p4,l1,nopc,nob/c,676500,,,,360.0,not_neg,not_int,not_lpsm,1408000.0,sb,pr,home,1U,19380.0,CRIF,796,CIB,45-54,to_inst,48.046875,North,direct,1,18.0
131715,2019,cf,Joint,nopre,type2,p3,l1,nopc,b/c,246500,4.49,1.5084,2392.0,360.0,not_neg,not_int,not_lpsm,358000.0,sb,pr,home,1U,8580.0,CIB,878,EXP,45-54,to_inst,68.8547486,south,direct,0,42.0
88409,2019,cf,Joint,pre,type1,p1,l1,nopc,nob/c,176500,4.75,0.6718,3105.81,360.0,not_neg,not_int,not_lpsm,188000.0,sb,pr,home,1U,6000.0,CIB,669,EXP,65-74,to_inst,93.88297872,North,direct,0,36.0
97649,2019,cf,Sex Not Available,pre,type2,p1,l1,nopc,b/c,366500,4.125,1.5425,6793.99,360.0,not_neg,not_int,not_lpsm,378000.0,sb,pr,home,1U,5760.0,CIB,590,CIB,25-34,to_inst,96.95767196,south,direct,0,49.0
132104,2019,cf,Male,pre,type1,p1,l1,nopc,nob/c,226500,3.375,-0.155,5400.31,360.0,not_neg,not_int,not_lpsm,238000.0,sb,pr,home,1U,2280.0,CIB,752,CIB,25-34,to_inst,95.16806723,North,direct,0,60.0
101327,2019,cf,Male,nopre,type1,p1,l1,nopc,nob/c,206500,4.375,1.0071,3275.0,360.0,not_neg,not_int,lpsm,218000.0,sb,pr,home,1U,6540.0,CIB,737,CIB,<25,to_inst,94.72477064,North,direct,0,37.0
38307,2019,cf,Sex Not Available,nopre,type1,p4,l1,nopc,nob/c,366500,4.75,0.474,1609.81,360.0,not_neg,not_int,not_lpsm,458000.0,sb,pr,home,1U,7740.0,CIB,810,EXP,35-44,to_inst,80.02183406,south,direct,0,40.0
144216,2019,cf,Male,nopre,type1,p1,l1,nopc,nob/c,156500,4.375,1.412,3455.99,360.0,not_neg,not_int,not_lpsm,158000.0,sb,pr,home,1U,5760.0,CIB,691,EXP,35-44,to_inst,99.05063291,North,direct,0,44.0
172128,2019,ncf,Joint,pre,type1,p1,l1,nopc,nob/c,576500,4.375,0.7595,8163.81,360.0,not_neg,not_int,not_lpsm,638000.0,sb,pr,home,1U,11280.0,CIB,838,EXP,35-44,to_inst,90.36050157,North,direct,0,31.0
75766,2019,cf,Joint,nopre,type1,p1,l2,nopc,nob/c,166500,4.75,0.9779,4031.84,360.0,not_neg,not_int,not_lpsm,188000.0,sb,pr,home,1U,5220.0,CIB,880,EXP,55-64,to_inst,88.56382979,south,direct,0,30.0
42769,2019,cf,Sex Not Available,nopre,type2,p1,l1,nopc,b/c,126500,,,,360.0,not_neg,not_int,not_lpsm,228000.0,sb,pr,home,1U,5220.0,CIB,800,CIB,45-54,to_inst,55.48245614,south,direct,1,45.0
167721,2019,cf,Male,nopre,type1,p4,l1,nopc,nob/c,366500,3.625,0.0417,0.0,360.0,not_neg,not_int,not_lpsm,678000.0,sb,pr,home,1U,4620.0,CIB,847,CIB,55-64,not_inst,54.0560472,North,direct,0,47.0
162726,2019,cf,Male,nopre,type1,p1,l1,nopc,nob/c,206500,3.625,-0.0219,1033.0,360.0,not_neg,not_int,not_lpsm,558000.0,sb,pr,home,1U,3660.0,CRIF,686,CIB,>74,not_inst,37.00716846,North,direct,0,48.0
110754,2019,cf,Sex Not Available,nopre,type3,p3,l1,nopc,nob/c,336500,,,,360.0,not_neg,not_int,lpsm,358000.0,sb,pr,home,1U,8040.0,CIB,871,CIB,45-54,to_inst,93.99441341,south,direct,1,12.0
111081,2019,cf,Male,nopre,type2,p3,l1,nopc,b/c,286500,3.625,0.7859,3505.98,360.0,not_neg,not_int,not_lpsm,338000.0,sb,pr,home,1U,5340.0,EXP,867,CIB,35-44,to_inst,84.76331361,North,direct,0,30.0
130059,2019,cf,Female,pre,type1,p4,l1,nopc,nob/c,526500,3.99,0.4111,13033.25,360.0,not_neg,not_int,not_lpsm,858000.0,sb,pr,home,1U,6960.0,CIB,761,CIB,35-44,to_inst,61.36363636,North,direct,0,36.0
67378,2019,cf,Sex Not Available,nopre,type1,p3,l1,nopc,nob/c,146500,5.25,0.9124,3635.0,360.0,not_neg,not_int,not_lpsm,258000.0,sb,pr,home,1U,3600.0,CRIF,855,CIB,35-44,to_inst,56.78294574,south,direct,0,32.0
131628,2019,cf,Sex Not Available,nopre,type2,p1,l1,nopc,b/c,256500,,,,360.0,not_neg,not_int,not_lpsm,268000.0,sb,pr,home,1U,4680.0,CRIF,640,EXP,65-74,to_inst,95.70895522,south,direct,1,43.0
36228,2019,cf,Female,nopre,type1,p4,l1,nopc,nob/c,266500,4.25,0.4336,1208.74,360.0,not_neg,not_int,not_lpsm,388000.0,sb,pr,home,1U,4800.0,CRIF,513,CIB,35-44,not_inst,68.68556701,south,direct,0,30.0
78245,2019,cf,Male,nopre,type3,p3,l1,nopc,nob/c,146500,4.125,0.4081,1748.97,360.0,not_neg,not_int,not_lpsm,168000.0,sb,pr,home,1U,1260.0,CRIF,615,CIB,>74,to_inst,87.20238095,North,direct,0,50.0
31304,2019,cf,Male,nopre,type2,p1,l1,nopc,b/c,146500,5.25,1.9015,567.85,360.0,not_neg,not_int,not_lpsm,148000.0,sb,pr,home,1U,3960.0,CIB,834,CIB,35-44,to_inst,98.98648649,North,direct,0,52.0
26407,2019,cf,Male,nopre,type1,p3,l1,nopc,nob/c,136500,3.5,0.7639,4062.5,180.0,not_neg,int_only,not_lpsm,198000.0,sb,pr,home,1U,5280.0,CIB,517,CIB,35-44,to_inst,68.93939394,North,direct,0,29.0
172210,2019,cf,Male,nopre,type1,p3,l1,nopc,nob/c,596500,,,,360.0,neg_amm,not_int,not_lpsm,928000.0,sb,pr,home,1U,7200.0,EXP,770,EXP,65-74,to_inst,64.27801724,North,direct,1,45.0
138987,2019,cf,Male,nopre,type1,p1,l1,nopc,nob/c,96500,4.375,0.9247,2611.25,360.0,not_neg,not_int,not_lpsm,138000.0,sb,pr,home,1U,3000.0,CRIF,574,CIB,25-34,to_inst,69.92753623,North,direct,0,7.0
110740,2019,cf,Female,nopre,type1,p3,l1,nopc,nob/c,166500,3.625,0.1787,5064.55,360.0,not_neg,not_int,not_lpsm,278000.0,sb,pr,home,1U,3420.0,CIB,692,CIB,65-74,to_inst,59.89208633,North,direct,0,38.0
76872,2019,cf,Male,nopre,type1,p1,l1,nopc,nob/c,396500,4.56,0.1749,994.4,360.0,not_neg,not_int,not_lpsm,498000.0,sb,pr,home,1U,10800.0,EXP,552,EXP,25-34,not_inst,79.6184739,North,direct,0,40.0
159130,2019,cf,Joint,nopre,type1,p4,l1,nopc,nob/c,396500,3.875,0.268,0.0,360.0,not_neg,not_int,not_lpsm,448000.0,sb,pr,home,1U,9540.0,CRIF,848,EXP,35-44,not_inst,88.50446429,North,direct,0,32.0
140350,2019,cf,Male,nopre,type2,p1,l1,nopc,b/c,86500,4.5,1.9324,1885.43,360.0,not_neg,not_int,not_lpsm,88000.0,sb,pr,home,1U,4080.0,EXP,783,CIB,<25,to_inst,98.29545455,North,direct,0,16.0
126092,2019,cf,Male,nopre,type1,p1,l1,nopc,nob/c,266500,3.875,0.5179,3357.33,360.0,not_neg,not_int,not_lpsm,278000.0,sb,pr,home,1U,3240.0,CIB,858,CIB,<25,to_inst,95.86330935,North,direct,0,48.0
110662,2019,cf,Male,nopre,type1,p4,l1,nopc,nob/c,356500,3.99,0.4379,9342.13,360.0,not_neg,not_int,not_lpsm,528000.0,sb,ir,home,1U,14280.0,CIB,755,EXP,55-64,to_inst,67.51893939,North,direct,0,38.0
138540,2019,cf,Male,pre,type1,p1,l1,nopc,nob/c,226500,4.25,1.0947,4088.13,360.0,not_neg,not_int,not_lpsm,238000.0,sb,pr,home,1U,6360.0,CIB,710,CIB,25-34,to_inst,95.16806723,North,direct,0,32.0
113333,2019,cf,Female,pre,type1,p3,l1,nopc,nob/c,136500,,,,276.0,not_neg,not_int,not_lpsm,478000.0,sb,ir,home,1U,3780.0,CIB,645,EXP,>74,to_inst,28.55648536,central,direct,1,60.0
145699,2019,cf,Joint,nopre,type3,p3,l1,nopc,nob/c,176500,4.99,0.9791,1718.91,360.0,neg_amm,not_int,not_lpsm,228000.0,sb,pr,home,1U,2760.0,CRIF,798,EXP,65-74,to_inst,77.4122807,North,direct,0,43.0
82116,2019,cf,Sex Not Available,nopre,type1,p4,l1,nopc,nob/c,456500,4.125,0.5683,4118.57,360.0,not_neg,not_int,not_lpsm,668000.0,sb,pr,home,1U,6180.0,CIB,732,CIB,55-64,to_inst,68.33832335,south,direct,0,38.0
41583,2019,cf,Female,pre,type2,p3,l1,nopc,b/c,76500,3.25,1.5365,2629.52,180.0,not_neg,not_int,not_lpsm,188000.0,sb,pr,home,1U,1800.0,CIB,844,CIB,35-44,to_inst,40.69148936,North,direct,0,59.0
63651,2019,cf,Female,nopre,type1,p3,l1,nopc,nob/c,256500,4.625,0.275,1800.0,360.0,neg_amm,not_int,not_lpsm,538000.0,sb,pr,home,1U,2580.0,CIB,849,CIB,>74,not_inst,47.67657993,south,direct,0,45.0
170093,2019,ncf,Female,nopre,type1,p4,l1,nopc,nob/c,1006500,,,,360.0,not_neg,not_int,not_lpsm,3008000.0,sb,pr,home,1U,0.0,EXP,847,EXP,>74,not_inst,33.46077128,south,direct,1,11.0
105526,2019,cf,Female,nopre,type1,p4,l1,nopc,nob/c,156500,3.125,0.3978,4718.5,180.0,not_neg,not_int,not_lpsm,358000.0,sb,pr,home,1U,3660.0,CRIF,638,CIB,>74,to_inst,43.7150838,central,direct,0,37.0
151507,2019,cf,Joint,nopre,type1,p3,l1,nopc,nob/c,346500,3.625,-0.0777,519.45,360.0,not_neg,not_int,not_lpsm,808000.0,sb,pr,home,1U,7620.0,CRIF,889,EXP,55-64,not_inst,42.88366337,south,direct,0,27.0
167954,2019,cf,Male,nopre,type1,p4,l1,nopc,nob/c,476500,4.125,0.4933,1250.0,360.0,not_neg,not_int,not_lpsm,528000.0,sb,pr,home,1U,12060.0,CRIF,871,CIB,45-54,to_inst,90.24621212,North,direct,0,27.0
100789,2019,,Joint,nopre,type3,p3,l1,nopc,nob/c,396500,3.99,-0.1079,0.0,360.0,not_neg,not_int,not_lpsm,698000.0,sb,pr,home,1U,5280.0,EXP,686,EXP,65-74,to_inst,56.80515759,North,direct,0,38.0
109155,2019,cf,Female,nopre,type1,p4,l1,nopc,nob/c,516500,4.375,-0.0615,2500.0,360.0,not_neg,not_int,not_lpsm,608000.0,sb,pr,home,1U,5220.0,CIB,612,CIB,25-34,not_inst,84.95065789,North,direct,0,42.0
43573,2019,cf,Female,nopre,type1,p3,l1,nopc,nob/c,136500,4.75,0.7061,4168.4,360.0,neg_amm,not_int,not_lpsm,158000.0,sb,pr,home,1U,1860.0,EXP,507,CIB,65-74,to_inst,86.39240506,North,direct,0,39.0
116064,2019,cf,Male,nopre,type1,p4,l1,nopc,nob/c,456500,3.5,-0.0473,5679.2,360.0,neg_amm,int_only,not_lpsm,808000.0,sb,pr,home,1U,7500.0,CRIF,771,CIB,35-44,not_inst,56.49752475,south,direct,0,32.0
165441,2019,cf,Sex Not Available,nopre,type1,p4,l1,nopc,nob/c,166500,3.99,0.5239,4023.25,324.0,not_neg,not_int,not_lpsm,248000.0,sb,pr,home,1U,3960.0,CIB,512,CIB,45-54,to_inst,67.13709677,south,direct,0,31.0
160053,2019,cf,Male,nopre,type1,p1,l1,nopc,nob/c,326500,4.125,-0.0195,3971.88,360.0,not_neg,not_int,not_lpsm,388000.0,sb,pr,home,1U,6900.0,EXP,712,CIB,45-54,to_inst,84.14948454,North,direct,0,30.0
64490,2019,cf,Male,nopre,type1,p3,l1,nopc,nob/c,396500,3.875,0.442,1919.4,240.0,not_neg,not_int,not_lpsm,548000.0,sb,pr,home,1U,11160.0,EXP,855,EXP,35-44,not_inst,72.3540146,North,direct,0,42.0
37091,2019,cf,Male,nopre,type1,p4,l1,nopc,nob/c,436500,3.875,-0.3755,0.0,360.0,not_neg,not_int,not_lpsm,488000.0,sb,pr,home,1U,5040.0,CIB,524,CIB,25-34,not_inst,89.44672131,North,direct,0,42.0
110346,2019,cf,Sex Not Available,nopre,type1,p3,l1,nopc,nob/c,376500,,,,360.0,not_neg,not_int,not_lpsm,458000.0,sb,pr,home,1U,5160.0,EXP,620,EXP,65-74,to_inst,82.20524017,south,direct,1,48.0
158320,2019,cf,Female,pre,type2,p3,l1,nopc,b/c,76500,3.5,1.5397,2308.18,180.0,not_neg,not_int,not_lpsm,158000.0,sb,pr,home,1U,4620.0,CIB,736,CIB,45-54,to_inst,48.41772152,south,direct,0,38.0
158803,2019,cf,Sex Not Available,nopre,type1,p3,l1,nopc,nob/c,76500,3.875,1.4847,3652.5,96.0,not_neg,not_int,not_lpsm,218000.0,sb,pr,home,1U,3360.0,CRIF,637,CIB,65-74,to_inst,35.09174312,south,direct,0,34.0
45806,2019,cf,Sex Not Available,nopre,type1,p1,l1,nopc,nob/c,626500,4.99,0.3974,1868.46,360.0,not_neg,not_int,not_lpsm,738000.0,sb,pr,home,1U,8520.0,CIB,797,CIB,35-44,to_inst,84.89159892,south,direct,0,44.0
84349,2019,cf,Joint,nopre,type1,p4,l1,nopc,nob/c,216500,3.99,0.2437,0.0,360.0,not_neg,not_int,not_lpsm,288000.0,sb,pr,home,1U,8820.0,CRIF,611,EXP,45-54,not_inst,75.17361111,North,direct,0,37.0
78405,2019,cf,Female,nopre,type2,p1,l2,nopc,b/c,206500,4.75,1.3325,4639.41,360.0,not_neg,not_int,not_lpsm,218000.0,sb,pr,home,1U,3420.0,CRIF,731,CIB,35-44,not_inst,94.72477064,North,direct,0,38.0
150927,2019,cf,Sex Not Available,nopre,type1,p4,l1,nopc,nob/c,636500,4.25,-0.243,376.0,360.0,not_neg,not_int,not_lpsm,808000.0,sb,pr,home,1U,7740.0,CIB,847,EXP,35-44,not_inst,78.77475248,south,direct,0,42.0
42734,2019,cf,Male,pre,type1,p4,l1,nopc,nob/c,356500,4.25,-0.1876,0.0,360.0,not_neg,not_int,not_lpsm,588000.0,sb,pr,home,1U,5100.0,EXP,547,CIB,35-44,not_inst,60.6292517,North,direct,0,47.0
120021,2019,cf,Male,nopre,type1,p4,l1,nopc,nob/c,216500,3.5,0.5864,4871.75,240.0,not_neg,not_int,not_lpsm,408000.0,sb,pr,home,1U,9720.0,CRIF,864,CIB,55-64,to_inst,53.06372549,North,direct,0,5.0
109096,2019,cf,Male,pre,type1,p3,l1,nopc,nob/c,456500,,,,360.0,not_neg,not_int,not_lpsm,478000.0,sb,ir,home,1U,14940.0,CRIF,715,CIB,45-54,not_inst,95.50209205,North,direct,1,58.0
53461,2019,cf,Male,nopre,type2,p1,l1,nopc,b/c,146500,,,,360.0,not_neg,not_int,not_lpsm,148000.0,sb,pr,home,1U,4980.0,CRIF,792,CIB,25-34,to_inst,98.98648649,North,direct,1,30.0
105648,2019,cf,Male,pre,type1,p4,l1,nopc,nob/c,186500,3.5,-0.0572,6151.0,360.0,not_neg,not_int,not_lpsm,268000.0,sb,pr,home,1U,10200.0,CIB,749,EXP,55-64,to_inst,69.58955224,North,direct,0,26.0
35336,2019,cf,Female,nopre,type1,p3,l1,nopc,nob/c,256500,4.5,0.8458,5461.25,360.0,not_neg,not_int,lpsm,458000.0,sb,ir,home,1U,3540.0,CRIF,833,CIB,65-74,to_inst,56.00436681,North,direct,0,25.0
171215,2019,cf,Sex Not Available,nopre,type1,p4,l1,nopc,nob/c,326500,3.99,0.6519,8495.0,324.0,not_neg,not_int,not_lpsm,408000.0,sb,pr,home,1U,9240.0,CIB,662,CIB,65-74,to_inst,80.0245098,south,direct,0,35.0
48144,2019,cf,Sex Not Available,nopre,type1,p3,l1,nopc,nob/c,246500,3.99,0.4358,2474.0,360.0,neg_amm,not_int,not_lpsm,288000.0,sb,pr,home,1U,6300.0,CRIF,735,EXP,45-54,to_inst,85.59027778,south,direct,0,38.0
155609,2019,cf,Joint,nopre,type1,p4,l1,nopc,nob/c,416500,3.875,0.3403,3348.75,324.0,not_neg,not_int,not_lpsm,718000.0,sb,pr,home,1U,13500.0,CIB,800,EXP,35-44,to_inst,58.00835655,North,direct,0,36.0
101244,2019,cf,Male,nopre,type1,p4,l1,nopc,nob/c,166500,3.375,0.792,4526.0,180.0,not_neg,not_int,not_lpsm,188000.0,sb,pr,home,1U,6900.0,CIB,704,CIB,45-54,to_inst,88.56382979,North,direct,0,30.0
164969,2019,cf,Female,pre,type1,p1,l1,nopc,nob/c,166500,4.375,0.1248,4000.0,360.0,neg_amm,not_int,not_lpsm,208000.0,sb,pr,home,1U,3420.0,EXP,733,CIB,65-74,to_inst,80.04807692,North,direct,0,38.0
33675,2019,cf,Female,nopre,type1,p3,l1,nopc,nob/c,256500,4.125,0.5777,8125.0,360.0,not_neg,not_int,not_lpsm,418000.0,sb,pr,home,1U,3120.0,CRIF,795,CIB,55-64,to_inst,61.36363636,North,direct,0,40.0
76442,2019,cf,Sex Not Available,nopre,type1,p1,l1,nopc,nob/c,356500,4.875,0.5067,2414.29,360.0,neg_amm,not_int,not_lpsm,468000.0,sb,ir,home,2U,21180.0,CRIF,852,EXP,35-44,not_inst,76.17521368,south,direct,0,28.0
53328,2019,cf,Female,nopre,type1,p4,l1,nopc,nob/c,536500,3.99,0.2848,0.0,360.0,not_neg,not_int,not_lpsm,618000.0,sb,pr,home,1U,7800.0,CRIF,553,CIB,35-44,not_inst,86.81229773,North,direct,0,38.0
82433,2019,cf,Male,pre,type1,p4,l1,nopc,nob/c,216500,3.625,0.1224,6812.0,360.0,not_neg,not_int,not_lpsm,308000.0,sb,pr,home,1U,2940.0,CRIF,684,CIB,65-74,to_inst,70.29220779,south,direct,0,36.0
95535,2019,ncf,Male,nopre,type1,p4,l1,nopc,nob/c,506500,,,,360.0,not_neg,not_int,not_lpsm,598000.0,sb,pr,home,1U,14700.0,EXP,839,CIB,55-64,to_inst,84.69899666,North,direct,1,17.0
81765,2019,cf,Joint,pre,type1,p1,l1,nopc,nob/c,206500,4.125,0.7183,6948.0,300.0,not_neg,not_int,not_lpsm,258000.0,sb,sr,home,1U,13980.0,EXP,615,EXP,55-64,to_inst,80.03875969,North,direct,0,49.0
67859,2019,cf,Sex Not Available,nopre,type1,p1,l1,nopc,nob/c,226500,3.99,1.1512,4062.5,180.0,not_neg,int_only,not_lpsm,308000.0,sb,ir,home,1U,26460.0,EXP,534,EXP,35-44,to_inst,73.53896104,south,direct,0,14.0
98926,2019,cf,Female,nopre,type1,p3,l1,nopc,nob/c,596500,4.375,0.6996,6500.0,360.0,not_neg,not_int,not_lpsm,888000.0,sb,pr,home,1U,11940.0,CRIF,575,CIB,35-44,not_inst,67.17342342,North,direct,0,33.0
156032,2019,cf,Joint,nopre,type2,p3,l1,nopc,b/c,146500,3.5,0.7017,2538.9,360.0,not_neg,not_int,not_lpsm,188000.0,sb,pr,home,1U,4620.0,CIB,638,EXP,55-64,to_inst,77.92553191,North,direct,0,55.0
168948,2019,cf,Female,nopre,type1,p1,l1,nopc,nob/c,416500,3.75,0.0247,2381.76,360.0,not_neg,not_int,not_lpsm,468000.0,sb,pr,home,1U,3540.0,EXP,819,CIB,25-34,not_inst,88.9957265,North,direct,0,49.0
164366,2019,cf,Sex Not Available,nopre,type1,p4,l1,nopc,nob/c,156500,3.99,0.8666,2812.5,240.0,not_neg,not_int,lpsm,308000.0,sb,pr,home,1U,5220.0,CRIF,683,CIB,55-64,to_inst,50.81168831,south,direct,0,14.0
164646,2019,cf,Male,nopre,type2,p3,l2,nopc,b/c,96500,,,,360.0,not_neg,not_int,not_lpsm,98000.0,sb,pr,home,1U,1320.0,CRIF,858,CIB,55-64,to_inst,98.46938776,south,direct,1,9.0
156179,2019,cf,Male,nopre,type1,p1,l1,nopc,nob/c,286500,,,,360.0,neg_amm,not_int,not_lpsm,418000.0,sb,pr,home,1U,8880.0,CIB,833,CIB,55-64,to_inst,68.54066986,North,direct,1,45.0
92151,2019,cf,Female,nopre,type1,p1,l1,nopc,nob/c,406500,4.0,0.1104,2848.76,360.0,not_neg,not_int,not_lpsm,448000.0,sb,pr,home,1U,6000.0,EXP,855,CIB,35-44,not_inst,90.73660714,North,direct,0,35.0
129467,2019,ncf,Male,pre,type1,p4,l1,nopc,nob/c,176500,5.5,1.4858,0.0,360.0,not_neg,not_int,not_lpsm,188000.0,sb,pr,home,1U,3120.0,CRIF,712,CIB,25-34,to_inst,93.88297872,North,direct,0,44.0
163154,2019,cf,Joint,nopre,type1,p3,l1,nopc,nob/c,336500,5.125,1.5196,,360.0,not_neg,not_int,not_lpsm,488000.0,sb,pr,home,1U,7020.0,CIB,882,EXP,65-74,to_inst,68.95491803,North,direct,0,43.0
158972,2019,cf,Joint,nopre,type1,p4,l1,nopc,nob/c,306500,3.625,0.0588,4579.18,360.0,not_neg,not_int,not_lpsm,528000.0,sb,pr,home,1U,3780.0,EXP,525,EXP,55-64,not_inst,58.04924242,North,direct,0,35.0
78038,2019,cf,Sex Not Available,nopre,type3,p1,l1,nopc,nob/c,376500,,,,360.0,not_neg,not_int,not_lpsm,378000.0,sb,pr,home,1U,10080.0,CIB,889,CIB,35-44,to_inst,99.6031746,south,direct,1,32.0
122247,2019,cf,Sex Not Available,nopre,type1,p3,l1,nopc,nob/c,126500,3.99,0.6254,3225.0,180.0,not_neg,not_int,not_lpsm,308000.0,sb,pr,home,1U,3360.0,EXP,887,CIB,45-54,to_inst,41.07142857,south,direct,0,22.0
102067,2019,cf,Joint,nopre,type1,p2,l1,nopc,nob/c,106500,3.75,1.1445,3219.0,180.0,not_neg,not_int,not_lpsm,268000.0,sb,pr,home,1U,3780.0,EXP,777,EXP,65-74,to_inst,39.73880597,North,direct,0,36.0
40533,2019,cf,Sex Not Available,nopre,type1,p4,l1,nopc,nob/c,306500,3.99,0.8697,,300.0,not_neg,not_int,not_lpsm,328000.0,sb,pr,home,1U,6240.0,CIB,713,EXP,35-44,to_inst,93.44512195,south,direct,0,42.0
140734,2019,cf,Female,nopre,type2,p3,l1,nopc,b/c,136500,3.99,1.0523,1632.63,360.0,not_neg,not_int,not_lpsm,168000.0,sb,pr,home,1U,3300.0,CRIF,819,CIB,65-74,to_inst,81.25,North,direct,0,22.0
47939,2019,cf,Male,nopre,type1,p4,l1,nopc,nob/c,546500,,,,360.0,not_neg,not_int,lpsm,808000.0,sb,pr,home,1U,7800.0,CIB,704,CIB,25-34,not_inst,67.63613861,North,direct,1,40.0
36592,2019,cf,Joint,nopre,type1,p4,l1,nopc,nob/c,386500,4.625,0.7651,72.96,360.0,not_neg,not_int,not_lpsm,448000.0,sb,pr,home,1U,7680.0,EXP,748,EXP,35-44,not_inst,86.27232143,south,direct,0,34.0
113998,2019,cf,Joint,nopre,type1,p3,l1,nopc,nob/c,236500,4.99,0.2581,887.02,360.0,not_neg,not_int,not_lpsm,398000.0,sb,pr,home,1U,4260.0,CIB,555,EXP,55-64,to_inst,59.42211055,North,direct,0,41.0
166848,2019,cf,Female,nopre,type1,p1,l1,nopc,nob/c,96500,4.125,0.7116,3439.38,360.0,not_neg,not_int,not_lpsm,108000.0,sb,sr,home,1U,12060.0,EXP,845,EXP,65-74,to_inst,89.35185185,central,direct,0,44.0
83673,2019,cf,Male,,type3,p3,l1,nopc,nob/c,366500,,,,360.0,not_neg,not_int,not_lpsm,388000.0,sb,pr,home,1U,6720.0,EXP,504,CIB,55-64,to_inst,94.45876289,North,direct,1,18.0
151184,2019,cf,Joint,nopre,type1,p1,l1,nopc,nob/c,176500,4.875,0.9295,3800.0,360.0,not_neg,not_int,not_lpsm,218000.0,sb,pr,home,1U,2040.0,CIB,754,EXP,45-54,not_inst,80.96330275,south,direct,0,44.0
164426,2019,cf,Sex Not Available,pre,type3,p1,l1,nopc,nob/c,116500,3.875,0.302,1435.21,360.0,not_neg,not_int,not_lpsm,128000.0,sb,pr,home,1U,2160.0,EXP,721,EXP,55-64,to_inst,91.015625,south,direct,0,51.0
81680,2019,ncf,Sex Not Available,nopre,type1,p1,l1,nopc,nob/c,696500,3.625,-0.1331,2880.0,360.0,not_neg,not_int,not_lpsm,868000.0,sb,pr,home,1U,23700.0,CIB,897,CIB,45-54,to_inst,80.24193548,south,direct,0,26.0
39221,2019,cf,Female,nopre,type1,p3,l1,nopc,nob/c,136500,4.75,0.9685,4021.63,360.0,not_neg,not_int,not_lpsm,258000.0,sb,pr,home,1U,1800.0,CRIF,778,CIB,55-64,to_inst,52.90697674,south,direct,0,39.0
114687,2019,cf,Male,pre,type1,p1,l1,nopc,nob/c,136500,4.375,0.8051,1250.0,360.0,not_neg,not_int,not_lpsm,138000.0,sb,pr,home,1U,2400.0,EXP,641,CIB,35-44,to_inst,98.91304348,North,direct,0,48.0
84346,2019,cf,Male,nopre,type1,p3,l1,nopc,nob/c,176500,3.99,1.462,5320.92,180.0,neg_amm,not_int,not_lpsm,218000.0,sb,pr,home,1U,8700.0,CRIF,585,CIB,55-64,to_inst,80.96330275,North,direct,0,36.0
120077,2019,ncf,Joint,nopre,type1,p4,l1,nopc,nob/c,1116500,3.875,-0.037,1150.0,180.0,not_neg,not_int,not_lpsm,1418000.0,sb,pr,home,1U,18540.0,CIB,732,EXP,35-44,to_inst,78.73765867,south,direct,0,38.0
49777,2019,cf,Female,nopre,type1,p1,l1,nopc,nob/c,706500,3.99,-0.075,1800.0,360.0,not_neg,not_int,not_lpsm,878000.0,sb,pr,home,1U,6960.0,CRIF,594,CIB,25-34,not_inst,80.46697039,south,direct,0,45.0
105675,2019,ncf,Joint,nopre,type1,p3,l1,nopc,nob/c,556500,4.375,0.2145,,360.0,not_neg,not_int,not_lpsm,1148000.0,sb,pr,home,1U,6120.0,CIB,683,EXP,45-54,not_inst,48.47560976,North,direct,0,49.0
31709,2019,cf,Female,nopre,type1,p3,l1,nopc,nob/c,436500,2.875,-0.5831,3038.4,96.0,not_neg,not_int,not_lpsm,2008000.0,sb,pr,home,1U,15600.0,EXP,605,CIB,45-54,not_inst,21.73804781,south,direct,0,41.0
45474,2019,cf,Male,nopre,type1,p4,l1,nopc,nob/c,416500,,,,360.0,not_neg,not_int,not_lpsm,488000.0,sb,pr,home,1U,10800.0,CIB,535,CIB,25-34,not_inst,85.34836066,North,direct,1,35.0
101016,2019,cf,Joint,pre,type1,p1,l2,nopc,nob/c,306500,3.875,0.4228,1750.0,240.0,not_neg,not_int,not_lpsm,538000.0,sb,pr,home,1U,17700.0,EXP,754,EXP,45-54,to_inst,56.97026022,south,direct,0,9.0
88929,2019,cf,Male,nopre,type1,p4,l1,nopc,nob/c,476500,2.25,-0.4478,882.5,360.0,not_neg,not_int,not_lpsm,1728000.0,sb,pr,home,1U,131940.0,CRIF,741,CIB,45-54,to_inst,27.57523148,North,direct,0,13.0
32086,2019,cf,Female,nopre,type1,p3,l1,nopc,nob/c,276500,3.99,0.1565,7334.0,360.0,not_neg,not_int,not_lpsm,528000.0,sb,pr,home,1U,3660.0,CRIF,891,CIB,55-64,to_inst,52.36742424,North,direct,0,39.0
40506,2019,cf,Female,nopre,type1,p3,l1,nopc,nob/c,216500,4.99,1.3088,1742.95,360.0,not_neg,not_int,not_lpsm,788000.0,sb,ir,home,4U,4920.0,CRIF,820,CIB,>74,not_inst,27.47461929,North,direct,0,37.0
92523,2019,cf,Female,nopre,type1,p4,l2,nopc,nob/c,246500,4.875,1.0182,6563.0,360.0,not_neg,not_int,not_lpsm,288000.0,sb,pr,home,1U,10380.0,CRIF,811,CIB,45-54,to_inst,85.59027778,North,direct,0,35.0
114014,2019,cf,Sex Not Available,nopre,type1,p4,l1,nopc,nob/c,556500,3.5,-0.1082,1297.62,324.0,neg_amm,not_int,not_lpsm,698000.0,sb,pr,home,1U,11160.0,CRIF,791,EXP,45-54,not_inst,79.7277937,south,direct,0,25.0
47532,2019,cf,Joint,pre,type1,p4,l1,nopc,nob/c,256500,4.375,0.0104,0.0,360.0,not_neg,not_int,not_lpsm,608000.0,sb,pr,home,1U,6900.0,CRIF,813,EXP,45-54,not_inst,42.1875,North,direct,0,30.0
50523,2019,cf,Joint,nopre,type1,p3,l1,nopc,nob/c,446500,3.99,0.2871,0.0,360.0,not_neg,not_int,not_lpsm,558000.0,sb,pr,home,1U,10500.0,EXP,772,EXP,55-64,not_inst,80.01792115,central,direct,0,30.0
111627,2019,cf,Sex Not Available,nopre,type2,p1,l1,nopc,b/c,66500,,,,360.0,not_neg,not_int,not_lpsm,78000.0,sb,pr,home,1U,3180.0,CIB,667,EXP,35-44,to_inst,85.25641026,south,direct,1,7.0
107930,2019,cf,Male,nopre,type1,p1,l1,nopc,nob/c,286500,4.99,0.5171,0.0,360.0,neg_amm,not_int,not_lpsm,358000.0,sb,pr,home,1U,5340.0,EXP,892,CIB,35-44,not_inst,80.02793296,North,direct,0,36.0
58802,2019,cf,Joint,nopre,type1,p3,l1,nopc,nob/c,136500,5.25,1.4575,3933.96,360.0,not_neg,not_int,not_lpsm,178000.0,sb,pr,home,1U,2640.0,CRIF,749,EXP,45-54,to_inst,76.68539326,south,direct,0,43.0
86737,2019,cf,Female,nopre,type3,p3,l1,nopc,nob/c,146500,4.625,0.7386,4747.02,360.0,not_neg,not_int,not_lpsm,148000.0,sb,pr,home,1U,2580.0,EXP,528,CIB,55-64,to_inst,98.98648649,central,direct,0,37.0
108509,2019,cf,Male,nopre,type1,p4,l1,nopc,nob/c,556500,,,,360.0,not_neg,not_int,not_lpsm,758000.0,sb,pr,home,1U,6720.0,CRIF,855,CIB,35-44,to_inst,73.41688654,south,direct,1,45.0
92795,2019,cf,Sex Not Available,nopre,type1,p1,l1,nopc,nob/c,326500,,,,360.0,neg_amm,not_int,not_lpsm,498000.0,sb,pr,home,1U,4260.0,CIB,818,CIB,25-34,to_inst,65.562249,south,direct,1,48.0
49386,2019,cf,Sex Not Available,nopre,type1,p3,l1,nopc,nob/c,336500,4.375,0.0735,4620.0,360.0,not_neg,not_int,not_lpsm,488000.0,sb,pr,home,1U,7920.0,EXP,858,CIB,45-54,to_inst,68.95491803,south,direct,0,30.0
167614,2019,,Female,nopre,type2,p3,l1,nopc,b/c,186500,4.125,1.0976,1285.85,360.0,not_neg,not_int,not_lpsm,218000.0,sb,pr,home,1U,4260.0,CRIF,828,CIB,25-34,to_inst,85.55045872,North,direct,0,37.0
101128,2019,cf,Sex Not Available,nopre,type1,p1,l1,nopc,nob/c,606500,4.125,0.5723,10993.68,360.0,not_neg,not_int,not_lpsm,638000.0,sb,pr,home,1U,8880.0,EXP,639,EXP,35-44,not_inst,95.06269592,south,direct,0,37.0
98100,2019,ncf,Female,pre,type1,p1,l1,nopc,nob/c,146500,4.375,0.8345,1250.0,360.0,not_neg,not_int,not_lpsm,158000.0,sb,pr,home,1U,2340.0,CIB,636,CIB,25-34,to_inst,92.72151899,North,direct,0,38.0
172928,2019,cf,Female,pre,type1,p3,l1,nopc,nob/c,136500,5.125,0.9153,2925.0,360.0,not_neg,not_int,not_lpsm,198000.0,sb,pr,home,1U,2460.0,CIB,669,CIB,25-34,to_inst,68.93939394,North-East,direct,0,36.0
156968,2019,cf,Joint,nopre,type1,p1,l1,nopc,nob/c,226500,2.875,0.1309,5417.5,180.0,not_neg,not_int,not_lpsm,278000.0,sb,pr,home,1U,9360.0,EXP,526,EXP,45-54,to_inst,81.47482014,North,direct,0,42.0
134396,2019,cf,Female,nopre,type1,p4,l1,nopc,nob/c,506500,3.625,0.1655,3353.38,360.0,neg_amm,not_int,not_lpsm,758000.0,sb,pr,home,1U,4800.0,EXP,578,CIB,>74,not_inst,66.82058047,south,direct,0,48.0
58913,2019,cf,Female,nopre,type1,p3,l1,nopc,nob/c,386500,,,,360.0,not_neg,not_int,not_lpsm,378000.0,sb,pr,home,1U,5760.0,CIB,631,CIB,35-44,not_inst,102.2486772,North,direct,1,43.0
39116,2019,cf,Sex Not Available,nopre,type1,p4,l1,nopc,nob/c,236500,3.375,-0.1046,7165.0,360.0,not_neg,not_int,not_lpsm,408000.0,sb,sr,home,1U,8580.0,CRIF,608,EXP,65-74,to_inst,57.96568627,south,direct,0,24.0
86069,2019,cf,Male,pre,type1,p1,l1,nopc,nob/c,216500,4.625,1.1285,4156.89,360.0,not_neg,not_int,not_lpsm,238000.0,sb,pr,home,1U,3480.0,CIB,539,CIB,35-44,to_inst,90.96638655,south,direct,0,37.0
117303,2019,cf,Female,nopre,type2,p3,l1,nopc,b/c,106500,4.5,1.0041,2433.24,360.0,neg_amm,not_int,not_lpsm,128000.0,sb,pr,home,1U,1800.0,CRIF,656,CIB,55-64,to_inst,83.203125,North,direct,0,45.0
129050,2019,cf,Female,pre,type1,p3,l1,nopc,nob/c,266500,4.25,0.5734,1907.64,360.0,not_neg,not_int,not_lpsm,358000.0,sb,pr,home,1U,4140.0,EXP,663,CIB,65-74,not_inst,74.44134078,North,direct,0,46.0
60912,2019,cf,Female,nopre,type1,p3,l1,nopc,nob/c,336500,3.875,0.4141,10547.87,360.0,not_neg,not_int,not_lpsm,498000.0,sb,pr,home,1U,5100.0,CIB,585,CIB,55-64,to_inst,67.57028112,North,direct,0,29.0
41349,2019,cf,Female,nopre,type1,p4,l1,nopc,nob/c,396500,3.625,-0.023,0.0,360.0,not_neg,not_int,not_lpsm,538000.0,sb,pr,home,1U,4500.0,CRIF,692,CIB,55-64,not_inst,73.69888476,North,direct,0,38.0
78923,2019,cf,Female,pre,type1,p4,l1,nopc,nob/c,586500,4.0,0.4581,7312.5,360.0,not_neg,not_int,not_lpsm,658000.0,sb,pr,home,1U,10440.0,EXP,715,CIB,55-64,not_inst,89.1337386,North,direct,0,26.0
106051,2019,cf,Female,nopre,type1,p4,l1,nopc,nob/c,136500,4.25,0.8217,3965.0,360.0,not_neg,not_int,not_lpsm,228000.0,sb,pr,home,1U,2340.0,CIB,535,CIB,55-64,to_inst,59.86842105,North,direct,0,48.0
103120,2019,cf,Sex Not Available,pre,type1,p3,l1,nopc,nob/c,286500,4.875,1.1662,4097.5,360.0,not_neg,not_int,not_lpsm,338000.0,sb,pr,home,1U,8880.0,CIB,668,EXP,35-44,to_inst,84.76331361,south,direct,0,31.0
87839,2019,ncf,Female,nopre,type3,p1,l1,nopc,nob/c,726500,2.99,-0.3044,23415.67,360.0,not_neg,not_int,not_lpsm,788000.0,sb,pr,home,1U,15540.0,CIB,758,CIB,45-54,to_inst,92.19543147,central,direct,0,41.0
52993,2019,cf,Female,nopre,type1,p1,l1,nopc,nob/c,216500,4.56,0.8796,3775.0,360.0,not_neg,not_int,not_lpsm,308000.0,sb,pr,home,1U,3180.0,EXP,880,CIB,25-34,to_inst,70.29220779,North,direct,0,44.0
168364,2019,cf,Male,nopre,type1,p1,l1,nopc,nob/c,266500,4.99,0.6501,3137.0,360.0,not_neg,not_int,not_lpsm,298000.0,sb,pr,home,1U,6060.0,CIB,541,CIB,55-64,to_inst,89.4295302,North,direct,0,41.0
144043,2019,cf,Joint,nopre,type1,p1,l1,nopc,nob/c,466500,4.5,0.2831,566.7,360.0,not_neg,not_int,not_lpsm,518000.0,sb,pr,home,1U,12360.0,CIB,597,EXP,25-34,not_inst,90.05791506,central,direct,0,22.0
128346,2019,cf,Male,nopre,type1,p4,l1,nopc,nob/c,326500,3.875,0.5479,250.0,360.0,not_neg,not_int,not_lpsm,338000.0,sb,pr,home,1U,5460.0,CRIF,729,CIB,25-34,to_inst,96.59763314,south,direct,0,37.0
165482,2019,cf,Joint,nopre,type1,p4,l1,nopc,nob/c,486500,4.0,0.0931,,240.0,neg_amm,not_int,not_lpsm,788000.0,sb,pr,home,1U,9000.0,CRIF,802,EXP,55-64,not_inst,61.73857868,North,direct,0,38.0
104964,2019,cf,Male,nopre,type2,p1,l1,nopc,b/c,346500,4.75,1.193,1495.0,360.0,not_neg,int_only,not_lpsm,388000.0,sb,pr,home,1U,4860.0,CIB,793,CIB,35-44,not_inst,89.30412371,south,direct,0,38.0
48709,2019,cf,Joint,nopre,type1,p3,l1,nopc,nob/c,606500,3.75,0.074,2400.0,360.0,not_neg,not_int,not_lpsm,1178000.0,sb,pr,home,1U,10860.0,CIB,691,EXP,45-54,not_inst,51.48556876,south,direct,0,35.0
46039,2019,cf,Joint,nopre,type1,p3,l1,nopc,nob/c,186500,,,,360.0,not_neg,not_int,not_lpsm,268000.0,sb,pr,home,1U,2640.0,EXP,806,EXP,45-54,to_inst,69.58955224,south,direct,1,42.0
57416,2019,cf,Joint,nopre,type1,p3,l1,nopc,nob/c,566500,3.75,0.1115,3934.0,360.0,not_neg,not_int,not_lpsm,758000.0,sb,pr,home,1U,11280.0,EXP,812,EXP,25-34,not_inst,74.73614776,North,direct,0,37.0
79581,2019,cf,Male,nopre,type2,p3,l1,nopc,b/c,226500,3.375,0.5549,6578.36,360.0,not_neg,int_only,not_lpsm,258000.0,sb,pr,home,1U,2220.0,CRIF,661,CIB,45-54,to_inst,87.79069767,North,direct,0,55.0
105325,2019,cf,Female,nopre,type1,p3,l1,nopc,nob/c,106500,4.75,0.5037,3275.0,360.0,neg_amm,not_int,not_lpsm,158000.0,sb,pr,home,1U,1620.0,EXP,863,CIB,45-54,to_inst,67.40506329,North,direct,0,44.0
45007,2019,cf,Joint,pre,type3,p3,l1,nopc,nob/c,586500,3.25,-0.2832,3984.6,360.0,not_neg,not_int,not_lpsm,588000.0,sb,pr,home,1U,6900.0,EXP,761,EXP,25-34,not_inst,99.74489796,North,direct,0,45.0
137727,2019,cf,Female,nopre,type1,p4,l1,nopc,nob/c,316500,3.625,0.0871,5532.85,360.0,not_neg,not_int,not_lpsm,368000.0,sb,pr,home,1U,5820.0,CIB,562,CIB,45-54,to_inst,86.00543478,south,direct,0,38.0
25076,2019,cf,Male,nopre,type2,p3,l1,nopc,b/c,96500,4.625,0.8361,2054.53,360.0,not_neg,not_int,not_lpsm,138000.0,sb,pr,home,1U,3180.0,CIB,812,EXP,55-64,to_inst,69.92753623,North,direct,0,46.0
147238,2019,cf,Male,nopre,type1,p4,l1,nopc,nob/c,676500,3.375,-0.1077,3000.0,360.0,not_neg,not_int,not_lpsm,778000.0,sb,pr,home,1U,9840.0,CIB,834,CIB,25-34,not_inst,86.95372751,south,direct,0,35.0
146002,2019,cf,Sex Not Available,pre,type1,p1,l1,nopc,nob/c,326500,4.375,0.2249,1250.0,360.0,not_neg,not_int,not_lpsm,408000.0,sb,pr,home,1U,12060.0,CRIF,851,EXP,35-44,to_inst,80.0245098,south,direct,0,14.0
154192,2019,cf,Female,pre,type1,p3,l1,nopc,nob/c,176500,4.99,1.5008,4710.0,360.0,not_neg,not_int,not_lpsm,248000.0,sb,pr,home,1U,4080.0,CIB,715,CIB,45-54,to_inst,71.16935484,south,direct,0,36.0
72052,2019,ncf,Female,nopre,type1,p1,l1,nopc,nob/c,596500,4.5,0.375,1300.0,360.0,not_neg,not_int,not_lpsm,788000.0,sb,pr,home,1U,7080.0,CIB,843,CIB,35-44,not_inst,75.69796954,North,direct,0,40.0
61249,2019,cf,Joint,pre,type1,p1,l1,nopc,nob/c,326500,4.125,0.5277,250.0,180.0,not_neg,not_int,not_lpsm,438000.0,sb,pr,home,1U,8880.0,CIB,562,EXP,45-54,to_inst,74.543379,North,direct,0,44.0
56710,2019,cf,Female,nopre,type1,p4,l1,nopc,nob/c,236500,3.625,-0.0354,411.5,360.0,not_neg,not_int,not_lpsm,508000.0,sb,pr,home,1U,3240.0,CRIF,639,CIB,65-74,not_inst,46.55511811,North-East,direct,0,36.0
167199,2019,cf,Male,nopre,type1,p1,l1,nopc,nob/c,206500,,,,360.0,not_neg,not_int,not_lpsm,288000.0,sb,pr,home,1U,6060.0,CRIF,688,CIB,45-54,to_inst,71.70138889,North,direct,1,31.0
136679,2019,cf,Male,nopre,type1,p1,l1,nopc,nob/c,156500,4.75,1.0097,2968.58,360.0,not_neg,not_int,not_lpsm,218000.0,sb,ir,home,4U,25200.0,CRIF,603,CIB,45-54,not_inst,71.78899083,North,direct,0,40.0
159345,2019,cf,Male,nopre,type1,p4,l1,nopc,nob/c,76500,4.25,1.4057,3073.47,180.0,not_neg,not_int,not_lpsm,98000.0,sb,pr,home,1U,1980.0,CRIF,578,CIB,55-64,to_inst,78.06122449,North,direct,0,37.0
89723,2019,cf,Female,nopre,type2,p3,l1,nopc,b/c,176500,,,,360.0,not_neg,not_int,not_lpsm,188000.0,sb,pr,home,1U,2580.0,CIB,692,CIB,65-74,to_inst,93.88297872,south,direct,1,52.0
111439,2019,cf,Male,nopre,type1,p3,l1,nopc,nob/c,446500,3.99,0.5447,7914.23,360.0,not_neg,not_int,lpsm,628000.0,sb,pr,home,1U,6120.0,EXP,808,CIB,45-54,to_inst,71.09872611,North,direct,0,43.0
92849,2019,cf,Female,pre,type1,p1,l1,nopc,nob/c,316500,4.25,0.1785,0.0,360.0,not_neg,not_int,not_lpsm,368000.0,sb,pr,home,1U,7500.0,EXP,654,CIB,35-44,to_inst,86.00543478,North,direct,0,24.0
32629,2019,cf,Joint,nopre,type1,p1,l1,nopc,nob/c,566500,4.875,0.487,0.0,360.0,not_neg,not_int,not_lpsm,668000.0,sb,pr,home,1U,8760.0,EXP,685,EXP,55-64,not_inst,84.80538922,North,direct,0,40.0
31448,2019,cf,Joint,pre,type1,p3,l1,nopc,nob/c,436500,3.75,0.2714,13213.16,360.0,not_neg,not_int,not_lpsm,618000.0,sb,pr,home,1U,4260.0,EXP,895,EXP,>74,to_inst,70.63106796,North,direct,0,43.0
63292,2019,cf,Joint,nopre,type1,p3,l1,nopc,nob/c,186500,3.375,0.6203,4850.0,180.0,not_neg,not_int,not_lpsm,378000.0,sb,pr,home,1U,3720.0,EXP,848,EXP,65-74,to_inst,49.33862434,North,direct,0,34.0
34620,2019,cf,Joint,nopre,type2,p1,l1,nopc,b/c,206500,,,,360.0,not_neg,not_int,not_lpsm,208000.0,sb,pr,home,1U,6180.0,EXP,657,EXP,45-54,to_inst,99.27884615,North,direct,1,32.0
130054,2019,cf,Joint,nopre,type1,p3,l1,nopc,nob/c,546500,4.25,0.5995,2557.7,360.0,not_neg,not_int,not_lpsm,748000.0,sb,pr,home,1U,7020.0,CRIF,522,EXP,65-74,not_inst,73.06149733,south,direct,0,32.0
150895,2019,cf,Male,nopre,type2,p3,l1,nopc,b/c,286500,3.99,0.9427,3104.27,360.0,not_neg,not_int,not_lpsm,328000.0,sb,pr,home,1U,3000.0,CIB,818,CIB,55-64,to_inst,87.34756098,North,direct,0,44.0
66112,2019,cf,Female,nopre,type1,p3,l1,nopc,nob/c,316500,4.5,0.3818,5429.69,360.0,not_neg,not_int,not_lpsm,398000.0,sb,pr,home,1U,3240.0,EXP,870,CIB,55-64,to_inst,79.52261307,North,direct,0,44.0
146680,2019,cf,Sex Not Available,pre,type1,p3,l1,nopc,nob/c,136500,4.5,0.4042,3648.44,360.0,not_neg,not_int,not_lpsm,298000.0,sb,pr,home,1U,1320.0,EXP,583,CIB,55-64,to_inst,45.80536913,south,direct,0,44.0
77235,2019,ncf,Sex Not Available,nopre,type1,p4,l1,nopc,nob/c,1546500,,,,360.0,not_neg,int_only,not_lpsm,3218000.0,sb,pr,home,1U,27780.0,CIB,673,CIB,55-64,to_inst,48.05779988,south,direct,1,46.0
54198,2019,cf,Joint,nopre,type1,p4,l1,nopc,nob/c,396500,3.175,-0.2444,1952.5,360.0,not_neg,not_int,not_lpsm,588000.0,sb,pr,home,1U,8820.0,CRIF,729,EXP,65-74,to_inst,67.43197279,central,direct,0,33.0
69963,2019,cf,Male,nopre,type1,p1,l1,nopc,nob/c,436500,3.99,0.5653,1735.98,360.0,not_neg,not_int,not_lpsm,458000.0,sb,pr,home,1U,7200.0,EXP,508,CIB,55-64,not_inst,95.30567686,North,direct,0,45.0
50388,2019,cf,Female,nopre,type1,p1,l1,nopc,nob/c,126500,3.75,0.4492,1250.0,360.0,not_neg,not_int,not_lpsm,138000.0,sb,pr,home,1U,2280.0,EXP,649,CIB,45-54,to_inst,91.66666667,North,direct,0,31.0
128163,2019,cf,Joint,nopre,type1,p3,l1,nopc,nob/c,156500,4.25,0.8054,3025.0,108.0,not_neg,not_int,not_lpsm,828000.0,sb,pr,home,1U,9300.0,CIB,838,EXP,>74,to_inst,18.90096618,North,direct,0,44.0
99307,2019,cf,Male,nopre,type1,p4,l1,nopc,nob/c,236500,3.75,0.2355,3879.63,360.0,not_neg,int_only,not_lpsm,508000.0,sb,pr,home,1U,3660.0,CIB,666,CIB,55-64,to_inst,46.55511811,North,direct,0,27.0
158388,2019,cf,Female,nopre,type1,p3,l1,nopc,nob/c,316500,5.99,1.3838,1150.0,360.0,not_neg,not_int,not_lpsm,398000.0,sb,pr,home,1U,7500.0,CIB,665,CIB,35-44,to_inst,79.52261307,south,direct,0,40.0
126028,2019,cf,Sex Not Available,nopre,type1,p3,l1,nopc,nob/c,216500,3.99,0.6192,6022.5,360.0,not_neg,not_int,not_lpsm,368000.0,sb,pr,home,1U,3300.0,CIB,648,EXP,25-34,to_inst,58.83152174,south,direct,0,36.0
143405,2019,cf,Sex Not Available,nopre,type1,p3,l1,nopc,nob/c,236500,,,,360.0,not_neg,not_int,not_lpsm,308000.0,sb,pr,home,1U,4320.0,EXP,831,CIB,35-44,to_inst,76.78571429,south,direct,1,36.0
138680,2019,cf,Joint,nopre,type2,p1,l1,nopc,b/c,296500,4.5,1.1789,1392.83,360.0,not_neg,int_only,not_lpsm,298000.0,sb,pr,home,1U,5340.0,CRIF,805,EXP,45-54,not_inst,99.4966443,central,direct,0,60.0
78815,2019,cf,Male,nopre,type1,p4,l1,nopc,nob/c,276500,3.75,-0.0926,0.0,360.0,not_neg,int_only,not_lpsm,558000.0,sb,pr,home,1U,5340.0,CIB,838,CIB,45-54,not_inst,49.55197133,North,direct,0,28.0
172595,2019,cf,Sex Not Available,pre,type2,p3,l1,nopc,b/c,506500,,,,360.0,not_neg,not_int,not_lpsm,638000.0,sb,pr,home,1U,6180.0,CRIF,715,EXP,55-64,to_inst,79.38871473,south,direct,1,44.0
143797,2019,ncf,Sex Not Available,nopre,type1,p3,l1,nopc,nob/c,486500,4.375,0.545,1250.0,360.0,not_neg,not_int,not_lpsm,708000.0,sb,pr,home,1U,5760.0,CIB,830,CIB,45-54,to_inst,68.71468927,south,direct,0,49.0
161265,2019,cf,Male,nopre,type2,p4,l1,nopc,b/c,156500,3.5,0.9523,4440.05,360.0,not_neg,not_int,not_lpsm,248000.0,sb,pr,home,1U,5040.0,CRIF,863,CIB,35-44,to_inst,63.10483871,North,direct,0,28.0
108328,2019,cf,Sex Not Available,pre,type1,p3,l1,nopc,nob/c,156500,4.25,0.6773,4542.62,360.0,not_neg,not_int,not_lpsm,428000.0,sb,pr,home,1U,10500.0,CRIF,777,CIB,45-54,to_inst,36.56542056,south,direct,0,34.0
131180,2019,cf,Male,nopre,type2,p3,l1,nopc,b/c,196500,4.625,1.1878,4007.19,360.0,neg_amm,not_int,not_lpsm,258000.0,sb,pr,home,1U,5040.0,EXP,707,CIB,35-44,to_inst,76.1627907,North,direct,0,18.0
54927,2019,cf,Female,nopre,type2,p4,l1,nopc,b/c,166500,4.5,1.0178,3788.12,360.0,not_neg,not_int,not_lpsm,188000.0,sb,pr,home,1U,3900.0,CRIF,705,CIB,45-54,to_inst,88.56382979,North-East,direct,0,29.0
57975,2019,cf,Joint,nopre,type1,p1,l1,nopc,nob/c,436500,4.625,0.9993,,360.0,not_neg,not_int,not_lpsm,468000.0,sb,pr,home,1U,6960.0,EXP,626,EXP,35-44,not_inst,93.26923077,North,direct,0,38.0
68374,2019,cf,Joint,nopre,type1,p1,l2,nopc,nob/c,366500,4.375,0.0949,6951.9,360.0,not_neg,not_int,not_lpsm,458000.0,sb,pr,home,1U,22560.0,CRIF,694,EXP,35-44,not_inst,80.02183406,North,direct,0,25.0
42080,2019,cf,Sex Not Available,nopre,type1,p1,l1,nopc,nob/c,336500,3.5,0.18,2088.38,360.0,not_neg,not_int,not_lpsm,358000.0,sb,pr,home,1U,4800.0,CIB,567,CIB,35-44,to_inst,93.99441341,south,direct,0,37.0
41441,2019,cf,Sex Not Available,nopre,type2,p1,l1,nopc,b/c,156500,5.5,1.9526,1876.23,360.0,not_neg,not_int,not_lpsm,158000.0,sb,pr,home,1U,5220.0,EXP,782,CIB,45-54,to_inst,99.05063291,south,direct,0,42.0
67746,2019,cf,Male,nopre,type3,p3,l1,nopc,nob/c,156500,3.75,0.3609,3375.0,360.0,not_neg,not_int,not_lpsm,208000.0,sb,pr,home,1U,3060.0,CRIF,508,CIB,55-64,to_inst,75.24038462,North,direct,0,34.0
142757,2019,cf,Male,nopre,type1,p3,l1,nopc,nob/c,246500,,,,300.0,not_neg,not_int,not_lpsm,318000.0,sb,pr,home,1U,1800.0,EXP,595,CIB,35-44,to_inst,77.51572327,south,direct,1,18.0
89882,2019,ncf,Joint,pre,type1,p4,l1,nopc,nob/c,946500,3.625,-0.2366,0.0,360.0,not_neg,not_int,not_lpsm,1828000.0,sb,pr,home,1U,27780.0,CRIF,720,EXP,55-64,not_inst,51.77789934,central,direct,0,32.0
160782,2019,cf,Sex Not Available,nopre,type1,p3,l2,nopc,nob/c,306500,4.5,0.9561,3000.0,360.0,not_neg,not_int,not_lpsm,858000.0,sb,pr,home,1U,5880.0,CIB,831,CIB,45-54,to_inst,35.72261072,south,direct,0,37.0
99780,2019,cf,Female,nopre,type1,p1,l1,nopc,nob/c,256500,4.99,0.7619,1150.0,360.0,not_neg,not_int,not_lpsm,458000.0,sb,pr,home,1U,3360.0,EXP,636,CIB,25-34,to_inst,56.00436681,south,direct,0,41.0
26410,2019,cf,Sex Not Available,nopre,type1,p3,l1,nopc,nob/c,346500,3.99,0.1365,5570.63,360.0,not_neg,not_int,not_lpsm,508000.0,sb,pr,home,1U,5280.0,CIB,658,EXP,25-34,to_inst,68.20866142,south,direct,0,43.0
48522,2019,cf,Joint,nopre,type1,p4,l1,nopc,nob/c,546500,4.18,-0.085,1825.0,360.0,not_neg,not_int,not_lpsm,788000.0,sb,pr,home,1U,11220.0,CRIF,715,EXP,35-44,not_inst,69.35279188,North,direct,0,36.0
155018,2019,cf,Female,nopre,type1,p4,l1,nopc,nob/c,306500,2.875,-0.1807,1692.0,180.0,not_neg,not_int,not_lpsm,498000.0,sb,pr,home,1U,3840.0,CIB,643,CIB,25-34,not_inst,61.54618474,south,direct,0,49.0
77051,2019,cf,Male,nopre,type1,p4,l1,nopc,nob/c,266500,3.125,0.3553,5805.78,180.0,not_neg,not_int,not_lpsm,378000.0,sb,pr,home,1U,6180.0,CIB,879,EXP,65-74,to_inst,70.5026455,North,direct,0,47.0
125648,2019,cf,Male,nopre,type3,p3,l1,nopc,nob/c,366500,3.375,-0.2509,3600.0,360.0,not_neg,not_int,not_lpsm,438000.0,sb,pr,home,1U,7140.0,CRIF,562,CIB,35-44,to_inst,83.67579909,North,direct,0,37.0
153769,2019,cf,Male,nopre,type1,p4,l1,nopc,nob/c,136500,3.75,0.3378,4843.25,180.0,neg_amm,not_int,not_lpsm,248000.0,sb,pr,home,1U,4260.0,CIB,718,CIB,35-44,to_inst,55.04032258,North,direct,0,37.0
140363,2019,cf,Sex Not Available,nopre,type1,p1,l1,nopc,nob/c,406500,4.5,0.6542,1150.0,360.0,not_neg,not_int,not_lpsm,428000.0,sb,pr,home,1U,14640.0,CIB,614,CIB,45-54,to_inst,94.97663551,south,direct,0,32.0
114666,2019,cf,Sex Not Available,nopre,type1,p3,l1,nopc,nob/c,446500,3.5,-0.0414,8448.75,360.0,not_neg,not_int,not_lpsm,758000.0,sb,pr,home,1U,5160.0,CIB,532,CIB,55-64,to_inst,58.90501319,south,direct,0,44.0
115768,2019,cf,Male,nopre,type2,p1,l1,nopc,b/c,86500,,,,360.0,not_neg,not_int,not_lpsm,88000.0,sb,pr,home,1U,3060.0,CRIF,762,CIB,55-64,to_inst,98.29545455,North,direct,1,44.0
56200,2019,cf,Male,nopre,type1,p4,l1,nopc,nob/c,296500,,,,360.0,neg_amm,not_int,not_lpsm,318000.0,sb,pr,home,1U,9660.0,CIB,586,CIB,65-74,to_inst,93.23899371,south,direct,1,41.0
47661,2019,cf,Male,nopre,type1,p3,l1,nopc,nob/c,576500,3.99,0.3916,17062.5,360.0,not_neg,not_int,not_lpsm,968000.0,sb,pr,home,1U,12000.0,CRIF,547,CIB,55-64,to_inst,59.55578512,North,direct,0,42.0
145123,2019,cf,Joint,nopre,type1,p4,l1,nopc,nob/c,96500,3.99,0.7077,3467.4,360.0,not_neg,not_int,not_lpsm,188000.0,sb,pr,home,1U,2580.0,CIB,859,EXP,>74,to_inst,51.32978723,North,direct,0,20.0
139314,2019,cf,Female,nopre,type1,p3,l1,nopc,nob/c,86500,,,,360.0,not_neg,not_int,not_lpsm,108000.0,sb,pr,home,1U,1560.0,CRIF,814,CIB,65-74,to_inst,80.09259259,North,direct,1,31.0
80462,2019,cf,Male,nopre,type1,p1,l1,nopc,nob/c,266500,3.875,0.0771,0.0,360.0,not_neg,not_int,not_lpsm,398000.0,sb,pr,home,1U,8280.0,CRIF,737,CIB,45-54,not_inst,66.95979899,North,direct,0,36.0
79200,2019,cf,Female,pre,type1,p3,l1,nopc,nob/c,106500,4.625,0.4866,2150.0,360.0,not_neg,not_int,not_lpsm,188000.0,sb,pr,home,1U,3540.0,CRIF,823,CIB,55-64,to_inst,56.64893617,North,direct,0,38.0
95480,2019,cf,Male,nopre,type1,p3,l1,nopc,nob/c,186500,,,,240.0,not_neg,not_int,not_lpsm,218000.0,sb,pr,home,1U,3660.0,CRIF,891,EXP,65-74,to_inst,85.55045872,North,direct,1,39.0
55623,2019,cf,Female,pre,type2,p3,l1,nopc,b/c,116500,4.99,1.3575,729.74,360.0,not_neg,not_int,not_lpsm,138000.0,sb,pr,home,1U,1620.0,CIB,707,CIB,65-74,to_inst,84.42028986,central,direct,0,61.0
57386,2019,,Female,nopre,type1,p1,l1,nopc,nob/c,156500,4.5,0.6571,2240.0,360.0,not_neg,not_int,not_lpsm,178000.0,sb,pr,home,1U,2700.0,CIB,782,CIB,65-74,to_inst,87.92134831,central,direct,0,47.0
84250,2019,cf,Male,nopre,type1,p3,l1,nopc,nob/c,206500,,,,180.0,not_neg,not_int,not_lpsm,358000.0,sb,pr,home,1U,6180.0,CRIF,555,CIB,55-64,to_inst,57.68156425,North,direct,1,29.0
81167,2019,cf,Joint,nopre,type1,p4,l1,nopc,nob/c,386500,3.75,0.006,457.9,360.0,not_neg,int_only,not_lpsm,528000.0,sb,pr,home,1U,6840.0,EXP,782,EXP,45-54,not_inst,73.20075758,central,direct,0,23.0
75816,2019,cf,Female,nopre,type1,p3,l1,nopc,nob/c,486500,4.25,0.347,13053.69,360.0,not_neg,not_int,not_lpsm,708000.0,sb,pr,home,1U,6840.0,CIB,514,CIB,45-54,to_inst,68.71468927,North,direct,0,39.0
71071,2019,cf,Sex Not Available,nopre,type1,p1,l1,nopc,nob/c,246500,3.75,0.0605,819.49,360.0,not_neg,not_int,not_lpsm,548000.0,sb,pr,home,1U,10020.0,CRIF,639,EXP,35-44,not_inst,44.98175182,North,direct,0,20.0
50825,2019,cf,Male,nopre,type2,p3,l1,nopc,b/c,346500,3.99,1.0276,0.0,360.0,not_neg,not_int,not_lpsm,398000.0,sb,pr,home,1U,4740.0,CRIF,617,CIB,35-44,to_inst,87.06030151,North,direct,0,51.0
86117,2019,cf,Female,pre,type2,p1,l2,nopc,b/c,196500,4.5,1.5647,2586.42,360.0,not_neg,not_int,not_lpsm,198000.0,sb,pr,home,1U,4860.0,CIB,590,CIB,35-44,to_inst,99.24242424,North,direct,0,40.0
123938,2019,cf,Male,nopre,type1,p4,l1,nopc,nob/c,176500,,,,360.0,neg_amm,not_int,not_lpsm,248000.0,sb,pr,home,1U,3840.0,CIB,891,CIB,45-54,to_inst,71.16935484,North,direct,1,37.0
65968,2019,cf,Joint,nopre,type1,p3,l1,nopc,nob/c,316500,,,,360.0,not_neg,not_int,not_lpsm,358000.0,sb,pr,home,1U,3120.0,CIB,616,EXP,65-74,to_inst,88.40782123,south,direct,1,39.0
169289,2019,cf,Female,pre,type1,p4,l1,nopc,nob/c,376500,4.0,0.2431,4995.0,360.0,not_neg,not_int,not_lpsm,488000.0,sb,pr,home,1U,6720.0,EXP,838,CIB,55-64,not_inst,77.15163934,North,direct,0,48.0
65933,2019,cf,Sex Not Available,pre,type1,p3,l1,nopc,nob/c,396500,3.99,0.8487,4662.5,240.0,not_neg,not_int,not_lpsm,518000.0,sb,pr,home,1U,5640.0,CIB,842,EXP,45-54,to_inst,76.54440154,south,direct,0,40.0
164800,2019,cf,Male,nopre,type2,p3,l1,nopc,b/c,306500,3.99,0.4375,0.0,360.0,not_neg,not_int,not_lpsm,348000.0,sb,pr,home,1U,8760.0,EXP,815,EXP,45-54,to_inst,88.07471264,North,direct,0,49.0
162536,2019,cf,Female,pre,type1,p4,l1,nopc,nob/c,176500,3.99,0.3259,2107.0,360.0,not_neg,not_int,not_lpsm,308000.0,sb,pr,home,1U,3120.0,CRIF,899,CIB,45-54,to_inst,57.30519481,North,direct,0,48.0
65501,2019,ncf,Joint,pre,type3,p1,l1,nopc,nob/c,586500,3.625,-0.4149,2693.47,360.0,not_neg,not_int,not_lpsm,658000.0,sb,pr,home,1U,7500.0,CIB,632,EXP,35-44,not_inst,89.1337386,North,direct,0,42.0
70493,2019,cf,Male,nopre,type1,p3,l1,nopc,nob/c,366500,3.875,0.2238,5284.14,360.0,not_neg,not_int,not_lpsm,488000.0,sb,sr,home,1U,7860.0,CIB,550,CIB,45-54,to_inst,75.10245902,North,direct,0,32.0
43180,2019,cf,Joint,nopre,type1,p1,l1,nopc,nob/c,286500,4.875,1.4858,5371.88,360.0,not_neg,not_int,not_lpsm,568000.0,sb,ir,home,1U,8760.0,CRIF,837,EXP,65-74,to_inst,50.44014085,south,direct,0,39.0
111255,2019,cf,Female,nopre,type1,p3,l1,nopc,nob/c,366500,,,,360.0,not_neg,not_int,not_lpsm,448000.0,sb,pr,home,1U,5520.0,CIB,832,CIB,45-54,to_inst,81.80803571,North,direct,1,39.0
80100,2019,cf,Male,nopre,type1,p3,l1,nopc,nob/c,296500,,,,360.0,neg_amm,not_int,not_lpsm,428000.0,sb,pr,home,1U,3660.0,EXP,891,CIB,55-64,to_inst,69.27570093,North,direct,1,44.0
60510,2019,cf,Sex Not Available,nopre,type1,p4,l1,nopc,nob/c,176500,3.875,-0.0913,7378.18,360.0,not_neg,not_int,not_lpsm,268000.0,sb,pr,home,1U,2040.0,CRIF,587,EXP,>74,to_inst,65.85820896,south,direct,0,42.0
113417,2019,cf,Joint,nopre,type2,p1,l1,nopc,b/c,376500,4.125,1.6118,1886.72,360.0,not_neg,not_int,not_lpsm,398000.0,sb,pr,home,1U,6780.0,CIB,719,EXP,45-54,not_inst,94.59798995,south,direct,0,39.0
140397,2019,cf,Female,pre,type1,p4,l1,nopc,nob/c,646500,,,,360.0,not_neg,not_int,not_lpsm,698000.0,sb,pr,home,1U,8880.0,CIB,644,CIB,35-44,to_inst,92.6217765,North,direct,1,45.0
118876,2019,cf,Male,nopre,type1,p3,l1,nopc,nob/c,256500,,,,180.0,neg_amm,not_int,not_lpsm,448000.0,sb,pr,home,1U,4020.0,CIB,862,CIB,35-44,to_inst,57.25446429,south,direct,1,42.0
93276,2019,cf,Joint,nopre,type1,p4,l1,nopc,nob/c,306500,3.99,0.3251,95.83,360.0,not_neg,not_int,not_lpsm,418000.0,sb,pr,home,1U,10080.0,CRIF,779,EXP,55-64,not_inst,73.32535885,North,direct,0,31.0
38663,2019,cf,Male,nopre,type1,p4,l1,nopc,nob/c,216500,3.99,0.5361,2957.76,300.0,not_neg,not_int,not_lpsm,308000.0,sb,pr,home,1U,4260.0,CIB,758,CIB,55-64,to_inst,70.29220779,North,direct,0,31.0
64419,2019,cf,Joint,nopre,type1,p3,l1,nopc,nob/c,486500,2.875,0.0215,10415.0,180.0,not_neg,not_int,not_lpsm,1408000.0,sb,pr,home,1U,16020.0,EXP,835,EXP,65-74,not_inst,34.55255682,North,direct,0,28.0
100621,2019,cf,Sex Not Available,nopre,type1,p4,l1,nopc,nob/c,316500,,,,360.0,not_neg,not_int,not_lpsm,338000.0,sb,pr,home,1U,2880.0,CRIF,697,CIB,65-74,to_inst,93.63905325,south,direct,1,48.0
45085,2019,ncf,Female,nopre,type1,p4,l1,nopc,nob/c,226500,,,,360.0,not_neg,not_int,not_lpsm,258000.0,sb,pr,home,1U,3300.0,CRIF,559,CIB,65-74,to_inst,87.79069767,central,direct,1,37.0
74663,2019,cf,Female,nopre,type2,p4,l1,nopc,b/c,126500,,,,180.0,not_neg,not_int,not_lpsm,178000.0,sb,pr,home,1U,3000.0,CRIF,840,CIB,35-44,to_inst,71.06741573,North,direct,1,50.0
63314,2019,ncf,Male,nopre,type1,p3,l1,nopc,nob/c,806500,4.5,0.0294,6162.5,360.0,not_neg,not_int,not_lpsm,1358000.0,sb,pr,home,1U,13680.0,EXP,672,EXP,45-54,to_inst,59.38880707,south,direct,0,31.0
40575,2019,cf,Sex Not Available,nopre,type1,p3,l1,nopc,nob/c,106500,3.99,0.2956,3320.0,360.0,not_neg,not_int,not_lpsm,178000.0,sb,pr,home,1U,1800.0,EXP,744,CIB,65-74,to_inst,59.83146067,south,direct,0,42.0
94745,2019,cf,Female,nopre,type1,p3,l1,nopc,nob/c,536500,5.0,1.4671,10031.25,360.0,not_neg,not_int,not_lpsm,1578000.0,sb,ir,home,1U,9060.0,EXP,550,CIB,45-54,not_inst,33.99873257,North,direct,0,39.0
64027,2019,cf,Joint,nopre,type1,p1,l1,nopc,nob/c,316500,4.25,0.5397,1241.24,360.0,not_neg,int_only,not_lpsm,358000.0,sb,pr,home,1U,6000.0,CIB,827,EXP,25-34,not_inst,88.40782123,North-East,direct,0,32.0
36188,2019,cf,Female,nopre,type1,p2,l1,nopc,nob/c,306500,,,,360.0,not_neg,int_only,not_lpsm,658000.0,sb,pr,home,1U,4140.0,EXP,819,CIB,35-44,not_inst,46.58054711,North,direct,1,46.0
67312,2019,cf,Male,nopre,type1,p3,l1,nopc,nob/c,106500,4.375,0.9208,2525.0,180.0,not_neg,not_int,not_lpsm,178000.0,sb,pr,home,1U,3000.0,CRIF,810,EXP,55-64,to_inst,59.83146067,North,direct,0,39.0
96343,2019,cf,Female,nopre,type1,p3,l1,nopc,nob/c,266500,4.75,1.4464,8020.0,360.0,not_neg,not_int,not_lpsm,338000.0,sb,pr,home,1U,6900.0,CRIF,722,CIB,55-64,to_inst,78.84615385,North,direct,0,11.0
169091,2019,cf,Joint,nopre,type1,p3,l1,nopc,nob/c,396500,5.5,1.4928,15492.8,360.0,not_neg,not_int,not_lpsm,508000.0,sb,pr,home,1U,11580.0,CIB,825,EXP,65-74,to_inst,78.0511811,North,direct,0,36.0
173533,2019,cf,Joint,nopre,type1,p1,l1,nopc,nob/c,126500,3.99,0.6053,2937.06,360.0,not_neg,not_int,not_lpsm,178000.0,sb,pr,home,1U,1620.0,CIB,725,EXP,55-64,not_inst,71.06741573,North,direct,0,40.0
95022,2019,cf,Sex Not Available,nopre,type1,p4,l1,nopc,nob/c,276500,3.99,-0.251,2185.0,360.0,not_neg,not_int,not_lpsm,468000.0,sb,pr,home,1U,7140.0,CIB,882,CIB,45-54,to_inst,59.08119658,south,direct,0,23.0
120803,2019,cf,Joint,pre,type1,p1,l1,nopc,nob/c,106500,4.75,0.3556,261.0,360.0,neg_amm,not_int,not_lpsm,208000.0,sb,pr,home,1U,2580.0,EXP,732,EXP,55-64,not_inst,51.20192308,North,direct,0,48.0
50490,2019,cf,Joint,nopre,type1,p4,l1,nopc,nob/c,616500,3.625,-0.0427,7612.42,360.0,neg_amm,not_int,not_lpsm,828000.0,sb,pr,home,1U,8760.0,CRIF,802,EXP,35-44,not_inst,74.45652174,North,direct,0,38.0
109313,2019,cf,Joint,nopre,type1,p4,l1,nopc,nob/c,406500,3.25,-0.1909,4104.73,360.0,not_neg,not_int,not_lpsm,458000.0,sb,pr,home,1U,4020.0,CRIF,886,EXP,45-54,not_inst,88.75545852,south,direct,0,49.0
30796,2019,cf,Joint,nopre,type3,p3,l1,nopc,nob/c,366500,,,,360.0,not_neg,not_int,not_lpsm,408000.0,sb,pr,home,1U,4920.0,CIB,826,EXP,25-34,to_inst,89.82843137,south,direct,1,53.0
51799,2019,cf,Male,pre,type1,p4,l1,nopc,nob/c,336500,3.625,0.7423,10780.63,240.0,not_neg,not_int,not_lpsm,448000.0,sb,pr,home,1U,7380.0,CIB,795,CIB,35-44,to_inst,75.11160714,south,direct,0,36.0
63702,2019,ncf,Male,pre,type1,p3,l1,nopc,nob/c,1056500,,,,360.0,not_neg,not_int,not_lpsm,1308000.0,sb,pr,home,1U,17280.0,CIB,647,CIB,45-54,to_inst,80.77217125,south,direct,1,37.0
46352,2019,cf,Female,nopre,type2,p1,l1,nopc,b/c,196500,3.5,0.8861,2148.27,360.0,neg_amm,int_only,not_lpsm,198000.0,sb,pr,home,1U,2520.0,CIB,666,CIB,55-64,to_inst,99.24242424,North,direct,0,49.0
78023,2019,cf,Sex Not Available,nopre,type3,p3,l1,nopc,nob/c,146500,4.625,0.3445,3786.38,360.0,not_neg,not_int,not_lpsm,268000.0,sb,pr,home,1U,2160.0,CRIF,868,EXP,>74,to_inst,54.6641791,south,direct,0,57.0
93048,2019,cf,Sex Not Available,nopre,type1,p1,l1,nopc,nob/c,246500,3.625,0.5137,2480.0,180.0,not_neg,not_int,not_lpsm,318000.0,sb,sr,home,1U,9720.0,CRIF,787,EXP,55-64,to_inst,77.51572327,south,direct,0,36.0
79753,2019,cf,Sex Not Available,nopre,type2,p1,l1,nopc,b/c,216500,3.0,0.2642,6956.66,360.0,not_neg,not_int,not_lpsm,218000.0,sb,pr,home,1U,8100.0,CRIF,623,CIB,25-34,to_inst,99.31192661,south,direct,0,25.0
66978,2019,cf,Joint,nopre,type1,p1,l1,nopc,nob/c,126500,3.75,0.1344,2400.0,360.0,not_neg,not_int,not_lpsm,258000.0,sb,sr,home,1U,8400.0,CIB,771,EXP,45-54,not_inst,49.03100775,North,direct,0,30.0
79337,2019,cf,Female,nopre,type1,p4,l1,nopc,nob/c,386500,4.5,0.7988,294.0,360.0,not_neg,int_only,not_lpsm,438000.0,sb,pr,home,1U,15480.0,CIB,676,CIB,45-54,to_inst,88.24200913,North,direct,0,22.0
55902,2019,cf,Male,nopre,type1,p1,l1,nopc,nob/c,266500,3.99,0.2271,1536.32,360.0,not_neg,not_int,not_lpsm,338000.0,sb,pr,home,1U,3000.0,CIB,669,CIB,25-34,not_inst,78.84615385,North,direct,0,49.0
137206,2019,ncf,Joint,nopre,type1,p3,l1,nopc,nob/c,486500,,,,360.0,not_neg,int_only,not_lpsm,618000.0,sb,pr,home,1U,8340.0,CIB,691,EXP,35-44,to_inst,78.72168285,North,direct,1,42.0
111537,2019,cf,Sex Not Available,nopre,type1,p3,l1,nopc,nob/c,106500,4.75,0.9068,2443.75,360.0,not_neg,int_only,not_lpsm,158000.0,sb,pr,home,1U,1500.0,CRIF,602,CIB,55-64,to_inst,67.40506329,south,direct,0,37.0
49876,2019,cf,Female,nopre,type1,p4,l1,nopc,nob/c,556500,4.18,-0.105,0.0,360.0,not_neg,not_int,not_lpsm,688000.0,sb,pr,home,1U,5880.0,CRIF,890,CIB,45-54,not_inst,80.88662791,North,direct,0,48.0
103859,2019,cf,Sex Not Available,nopre,type2,p3,l1,nopc,b/c,246500,4.375,1.3693,1882.0,360.0,not_neg,not_int,not_lpsm,328000.0,sb,pr,home,1U,4740.0,CRIF,818,EXP,35-44,to_inst,75.15243902,south,direct,0,52.0
33803,2019,cf,Male,nopre,type1,p3,l1,nopc,nob/c,246500,3.99,0.2577,599.7,360.0,not_neg,not_int,not_lpsm,338000.0,sb,pr,home,1U,4620.0,CRIF,777,EXP,45-54,to_inst,72.92899408,North-East,direct,0,27.0
141628,2019,cf,Male,nopre,type1,p4,l1,nopc,nob/c,226500,3.99,0.4733,6195.42,360.0,not_neg,not_int,not_lpsm,328000.0,sb,pr,home,1U,4980.0,EXP,556,EXP,35-44,to_inst,69.05487805,North,direct,0,36.0
63885,2019,cf,Female,nopre,type1,p1,l1,nopc,nob/c,126500,4.875,1.502,0.0,360.0,not_neg,not_int,not_lpsm,128000.0,sb,pr,home,1U,3360.0,EXP,550,CIB,35-44,to_inst,98.828125,south,direct,0,36.0
34728,2019,cf,Female,nopre,type1,p1,l1,nopc,nob/c,266500,3.99,0.2656,531.4,360.0,not_neg,not_int,not_lpsm,358000.0,sb,pr,home,1U,2460.0,CRIF,682,EXP,45-54,not_inst,74.44134078,south,direct,0,49.0
158719,2019,cf,Sex Not Available,nopre,type2,p3,l1,nopc,b/c,106500,3.99,0.8319,3046.36,360.0,not_neg,not_int,not_lpsm,148000.0,sb,pr,home,1U,2460.0,EXP,751,CIB,25-34,to_inst,71.95945946,south,direct,0,36.0
109492,2019,cf,Joint,nopre,type1,p3,l1,nopc,nob/c,206500,3.99,0.2064,1045.0,360.0,not_neg,not_int,not_lpsm,568000.0,sb,pr,home,1U,8160.0,CRIF,719,EXP,45-54,to_inst,36.3556338,North,direct,0,20.0
146011,2019,cf,Sex Not Available,pre,type2,p3,l1,nopc,b/c,386500,,,,360.0,not_neg,not_int,not_lpsm,508000.0,sb,pr,home,1U,4620.0,CIB,780,EXP,55-64,to_inst,76.08267717,south,direct,1,52.0
119280,2019,cf,Sex Not Available,nopre,type1,p3,l1,nopc,nob/c,386500,4.56,0.5294,5628.72,360.0,not_neg,not_int,not_lpsm,558000.0,sb,pr,home,1U,5160.0,EXP,798,EXP,>74,to_inst,69.26523297,south,direct,0,41.0
120054,2019,cf,Male,pre,type1,p4,l1,nopc,nob/c,546500,,,,180.0,not_neg,not_int,not_lpsm,598000.0,sb,pr,home,1U,8400.0,CRIF,712,CIB,45-54,not_inst,91.38795987,North,direct,1,41.0
111671,2019,cf,Joint,pre,type1,p3,l1,nopc,nob/c,216500,4.75,1.4245,6995.63,360.0,not_neg,not_int,not_lpsm,288000.0,sb,pr,home,1U,3360.0,CIB,761,EXP,65-74,to_inst,75.17361111,south,direct,0,38.0
117770,2019,cf,Joint,nopre,type1,p4,l1,nopc,nob/c,646500,4.18,-0.1262,0.0,360.0,not_neg,not_int,not_lpsm,1018000.0,sb,pr,home,1U,8460.0,CRIF,587,EXP,25-34,not_inst,63.50687623,North,direct,0,44.0
40225,2019,cf,Joint,nopre,type2,p1,l1,nopc,b/c,276500,3.49,0.6905,1482.05,360.0,not_neg,not_int,not_lpsm,278000.0,sb,pr,home,1U,3840.0,CRIF,773,EXP,45-54,not_inst,99.46043165,North-East,direct,0,41.0
32740,2019,cf,Sex Not Available,nopre,type1,p3,l1,nopc,nob/c,156500,4.5,1.4329,3187.5,240.0,not_neg,not_int,not_lpsm,258000.0,sb,pr,home,1U,2460.0,CIB,661,CIB,>74,to_inst,60.65891473,south,direct,0,31.0
110387,2019,cf,Joint,nopre,type2,p1,l1,nopc,b/c,366500,3.25,0.4651,0.0,360.0,not_neg,not_int,not_lpsm,378000.0,sb,pr,home,1U,5640.0,EXP,882,EXP,45-54,not_inst,96.95767196,North,direct,0,52.0
37072,2019,cf,Joint,nopre,type1,p3,l1,nopc,nob/c,626500,3.625,0.1113,8282.82,360.0,neg_amm,int_only,not_lpsm,908000.0,sb,pr,home,1U,15240.0,CIB,816,EXP,55-64,not_inst,68.99779736,North,direct,0,42.0
40887,2019,cf,Female,nopre,type3,p1,l2,nopc,nob/c,296500,4.25,0.0441,,360.0,not_neg,not_int,not_lpsm,288000.0,sb,pr,home,1U,5700.0,CIB,770,CIB,35-44,not_inst,102.9513889,North,direct,0,60.0
135338,2019,cf,Sex Not Available,pre,type1,p4,l1,nopc,nob/c,206500,,,,180.0,not_neg,not_int,not_lpsm,208000.0,sb,pr,home,1U,4020.0,EXP,576,EXP,45-54,to_inst,99.27884615,south,direct,1,25.0
65075,2019,cf,Joint,nopre,type1,p1,l1,nopc,nob/c,576500,3.875,0.3248,1011.12,360.0,not_neg,not_int,not_lpsm,718000.0,sb,pr,home,1U,5040.0,CIB,622,EXP,25-34,not_inst,80.29247911,south,direct,0,49.0
125389,2019,cf,Sex Not Available,nopre,type2,p3,l1,nopc,b/c,306500,3.375,0.4842,3721.98,360.0,not_neg,not_int,not_lpsm,388000.0,sb,pr,home,1U,4260.0,CIB,891,CIB,25-34,to_inst,78.99484536,south,direct,0,59.0
30713,2019,cf,Male,pre,type1,p3,l1,nopc,nob/c,266500,4.625,1.1883,5243.63,360.0,not_neg,not_int,not_lpsm,358000.0,sb,ir,home,1U,8460.0,CIB,510,CIB,45-54,to_inst,74.44134078,North,direct,0,36.0
114321,2019,cf,Male,nopre,type1,p4,l1,nopc,nob/c,176500,,,,360.0,not_neg,not_int,lpsm,838000.0,sb,ir,home,1U,7680.0,CRIF,768,CIB,55-64,to_inst,21.06205251,North,direct,1,47.0
102195,2019,cf,Joint,pre,type1,p1,l1,nopc,nob/c,366500,4.0,0.5615,867.09,360.0,not_neg,not_int,not_lpsm,388000.0,sb,pr,home,1U,6060.0,CIB,602,EXP,25-34,not_inst,94.45876289,North,direct,0,33.0
143686,2019,cf,Joint,nopre,type1,p3,l1,nopc,nob/c,276500,3.25,-0.0696,7842.55,300.0,not_neg,not_int,not_lpsm,438000.0,sb,pr,home,1U,9540.0,CRIF,619,EXP,35-44,not_inst,63.12785388,North,direct,0,6.0
109053,2019,cf,Female,nopre,type1,p3,l1,nopc,nob/c,226500,3.99,0.4995,0.0,360.0,not_neg,not_int,not_lpsm,308000.0,sb,pr,home,1U,4200.0,CIB,707,CIB,55-64,to_inst,73.53896104,North,direct,0,39.0
161891,2019,cf,Male,pre,type1,p1,l1,nopc,nob/c,436500,4.125,-0.016,0.0,360.0,not_neg,not_int,not_lpsm,518000.0,sb,pr,home,1U,6300.0,CIB,605,CIB,25-34,not_inst,84.26640927,North,direct,0,37.0
69391,2019,cf,Sex Not Available,nopre,type1,p3,l1,nopc,nob/c,316500,3.25,0.0921,7840.69,180.0,not_neg,not_int,not_lpsm,848000.0,sb,pr,home,1U,6060.0,EXP,796,CIB,55-64,to_inst,37.32311321,south,direct,0,39.0
63461,2019,cf,Male,nopre,type1,p3,l1,nopc,nob/c,236500,4.125,0.8097,5063.4,360.0,not_neg,not_int,not_lpsm,348000.0,sb,pr,home,1U,5280.0,CIB,661,CIB,35-44,to_inst,67.95977011,North,direct,0,48.0
54853,2019,cf,Joint,nopre,type1,p4,l1,nopc,nob/c,276500,4.5,0.4139,2510.5,360.0,not_neg,not_int,not_lpsm,408000.0,sb,pr,home,1U,6540.0,EXP,655,EXP,35-44,to_inst,67.76960784,North,direct,0,36.0
65307,2019,cf,Joint,nopre,type1,p3,l1,nopc,nob/c,486500,4.5,0.4146,0.0,360.0,not_neg,not_int,not_lpsm,638000.0,sb,pr,home,1U,9060.0,EXP,510,EXP,25-34,not_inst,76.2539185,North,direct,0,37.0
121520,2019,cf,Male,nopre,type2,p3,l1,nopc,b/c,196500,,,,360.0,not_neg,not_int,not_lpsm,178000.0,sb,pr,home,1U,4440.0,CRIF,804,CIB,65-74,to_inst,110.3932584,North,direct,1,47.0
166245,2019,cf,Male,nopre,type1,p3,l1,nopc,nob/c,226500,,,,360.0,neg_amm,not_int,not_lpsm,278000.0,sb,pr,home,1U,5700.0,CIB,522,CIB,65-74,to_inst,81.47482014,central,direct,1,23.0
136325,2019,cf,Male,nopre,type2,p3,l1,nopc,b/c,216500,3.375,0.3446,0.0,360.0,not_neg,not_int,not_lpsm,268000.0,sb,pr,home,1U,4920.0,CIB,760,CIB,35-44,to_inst,80.78358209,North,direct,0,41.0
48642,2019,cf,Joint,nopre,type2,p1,l1,nopc,b/c,146500,,,,360.0,not_neg,not_int,not_lpsm,138000.0,sb,pr,home,1U,7740.0,EXP,796,EXP,25-34,to_inst,106.1594203,North,direct,1,30.0
141217,2019,cf,Sex Not Available,nopre,type1,p3,l1,nopc,nob/c,326500,4.375,0.8585,2888.5,360.0,not_neg,not_int,not_lpsm,558000.0,sb,pr,home,1U,6000.0,CIB,878,CIB,45-54,to_inst,58.5125448,south,direct,0,43.0
120295,2019,cf,Sex Not Available,nopre,type1,p4,l1,nopc,nob/c,436500,3.99,0.4769,3608.92,360.0,not_neg,not_int,not_lpsm,548000.0,sb,pr,home,1U,10740.0,CIB,880,EXP,55-64,to_inst,79.65328467,south,direct,0,36.0
128503,2019,cf,Sex Not Available,pre,type1,p4,l1,nopc,nob/c,436500,4.625,0.9473,4824.33,360.0,not_neg,not_int,not_lpsm,548000.0,sb,pr,home,1U,9840.0,CIB,774,CIB,35-44,to_inst,79.65328467,south,direct,0,31.0
151857,2019,ncf,Joint,nopre,type1,p1,l1,nopc,nob/c,386500,3.875,-0.255,0.0,360.0,not_neg,not_int,not_lpsm,508000.0,sb,pr,home,1U,6420.0,CRIF,785,EXP,45-54,not_inst,76.08267717,south,direct,0,40.0
115544,2019,cf,Joint,pre,type1,p1,l1,nopc,nob/c,216500,4.875,1.0375,5537.5,360.0,not_neg,not_int,not_lpsm,298000.0,sb,ir,home,1U,12000.0,CIB,866,EXP,45-54,to_inst,72.65100671,North,direct,0,35.0
80549,2019,cf,Sex Not Available,nopre,type1,p3,l1,nopc,nob/c,506500,3.0,-0.3723,295.0,360.0,not_neg,not_int,not_lpsm,1458000.0,sb,pr,home,1U,17040.0,CIB,896,EXP,55-64,to_inst,34.739369,south,direct,0,24.0
141162,2019,cf,Joint,nopre,type1,p4,l1,nopc,nob/c,336500,4.375,0.3873,652.4,360.0,not_neg,not_int,not_lpsm,458000.0,sb,ir,home,1U,10920.0,EXP,599,EXP,35-44,not_inst,73.47161572,south,direct,0,46.0
71869,2019,cf,Joint,nopre,type1,p1,l1,nopc,nob/c,586500,4.25,0.4582,4736.04,360.0,not_neg,not_int,lpsm,738000.0,sb,pr,home,1U,12420.0,CIB,770,EXP,35-44,not_inst,79.47154472,North,direct,0,29.0
118414,2019,cf,Male,nopre,type1,p3,l1,nopc,nob/c,326500,4.18,-0.2069,0.0,360.0,not_neg,not_int,not_lpsm,558000.0,sb,pr,home,1U,3360.0,EXP,608,CIB,35-44,not_inst,58.5125448,south,direct,0,44.0
55210,2019,cf,Sex Not Available,nopre,type1,p4,l1,nopc,nob/c,136500,3.99,-0.0633,3115.0,360.0,not_neg,not_int,not_lpsm,178000.0,sb,pr,home,1U,3360.0,EXP,710,CIB,35-44,to_inst,76.68539326,south,direct,0,34.0
62695,2019,cf,Female,nopre,type1,p4,l1,nopc,nob/c,236500,,,,360.0,not_neg,not_int,not_lpsm,528000.0,sb,pr,home,1U,1560.0,CIB,795,CIB,<25,not_inst,44.79166667,North,direct,1,42.0
35039,2019,cf,Joint,pre,type1,p3,l1,nopc,nob/c,676500,4.375,0.5929,0.0,360.0,not_neg,not_int,not_lpsm,948000.0,sb,pr,home,1U,6240.0,CIB,782,EXP,35-44,not_inst,71.36075949,south,direct,0,49.0
65966,2019,ncf,Joint,nopre,type2,p3,l1,nopc,b/c,276500,4.125,0.8536,4103.8,360.0,not_neg,not_int,not_lpsm,358000.0,sb,pr,home,1U,3900.0,EXP,688,EXP,45-54,to_inst,77.23463687,North,direct,0,60.0
111265,2019,cf,Joint,pre,type2,p1,l1,nopc,b/c,306500,3.99,1.2547,5221.63,360.0,not_neg,not_int,not_lpsm,308000.0,sb,pr,home,1U,5640.0,CIB,774,EXP,45-54,to_inst,99.51298701,North,direct,0,39.0
118750,2019,cf,Sex Not Available,nopre,type1,p3,l1,nopc,nob/c,136500,3.99,0.6314,3543.75,120.0,not_neg,not_int,not_lpsm,408000.0,sb,pr,home,1U,5520.0,CRIF,527,EXP,55-64,to_inst,33.45588235,south,direct,0,31.0
53386,2019,cf,Female,nopre,type2,p3,l1,nopc,b/c,616500,3.75,0.4018,8657.39,360.0,not_neg,not_int,not_lpsm,718000.0,sb,pr,home,1U,12120.0,CRIF,552,EXP,45-54,not_inst,85.86350975,North,direct,0,31.0
124849,2019,cf,Female,nopre,type1,p1,l1,nopc,nob/c,206500,3.99,0.2681,2623.0,360.0,not_neg,not_int,not_lpsm,258000.0,sb,pr,home,1U,9540.0,CIB,866,CIB,45-54,not_inst,80.03875969,central,direct,0,11.0
155852,2019,cf,Sex Not Available,nopre,type1,p4,l1,nopc,nob/c,346500,3.99,0.1041,4737.24,360.0,not_neg,not_int,not_lpsm,878000.0,sb,pr,home,1U,6120.0,CRIF,849,CIB,55-64,to_inst,39.46469248,south,direct,0,24.0
146637,2019,cf,Sex Not Available,nopre,type1,p3,l1,nopc,nob/c,226500,3.75,0.4803,7437.5,360.0,not_neg,not_int,not_lpsm,318000.0,sb,pr,home,1U,3960.0,CIB,881,CIB,>74,to_inst,71.22641509,south,direct,0,40.0
105866,2019,cf,Joint,nopre,type1,p1,l1,nopc,nob/c,416500,4.5,0.116,2290.0,360.0,neg_amm,not_int,not_lpsm,528000.0,sb,pr,home,1U,6420.0,CIB,896,EXP,35-44,not_inst,78.88257576,North,direct,0,40.0
52242,2019,cf,Sex Not Available,pre,type1,p3,l1,nopc,nob/c,176500,4.25,0.1667,6657.5,360.0,not_neg,not_int,not_lpsm,258000.0,sb,sr,home,1U,4980.0,CRIF,835,EXP,>74,to_inst,68.41085271,south,direct,0,46.0
70947,2019,cf,Sex Not Available,nopre,type1,p3,l1,nopc,nob/c,596500,3.99,0.4801,13234.0,360.0,not_neg,not_int,not_lpsm,998000.0,sb,pr,home,1U,8400.0,CIB,820,EXP,>74,to_inst,59.76953908,south,direct,0,37.0
125632,2019,cf,Sex Not Available,nopre,type1,p3,l1,nopc,nob/c,226500,3.875,0.2519,4100.0,360.0,not_neg,not_int,not_lpsm,438000.0,sb,pr,home,1U,6840.0,CIB,782,EXP,55-64,to_inst,51.71232877,south,direct,0,22.0
152014,2019,cf,Male,nopre,type1,p1,l1,nopc,nob/c,56500,4.25,0.6613,2169.85,144.0,not_neg,not_int,not_lpsm,68000.0,sb,sr,home,1U,4800.0,CRIF,648,CIB,35-44,to_inst,83.08823529,North,direct,0,49.0
123650,2019,cf,Female,nopre,type1,p1,l1,nopc,nob/c,186500,3.6,-0.2277,205.0,360.0,not_neg,not_int,not_lpsm,348000.0,sb,pr,home,1U,4860.0,CRIF,574,CIB,>74,to_inst,53.59195402,south,direct,0,22.0
47763,2019,cf,Sex Not Available,pre,type1,p1,l1,nopc,nob/c,486500,4.0,0.332,3060.84,360.0,not_neg,not_int,not_lpsm,658000.0,sb,ir,home,1U,8760.0,CRIF,886,EXP,55-64,not_inst,73.93617021,south,direct,0,40.0
157064,2019,cf,Male,nopre,type1,p1,l1,nopc,nob/c,106500,,,,360.0,not_neg,not_int,lpsm,168000.0,sb,ir,home,1U,6780.0,CIB,809,CIB,55-64,to_inst,63.39285714,south,direct,1,22.0
36801,2019,cf,Male,nopre,type2,p4,l1,nopc,b/c,176500,,,,360.0,not_neg,not_int,not_lpsm,198000.0,sb,pr,home,1U,3360.0,CIB,579,CIB,25-34,to_inst,89.14141414,North,direct,1,45.0
43224,2019,cf,Female,nopre,type1,p1,l1,nopc,nob/c,376500,3.875,0.3935,5435.46,360.0,not_neg,not_int,not_lpsm,448000.0,sb,pr,home,1U,8580.0,CIB,688,CIB,35-44,not_inst,84.04017857,North,direct,0,36.0
102271,2019,cf,Male,pre,type3,p3,l1,nopc,nob/c,196500,3.5,-0.0091,0.0,360.0,not_neg,not_int,not_lpsm,218000.0,sb,pr,home,1U,4260.0,EXP,614,CIB,35-44,to_inst,90.13761468,North,direct,0,37.0
154134,2019,cf,Male,nopre,type1,p4,l1,nopc,nob/c,176500,,,,360.0,not_neg,not_int,not_lpsm,238000.0,sb,pr,home,1U,5820.0,CRIF,591,EXP,45-54,to_inst,74.15966387,North,direct,1,49.0
106746,2019,cf,Sex Not Available,pre,type1,p4,l1,nopc,nob/c,576500,,,,360.0,not_neg,not_int,not_lpsm,978000.0,sb,pr,home,1U,1920.0,CIB,682,EXP,65-74,to_inst,58.94683027,south,direct,1,57.0
89092,2019,cf,Joint,nopre,type2,p3,l1,nopc,b/c,426500,3.5,0.4874,7361.05,360.0,not_neg,not_int,not_lpsm,508000.0,sb,pr,home,1U,4440.0,CIB,649,EXP,55-64,to_inst,83.95669291,North-East,direct,0,49.0
150902,2019,ncf,Joint,pre,type1,p1,l1,nopc,nob/c,326500,4.99,0.8674,800.0,324.0,neg_amm,not_int,not_lpsm,348000.0,sb,pr,home,1U,9120.0,CRIF,588,EXP,35-44,to_inst,93.82183908,North,direct,0,43.0
86823,2019,cf,Joint,nopre,type1,p3,l1,nopc,nob/c,466500,4.125,0.4612,6254.72,360.0,not_neg,not_int,not_lpsm,588000.0,sb,pr,home,1U,11040.0,CIB,609,EXP,45-54,not_inst,79.33673469,south,direct,0,24.0
167975,2019,cf,Male,nopre,type3,p3,l1,nopc,nob/c,116500,4.5,0.231,2485.18,360.0,neg_amm,not_int,not_lpsm,218000.0,sb,pr,home,1U,3540.0,EXP,608,CIB,55-64,to_inst,53.44036697,North,direct,0,24.0
81936,2019,cf,Sex Not Available,pre,type1,p4,l1,nopc,nob/c,306500,3.5,-0.3564,250.0,360.0,not_neg,not_int,not_lpsm,538000.0,sb,pr,home,1U,4980.0,CIB,669,CIB,>74,to_inst,56.97026022,south,direct,0,36.0
37902,2019,cf,Male,nopre,type2,p1,l1,nopc,b/c,256500,4.25,0.807,4964.56,360.0,neg_amm,not_int,not_lpsm,258000.0,sb,pr,home,1U,5100.0,CRIF,794,CIB,45-54,to_inst,99.41860465,North,direct,0,46.0
41711,2019,cf,Joint,nopre,type1,p4,l1,nopc,nob/c,376500,3.5,-0.0413,582.19,360.0,neg_amm,int_only,not_lpsm,458000.0,sb,pr,home,1U,6480.0,CIB,872,EXP,35-44,not_inst,82.20524017,North,direct,0,21.0
140728,2019,cf,Male,nopre,type1,p3,l1,nopc,nob/c,216500,3.625,0.0993,536.4,360.0,not_neg,not_int,not_lpsm,358000.0,sb,pr,home,1U,7500.0,CRIF,818,CIB,45-54,not_inst,60.47486034,central,direct,0,44.0
57808,2019,cf,Male,nopre,type1,p4,l1,nopc,nob/c,296500,3.99,0.4865,7090.0,360.0,not_neg,not_int,not_lpsm,368000.0,sb,pr,home,1U,5700.0,CRIF,655,CIB,55-64,to_inst,80.57065217,south,direct,0,23.0
82974,2019,cf,Sex Not Available,pre,type1,p3,l1,nopc,nob/c,246500,3.875,0.7108,2412.5,240.0,not_neg,not_int,not_lpsm,358000.0,sb,pr,home,1U,7320.0,CIB,752,CIB,35-44,to_inst,68.8547486,south,direct,0,24.0
120611,2019,cf,Female,nopre,type2,p3,l1,nopc,b/c,166500,4.625,1.0483,3867.29,360.0,not_neg,not_int,not_lpsm,208000.0,sb,pr,home,1U,2340.0,CIB,779,EXP,65-74,to_inst,80.04807692,North,direct,0,39.0
44724,2019,cf,Female,nopre,type1,p4,l1,nopc,nob/c,286500,,,,336.0,not_neg,not_int,not_lpsm,408000.0,sb,pr,home,1U,2340.0,EXP,747,CIB,35-44,not_inst,70.22058824,North,direct,1,8.0
129376,2019,cf,Sex Not Available,nopre,type1,p3,l1,nopc,nob/c,126500,3.75,0.4294,3806.25,156.0,not_neg,not_int,not_lpsm,428000.0,sb,pr,home,1U,3660.0,EXP,558,EXP,65-74,to_inst,29.55607477,south,direct,0,43.0
115523,2019,ncf,Joint,nopre,type1,p4,l1,nopc,nob/c,826500,4.125,0.4018,3721.2,360.0,not_neg,int_only,not_lpsm,1118000.0,sb,pr,home,1U,13500.0,CRIF,820,EXP,35-44,not_inst,73.92665474,south,direct,0,38.0
48687,2019,cf,Sex Not Available,nopre,type1,p3,l1,nopc,nob/c,366500,,,,360.0,not_neg,not_int,lpsm,458000.0,sb,pr,home,1U,3720.0,EXP,889,CIB,35-44,to_inst,80.02183406,south,direct,1,43.0
54342,2019,cf,Male,nopre,type1,p4,l1,nopc,nob/c,86500,3.875,0.7063,,180.0,not_neg,not_int,not_lpsm,158000.0,sb,pr,home,1U,1740.0,CRIF,680,CIB,55-64,to_inst,54.74683544,North,direct,0,41.0
108813,2019,cf,Male,nopre,type1,p4,l1,nopc,nob/c,156500,3.99,0.4912,4122.37,324.0,not_neg,not_int,not_lpsm,188000.0,sb,pr,home,1U,4020.0,CIB,635,CIB,45-54,to_inst,83.24468085,North,direct,0,13.0
35588,2019,ncf,Sex Not Available,nopre,type1,p3,l2,opc,nob/c,506500,6.24,1.092,,360.0,not_neg,int_only,not_lpsm,1458000.0,sb,pr,home,1U,8700.0,CIB,799,CIB,>74,to_inst,34.739369,south,direct,0,46.0
135051,2019,cf,Sex Not Available,nopre,type1,p3,l1,nopc,nob/c,726500,4.99,0.6885,9510.0,360.0,not_neg,not_int,not_lpsm,1208000.0,sb,pr,home,1U,11340.0,EXP,603,EXP,65-74,to_inst,60.14072848,south,direct,0,34.0
78475,2019,cf,Male,nopre,type1,p1,l1,nopc,nob/c,286500,4.375,0.3836,0.0,360.0,not_neg,not_int,not_lpsm,328000.0,sb,pr,home,1U,4980.0,EXP,537,CIB,25-34,not_inst,87.34756098,North,direct,0,34.0
172560,2019,cf,Male,nopre,type1,p4,l1,nopc,nob/c,266500,,,,180.0,not_neg,not_int,not_lpsm,848000.0,sb,ir,home,1U,10200.0,EXP,850,CIB,45-54,to_inst,31.42688679,south,direct,1,25.0
25315,2019,cf,Male,nopre,type1,p3,l1,nopc,nob/c,196500,4.5,0.6424,3705.5,360.0,not_neg,not_int,not_lpsm,258000.0,sb,pr,home,1U,4200.0,CRIF,569,CIB,45-54,to_inst,76.1627907,south,direct,0,27.0
159338,2019,cf,Sex Not Available,nopre,type3,p4,l1,nopc,nob/c,176500,,,,360.0,not_neg,not_int,not_lpsm,178000.0,sb,pr,home,1U,3840.0,EXP,792,EXP,65-74,to_inst,99.15730337,south,direct,1,45.0
104014,2019,cf,Joint,pre,type1,p3,l1,nopc,nob/c,346500,4.5,0.196,2170.42,360.0,not_neg,not_int,not_lpsm,438000.0,sb,pr,home,1U,13080.0,CRIF,871,EXP,35-44,not_inst,79.10958904,central,direct,0,31.0
67009,2019,cf,Male,nopre,type1,p3,l1,nopc,nob/c,206500,3.99,0.267,760.63,360.0,not_neg,not_int,not_lpsm,348000.0,sb,pr,home,1U,3540.0,CRIF,500,CIB,35-44,to_inst,59.33908046,south,direct,0,36.0
96986,2019,cf,Sex Not Available,nopre,type1,p3,l1,nopc,nob/c,266500,,,,360.0,not_neg,not_int,lpsm,378000.0,sb,ir,home,1U,1500.0,EXP,748,CIB,55-64,to_inst,70.5026455,south,direct,1,52.0
128385,2019,cf,Sex Not Available,nopre,type3,p3,l1,nopc,nob/c,356500,3.125,-0.3858,8066.25,360.0,not_neg,not_int,not_lpsm,488000.0,sb,pr,home,1U,3600.0,CIB,502,EXP,65-74,to_inst,73.05327869,south,direct,0,59.0
120180,2019,cf,Joint,nopre,type1,p4,l1,nopc,nob/c,636500,4.75,0.2814,0.0,360.0,neg_amm,not_int,not_lpsm,1308000.0,sb,pr,home,1U,8640.0,CRIF,760,EXP,35-44,not_inst,48.66207951,central,direct,0,52.0
168283,2019,cf,Joint,nopre,type2,p1,l1,nopc,b/c,286500,3.125,0.4955,0.0,360.0,not_neg,not_int,not_lpsm,298000.0,sb,pr,home,1U,6300.0,CRIF,810,EXP,25-34,not_inst,96.1409396,south,direct,0,44.0
154176,2019,cf,Sex Not Available,nopre,type1,p2,l1,nopc,nob/c,256500,,,,360.0,not_neg,int_only,not_lpsm,578000.0,sb,pr,home,1U,5760.0,CRIF,669,CIB,55-64,to_inst,44.37716263,south,direct,1,21.0
65473,2019,cf,Sex Not Available,nopre,type1,p4,l1,nopc,nob/c,376500,4.625,1.1017,,324.0,not_neg,not_int,not_lpsm,488000.0,sb,pr,home,1U,6900.0,CRIF,594,CIB,55-64,to_inst,77.15163934,south,direct,0,42.0
32053,2019,cf,Male,nopre,type1,p3,l1,nopc,nob/c,246500,,,,360.0,neg_amm,not_int,not_lpsm,258000.0,sb,pr,home,1U,8880.0,EXP,824,CIB,55-64,to_inst,95.54263566,North,direct,1,37.0
84939,2019,cf,Female,nopre,type2,p3,l1,nopc,b/c,106500,4.25,1.5989,2468.63,360.0,neg_amm,int_only,not_lpsm,148000.0,sb,pr,home,1U,2580.0,EXP,638,CIB,35-44,to_inst,71.95945946,North,direct,0,37.0
75590,2019,cf,Female,nopre,type1,p4,l1,nopc,nob/c,476500,3.625,-0.013,0.0,360.0,not_neg,not_int,not_lpsm,708000.0,sb,pr,home,1U,9480.0,CRIF,682,CIB,55-64,not_inst,67.30225989,south,direct,0,30.0
113982,2019,cf,Sex Not Available,pre,type1,p3,l1,nopc,nob/c,346500,4.625,0.288,2432.5,360.0,not_neg,not_int,not_lpsm,608000.0,sb,pr,home,1U,4140.0,CIB,697,CIB,65-74,to_inst,56.99013158,south,direct,0,37.0
126877,2019,cf,Joint,nopre,type1,p4,l1,nopc,nob/c,476500,4.875,0.9859,150.0,360.0,not_neg,not_int,not_lpsm,508000.0,sb,pr,home,1U,7500.0,EXP,686,EXP,25-34,to_inst,93.7992126,North-East,direct,0,45.0
171020,2019,cf,Female,nopre,type1,p4,l1,nopc,nob/c,116500,4.875,0.7543,2010.49,360.0,not_neg,not_int,not_lpsm,168000.0,sb,pr,home,1U,3720.0,CRIF,558,CIB,65-74,to_inst,69.3452381,North,direct,0,45.0
45725,2019,cf,Male,nopre,type2,p3,l1,nopc,b/c,156500,,,,360.0,neg_amm,not_int,not_lpsm,178000.0,sb,pr,home,1U,4560.0,CRIF,645,CIB,35-44,to_inst,87.92134831,North,direct,1,24.0
75723,2019,cf,Joint,pre,type2,p3,l1,nopc,b/c,466500,,,,360.0,not_neg,not_int,not_lpsm,548000.0,sb,pr,home,1U,8460.0,CIB,738,EXP,35-44,to_inst,85.12773723,central,direct,1,46.0
146706,2019,ncf,Male,pre,type1,p1,l1,nopc,nob/c,256500,4.5,0.9201,0.0,360.0,not_neg,not_int,not_lpsm,278000.0,sb,pr,home,1U,2520.0,CRIF,608,CIB,45-54,to_inst,92.26618705,North,direct,0,47.0
35052,2019,cf,Male,nopre,type1,p3,l1,nopc,nob/c,306500,4.375,-0.007,3037.5,360.0,not_neg,not_int,not_lpsm,858000.0,sb,pr,home,1U,4260.0,CRIF,711,CIB,55-64,to_inst,35.72261072,North,direct,0,49.0
61798,2019,cf,Female,nopre,type1,p4,l1,nopc,nob/c,216500,4.375,0.6002,1683.0,180.0,not_neg,not_int,not_lpsm,258000.0,sb,sr,home,1U,12180.0,CRIF,768,CIB,55-64,to_inst,83.91472868,central,direct,0,25.0
48497,2019,cf,Male,nopre,type1,p4,l1,nopc,nob/c,96500,4.375,1.1077,2696.25,180.0,not_neg,not_int,not_lpsm,168000.0,sb,pr,home,1U,3720.0,EXP,650,EXP,35-44,to_inst,57.44047619,North,direct,0,20.0
97688,2019,cf,Joint,nopre,type1,p1,l1,nopc,nob/c,456500,,,,360.0,not_neg,not_int,not_lpsm,488000.0,sb,pr,home,1U,3300.0,EXP,874,EXP,25-34,not_inst,93.54508197,North,direct,1,56.0
150787,2019,cf,Female,nopre,type1,p4,l1,nopc,nob/c,316500,3.625,0.3283,289.79,360.0,not_neg,not_int,not_lpsm,328000.0,sb,pr,home,1U,6960.0,EXP,870,CIB,55-64,not_inst,96.49390244,south,direct,0,47.0
67029,2019,cf,Sex Not Available,pre,type2,p3,l1,nopc,b/c,476500,,,,360.0,not_neg,not_int,not_lpsm,808000.0,sb,pr,home,1U,4560.0,EXP,747,CIB,65-74,to_inst,58.97277228,south,direct,1,60.0
77717,2019,cf,Male,nopre,type1,p4,l1,nopc,nob/c,266500,4.875,0.3866,1150.0,360.0,not_neg,not_int,not_lpsm,518000.0,sb,pr,home,1U,5760.0,EXP,656,CIB,>74,to_inst,51.44787645,North,direct,0,30.0
54829,2019,cf,Joint,nopre,type2,p1,l1,nopc,b/c,276500,,,,360.0,not_neg,not_int,not_lpsm,278000.0,sb,pr,home,1U,5700.0,CRIF,564,EXP,35-44,to_inst,99.46043165,North,direct,1,36.0
63912,2019,cf,Sex Not Available,nopre,type1,p3,l1,nopc,nob/c,216500,3.99,0.5188,5085.75,360.0,not_neg,not_int,not_lpsm,278000.0,sb,pr,home,1U,2640.0,CIB,845,EXP,65-74,to_inst,77.87769784,south,direct,0,44.0
93521,2019,cf,Male,,type1,p3,l1,nopc,nob/c,106500,4.75,1.4554,495.0,180.0,not_neg,not_int,not_lpsm,178000.0,sb,pr,home,1U,2580.0,CIB,751,EXP,45-54,not_inst,59.83146067,south,direct,0,44.0
105222,2019,cf,Sex Not Available,nopre,type1,p3,l2,opc,nob/c,106500,6.24,1.082,,360.0,not_neg,int_only,not_lpsm,1148000.0,sb,pr,home,1U,4380.0,CIB,676,CIB,65-74,to_inst,9.277003484,south,direct,0,39.0
113873,2019,cf,Male,nopre,type1,p3,l1,nopc,nob/c,546500,3.5,-0.1039,970.0,360.0,not_neg,not_int,not_lpsm,978000.0,sb,pr,home,1U,12780.0,CIB,895,CIB,65-74,to_inst,55.8793456,North,direct,0,41.0
132239,2019,cf,Male,nopre,type2,p3,l2,nopc,b/c,296500,,,,300.0,neg_amm,not_int,not_lpsm,368000.0,sb,pr,home,1U,3600.0,CRIF,619,CIB,55-64,to_inst,80.57065217,North,direct,1,56.0
89566,2019,cf,Female,nopre,type1,p2,l1,nopc,nob/c,486500,,,,360.0,not_neg,not_int,lpsm,858000.0,sb,ir,home,1U,12780.0,EXP,578,EXP,55-64,to_inst,56.7016317,North,direct,1,36.0
29609,2019,cf,Male,nopre,type1,p4,l1,nopc,nob/c,416500,4.375,0.3002,0.0,336.0,not_neg,not_int,not_lpsm,508000.0,sb,pr,home,1U,6060.0,CRIF,687,CIB,55-64,not_inst,81.98818898,south,direct,0,38.0
64146,2019,cf,Male,nopre,type1,p3,l1,nopc,nob/c,366500,4.25,0.3815,9418.75,360.0,not_neg,not_int,not_lpsm,498000.0,sb,pr,home,1U,6420.0,EXP,615,CIB,35-44,to_inst,73.59437751,North,direct,0,39.0
56269,2019,cf,Female,nopre,type1,p4,l1,nopc,nob/c,446500,3.625,0.037,0.0,360.0,not_neg,not_int,not_lpsm,908000.0,sb,pr,home,1U,6060.0,EXP,615,CIB,65-74,not_inst,49.17400881,south,direct,0,39.0
94818,2019,cf,Male,pre,type1,p3,l1,nopc,nob/c,396500,4.5,0.8002,2758.28,360.0,not_neg,not_int,not_lpsm,538000.0,sb,pr,home,1U,5100.0,CIB,550,CIB,45-54,to_inst,73.69888476,North,direct,0,49.0
36196,2019,ncf,Male,nopre,type3,p1,l1,nopc,nob/c,426500,3.75,-0.358,0.0,360.0,not_neg,not_int,not_lpsm,428000.0,sb,pr,home,1U,5880.0,CIB,883,CIB,35-44,not_inst,99.64953271,North,direct,0,54.0
49858,2019,cf,Joint,nopre,type1,p1,l1,nopc,nob/c,206500,4.125,-0.317,451.0,360.0,not_neg,not_int,not_lpsm,358000.0,sb,pr,home,1U,1920.0,CRIF,529,EXP,55-64,not_inst,57.68156425,central,direct,0,48.0
78866,2019,cf,Sex Not Available,nopre,type1,p3,l1,nopc,nob/c,316500,3.99,0.3731,5975.0,360.0,not_neg,not_int,not_lpsm,598000.0,sb,pr,home,1U,5520.0,CRIF,608,CIB,55-64,to_inst,52.9264214,south,direct,0,36.0
54954,2019,cf,Joint,nopre,type1,p1,l1,nopc,nob/c,396500,4.625,0.298,0.0,360.0,neg_amm,not_int,not_lpsm,418000.0,sb,pr,home,1U,5280.0,EXP,847,EXP,25-34,not_inst,94.85645933,North,direct,0,40.0
42502,2019,cf,Sex Not Available,nopre,type1,p3,l1,nopc,nob/c,366500,4.625,1.1398,11815.63,360.0,not_neg,not_int,not_lpsm,548000.0,sb,ir,home,4U,2100.0,CIB,668,CIB,>74,to_inst,66.87956204,south,direct,0,41.0
77366,2019,cf,Female,nopre,type2,p1,l1,nopc,b/c,226500,4.5,1.4976,3552.03,360.0,not_neg,not_int,not_lpsm,228000.0,sb,pr,home,1U,7200.0,CIB,508,EXP,45-54,to_inst,99.34210526,central,direct,0,42.0
86938,2019,cf,Joint,nopre,type1,p3,l1,nopc,nob/c,226500,4.75,0.3334,650.0,360.0,neg_amm,not_int,not_lpsm,278000.0,sb,pr,home,1U,5160.0,CRIF,656,EXP,55-64,to_inst,81.47482014,central,direct,0,23.0
46058,2019,cf,Male,nopre,type1,p1,l1,nopc,nob/c,426500,4.5,0.522,1782.67,360.0,not_neg,not_int,not_lpsm,458000.0,sb,pr,home,1U,7200.0,EXP,898,CIB,25-34,not_inst,93.12227074,North,direct,0,39.0
91559,2019,cf,Sex Not Available,nopre,type1,p3,l1,nopc,nob/c,206500,,,,360.0,not_neg,int_only,not_lpsm,278000.0,sb,pr,home,1U,1260.0,CIB,551,CIB,45-54,to_inst,74.28057554,south,direct,1,7.0
164455,2019,cf,Male,nopre,type1,p4,l1,nopc,nob/c,296500,3.99,0.3604,4423.72,360.0,not_neg,not_int,not_lpsm,428000.0,sb,pr,home,1U,4680.0,CRIF,605,CIB,35-44,not_inst,69.27570093,North,direct,0,40.0
85627,2019,cf,Male,nopre,type1,p4,l1,nopc,nob/c,266500,4.25,0.5168,1175.88,360.0,not_neg,not_int,not_lpsm,338000.0,sb,pr,home,1U,7620.0,CRIF,769,CIB,35-44,not_inst,78.84615385,North,direct,0,39.0
76751,2019,cf,Joint,nopre,type1,p3,l1,nopc,nob/c,436500,,,,360.0,not_neg,not_int,not_lpsm,658000.0,sb,pr,home,1U,5580.0,CIB,725,EXP,>74,to_inst,66.33738602,North,direct,1,46.0
158660,2019,cf,Joint,nopre,type3,p1,l1,nopc,nob/c,416500,4.99,0.1702,556.25,360.0,not_neg,not_int,not_lpsm,418000.0,sb,pr,home,1U,16620.0,CRIF,762,EXP,45-54,to_inst,99.64114833,North,direct,0,20.0
43365,2019,cf,Male,pre,type1,p3,l1,nopc,nob/c,176500,4.875,0.6926,3015.0,360.0,not_neg,not_int,not_lpsm,358000.0,sb,pr,home,1U,2160.0,EXP,566,CIB,35-44,to_inst,49.30167598,North,direct,0,47.0
136111,2019,cf,Sex Not Available,nopre,type2,p1,l1,nopc,b/c,126500,5.375,1.9243,1200.18,360.0,not_neg,not_int,not_lpsm,128000.0,sb,pr,home,1U,6600.0,CRIF,684,CIB,25-34,to_inst,98.828125,south,direct,0,35.0
29506,2019,cf,Female,nopre,type1,p4,l1,nopc,nob/c,716500,3.99,0.2323,0.0,360.0,not_neg,int_only,not_lpsm,798000.0,sb,pr,home,1U,7140.0,EXP,840,CIB,25-34,not_inst,89.78696742,south,direct,0,45.0
106783,2019,cf,Joint,nopre,type1,p3,l1,nopc,nob/c,286500,3.99,0.9197,2558.6,240.0,not_neg,not_int,not_lpsm,438000.0,sb,pr,home,1U,6060.0,CIB,867,EXP,45-54,not_inst,65.4109589,North,direct,0,37.0
106038,2019,cf,Male,nopre,type3,p1,l1,nopc,nob/c,366500,3.125,-0.2031,5425.66,360.0,not_neg,not_int,not_lpsm,368000.0,sb,pr,home,1U,8520.0,CIB,651,EXP,55-64,to_inst,99.5923913,south,direct,0,59.0
149714,2019,cf,Joint,nopre,type1,p4,l1,nopc,nob/c,556500,3.625,-0.0125,0.0,360.0,not_neg,int_only,not_lpsm,738000.0,sb,pr,home,1U,6960.0,CIB,829,EXP,35-44,not_inst,75.40650407,south,direct,0,37.0
136293,2019,cf,Male,nopre,type1,p3,l1,nopc,nob/c,366500,3.875,-0.2631,11050.0,336.0,not_neg,int_only,not_lpsm,558000.0,sb,pr,home,1U,5640.0,CIB,590,CIB,25-34,to_inst,65.68100358,south,direct,0,36.0
139832,2019,cf,Joint,nopre,type1,p3,l1,nopc,nob/c,276500,4.375,0.9076,5375.0,312.0,not_neg,not_int,not_lpsm,378000.0,sb,pr,home,1U,4620.0,EXP,616,EXP,35-44,to_inst,73.14814815,south,direct,0,41.0
59139,2019,cf,Female,nopre,type1,p4,l1,nopc,nob/c,116500,4.375,0.9543,3312.5,360.0,not_neg,not_int,not_lpsm,158000.0,sb,pr,home,1U,1920.0,EXP,786,EXP,65-74,to_inst,73.73417722,North,direct,0,42.0
97307,2019,cf,Joint,nopre,type1,p1,l1,nopc,nob/c,486500,4.125,0.0059,1302.84,360.0,not_neg,not_int,not_lpsm,608000.0,sb,pr,home,1U,8520.0,CRIF,705,EXP,35-44,not_inst,80.01644737,south,direct,0,44.0
157606,2019,cf,Sex Not Available,nopre,type1,p4,l1,nopc,nob/c,226500,,,,240.0,not_neg,not_int,not_lpsm,248000.0,sb,pr,home,1U,3300.0,EXP,569,EXP,55-64,to_inst,91.33064516,south,direct,1,32.0
109525,2019,cf,Sex Not Available,nopre,type1,p4,l1,nopc,nob/c,726500,3.875,0.3388,6317.83,360.0,not_neg,not_int,not_lpsm,1108000.0,sb,pr,home,1U,14520.0,CRIF,611,EXP,55-64,not_inst,65.56859206,North,direct,0,33.0
122420,2019,cf,Joint,nopre,type1,p1,l1,nopc,nob/c,906500,4.99,0.5145,998.0,360.0,not_neg,not_int,not_lpsm,1508000.0,sb,ir,home,3U,120240.0,CIB,855,EXP,45-54,not_inst,60.1127321,North,direct,0,17.0
151573,2019,cf,Sex Not Available,nopre,type1,p4,l1,nopc,nob/c,216500,3.75,0.7303,3702.89,240.0,not_neg,not_int,not_lpsm,318000.0,sb,pr,home,1U,7440.0,CRIF,857,CIB,55-64,to_inst,68.08176101,south,direct,0,32.0
134857,2019,cf,Female,pre,type1,p1,l1,nopc,nob/c,196500,4.75,0.3906,200.0,360.0,not_neg,not_int,not_lpsm,308000.0,sb,pr,home,1U,4440.0,CIB,803,CIB,35-44,to_inst,63.7987013,central,direct,0,40.0
37845,2019,cf,Joint,,type1,p3,l1,nopc,nob/c,486500,4.5,1.144,11442.44,240.0,not_neg,not_int,not_lpsm,758000.0,sb,pr,home,1U,6780.0,CIB,803,EXP,55-64,to_inst,64.18205805,North,direct,0,41.0
83907,2019,cf,Male,nopre,type3,p3,l1,nopc,nob/c,216500,2.99,-0.5222,1860.25,360.0,not_neg,not_int,not_lpsm,328000.0,sb,pr,home,1U,1800.0,CIB,627,CIB,65-74,to_inst,66.00609756,North,direct,0,61.0
56303,2019,cf,Sex Not Available,nopre,type3,p3,l2,nopc,nob/c,126500,3.5,-0.2726,3618.75,360.0,not_neg,not_int,not_lpsm,428000.0,sb,pr,home,1U,2100.0,CRIF,589,EXP,>74,to_inst,29.55607477,south,direct,0,54.0
151024,2019,cf,Sex Not Available,nopre,type1,p3,l1,nopc,nob/c,266500,3.99,0.6526,6775.0,360.0,not_neg,not_int,not_lpsm,388000.0,sb,pr,home,1U,3360.0,CRIF,569,CIB,55-64,to_inst,68.68556701,south,direct,0,45.0
42722,2019,cf,Sex Not Available,nopre,type1,p4,l1,nopc,nob/c,226500,3.99,0.7911,6387.79,360.0,not_neg,not_int,not_lpsm,258000.0,sb,pr,home,1U,3540.0,CRIF,548,CIB,55-64,to_inst,87.79069767,south,direct,0,37.0
145038,2019,ncf,Male,nopre,type1,p3,l1,nopc,nob/c,546500,3.875,0.3075,,360.0,not_neg,not_int,not_lpsm,778000.0,sb,pr,home,1U,17040.0,CIB,869,CIB,55-64,to_inst,70.24421594,North,direct,0,31.0
44477,2019,cf,Joint,nopre,type1,p3,l1,nopc,nob/c,456500,3.99,0.2464,0.0,360.0,not_neg,not_int,not_lpsm,1208000.0,sb,pr,home,1U,7740.0,CIB,592,EXP,35-44,not_inst,37.7897351,south,direct,0,30.0
115596,2019,cf,Male,nopre,type1,p1,l1,nopc,nob/c,526500,3.875,0.6477,85.0,240.0,not_neg,not_int,not_lpsm,1028000.0,sb,pr,home,1U,8580.0,CIB,615,CIB,55-64,not_inst,51.21595331,North,direct,0,44.0
156048,2019,cf,Joint,nopre,type3,p3,l1,nopc,nob/c,306500,2.99,-0.7547,2013.0,360.0,not_neg,not_int,not_lpsm,528000.0,sb,pr,home,1U,3660.0,CIB,580,EXP,>74,not_inst,58.04924242,North,direct,0,41.0
130799,2019,cf,Sex Not Available,nopre,type1,p1,l1,nopc,nob/c,316500,,,,360.0,not_neg,not_int,not_lpsm,348000.0,sb,pr,home,1U,6900.0,EXP,770,EXP,45-54,to_inst,90.94827586,south,direct,1,10.0
171905,2019,cf,Joint,nopre,type1,p3,l1,nopc,nob/c,226500,4.25,1.2293,2397.5,240.0,not_neg,not_int,not_lpsm,278000.0,sb,pr,home,1U,10020.0,CIB,559,EXP,35-44,to_inst,81.47482014,North,direct,0,37.0
76893,2019,cf,Joint,nopre,type1,p1,l1,nopc,nob/c,346500,,,,360.0,neg_amm,not_int,not_lpsm,588000.0,sb,pr,home,1U,4020.0,CRIF,749,EXP,35-44,not_inst,58.92857143,North,direct,1,53.0
38792,2019,cf,Sex Not Available,nopre,type1,p4,l1,nopc,nob/c,306500,3.5,0.1278,10386.14,360.0,not_neg,not_int,not_lpsm,528000.0,sb,pr,home,1U,6060.0,CRIF,573,EXP,35-44,to_inst,58.04924242,south,direct,0,38.0
147386,2019,cf,Male,pre,type1,p4,l1,nopc,nob/c,96500,,,,132.0,not_neg,not_int,not_lpsm,158000.0,sb,pr,home,1U,3720.0,CIB,518,CIB,55-64,to_inst,61.07594937,North,direct,1,35.0
72632,2019,cf,Male,nopre,type3,p3,l1,nopc,nob/c,206500,4.625,0.3944,6228.0,360.0,not_neg,not_int,not_lpsm,308000.0,sb,pr,home,1U,5100.0,CRIF,547,CIB,45-54,to_inst,67.04545455,North,direct,0,37.0
89608,2019,cf,Male,nopre,type1,p3,l1,nopc,nob/c,156500,4.75,0.427,2347.5,360.0,neg_amm,not_int,not_lpsm,318000.0,sb,pr,home,1U,2160.0,EXP,784,CIB,45-54,to_inst,49.21383648,North,direct,0,42.0
98930,2019,cf,Joint,nopre,type2,p1,l2,nopc,b/c,396500,3.99,0.6465,596.5,360.0,not_neg,not_int,not_lpsm,408000.0,sb,pr,home,1U,6060.0,CRIF,881,EXP,25-34,not_inst,97.18137255,south,direct,0,42.0
139255,2019,cf,Sex Not Available,pre,type2,p1,l1,nopc,b/c,196500,4.5,1.108,0.0,360.0,not_neg,not_int,not_lpsm,198000.0,sb,pr,home,1U,2760.0,CIB,730,CIB,25-34,to_inst,99.24242424,south,direct,0,58.0
51827,2019,ncf,Sex Not Available,pre,type1,p3,l1,nopc,nob/c,446500,4.625,0.6117,6850.01,360.0,not_neg,not_int,not_lpsm,698000.0,sb,pr,home,1U,6120.0,CRIF,752,CIB,55-64,to_inst,63.96848138,south,direct,0,44.0
140462,2019,cf,Joint,nopre,type1,p4,l1,nopc,nob/c,536500,3.75,0.1888,12778.3,360.0,not_neg,not_int,not_lpsm,768000.0,sb,pr,home,1U,10920.0,CRIF,543,EXP,45-54,to_inst,69.85677083,North,direct,0,42.0
161159,2019,cf,Female,nopre,type2,p3,l1,nopc,b/c,56500,4.25,1.2596,1962.35,360.0,not_neg,not_int,not_lpsm,88000.0,sb,pr,home,1U,900.0,EXP,614,CIB,55-64,to_inst,64.20454545,North,direct,0,44.0
94322,2019,cf,Male,nopre,type1,p3,l1,nopc,nob/c,126500,,,,120.0,not_neg,not_int,not_lpsm,238000.0,sb,pr,home,1U,3960.0,EXP,745,CIB,65-74,to_inst,53.1512605,North,direct,1,37.0
109944,2019,cf,Sex Not Available,pre,type1,p1,l1,nopc,nob/c,56500,4.99,1.023,1662.5,360.0,not_neg,not_int,not_lpsm,88000.0,sb,pr,home,1U,7680.0,EXP,715,CIB,55-64,to_inst,64.20454545,south,direct,0,20.0
144641,2019,ncf,Female,nopre,type1,p4,l1,nopc,nob/c,116500,3.25,0.4244,4577.8,120.0,not_neg,not_int,not_lpsm,188000.0,sb,pr,home,1U,3540.0,CRIF,637,CIB,55-64,to_inst,61.96808511,south,direct,0,33.0
84414,2019,cf,Sex Not Available,nopre,type1,p1,l1,nopc,nob/c,346500,3.99,1.1558,13139.5,360.0,not_neg,not_int,not_lpsm,368000.0,sb,pr,home,1U,5280.0,EXP,666,CIB,45-54,to_inst,94.1576087,south,direct,0,44.0
55711,2019,cf,Female,nopre,type2,p3,l1,nopc,b/c,386500,3.625,0.6088,0.0,360.0,not_neg,not_int,not_lpsm,478000.0,sb,pr,home,1U,5760.0,CRIF,784,EXP,55-64,to_inst,80.85774059,south,direct,0,41.0
77890,2019,cf,Male,nopre,type3,p3,l1,nopc,nob/c,276500,,,,360.0,not_neg,not_int,not_lpsm,258000.0,sb,pr,home,1U,5820.0,CRIF,655,CIB,55-64,to_inst,107.1705426,North,direct,1,43.0
81707,2019,cf,Female,nopre,type1,p3,l1,nopc,nob/c,426500,4.75,0.1217,314.66,360.0,not_neg,not_int,not_lpsm,938000.0,sb,pr,home,1U,5220.0,EXP,740,CIB,45-54,not_inst,45.46908316,south,direct,0,42.0
69670,2019,cf,Sex Not Available,nopre,type1,p3,l1,nopc,nob/c,186500,,,,360.0,not_neg,not_int,not_lpsm,288000.0,sb,pr,home,2U,1920.0,CIB,885,CIB,45-54,to_inst,64.75694444,south,direct,1,48.0
39735,2019,cf,Sex Not Available,nopre,type1,p2,l1,nopc,nob/c,256500,3.99,0.3978,450.0,360.0,not_neg,not_int,not_lpsm,598000.0,sb,ir,home,1U,7380.0,CIB,515,CIB,45-54,not_inst,42.89297659,south,direct,0,20.0
168972,2019,cf,Female,nopre,type1,p4,l1,nopc,nob/c,216500,4.75,0.8241,3306.98,360.0,not_neg,not_int,not_lpsm,248000.0,sb,pr,home,1U,4200.0,CIB,531,CIB,25-34,to_inst,87.2983871,North,direct,0,40.0
100817,2019,ncf,Joint,nopre,type1,p4,l1,nopc,nob/c,1896500,,,,360.0,neg_amm,not_int,not_lpsm,3228000.0,sb,pr,home,1U,32820.0,CRIF,839,EXP,35-44,not_inst,58.75154895,south,direct,1,35.0
46369,2019,,Joint,nopre,type2,p4,l1,nopc,b/c,446500,,,,360.0,not_neg,not_int,not_lpsm,478000.0,sb,pr,home,1U,11460.0,EXP,647,EXP,35-44,to_inst,93.41004184,North,direct,1,55.0
119340,2019,cf,Female,nopre,type1,p4,l1,nopc,nob/c,646500,4.375,0.2792,0.0,360.0,not_neg,not_int,not_lpsm,1358000.0,sb,pr,home,1U,9960.0,CRIF,776,EXP,35-44,not_inst,47.60677467,south,direct,0,38.0
163836,2019,cf,Sex Not Available,nopre,type1,p3,l1,nopc,nob/c,266500,3.99,0.5531,6665.0,180.0,not_neg,not_int,not_lpsm,408000.0,sb,pr,home,1U,10200.0,CRIF,848,CIB,35-44,to_inst,65.31862745,south,direct,0,20.0
154838,2019,cf,Sex Not Available,,type1,p4,l1,nopc,nob/c,296500,4.125,0.5651,3225.79,360.0,not_neg,int_only,not_lpsm,368000.0,sb,pr,home,1U,11280.0,EXP,767,EXP,35-44,to_inst,80.57065217,south,direct,0,22.0
172123,2019,cf,Sex Not Available,nopre,type1,p3,l1,nopc,nob/c,286500,4.375,0.3317,4300.0,360.0,not_neg,not_int,not_lpsm,438000.0,sb,pr,home,1U,6780.0,EXP,603,CIB,55-64,to_inst,65.4109589,south,direct,0,29.0
136811,2019,cf,Male,nopre,type1,p4,l1,nopc,nob/c,446500,3.625,0.0301,1800.0,360.0,not_neg,not_int,not_lpsm,628000.0,sb,pr,home,1U,7560.0,EXP,886,CIB,25-34,not_inst,71.09872611,south,direct,0,39.0
40324,2019,cf,Sex Not Available,pre,type1,p4,l1,nopc,nob/c,456500,4.125,0.3875,1250.0,360.0,not_neg,not_int,not_lpsm,578000.0,sb,pr,home,1U,7620.0,CRIF,828,EXP,35-44,to_inst,78.97923875,south,direct,0,39.0
47318,2019,cf,Male,nopre,type2,p3,l1,nopc,b/c,166500,3.5,0.5335,825.0,360.0,not_neg,not_int,not_lpsm,248000.0,sb,pr,home,1U,3540.0,CRIF,554,CIB,65-74,to_inst,67.13709677,south,direct,0,60.0
25488,2019,cf,Joint,nopre,type1,p1,l1,nopc,nob/c,696500,3.99,0.5666,7000.0,360.0,not_neg,not_int,not_lpsm,778000.0,sb,pr,home,1U,13440.0,CIB,766,EXP,35-44,not_inst,89.52442159,south,direct,0,21.0
136751,2019,cf,Male,nopre,type1,p4,l1,nopc,nob/c,176500,4.5,0.7191,1022.14,360.0,not_neg,not_int,not_lpsm,648000.0,sb,ir,home,1U,11280.0,CIB,760,CIB,45-54,not_inst,27.23765432,south,direct,0,39.0
69695,2019,cf,Female,nopre,type1,p1,l1,nopc,nob/c,366500,,,,360.0,not_neg,int_only,not_lpsm,488000.0,sb,ir,home,2U,1200.0,CIB,614,CIB,45-54,not_inst,75.10245902,North,direct,1,38.0
91896,2019,cf,Sex Not Available,pre,type3,p3,l1,nopc,nob/c,96500,3.5,0.1869,2925.0,360.0,not_neg,not_int,not_lpsm,118000.0,sb,pr,home,1U,2340.0,CIB,812,CIB,45-54,to_inst,81.77966102,south,direct,0,39.0
44805,2019,cf,Male,nopre,type1,p4,l1,nopc,nob/c,306500,3.625,-0.0837,2388.88,360.0,not_neg,not_int,not_lpsm,418000.0,sb,sr,home,1U,19140.0,CRIF,898,EXP,65-74,to_inst,73.32535885,North,direct,0,45.0
73710,2019,cf,Male,nopre,type1,p3,l1,nopc,nob/c,406500,3.625,-0.0594,1614.6,360.0,not_neg,not_int,not_lpsm,588000.0,sb,pr,home,1U,4620.0,CIB,816,CIB,35-44,not_inst,69.13265306,North,direct,0,41.0
157756,2019,cf,Joint,nopre,type1,p4,l1,nopc,nob/c,86500,4.25,1.2537,2777.03,180.0,not_neg,not_int,not_lpsm,388000.0,sb,pr,home,1U,3960.0,EXP,767,EXP,55-64,to_inst,22.29381443,North,direct,0,12.0
51260,2019,ncf,Joint,nopre,type1,p3,l1,nopc,nob/c,656500,4.0,0.0901,7447.39,360.0,not_neg,not_int,not_lpsm,1008000.0,sb,pr,home,1U,13320.0,CIB,544,EXP,55-64,not_inst,65.12896825,south,direct,0,34.0
148168,2019,cf,Sex Not Available,nopre,type1,p3,l1,nopc,nob/c,226500,3.99,0.4218,4200.0,180.0,not_neg,not_int,not_lpsm,288000.0,sb,pr,home,1U,4920.0,EXP,842,CIB,55-64,to_inst,78.64583333,south,direct,0,37.0
99189,2019,ncf,Joint,nopre,type1,p3,l1,nopc,nob/c,226500,,,,360.0,not_neg,not_int,not_lpsm,308000.0,sb,pr,home,1U,7320.0,CIB,835,EXP,55-64,not_inst,73.53896104,south,direct,1,55.0
57909,2019,cf,Joint,nopre,type1,p3,l1,nopc,nob/c,226500,,,,360.0,not_neg,not_int,not_lpsm,428000.0,sb,pr,home,1U,4080.0,CRIF,806,EXP,45-54,to_inst,52.92056075,North,direct,1,48.0
137799,2019,cf,Female,nopre,type2,p4,l1,nopc,b/c,266500,,,,360.0,neg_amm,not_int,not_lpsm,308000.0,sb,pr,home,2U,6240.0,EXP,830,CIB,55-64,to_inst,86.52597403,North,direct,1,36.0
132312,2019,cf,Joint,nopre,type1,p4,l1,nopc,nob/c,426500,3.25,-0.2954,6585.81,360.0,not_neg,not_int,not_lpsm,558000.0,sb,sr,home,1U,8760.0,CIB,747,EXP,>74,not_inst,76.43369176,North,direct,0,45.0
77692,2019,ncf,Male,nopre,type1,p2,l1,nopc,nob/c,1186500,3.625,-0.0317,24775.0,360.0,not_neg,not_int,not_lpsm,1578000.0,sb,pr,home,1U,42300.0,EXP,519,CIB,45-54,to_inst,75.19011407,North,direct,0,33.0
107092,2019,cf,Female,nopre,type1,p4,l1,nopc,nob/c,296500,3.625,-0.039,795.0,360.0,not_neg,not_int,not_lpsm,1728000.0,sb,pr,home,1U,4560.0,CIB,707,CIB,55-64,to_inst,17.15856481,North,direct,0,31.0
151641,2019,cf,Joint,nopre,type1,p4,l1,nopc,nob/c,596500,3.875,0.2654,7170.02,360.0,not_neg,not_int,not_lpsm,998000.0,sb,pr,home,1U,6120.0,EXP,513,EXP,35-44,to_inst,59.76953908,south,direct,0,48.0
30946,2019,cf,Female,nopre,type1,p3,l2,nopc,nob/c,416500,4.375,0.3726,7521.5,360.0,not_neg,not_int,not_lpsm,718000.0,sb,pr,home,1U,5280.0,CIB,699,EXP,65-74,to_inst,58.00835655,North,direct,0,44.0
159650,2019,cf,Female,nopre,type1,p3,l1,nopc,nob/c,216500,3.75,0.0282,795.0,360.0,not_neg,not_int,not_lpsm,658000.0,sb,pr,home,1U,3540.0,CRIF,548,CIB,55-64,to_inst,32.90273556,North,direct,0,45.0
46408,2019,cf,Joint,nopre,type1,p3,l1,nopc,nob/c,316500,4.125,0.3686,1011.4,360.0,not_neg,not_int,not_lpsm,448000.0,sb,pr,home,1U,4320.0,CRIF,886,EXP,65-74,not_inst,70.64732143,south,direct,0,44.0
52309,2019,cf,Male,pre,type1,p1,l1,nopc,nob/c,216500,4.75,0.5084,1418.75,360.0,not_neg,not_int,not_lpsm,238000.0,sb,pr,home,1U,4920.0,CIB,862,CIB,25-34,to_inst,90.96638655,south,direct,0,41.0
57684,2019,cf,Sex Not Available,pre,type3,p3,l1,nopc,nob/c,166500,3.875,0.3714,1703.55,360.0,not_neg,not_int,not_lpsm,178000.0,sb,pr,home,1U,3120.0,EXP,683,EXP,35-44,to_inst,93.53932584,south,direct,0,58.0
114280,2019,cf,Sex Not Available,nopre,type1,p3,l1,nopc,nob/c,206500,4.375,-0.1204,0.0,360.0,not_neg,not_int,not_lpsm,408000.0,sb,pr,home,1U,4140.0,CRIF,603,CIB,45-54,not_inst,50.6127451,south,direct,0,34.0
117460,2019,cf,Male,nopre,type1,p3,l1,nopc,nob/c,226500,4.25,0.4033,3350.0,180.0,not_neg,not_int,not_lpsm,368000.0,sb,pr,home,1U,5820.0,CIB,889,CIB,>74,to_inst,61.54891304,North,direct,0,41.0
171360,2019,cf,Male,nopre,type1,p1,l1,nopc,nob/c,396500,4.0,0.3634,672.54,360.0,not_neg,not_int,not_lpsm,418000.0,sb,pr,home,1U,4920.0,CIB,728,CIB,35-44,not_inst,94.85645933,North,direct,0,49.0
61811,2019,cf,Sex Not Available,nopre,type1,p3,l1,nopc,nob/c,156500,4.99,1.1165,3505.0,360.0,not_neg,not_int,not_lpsm,238000.0,sb,pr,home,1U,4140.0,EXP,571,CIB,35-44,to_inst,65.75630252,south,direct,0,37.0
111853,2019,cf,Female,nopre,type1,p4,l1,nopc,nob/c,396500,4.375,0.1055,542.23,360.0,not_neg,not_int,not_lpsm,448000.0,sb,pr,home,1U,5940.0,CIB,720,CIB,45-54,not_inst,88.50446429,North,direct,0,44.0
144609,2019,cf,Joint,nopre,type1,p3,l1,nopc,nob/c,266500,3.625,0.0578,7135.35,360.0,not_neg,not_int,not_lpsm,378000.0,sb,pr,home,1U,4980.0,CIB,657,EXP,55-64,to_inst,70.5026455,North,direct,0,35.0
143610,2019,cf,Female,nopre,type1,p3,l1,nopc,nob/c,366500,3.625,0.1965,3157.18,360.0,not_neg,not_int,not_lpsm,608000.0,sb,pr,home,1U,5880.0,EXP,832,CIB,35-44,not_inst,60.27960526,south,direct,0,31.0
148469,2019,cf,Male,nopre,type1,p4,l1,nopc,nob/c,346500,3.99,0.262,0.0,360.0,not_neg,not_int,not_lpsm,438000.0,sb,pr,home,1U,7020.0,CIB,509,CIB,35-44,not_inst,79.10958904,North,direct,0,21.0
108158,2019,cf,Male,nopre,type2,p3,l1,nopc,b/c,306500,4.75,1.3564,0.0,360.0,not_neg,not_int,not_lpsm,348000.0,sb,pr,home,1U,4200.0,CRIF,532,EXP,35-44,to_inst,88.07471264,North,direct,0,48.0
133814,2019,cf,Sex Not Available,nopre,type2,p3,l1,nopc,b/c,126500,5.5,1.7213,1008.98,360.0,not_neg,not_int,not_lpsm,268000.0,sb,pr,home,1U,2640.0,EXP,516,CIB,55-64,to_inst,47.20149254,south,direct,0,42.0
104904,2019,cf,Female,pre,type1,p1,l1,nopc,nob/c,226500,3.99,0.7547,6661.51,360.0,not_neg,not_int,not_lpsm,238000.0,sb,pr,home,1U,3840.0,EXP,766,CIB,45-54,to_inst,95.16806723,North,direct,0,40.0
150422,2019,cf,Sex Not Available,nopre,type1,p4,l1,nopc,nob/c,86500,5.25,1.462,2859.85,360.0,not_neg,not_int,not_lpsm,138000.0,sb,ir,home,2U,15300.0,CIB,522,EXP,55-64,to_inst,62.68115942,south,direct,0,41.0
62028,2019,cf,Sex Not Available,nopre,type1,p3,l1,nopc,nob/c,416500,,,,360.0,not_neg,not_int,not_lpsm,608000.0,sb,pr,home,1U,10380.0,CIB,810,EXP,45-54,to_inst,68.50328947,south,direct,1,37.0
62255,2019,cf,Sex Not Available,nopre,type1,p3,l1,nopc,nob/c,336500,3.99,0.9778,1786.54,240.0,not_neg,not_int,not_lpsm,528000.0,sb,pr,home,1U,5220.0,CRIF,779,CIB,35-44,not_inst,63.73106061,south,direct,0,38.0
50728,2019,cf,Male,nopre,type1,p4,l1,nopc,nob/c,636500,4.125,0.7422,0.0,360.0,not_neg,not_int,not_lpsm,698000.0,sb,pr,home,1U,17460.0,EXP,848,EXP,35-44,not_inst,91.18911175,North,direct,0,27.0
102071,2019,cf,Male,nopre,type1,p4,l1,nopc,nob/c,386500,3.99,0.4214,1732.38,360.0,not_neg,not_int,not_lpsm,708000.0,sb,pr,home,1U,5820.0,EXP,861,CIB,25-34,to_inst,54.59039548,North,direct,0,39.0
161779,2019,cf,Male,nopre,type1,p1,l1,nopc,nob/c,456500,3.625,0.0382,7345.0,360.0,not_neg,not_int,not_lpsm,508000.0,sb,pr,home,1U,7380.0,EXP,636,CIB,45-54,not_inst,89.86220472,North,direct,0,31.0
120115,2019,cf,Joint,nopre,type2,p1,l1,nopc,b/c,226500,4.75,1.6278,73.21,360.0,not_neg,not_int,not_lpsm,238000.0,sb,pr,home,1U,3840.0,CIB,877,EXP,45-54,not_inst,95.16806723,central,direct,0,54.0
62039,2019,cf,Joint,nopre,type1,p4,l1,nopc,nob/c,416500,,,,360.0,neg_amm,not_int,not_lpsm,618000.0,sb,pr,home,1U,1200.0,EXP,588,EXP,55-64,to_inst,67.39482201,North,direct,1,17.0
90436,2019,cf,Female,nopre,type1,p4,l1,nopc,nob/c,346500,4.56,0.6631,48.44,360.0,not_neg,not_int,not_lpsm,388000.0,sb,pr,home,1U,5340.0,CRIF,584,EXP,<25,not_inst,89.30412371,North,direct,0,43.0
120065,2019,cf,Sex Not Available,nopre,type1,p4,l1,nopc,nob/c,176500,4.375,0.3309,5787.0,360.0,neg_amm,not_int,not_lpsm,278000.0,sb,pr,home,1U,3300.0,CIB,899,EXP,65-74,to_inst,63.48920863,south,direct,0,56.0
73922,2019,ncf,Male,nopre,type1,p4,l1,nopc,nob/c,226500,4.375,0.2971,1807.73,360.0,not_neg,not_int,not_lpsm,378000.0,sb,pr,home,1U,6300.0,EXP,669,CIB,45-54,to_inst,59.92063492,North,direct,0,20.0
43837,2019,cf,Sex Not Available,nopre,type2,p3,l1,nopc,b/c,166500,3.625,0.8452,4073.67,360.0,not_neg,not_int,not_lpsm,248000.0,sb,pr,home,1U,2280.0,EXP,572,CIB,55-64,to_inst,67.13709677,south,direct,0,56.0
92957,2019,cf,Sex Not Available,nopre,type1,p3,l1,nopc,nob/c,106500,4.125,0.1782,2875.0,360.0,not_neg,not_int,not_lpsm,888000.0,sb,pr,home,1U,4200.0,EXP,701,EXP,>74,to_inst,11.99324324,south,direct,0,20.0
111672,2019,ncf,Female,nopre,type2,p3,l1,nopc,b/c,196500,3.99,0.7351,3349.94,360.0,not_neg,not_int,not_lpsm,238000.0,sb,pr,home,1U,2520.0,CRIF,638,CIB,25-34,to_inst,82.56302521,North,direct,0,50.0
143427,2019,cf,Sex Not Available,nopre,type1,p2,l1,nopc,nob/c,216500,,,,360.0,not_neg,not_int,not_lpsm,358000.0,sb,pr,home,1U,2760.0,CIB,650,CIB,45-54,to_inst,60.47486034,south,direct,1,37.0
114606,2019,cf,Sex Not Available,nopre,type2,p3,l1,nopc,b/c,246500,3.99,1.0608,1180.0,360.0,not_neg,not_int,not_lpsm,398000.0,sb,pr,home,1U,3180.0,EXP,776,CIB,45-54,to_inst,61.93467337,south,direct,0,38.0
30180,2019,cf,Male,nopre,type1,p4,l1,nopc,nob/c,216500,3.875,0.3389,4165.0,360.0,not_neg,not_int,not_lpsm,268000.0,sb,pr,home,1U,2100.0,EXP,619,EXP,55-64,to_inst,80.78358209,North,direct,0,59.0
172563,2019,cf,Male,nopre,type3,p3,l1,nopc,nob/c,626500,3.375,-0.4048,0.0,360.0,not_neg,not_int,not_lpsm,728000.0,sb,pr,home,1U,5100.0,CIB,581,CIB,45-54,not_inst,86.05769231,North,direct,0,48.0
169073,2019,cf,Male,pre,type1,p1,l1,nopc,nob/c,156500,4.25,0.3142,1144.16,360.0,not_neg,not_int,not_lpsm,158000.0,sb,pr,home,1U,2100.0,CIB,830,CIB,45-54,not_inst,99.05063291,North,direct,0,39.0
30611,2019,cf,Female,nopre,type1,p3,l1,nopc,nob/c,266500,4.0,-0.2418,3954.11,360.0,not_neg,not_int,not_lpsm,498000.0,sb,pr,home,1U,5940.0,EXP,696,CIB,45-54,not_inst,53.51405622,North,direct,0,28.0
93042,2019,cf,Joint,nopre,type2,p1,l2,nopc,b/c,606500,3.625,0.02,552.69,360.0,not_neg,not_int,not_lpsm,678000.0,sb,pr,home,1U,7440.0,CIB,806,EXP,25-34,not_inst,89.45427729,North,direct,0,55.0
25625,2019,cf,Female,nopre,type1,p4,l1,nopc,nob/c,296500,3.25,-0.3368,3036.69,360.0,not_neg,not_int,not_lpsm,418000.0,sb,pr,home,1U,5880.0,CRIF,558,CIB,45-54,to_inst,70.93301435,central,direct,0,28.0
112263,2019,ncf,Joint,pre,type3,p1,l1,nopc,nob/c,116500,3.5,-0.2598,5162.5,360.0,not_neg,not_int,not_lpsm,118000.0,sb,pr,home,1U,3120.0,EXP,538,EXP,>74,to_inst,98.72881356,North,direct,0,24.0
39036,2019,cf,Sex Not Available,nopre,type1,p1,l1,nopc,nob/c,146500,4.5,0.7392,2897.32,360.0,not_neg,not_int,not_lpsm,168000.0,sb,pr,home,1U,2700.0,CIB,671,EXP,>74,to_inst,87.20238095,south,direct,0,39.0
140059,2019,cf,Male,nopre,type2,p1,l1,nopc,b/c,296500,,,,360.0,not_neg,not_int,not_lpsm,288000.0,sb,pr,home,1U,5640.0,CRIF,803,CIB,45-54,to_inst,102.9513889,North,direct,1,53.0
113868,2019,cf,Male,nopre,type1,p4,l1,nopc,nob/c,516500,3.25,-0.4154,2000.0,360.0,not_neg,not_int,not_lpsm,868000.0,sb,pr,home,1U,6960.0,EXP,581,CIB,25-34,not_inst,59.50460829,North,direct,0,38.0
67103,2019,cf,Sex Not Available,nopre,type1,p3,l1,nopc,nob/c,426500,3.99,0.4451,3511.2,360.0,not_neg,not_int,not_lpsm,628000.0,sb,pr,home,1U,10260.0,EXP,587,CIB,45-54,to_inst,67.91401274,south,direct,0,24.0
82150,2019,cf,Joint,nopre,type1,p3,l1,nopc,nob/c,316500,4.56,0.2419,4708.38,360.0,neg_amm,not_int,not_lpsm,558000.0,sb,pr,home,1U,4140.0,CIB,764,EXP,65-74,to_inst,56.72043011,North,direct,0,37.0
69718,2019,cf,Male,pre,type1,p1,l1,nopc,nob/c,266500,3.99,0.4494,2707.78,360.0,not_neg,not_int,not_lpsm,278000.0,sb,pr,home,1U,5580.0,CRIF,626,CIB,25-34,to_inst,95.86330935,North,direct,0,34.0
100876,2019,cf,Sex Not Available,nopre,type1,p3,l1,nopc,nob/c,106500,4.75,1.3675,3094.8,180.0,not_neg,not_int,not_lpsm,138000.0,sb,pr,home,1U,7680.0,CRIF,670,EXP,55-64,to_inst,77.17391304,south,direct,0,19.0
72998,2019,cf,Female,pre,type1,p1,l1,nopc,nob/c,426500,4.25,0.895,1888.5,360.0,not_neg,not_int,not_lpsm,448000.0,sb,pr,home,1U,14940.0,CIB,712,CIB,35-44,not_inst,95.20089286,North,direct,0,6.0
89900,2019,cf,Female,nopre,type1,p4,l1,nopc,nob/c,116500,4.5,1.2284,3143.13,324.0,not_neg,not_int,not_lpsm,208000.0,sb,pr,home,1U,1800.0,CRIF,837,EXP,65-74,to_inst,56.00961538,North,direct,0,30.0
48324,2019,cf,Female,nopre,type2,p3,l1,nopc,b/c,46500,4.99,1.396,,360.0,not_neg,not_int,not_lpsm,68000.0,sb,pr,home,1U,840.0,CIB,892,CIB,65-74,to_inst,68.38235294,North,direct,0,26.0
33837,2019,cf,Male,pre,type1,p3,l1,nopc,nob/c,286500,4.375,0.041,995.0,360.0,not_neg,not_int,not_lpsm,978000.0,sb,pr,home,1U,4860.0,EXP,697,CIB,55-64,not_inst,29.29447853,south,direct,0,30.0
140627,2019,cf,Male,nopre,type1,p3,l1,nopc,nob/c,306500,4.875,0.39,0.0,360.0,not_neg,not_int,not_lpsm,388000.0,sb,pr,home,1U,5700.0,CIB,573,CIB,35-44,not_inst,78.99484536,North,direct,0,39.0
106771,2019,cf,Joint,pre,type1,p3,l1,nopc,nob/c,486500,3.625,-0.0974,1444.61,360.0,not_neg,not_int,not_lpsm,908000.0,sb,pr,home,1U,32820.0,CIB,587,EXP,55-64,not_inst,53.57929515,North,direct,0,48.0
150183,2019,cf,Male,nopre,type3,p3,l1,nopc,nob/c,496500,3.99,-0.168,0.0,360.0,not_neg,not_int,not_lpsm,598000.0,sb,pr,home,1U,5700.0,EXP,882,CIB,55-64,not_inst,83.02675585,North,direct,0,43.0
143624,2019,cf,Female,nopre,type1,p4,l1,nopc,nob/c,486500,3.99,0.3297,,324.0,not_neg,not_int,not_lpsm,938000.0,sb,pr,home,1U,14040.0,EXP,510,CIB,35-44,to_inst,51.86567164,North,direct,0,30.0
75127,2019,cf,Sex Not Available,nopre,type1,p4,l1,nopc,nob/c,236500,,,,360.0,neg_amm,not_int,not_lpsm,538000.0,sb,pr,home,1U,4080.0,CIB,870,EXP,55-64,to_inst,43.95910781,south,direct,1,37.0
131828,2019,cf,Male,nopre,type1,p3,l1,nopc,nob/c,386500,4.375,0.354,2989.43,360.0,not_neg,not_int,not_lpsm,648000.0,sb,pr,home,1U,10560.0,CRIF,875,CIB,45-54,to_inst,59.64506173,North,direct,0,38.0
126462,2019,cf,Joint,pre,type1,p1,l1,nopc,nob/c,256500,,,,360.0,not_neg,not_int,not_lpsm,288000.0,sb,pr,home,1U,3180.0,CIB,610,EXP,45-54,to_inst,89.0625,North,direct,1,14.0
173091,2019,cf,Female,nopre,type2,p3,l1,nopc,b/c,426500,3.75,0.8927,10583.75,360.0,not_neg,not_int,not_lpsm,528000.0,sb,pr,home,1U,7860.0,CRIF,900,CIB,65-74,not_inst,80.77651515,south,direct,0,39.0
50374,2019,cf,Sex Not Available,nopre,type1,p3,l1,nopc,nob/c,196500,,,,360.0,not_neg,not_int,not_lpsm,208000.0,sb,pr,home,1U,5280.0,CIB,788,EXP,35-44,to_inst,94.47115385,south,direct,1,38.0
170857,2019,cf,Sex Not Available,nopre,type1,p3,l1,nopc,nob/c,516500,3.75,0.0338,0.0,360.0,not_neg,not_int,not_lpsm,808000.0,sb,pr,home,1U,7440.0,CIB,769,CIB,45-54,not_inst,63.92326733,south,direct,0,26.0
54766,2019,cf,Male,nopre,type1,p3,l1,nopc,nob/c,186500,4.56,0.345,5610.0,360.0,neg_amm,not_int,not_lpsm,228000.0,sb,pr,home,1U,3960.0,CIB,845,CIB,55-64,to_inst,81.79824561,central,direct,0,40.0
158989,2019,cf,Sex Not Available,nopre,type2,p3,l1,nopc,b/c,176500,,,,240.0,not_neg,not_int,not_lpsm,238000.0,sb,pr,home,1U,5880.0,CIB,899,EXP,45-54,to_inst,74.15966387,south,direct,1,60.0
27686,2019,cf,Sex Not Available,nopre,type2,p2,l1,nopc,b/c,136500,3.99,0.9091,,360.0,not_neg,not_int,not_lpsm,198000.0,sb,pr,home,2U,3360.0,CIB,740,CIB,55-64,to_inst,68.93939394,south,direct,0,56.0
144072,2019,cf,Female,pre,type1,p1,l1,nopc,nob/c,66500,4.875,1.1458,870.0,360.0,not_neg,not_int,not_lpsm,78000.0,sb,pr,home,1U,2820.0,EXP,542,CIB,45-54,to_inst,85.25641026,North,direct,0,31.0
169466,2019,cf,Male,nopre,type1,p4,l1,nopc,nob/c,436500,4.125,0.9331,6501.04,360.0,not_neg,not_int,not_lpsm,458000.0,sb,pr,home,1U,7620.0,CRIF,857,EXP,25-34,not_inst,95.30567686,North,direct,0,30.0
85396,2019,cf,Female,nopre,type1,p2,l1,nopc,nob/c,306500,3.5,0.1162,4337.0,180.0,not_neg,not_int,not_lpsm,1208000.0,sb,pr,home,1U,5760.0,CRIF,820,CIB,65-74,not_inst,25.37251656,North,direct,0,39.0
56493,2019,cf,Joint,nopre,type1,p4,l1,nopc,nob/c,276500,,,,360.0,not_neg,not_int,not_lpsm,658000.0,sb,pr,home,1U,2580.0,CRIF,630,EXP,45-54,to_inst,42.0212766,south,direct,1,31.0
34020,2019,cf,Sex Not Available,nopre,type2,p3,l1,nopc,b/c,156500,4.5,1.7962,2744.81,360.0,not_neg,not_int,not_lpsm,218000.0,sb,pr,home,1U,3720.0,CIB,737,CIB,35-44,to_inst,71.78899083,south,direct,0,46.0
71247,2019,cf,Joint,nopre,type1,p4,l1,nopc,nob/c,726500,3.99,-0.1073,0.0,360.0,not_neg,not_int,not_lpsm,998000.0,sb,pr,home,1U,8160.0,CIB,663,EXP,45-54,not_inst,72.79559118,south,direct,0,42.0
137511,2019,cf,Male,nopre,type1,p3,l1,nopc,nob/c,186500,4.25,0.8352,5703.13,360.0,not_neg,not_int,not_lpsm,258000.0,sb,pr,home,1U,5640.0,CRIF,690,CIB,55-64,to_inst,72.28682171,North,direct,0,42.0
97157,2019,cf,Joint,nopre,type1,p1,l1,nopc,nob/c,346500,4.0,0.3565,887.4,360.0,not_neg,not_int,not_lpsm,408000.0,sb,pr,home,1U,4800.0,CIB,721,EXP,25-34,not_inst,84.92647059,North,direct,0,46.0
78994,2019,ncf,Joint,nopre,type2,p3,l1,nopc,b/c,416500,,,,360.0,neg_amm,not_int,not_lpsm,478000.0,sb,pr,home,1U,9180.0,CRIF,589,EXP,55-64,not_inst,87.13389121,North,direct,1,46.0
129569,2019,cf,Female,nopre,type1,p2,l1,nopc,nob/c,146500,4.75,1.4955,3606.25,360.0,not_neg,not_int,not_lpsm,308000.0,sb,ir,home,4U,2820.0,EXP,727,CIB,55-64,to_inst,47.56493506,central,direct,0,48.0
28265,2019,cf,Sex Not Available,nopre,type1,p4,l1,nopc,nob/c,276500,3.5,0.0203,,360.0,not_neg,not_int,not_lpsm,368000.0,sb,pr,home,1U,6540.0,CRIF,580,EXP,35-44,not_inst,75.13586957,south,direct,0,27.0
25906,2019,cf,Joint,nopre,type1,p4,l1,nopc,nob/c,496500,4.125,0.0131,0.0,360.0,not_neg,not_int,not_lpsm,678000.0,sb,pr,home,1U,13440.0,EXP,771,EXP,45-54,not_inst,73.2300885,North,direct,0,31.0
76830,2019,cf,Joint,nopre,type1,p4,l2,nopc,nob/c,316500,3.25,0.17,10966.41,180.0,not_neg,not_int,not_lpsm,358000.0,sb,pr,home,1U,8040.0,CRIF,822,EXP,35-44,to_inst,88.40782123,North,direct,0,29.0
80509,2019,ncf,Female,nopre,type2,p4,l1,nopc,b/c,156500,3.75,1.3137,5016.28,180.0,not_neg,not_int,not_lpsm,188000.0,sb,pr,home,1U,9480.0,CRIF,525,EXP,55-64,to_inst,83.24468085,North,direct,0,26.0
127704,2019,cf,Male,nopre,type3,p3,l1,nopc,nob/c,116500,2.75,-0.6588,4736.0,360.0,not_neg,not_int,not_lpsm,178000.0,sb,pr,home,1U,2580.0,EXP,669,CIB,65-74,to_inst,65.4494382,south,direct,0,26.0
26932,2019,cf,Joint,nopre,type1,p4,l1,nopc,nob/c,326500,3.625,0.033,4000.0,336.0,not_neg,not_int,not_lpsm,518000.0,sb,pr,home,1U,5880.0,EXP,721,EXP,35-44,not_inst,63.03088803,North,direct,0,44.0
162035,2019,cf,Female,nopre,type1,p3,l1,nopc,nob/c,376500,3.99,0.4879,7406.25,360.0,not_neg,not_int,not_lpsm,508000.0,sb,pr,home,1U,5760.0,CRIF,637,CIB,45-54,to_inst,74.11417323,North-East,direct,0,34.0
162202,2019,cf,Female,nopre,type1,p3,l1,nopc,nob/c,416500,,,,360.0,not_neg,not_int,not_lpsm,658000.0,sb,pr,home,1U,3900.0,EXP,856,CIB,35-44,not_inst,63.29787234,North,direct,1,53.0
152243,2019,cf,Sex Not Available,nopre,type1,p3,l2,nopc,nob/c,356500,4.5,0.4179,7275.0,360.0,not_neg,not_int,not_lpsm,518000.0,sb,pr,home,1U,7440.0,EXP,520,CIB,35-44,to_inst,68.82239382,south,direct,0,26.0
90488,2019,ncf,Male,nopre,type1,p1,l1,nopc,nob/c,506500,,,,324.0,neg_amm,not_int,not_lpsm,568000.0,sb,pr,home,1U,7140.0,CRIF,757,CIB,35-44,to_inst,89.17253521,North,direct,1,44.0
111310,2019,cf,Male,nopre,type1,p3,l1,nopc,nob/c,176500,3.99,0.5593,5031.25,180.0,not_neg,not_int,not_lpsm,248000.0,sb,pr,home,1U,3900.0,CRIF,809,CIB,45-54,to_inst,71.16935484,North,direct,0,49.0
119676,2019,cf,Joint,nopre,type1,p4,l1,nopc,nob/c,276500,3.5,0.3505,574.58,240.0,not_neg,not_int,not_lpsm,678000.0,sb,pr,home,1U,5460.0,CRIF,671,EXP,45-54,not_inst,40.78171091,North,direct,0,38.0
45414,2019,cf,Female,nopre,type1,p4,l1,nopc,nob/c,646500,3.99,0.0498,4234.09,360.0,not_neg,not_int,not_lpsm,718000.0,sb,pr,home,1U,10260.0,CIB,834,CIB,35-44,not_inst,90.04178273,south,direct,0,39.0
80622,2019,cf,Sex Not Available,nopre,type2,p3,l1,nopc,b/c,146500,3.75,1.8254,3355.51,240.0,not_neg,int_only,not_lpsm,168000.0,sb,pr,home,1U,1980.0,CRIF,515,EXP,55-64,to_inst,87.20238095,south,direct,0,47.0
42633,2019,cf,Sex Not Available,nopre,type1,p3,l1,nopc,nob/c,456500,3.25,-0.1446,16562.5,360.0,not_neg,int_only,not_lpsm,1008000.0,sb,pr,home,1U,9000.0,CIB,883,EXP,>74,to_inst,45.28769841,south,direct,0,21.0
146417,2019,cf,Male,nopre,type1,p4,l1,nopc,nob/c,356500,,,,360.0,neg_amm,not_int,not_lpsm,448000.0,sb,pr,home,1U,4140.0,CRIF,719,CIB,35-44,not_inst,79.57589286,North,direct,1,46.0
136174,2019,cf,Joint,nopre,type1,p3,l1,nopc,nob/c,306500,4.375,0.1245,4500.0,360.0,not_neg,not_int,not_lpsm,428000.0,sb,pr,home,1U,5280.0,EXP,805,EXP,35-44,to_inst,71.61214953,North,direct,0,36.0
121816,2019,,Joint,nopre,type2,p3,l1,nopc,b/c,326500,4.75,1.4046,1159.54,360.0,not_neg,not_int,not_lpsm,418000.0,sb,pr,home,1U,13020.0,EXP,835,EXP,65-74,to_inst,78.11004785,North,direct,0,43.0
89947,2019,,Sex Not Available,pre,type1,p1,l1,nopc,nob/c,146500,4.125,0.7098,4283.75,360.0,not_neg,not_int,not_lpsm,458000.0,sb,ir,home,1U,7860.0,CIB,818,CIB,55-64,to_inst,31.98689956,south,direct,0,30.0
103802,2019,cf,Joint,nopre,type1,p4,l1,nopc,nob/c,376500,4.375,0.5913,0.0,360.0,not_neg,not_int,not_lpsm,448000.0,sb,pr,home,1U,3900.0,CIB,879,EXP,55-64,not_inst,84.04017857,North,direct,0,47.0
26150,2019,cf,Male,pre,type1,p2,l1,nopc,nob/c,256500,3.625,-0.2133,74.0,360.0,not_neg,not_int,not_lpsm,908000.0,sb,sr,home,1U,10740.0,CIB,852,CIB,35-44,not_inst,28.24889868,south,direct,0,48.0
41255,2019,cf,Male,pre,type2,p4,l1,nopc,b/c,236500,2.99,0.1137,543.74,360.0,not_neg,not_int,not_lpsm,268000.0,sb,pr,home,1U,3780.0,CRIF,846,CIB,35-44,not_inst,88.24626866,North,direct,0,36.0
138212,2019,cf,Sex Not Available,nopre,type3,p3,l1,nopc,nob/c,336500,3.99,0.2769,3301.25,360.0,not_neg,not_int,not_lpsm,368000.0,sb,pr,home,1U,7440.0,EXP,816,EXP,55-64,to_inst,91.44021739,south,direct,0,26.0
62005,2019,cf,Male,nopre,type2,p3,l2,nopc,b/c,226500,,,,360.0,not_neg,not_int,not_lpsm,308000.0,sb,pr,home,1U,3120.0,CRIF,710,CIB,45-54,to_inst,73.53896104,North,direct,1,60.0
84201,2019,cf,Male,nopre,type2,p3,l1,nopc,b/c,126500,3.5,0.8807,3508.15,360.0,not_neg,not_int,not_lpsm,168000.0,sb,pr,home,1U,2520.0,CRIF,671,EXP,55-64,to_inst,75.29761905,North,direct,0,43.0
93053,2019,cf,Male,nopre,type1,p1,l1,nopc,nob/c,146500,4.75,0.344,731.83,360.0,not_neg,not_int,not_lpsm,148000.0,sb,pr,home,1U,2100.0,CIB,701,CIB,35-44,not_inst,98.98648649,central,direct,0,44.0
112005,2019,cf,Female,nopre,type2,p3,l1,nopc,b/c,86500,4.25,0.9601,2305.8,360.0,not_neg,not_int,not_lpsm,98000.0,sb,pr,home,1U,4020.0,EXP,824,CIB,45-54,to_inst,88.26530612,North,direct,0,32.0
85968,2019,cf,Female,nopre,type1,p4,l1,nopc,nob/c,316500,,,,360.0,not_neg,not_int,not_lpsm,378000.0,sb,pr,home,1U,0.0,CRIF,538,CIB,25-34,to_inst,83.73015873,North,direct,1,11.0
40305,2019,cf,Joint,nopre,type1,p4,l1,nopc,nob/c,556500,3.75,0.2521,5500.0,360.0,not_neg,not_int,not_lpsm,588000.0,sb,pr,home,1U,10380.0,EXP,715,EXP,35-44,not_inst,94.64285714,North,direct,0,31.0
70795,2019,cf,Sex Not Available,nopre,type3,p3,l1,nopc,nob/c,216500,4.125,0.5411,0.0,360.0,not_neg,not_int,not_lpsm,218000.0,sb,pr,home,1U,3900.0,EXP,631,CIB,25-34,to_inst,99.31192661,south,direct,0,43.0
57943,2019,cf,Sex Not Available,nopre,type2,p3,l1,nopc,b/c,126500,3.5,0.8886,2821.64,300.0,neg_amm,not_int,not_lpsm,148000.0,sb,pr,home,1U,2160.0,CIB,856,EXP,55-64,to_inst,85.47297297,south,direct,0,46.0
74146,2019,ncf,Joint,nopre,type3,p1,l1,nopc,nob/c,86500,4.875,0.8377,1397.27,324.0,neg_amm,not_int,not_lpsm,88000.0,sb,pr,home,1U,3480.0,CRIF,886,EXP,35-44,to_inst,98.29545455,North,direct,0,36.0
153451,2019,cf,Female,nopre,type1,p3,l1,nopc,nob/c,156500,4.875,0.4705,3430.0,360.0,not_neg,not_int,not_lpsm,198000.0,sb,pr,home,1U,2220.0,CRIF,893,CIB,65-74,to_inst,79.04040404,south,direct,0,33.0
115098,2019,ncf,Male,nopre,type1,p1,l1,nopc,nob/c,836500,,,,360.0,not_neg,not_int,not_lpsm,1198000.0,sb,pr,home,1U,3540.0,EXP,838,CIB,45-54,not_inst,69.82470785,south,direct,1,48.0
90453,2019,cf,Sex Not Available,nopre,type1,p3,l1,nopc,nob/c,326500,3.99,0.8936,4050.0,180.0,not_neg,not_int,not_lpsm,758000.0,sb,pr,home,1U,9120.0,CRIF,798,CIB,45-54,to_inst,43.07387863,south,direct,0,36.0
172205,2019,cf,Joint,nopre,type1,p3,l1,nopc,nob/c,526500,4.99,0.8279,8950.0,360.0,not_neg,not_int,not_lpsm,678000.0,sb,pr,home,1U,8100.0,CRIF,574,EXP,65-74,to_inst,77.65486726,south,direct,0,42.0
67967,2019,cf,Male,nopre,type1,p3,l1,nopc,nob/c,196500,,,,360.0,not_neg,not_int,not_lpsm,548000.0,sb,pr,home,1U,2760.0,CIB,714,CIB,45-54,to_inst,35.85766423,North,direct,1,37.0
103490,2019,cf,Sex Not Available,nopre,type1,p1,l1,nopc,nob/c,376500,4.5,0.41,928.0,360.0,not_neg,not_int,not_lpsm,468000.0,sb,sr,home,1U,7020.0,CRIF,825,CIB,55-64,to_inst,80.44871795,south,direct,0,57.0
91126,2019,cf,Male,nopre,type1,p4,l1,nopc,nob/c,506500,4.18,0.1163,2714.57,360.0,not_neg,not_int,not_lpsm,788000.0,sb,pr,home,1U,13200.0,CRIF,770,EXP,65-74,not_inst,64.27664975,south,direct,0,48.0
111994,2019,cf,Male,nopre,type1,p1,l1,nopc,nob/c,196500,3.125,0.3923,4740.25,180.0,not_neg,not_int,not_lpsm,218000.0,sb,pr,home,1U,13500.0,CIB,798,CIB,35-44,to_inst,90.13761468,North,direct,0,41.0
90097,2019,cf,Joint,nopre,type1,p4,l1,nopc,nob/c,346500,3.375,-0.0045,4264.38,360.0,not_neg,not_int,not_lpsm,368000.0,sb,pr,home,1U,7200.0,EXP,596,EXP,25-34,to_inst,94.1576087,south,direct,0,36.0
41025,2019,cf,Male,nopre,type2,p1,l1,nopc,b/c,156500,,,,360.0,not_neg,not_int,not_lpsm,168000.0,sb,pr,home,1U,5940.0,EXP,720,CIB,35-44,to_inst,93.1547619,North,direct,1,32.0
62523,2019,cf,Male,nopre,type1,p4,l1,nopc,nob/c,306500,4.25,0.8745,10452.5,360.0,not_neg,not_int,not_lpsm,478000.0,sb,ir,home,1U,9240.0,EXP,844,CIB,35-44,to_inst,64.12133891,south,direct,0,33.0
141858,2019,cf,Sex Not Available,nopre,type1,p4,l1,nopc,nob/c,136500,4.5,1.314,501.0,240.0,not_neg,not_int,not_lpsm,468000.0,sb,pr,home,1U,2100.0,CIB,688,CIB,65-74,to_inst,29.16666667,south,direct,0,49.0
56078,2019,cf,Female,nopre,type1,p3,l1,nopc,nob/c,306500,3.125,0.3497,7015.63,180.0,not_neg,not_int,not_lpsm,408000.0,sb,pr,home,1U,4740.0,CRIF,830,CIB,55-64,to_inst,75.12254902,south,direct,0,42.0
99163,2019,cf,Male,nopre,type1,p3,l1,nopc,nob/c,226500,,,,360.0,not_neg,not_int,not_lpsm,298000.0,sb,pr,home,1U,4200.0,CIB,747,EXP,65-74,to_inst,76.00671141,south,direct,1,44.0
30653,2019,cf,Joint,nopre,type2,p1,l1,nopc,b/c,266500,3.125,0.521,132.55,360.0,not_neg,not_int,not_lpsm,278000.0,sb,pr,home,1U,3540.0,CRIF,712,EXP,45-54,to_inst,95.86330935,central,direct,0,48.0
47080,2019,,Joint,nopre,type1,p3,l1,nopc,nob/c,326500,4.0,-0.0325,1495.75,360.0,not_neg,not_int,not_lpsm,1458000.0,sb,pr,home,1U,3360.0,CIB,533,EXP,65-74,not_inst,22.39368999,North,direct,0,53.0
156711,2019,cf,Joint,nopre,type1,p4,l2,nopc,nob/c,286500,4.0,-0.3216,1027.6,360.0,not_neg,not_int,not_lpsm,478000.0,sb,pr,home,1U,2580.0,CRIF,738,EXP,45-54,not_inst,59.93723849,south,direct,0,46.0
72465,2019,cf,Female,nopre,type1,p3,l1,nopc,nob/c,406500,3.5,-0.1708,4250.72,360.0,not_neg,not_int,not_lpsm,638000.0,sb,pr,home,1U,6540.0,EXP,692,CIB,35-44,not_inst,63.71473354,North,direct,0,38.0
46031,2019,cf,Male,nopre,type2,p3,l1,nopc,b/c,276500,3.99,0.8875,0.0,360.0,not_neg,not_int,not_lpsm,338000.0,sb,pr,home,1U,3720.0,EXP,871,CIB,45-54,to_inst,81.80473373,south,direct,0,60.0
124235,2019,cf,Sex Not Available,pre,type1,p3,l1,nopc,nob/c,296500,4.5,0.9803,1990.0,360.0,not_neg,not_int,not_lpsm,448000.0,sb,pr,home,1U,5820.0,EXP,503,CIB,55-64,to_inst,66.18303571,south,direct,0,39.0
123994,2019,cf,Sex Not Available,nopre,type1,p3,l1,nopc,nob/c,236500,4.99,0.3752,3234.25,360.0,not_neg,not_int,not_lpsm,348000.0,sb,pr,home,1U,5100.0,CRIF,863,CIB,65-74,to_inst,67.95977011,south,direct,0,24.0
113010,2019,cf,Joint,nopre,type1,p3,l1,nopc,nob/c,376500,4.125,0.3267,11325.0,360.0,not_neg,not_int,not_lpsm,628000.0,sb,pr,home,1U,4680.0,EXP,889,EXP,55-64,to_inst,59.9522293,North,direct,0,46.0
163021,2019,cf,Female,nopre,type1,p4,l1,nopc,nob/c,316500,4.375,0.7583,2800.5,360.0,not_neg,not_int,not_lpsm,378000.0,sb,pr,home,1U,8340.0,CIB,745,CIB,45-54,to_inst,83.73015873,North,direct,0,24.0
27180,2019,,Sex Not Available,nopre,type1,p4,l1,nopc,nob/c,326500,4.375,0.7173,6990.0,360.0,not_neg,not_int,not_lpsm,418000.0,sb,pr,home,1U,4920.0,EXP,562,CIB,35-44,to_inst,78.11004785,south,direct,0,45.0
75015,2019,cf,Male,nopre,type2,p3,l1,nopc,b/c,176500,4.75,1.5759,2750.01,360.0,not_neg,not_int,not_lpsm,248000.0,sb,pr,home,1U,2880.0,EXP,554,CIB,45-54,to_inst,71.16935484,North,direct,0,36.0
164510,2019,cf,Sex Not Available,nopre,type1,p4,l1,nopc,nob/c,546500,3.625,0.6987,6716.0,240.0,not_neg,not_int,not_lpsm,1008000.0,sb,pr,home,2U,13560.0,EXP,636,EXP,45-54,to_inst,54.21626984,south,direct,0,24.0
164692,2019,cf,Male,nopre,type1,p3,l1,nopc,nob/c,246500,4.25,0.2999,3089.96,360.0,not_neg,not_int,not_lpsm,308000.0,sb,pr,home,1U,4800.0,CIB,689,CIB,25-34,not_inst,80.03246753,North-East,direct,0,43.0
96420,2019,cf,Joint,nopre,type1,p4,l1,nopc,nob/c,466500,3.99,0.3226,7203.8,324.0,not_neg,not_int,not_lpsm,798000.0,sb,pr,home,1U,11040.0,CRIF,662,EXP,35-44,to_inst,58.45864662,south,direct,0,27.0
100273,2019,cf,Sex Not Available,nopre,type1,p1,l1,nopc,nob/c,436500,3.625,0.0308,2667.4,360.0,not_neg,not_int,not_lpsm,868000.0,sb,pr,home,1U,6780.0,CIB,858,CIB,55-64,not_inst,50.28801843,North,direct,0,33.0
113134,2019,cf,Sex Not Available,nopre,type2,p4,l1,nopc,b/c,286500,4.99,1.5992,2766.25,360.0,not_neg,not_int,not_lpsm,318000.0,sb,pr,home,1U,4260.0,EXP,876,CIB,45-54,to_inst,90.09433962,south,direct,0,45.0
121811,2019,,Female,nopre,type1,p1,l1,nopc,nob/c,166500,4.5,0.9099,1074.49,360.0,not_neg,not_int,not_lpsm,168000.0,sb,pr,home,1U,2880.0,CIB,641,CIB,35-44,to_inst,99.10714286,North,direct,0,43.0
46505,2019,cf,Joint,nopre,type1,p1,l1,nopc,nob/c,636500,3.75,0.3195,862.92,360.0,not_neg,not_int,not_lpsm,708000.0,sb,pr,home,1U,10320.0,CIB,823,EXP,35-44,not_inst,89.90112994,south,direct,0,46.0
74255,2019,cf,Male,nopre,type1,p4,l1,nopc,nob/c,426500,3.5,-0.1924,3360.0,360.0,not_neg,not_int,not_lpsm,568000.0,sb,pr,home,1U,7200.0,CIB,716,CIB,35-44,to_inst,75.08802817,North,direct,0,31.0
130120,2019,cf,Joint,nopre,type1,p3,l1,nopc,nob/c,386500,3.625,0.4593,873.59,240.0,not_neg,int_only,not_lpsm,658000.0,sb,pr,home,1U,5580.0,CIB,895,EXP,45-54,not_inst,58.73860182,North,direct,0,49.0
91653,2019,cf,Male,nopre,type1,p3,l1,nopc,nob/c,366500,4.375,0.5481,9276.46,300.0,not_neg,int_only,not_lpsm,528000.0,sb,ir,home,1U,3420.0,CRIF,661,CIB,65-74,to_inst,69.41287879,North,direct,0,48.0
71309,2019,cf,Male,pre,type1,p3,l1,nopc,nob/c,136500,,,,360.0,not_neg,not_int,not_lpsm,188000.0,sb,pr,home,1U,1740.0,CRIF,549,CIB,65-74,to_inst,72.60638298,central,direct,1,50.0
81362,2019,cf,Female,nopre,type1,p3,l1,nopc,nob/c,186500,3.99,0.4186,5032.5,360.0,not_neg,not_int,not_lpsm,358000.0,sb,pr,home,1U,3300.0,CRIF,543,CIB,>74,to_inst,52.09497207,North,direct,0,20.0
33166,2019,ncf,Sex Not Available,nopre,type1,p1,l1,nopc,nob/c,206500,4.75,0.2652,400.0,324.0,neg_amm,not_int,not_lpsm,228000.0,sb,pr,home,1U,3120.0,CRIF,539,CIB,35-44,to_inst,90.57017544,south,direct,0,49.0
103405,2019,cf,Sex Not Available,nopre,type1,p4,l1,nopc,nob/c,576500,3.875,0.177,0.0,360.0,not_neg,not_int,not_lpsm,818000.0,sb,pr,home,1U,9900.0,CRIF,677,EXP,25-34,not_inst,70.47677262,south,direct,0,33.0
27112,2019,cf,Female,nopre,type2,p3,l1,nopc,b/c,216500,4.99,1.2013,0.0,360.0,not_neg,not_int,not_lpsm,258000.0,sb,pr,home,1U,5160.0,CIB,809,CIB,35-44,to_inst,83.91472868,North,direct,0,31.0
85322,2019,cf,Female,nopre,type1,p3,l1,nopc,nob/c,396500,3.69,-0.0091,379.24,360.0,not_neg,not_int,not_lpsm,998000.0,sb,pr,home,1U,5040.0,EXP,866,CIB,45-54,not_inst,39.72945892,North,direct,0,30.0
157794,2019,cf,Joint,nopre,type1,p3,l1,nopc,nob/c,76500,4.5,1.2564,2937.5,360.0,not_neg,int_only,not_lpsm,188000.0,sb,pr,home,1U,3300.0,CIB,786,EXP,>74,to_inst,40.69148936,North,direct,0,40.0
129673,2019,cf,Sex Not Available,pre,type2,p3,l1,nopc,b/c,126500,3.625,0.9238,3220.29,360.0,not_neg,not_int,not_lpsm,198000.0,sb,pr,home,1U,3840.0,EXP,894,CIB,65-74,to_inst,63.88888889,south,direct,0,43.0
43050,2019,cf,Joint,pre,type1,p4,l1,nopc,nob/c,486500,3.375,0.0702,0.0,180.0,not_neg,not_int,not_lpsm,808000.0,sb,pr,home,1U,8820.0,CRIF,853,EXP,35-44,not_inst,60.21039604,North,direct,0,39.0
52935,2019,cf,Joint,pre,type1,p1,l1,nopc,nob/c,186500,4.375,0.9247,6169.91,360.0,not_neg,not_int,not_lpsm,248000.0,sb,pr,home,1U,3480.0,EXP,748,EXP,35-44,to_inst,75.2016129,south,direct,0,42.0
128512,2019,cf,Joint,nopre,type2,p3,l1,nopc,b/c,226500,3.99,1.124,1456.78,360.0,not_neg,not_int,not_lpsm,268000.0,sb,pr,home,1U,8820.0,CIB,815,EXP,35-44,to_inst,84.51492537,North,direct,0,30.0
45619,2019,cf,Joint,nopre,type1,p4,l1,nopc,nob/c,176500,3.99,0.4708,3642.5,360.0,not_neg,not_int,not_lpsm,258000.0,sb,pr,home,1U,2880.0,CRIF,551,EXP,>74,to_inst,68.41085271,North,direct,0,44.0
57284,2019,cf,Male,nopre,type3,p3,l1,nopc,nob/c,346500,3.75,-0.1292,8440.4,360.0,not_neg,not_int,not_lpsm,458000.0,sb,pr,home,1U,3960.0,CRIF,766,CIB,65-74,to_inst,75.65502183,central,direct,0,39.0
125557,2019,cf,Joint,nopre,type2,p3,l1,nopc,b/c,136500,,,,360.0,not_neg,not_int,not_lpsm,338000.0,sb,pr,home,1U,2340.0,CRIF,584,EXP,>74,to_inst,40.38461538,central,direct,1,40.0
140899,2019,cf,Female,nopre,type2,p4,l1,nopc,b/c,476500,4.5,1.2168,4644.0,360.0,not_neg,not_int,not_lpsm,668000.0,sb,pr,home,1U,7260.0,CIB,886,CIB,65-74,to_inst,71.33233533,south,direct,0,39.0
60211,2019,cf,Female,nopre,type2,p4,l2,nopc,b/c,336500,,,,360.0,not_neg,not_int,not_lpsm,358000.0,sb,pr,home,1U,5100.0,CIB,696,CIB,35-44,to_inst,93.99441341,North,direct,1,49.0
100633,2019,cf,Female,nopre,type1,p3,l1,nopc,nob/c,276500,3.125,0.0873,0.0,180.0,not_neg,not_int,not_lpsm,468000.0,sb,pr,home,1U,4920.0,EXP,646,CIB,55-64,not_inst,59.08119658,south,direct,0,48.0
137496,2019,cf,Female,nopre,type2,p3,l1,nopc,b/c,176500,3.375,0.758,5756.4,360.0,not_neg,not_int,not_lpsm,218000.0,sb,pr,home,1U,2580.0,EXP,877,CIB,45-54,to_inst,80.96330275,south,direct,0,61.0
111967,2019,cf,Female,nopre,type1,p4,l1,nopc,nob/c,196500,3.99,0.4353,4743.88,324.0,not_neg,not_int,not_lpsm,278000.0,sb,pr,home,1U,3180.0,CRIF,756,CIB,55-64,to_inst,70.68345324,North,direct,0,46.0
27083,2019,cf,Sex Not Available,nopre,type1,p3,l1,nopc,nob/c,726500,,,,360.0,not_neg,not_int,not_lpsm,1568000.0,sb,ir,home,1U,14100.0,EXP,766,EXP,45-54,to_inst,46.33290816,south,direct,1,55.0
38459,2019,,Male,nopre,type1,p3,l1,nopc,nob/c,126500,,,,360.0,neg_amm,not_int,not_lpsm,158000.0,sb,pr,home,1U,6360.0,EXP,627,CIB,25-34,to_inst,80.06329114,North,direct,1,27.0
30187,2019,cf,Sex Not Available,nopre,type1,p3,l1,nopc,nob/c,236500,3.875,0.315,5406.25,360.0,not_neg,not_int,not_lpsm,348000.0,sb,pr,home,1U,4440.0,CIB,867,EXP,65-74,to_inst,67.95977011,south,direct,0,49.0
46687,2019,cf,Male,nopre,type1,p3,l1,nopc,nob/c,226500,,,,360.0,not_neg,not_int,not_lpsm,308000.0,sb,sr,home,1U,8580.0,CRIF,536,CIB,45-54,to_inst,73.53896104,North,direct,1,26.0
155239,2019,cf,Joint,nopre,type1,p3,l1,nopc,nob/c,156500,4.5,1.246,2438.1,180.0,not_neg,not_int,not_lpsm,218000.0,sb,pr,home,1U,4680.0,CRIF,672,EXP,55-64,to_inst,71.78899083,North,direct,0,42.0
82086,2019,cf,Joint,nopre,type1,p3,l1,nopc,nob/c,456500,3.5,-0.0233,265.44,360.0,not_neg,not_int,not_lpsm,2158000.0,sb,pr,home,1U,8220.0,CIB,568,EXP,55-64,not_inst,21.15384615,south,direct,0,30.0
43879,2019,cf,Joint,nopre,type1,p4,l1,nopc,nob/c,686500,3.99,0.4418,0.0,360.0,not_neg,not_int,not_lpsm,768000.0,sb,pr,home,1U,15300.0,CRIF,827,EXP,25-34,not_inst,89.38802083,North,direct,0,23.0
92305,2019,cf,Joint,nopre,type1,p4,l1,nopc,nob/c,636500,3.75,0.0873,1497.33,360.0,not_neg,not_int,not_lpsm,968000.0,sb,pr,home,1U,15660.0,CIB,874,EXP,45-54,not_inst,65.75413223,North,direct,0,27.0
61344,2019,cf,Male,pre,type1,p1,l1,nopc,nob/c,186500,4.25,0.2727,2090.0,360.0,neg_amm,not_int,not_lpsm,238000.0,sb,pr,home,1U,3720.0,CIB,547,CIB,55-64,to_inst,78.36134454,North,direct,0,49.0
102411,2019,cf,Male,nopre,type1,p3,l1,nopc,nob/c,256500,3.875,1.0632,6250.0,180.0,not_neg,not_int,not_lpsm,328000.0,sb,pr,home,1U,5280.0,CRIF,886,CIB,45-54,to_inst,78.20121951,south,direct,0,42.0
121323,2019,cf,Sex Not Available,nopre,type1,p4,l1,nopc,nob/c,476500,4.625,0.0997,2330.0,360.0,neg_amm,not_int,not_lpsm,608000.0,sb,pr,home,1U,8280.0,EXP,515,EXP,45-54,to_inst,78.37171053,south,direct,0,31.0
78305,2019,cf,Joint,nopre,type1,p4,l1,nopc,nob/c,336500,3.625,0.3734,26.72,240.0,not_neg,not_int,not_lpsm,508000.0,sb,pr,home,1U,7020.0,EXP,737,EXP,45-54,not_inst,66.24015748,North,direct,0,33.0
118294,2019,cf,Female,,type1,p3,l1,nopc,nob/c,166500,4.875,0.6281,1968.69,360.0,not_neg,not_int,not_lpsm,688000.0,sb,pr,home,1U,2220.0,CIB,783,CIB,55-64,to_inst,24.2005814,south,direct,0,47.0
59399,2019,cf,Male,nopre,type1,p3,l1,nopc,nob/c,376500,3.99,0.389,4490.13,360.0,not_neg,not_int,not_lpsm,548000.0,sb,pr,home,1U,5160.0,CRIF,834,CIB,45-54,to_inst,68.70437956,North,direct,0,44.0
39379,2019,cf,Joint,nopre,type1,p4,l1,nopc,nob/c,436500,3.75,0.1106,4005.9,360.0,not_neg,not_int,not_lpsm,558000.0,sb,pr,home,1U,8160.0,CRIF,833,EXP,45-54,not_inst,78.22580645,North,direct,0,45.0
104424,2019,ncf,Sex Not Available,nopre,type1,p3,l1,nopc,nob/c,526500,,,,360.0,neg_amm,not_int,not_lpsm,818000.0,sb,pr,home,1U,7740.0,CRIF,847,EXP,35-44,to_inst,64.36430318,south,direct,1,41.0
45444,2019,cf,Male,pre,type1,p3,l1,nopc,nob/c,366500,4.125,0.56,8548.93,360.0,not_neg,not_int,not_lpsm,488000.0,sb,pr,home,1U,4140.0,CIB,661,CIB,45-54,to_inst,75.10245902,south,direct,0,36.0
128504,2019,ncf,Male,nopre,type2,p3,l1,nopc,b/c,216500,,,,324.0,neg_amm,not_int,not_lpsm,248000.0,sb,pr,home,1U,3720.0,CIB,781,CIB,45-54,to_inst,87.2983871,south,direct,1,60.0
89208,2019,cf,Male,nopre,type1,p3,l1,nopc,nob/c,406500,4.25,1.3576,9250.0,180.0,not_neg,not_int,not_lpsm,528000.0,sb,pr,home,1U,14460.0,EXP,746,EXP,45-54,to_inst,76.98863636,North,direct,0,34.0
121750,2019,cf,Sex Not Available,nopre,type1,p3,l1,nopc,nob/c,276500,4.375,0.9645,5725.86,360.0,not_neg,not_int,not_lpsm,348000.0,sb,pr,home,1U,4620.0,CRIF,860,CIB,35-44,to_inst,79.45402299,south,direct,0,48.0
172329,2019,cf,Female,nopre,type1,p4,l1,nopc,nob/c,726500,4.625,0.858,0.0,360.0,not_neg,not_int,not_lpsm,1278000.0,sb,ir,home,1U,6000.0,CIB,671,CIB,45-54,not_inst,56.84663537,south,direct,0,43.0
113651,2019,cf,Joint,nopre,type1,p1,l1,nopc,nob/c,486500,4.25,0.4462,4247.75,360.0,not_neg,not_int,not_lpsm,658000.0,sb,pr,home,1U,11100.0,EXP,604,EXP,35-44,not_inst,73.93617021,south,direct,0,36.0
25455,2019,cf,Female,nopre,type1,p2,l1,nopc,nob/c,326500,4.75,0.322,950.0,360.0,neg_amm,not_int,not_lpsm,438000.0,sb,ir,home,1U,16200.0,CIB,776,CIB,45-54,not_inst,74.543379,south,direct,0,31.0
32247,2019,,Male,nopre,type3,p4,l1,nopc,nob/c,76500,3.99,0.8908,2163.87,180.0,not_neg,not_int,not_lpsm,98000.0,sb,pr,home,1U,4440.0,CIB,694,CIB,65-74,to_inst,78.06122449,North,direct,0,26.0
158116,2019,cf,Sex Not Available,nopre,type1,p1,l1,nopc,nob/c,256500,4.375,0.158,4355.06,360.0,neg_amm,not_int,not_lpsm,268000.0,sb,pr,home,1U,3240.0,EXP,867,CIB,45-54,to_inst,95.70895522,south,direct,0,37.0
124838,2019,cf,Joint,nopre,type1,p4,l1,nopc,nob/c,306500,3.625,0.1271,5399.51,360.0,not_neg,not_int,not_lpsm,468000.0,sb,pr,home,1U,4440.0,CIB,608,EXP,65-74,not_inst,65.49145299,North,direct,0,44.0
116348,2019,cf,Male,nopre,type2,p3,l2,nopc,b/c,206500,,,,300.0,neg_amm,not_int,not_lpsm,248000.0,sb,pr,home,1U,4260.0,EXP,869,CIB,45-54,to_inst,83.26612903,North,direct,1,22.0
83211,2019,cf,Female,nopre,type1,p3,l2,opc,nob/c,66500,6.24,0.972,,360.0,not_neg,int_only,not_lpsm,1128000.0,sb,pr,home,1U,6240.0,EXP,610,CIB,65-74,to_inst,5.895390071,North,direct,0,53.0
67270,2019,ncf,Male,nopre,type1,p1,l1,nopc,nob/c,486500,4.25,0.1689,0.0,360.0,not_neg,not_int,not_lpsm,768000.0,sb,pr,home,1U,11100.0,CIB,848,CIB,55-64,not_inst,63.34635417,North,direct,0,37.0
115017,2019,cf,Joint,nopre,type1,p1,l1,nopc,nob/c,376500,4.25,0.7281,1146.54,360.0,not_neg,not_int,not_lpsm,398000.0,sb,pr,home,1U,5880.0,CRIF,608,EXP,35-44,not_inst,94.59798995,south,direct,0,45.0
116501,2019,cf,Joint,nopre,type1,p3,l1,nopc,nob/c,136500,4.25,0.6773,3937.0,360.0,not_neg,not_int,not_lpsm,238000.0,sb,pr,home,1U,1560.0,EXP,691,EXP,65-74,to_inst,57.35294118,North,direct,0,38.0
119196,2019,cf,Sex Not Available,nopre,type1,p3,l1,nopc,nob/c,96500,3.99,1.3064,2937.5,240.0,not_neg,not_int,not_lpsm,268000.0,sb,pr,home,1U,6660.0,CIB,618,EXP,55-64,to_inst,36.00746269,south,direct,0,31.0
92500,2019,cf,Joint,nopre,type1,p4,l1,nopc,nob/c,246500,,,,360.0,not_neg,int_only,not_lpsm,348000.0,sb,ir,home,1U,10980.0,CIB,567,EXP,45-54,not_inst,70.83333333,south,direct,1,54.0
74053,2019,cf,Sex Not Available,nopre,type1,p1,l1,nopc,nob/c,116500,,,,360.0,not_neg,not_int,not_lpsm,128000.0,sb,pr,home,1U,3600.0,EXP,501,CIB,45-54,to_inst,91.015625,south,direct,1,45.0
139204,2019,cf,Sex Not Available,nopre,type1,p4,l1,nopc,nob/c,256500,3.5,0.0942,7575.0,360.0,not_neg,not_int,not_lpsm,358000.0,sb,pr,home,1U,5040.0,CIB,605,EXP,65-74,to_inst,71.64804469,south,direct,0,39.0
104899,2019,cf,Male,nopre,type2,p1,l2,nopc,b/c,326500,,,,360.0,not_neg,not_int,not_lpsm,328000.0,sb,pr,home,1U,5520.0,CIB,689,CIB,45-54,not_inst,99.54268293,North,direct,1,15.0
173249,2019,cf,Male,nopre,type1,p3,l2,nopc,nob/c,486500,4.56,0.4822,0.0,360.0,not_neg,not_int,not_lpsm,718000.0,sb,pr,home,1U,7260.0,CRIF,639,CIB,45-54,not_inst,67.75766017,south,direct,0,47.0
163677,2019,cf,Male,nopre,type1,p1,l1,nopc,nob/c,356500,3.875,0.3648,0.0,360.0,not_neg,not_int,not_lpsm,398000.0,sb,pr,home,1U,4080.0,CRIF,685,CIB,25-34,not_inst,89.57286432,North,direct,0,39.0
47908,2019,cf,Joint,nopre,type1,p4,l1,nopc,nob/c,236500,3.75,0.1558,3570.0,360.0,not_neg,not_int,not_lpsm,658000.0,sb,pr,home,1U,4020.0,EXP,889,EXP,>74,not_inst,35.94224924,North,direct,0,25.0
167256,2019,cf,Joint,nopre,type1,p2,l1,nopc,nob/c,106500,4.25,0.8409,2800.0,240.0,not_neg,not_int,not_lpsm,318000.0,sb,pr,home,1U,3600.0,CRIF,803,EXP,65-74,to_inst,33.49056604,North,direct,0,7.0
28244,2019,cf,Joint,nopre,type1,p1,l1,nopc,nob/c,296500,4.125,0.4103,2423.0,360.0,not_neg,not_int,not_lpsm,328000.0,sb,sr,home,1U,15720.0,EXP,506,EXP,65-74,to_inst,90.39634146,North,direct,0,27.0
73654,2019,cf,Male,pre,type1,p1,l1,nopc,nob/c,416500,4.25,0.6805,2283.13,360.0,not_neg,not_int,not_lpsm,438000.0,sb,pr,home,1U,9480.0,EXP,633,CIB,35-44,to_inst,95.0913242,North,direct,0,27.0
145203,2019,cf,Joint,nopre,type1,p3,l2,nopc,nob/c,246500,5.25,1.4088,7252.28,360.0,not_neg,not_int,not_lpsm,318000.0,sb,pr,home,1U,5760.0,CIB,831,EXP,65-74,to_inst,77.51572327,North,direct,0,27.0
120502,2019,ncf,Female,nopre,type1,p3,l1,nopc,nob/c,76500,4.25,1.3075,2928.6,180.0,not_neg,not_int,not_lpsm,158000.0,sb,pr,home,1U,2700.0,CIB,862,CIB,35-44,to_inst,48.41772152,North,direct,0,22.0
132755,2019,cf,Joint,nopre,type1,p1,l1,nopc,nob/c,306500,3.5,0.0135,4549.5,360.0,not_neg,not_int,not_lpsm,338000.0,sb,sr,home,1U,12240.0,EXP,860,EXP,55-64,to_inst,90.68047337,south,direct,0,25.0
30853,2019,cf,Female,pre,type1,p4,l1,nopc,nob/c,246500,3.99,0.2631,1560.63,360.0,not_neg,not_int,not_lpsm,428000.0,sb,pr,home,1U,4560.0,CIB,515,CIB,45-54,to_inst,57.59345794,North,direct,0,37.0
161172,2019,ncf,Male,pre,type1,p4,l1,nopc,nob/c,236500,4.125,0.7426,4190.0,240.0,not_neg,not_int,not_lpsm,288000.0,sb,pr,home,1U,6780.0,CIB,647,CIB,45-54,to_inst,82.11805556,North,direct,0,34.0
54771,2019,cf,Male,nopre,type1,p4,l1,nopc,nob/c,506500,4.18,0.1529,1256.33,360.0,not_neg,not_int,not_lpsm,608000.0,sb,pr,home,1U,6600.0,CRIF,555,CIB,45-54,not_inst,83.30592105,North,direct,0,44.0
144060,2019,cf,Female,nopre,type2,p3,l1,nopc,b/c,106500,3.75,0.9934,2624.25,360.0,not_neg,not_int,not_lpsm,118000.0,sb,pr,home,1U,1620.0,CIB,723,CIB,65-74,to_inst,90.25423729,North,direct,0,34.0
123416,2019,cf,Female,nopre,type1,p4,l1,nopc,nob/c,576500,3.99,0.497,1490.0,360.0,not_neg,not_int,not_lpsm,968000.0,sb,pr,home,1U,13800.0,CRIF,786,CIB,55-64,not_inst,59.55578512,North,direct,0,37.0
120710,2019,cf,Male,nopre,type1,p4,l1,nopc,nob/c,456500,3.625,0.094,2190.0,360.0,not_neg,not_int,not_lpsm,588000.0,sb,pr,home,1U,5400.0,CRIF,880,CIB,25-34,not_inst,77.63605442,North,direct,0,43.0
113629,2019,cf,Joint,pre,type1,p3,l1,nopc,nob/c,436500,4.375,0.6387,165.72,360.0,not_neg,not_int,not_lpsm,678000.0,sb,pr,home,1U,4080.0,EXP,756,EXP,45-54,not_inst,64.38053097,North,direct,0,49.0
80737,2019,cf,Joint,nopre,type1,p4,l1,nopc,nob/c,436500,3.99,0.6131,0.0,360.0,not_neg,not_int,not_lpsm,478000.0,sb,pr,home,1U,11280.0,CIB,569,EXP,25-34,not_inst,91.31799163,south,direct,0,33.0
32791,2019,cf,Female,nopre,type1,p4,l1,nopc,nob/c,86500,3.125,1.3616,4783.44,96.0,not_neg,int_only,not_lpsm,808000.0,sb,ir,home,1U,5280.0,CRIF,632,CIB,45-54,not_inst,10.70544554,south,direct,0,28.0
110484,2019,cf,Male,nopre,type1,p4,l1,nopc,nob/c,236500,3.75,0.1288,1594.22,360.0,not_neg,not_int,not_lpsm,308000.0,sb,pr,home,1U,4320.0,EXP,540,CIB,25-34,not_inst,76.78571429,North,direct,0,31.0
26954,2019,cf,Male,nopre,type1,p3,l1,nopc,nob/c,206500,3.625,0.0484,1361.0,360.0,not_neg,not_int,not_lpsm,428000.0,sb,pr,home,1U,5520.0,CRIF,705,CIB,55-64,not_inst,48.24766355,North,direct,0,22.0
149679,2019,cf,Female,nopre,type1,p3,l1,nopc,nob/c,326500,,,,360.0,neg_amm,not_int,not_lpsm,408000.0,sb,pr,home,1U,9360.0,CIB,763,CIB,55-64,to_inst,80.0245098,North,direct,1,44.0
69736,2019,cf,Male,pre,type2,p1,l1,nopc,b/c,196500,4.49,1.7951,3315.64,360.0,not_neg,not_int,not_lpsm,198000.0,sb,pr,home,1U,4920.0,CRIF,541,CIB,35-44,to_inst,99.24242424,North,direct,0,43.0
28220,2019,cf,Sex Not Available,pre,type1,p2,l1,nopc,nob/c,206500,,,,96.0,not_neg,not_int,not_lpsm,378000.0,sb,pr,home,1U,16620.0,CIB,755,CIB,65-74,to_inst,54.62962963,south,direct,1,12.0
124248,2019,cf,Female,nopre,type1,p3,l1,nopc,nob/c,436500,4.99,0.3573,0.0,360.0,not_neg,not_int,not_lpsm,698000.0,sb,pr,home,1U,4620.0,CRIF,794,CIB,45-54,not_inst,62.53581662,North,direct,0,44.0
66418,2019,cf,Sex Not Available,nopre,type1,p3,l1,nopc,nob/c,266500,3.5,0.2427,7912.5,360.0,not_neg,not_int,not_lpsm,468000.0,sb,pr,home,1U,4800.0,CRIF,608,CIB,55-64,to_inst,56.94444444,south,direct,0,21.0
53998,2019,cf,Sex Not Available,nopre,type1,p3,l1,nopc,nob/c,186500,3.875,0.4368,5223.75,360.0,not_neg,not_int,not_lpsm,358000.0,sb,pr,home,1U,2280.0,CIB,819,EXP,65-74,to_inst,52.09497207,south,direct,0,47.0
83670,2019,cf,Sex Not Available,nopre,type1,p3,l1,nopc,nob/c,386500,3.99,0.3342,295.0,360.0,not_neg,not_int,not_lpsm,1828000.0,sb,pr,home,1U,8400.0,EXP,583,EXP,65-74,to_inst,21.14332604,south,direct,0,37.0
139362,2019,cf,Sex Not Available,pre,type1,p3,l1,nopc,nob/c,446500,3.99,0.3257,10685.0,360.0,not_neg,not_int,not_lpsm,558000.0,sb,pr,home,1U,6000.0,CIB,809,CIB,45-54,to_inst,80.01792115,south,direct,0,47.0
92727,2019,cf,Joint,nopre,type1,p3,l1,nopc,nob/c,156500,3.5,0.8292,4775.0,168.0,not_neg,not_int,not_lpsm,588000.0,sb,pr,home,1U,4200.0,CRIF,667,EXP,55-64,to_inst,26.61564626,North,direct,0,46.0
146086,2019,cf,Female,nopre,type1,p4,l1,nopc,nob/c,366500,3.625,-0.1291,181.25,180.0,not_neg,not_int,not_lpsm,668000.0,sb,pr,home,1U,7560.0,CRIF,659,CIB,<25,not_inst,54.86526946,south,direct,0,37.0
171098,2019,cf,Female,nopre,type1,p4,l1,nopc,nob/c,396500,,,,360.0,not_neg,not_int,lpsm,408000.0,sb,pr,home,1U,7560.0,EXP,701,CIB,35-44,to_inst,97.18137255,North,direct,1,39.0
40290,2019,ncf,Female,pre,type1,p1,l1,nopc,nob/c,276500,4.625,0.8448,1250.0,360.0,not_neg,not_int,not_lpsm,298000.0,sb,pr,home,1U,4260.0,CRIF,862,CIB,35-44,to_inst,92.7852349,central,direct,0,49.0
138192,2019,cf,Sex Not Available,nopre,type1,p1,l1,nopc,nob/c,326500,4.99,0.7525,8780.88,360.0,not_neg,not_int,not_lpsm,378000.0,sb,pr,home,1U,5400.0,CRIF,593,EXP,25-34,to_inst,86.37566138,south,direct,0,48.0
152413,2019,cf,Joint,nopre,type2,p1,l1,nopc,b/c,296500,,,,360.0,neg_amm,not_int,not_lpsm,218000.0,sb,pr,home,1U,8040.0,CIB,885,EXP,25-34,to_inst,136.0091743,central,direct,1,36.0
163305,2019,cf,Joint,nopre,type1,p3,l1,nopc,nob/c,306500,4.25,0.105,1687.62,180.0,not_neg,not_int,not_lpsm,578000.0,sb,sr,home,1U,14220.0,CRIF,719,EXP,>74,to_inst,53.02768166,North,direct,0,37.0
73912,2019,ncf,Male,pre,type1,p4,l1,nopc,nob/c,326500,3.99,0.0935,,360.0,not_neg,not_int,not_lpsm,348000.0,sb,pr,home,1U,6600.0,CRIF,603,CIB,35-44,not_inst,93.82183908,south,direct,0,22.0
69673,2019,cf,Male,pre,type1,p4,l1,nopc,nob/c,526500,3.875,0.2359,8106.5,360.0,not_neg,not_int,not_lpsm,758000.0,sb,pr,home,1U,9300.0,CIB,899,CIB,35-44,not_inst,69.4591029,North,direct,0,47.0
54777,2019,cf,Joint,nopre,type1,p4,l1,nopc,nob/c,146500,3.99,0.692,3736.25,360.0,not_neg,not_int,not_lpsm,218000.0,sb,pr,home,1U,3120.0,CRIF,819,EXP,65-74,to_inst,67.20183486,North,direct,0,44.0
169931,2019,cf,Sex Not Available,nopre,type1,p1,l1,nopc,nob/c,316500,3.125,-0.3519,795.0,360.0,not_neg,not_int,not_lpsm,718000.0,sb,pr,home,1U,7740.0,CIB,510,CIB,45-54,to_inst,44.08077994,south,direct,0,38.0
158473,2019,cf,Female,nopre,type1,p1,l1,nopc,nob/c,206500,3.375,0.0007,2209.0,360.0,not_neg,not_int,not_lpsm,708000.0,sb,pr,home,1U,2820.0,CIB,900,CIB,45-54,not_inst,29.16666667,south,direct,0,42.0
132255,2019,cf,Male,nopre,type1,p3,l1,nopc,nob/c,136500,3.25,0.4744,4154.0,180.0,not_neg,not_int,not_lpsm,238000.0,sb,pr,home,1U,5040.0,CIB,673,CIB,55-64,to_inst,57.35294118,North,direct,0,20.0
123930,2019,cf,Joint,nopre,type1,p3,l1,nopc,nob/c,316500,4.5,0.7662,1250.0,360.0,not_neg,not_int,not_lpsm,408000.0,sb,pr,home,1U,10680.0,CRIF,640,EXP,55-64,to_inst,77.57352941,North,direct,0,30.0
64374,2019,cf,Male,nopre,type1,p3,l1,nopc,nob/c,336500,4.125,0.4618,1373.7,360.0,not_neg,not_int,not_lpsm,428000.0,sb,pr,home,1U,5100.0,CIB,506,CIB,55-64,not_inst,78.62149533,North,direct,0,27.0
82079,2019,cf,Joint,nopre,type2,p3,l1,nopc,b/c,146500,5.75,1.7668,0.0,360.0,not_neg,not_int,not_lpsm,168000.0,sb,pr,home,1U,5340.0,CRIF,763,EXP,35-44,to_inst,87.20238095,North,direct,0,40.0
40731,2019,cf,Female,nopre,type1,p4,l1,nopc,nob/c,146500,4.18,0.391,4579.31,360.0,not_neg,not_int,not_lpsm,218000.0,sb,pr,home,1U,3360.0,CIB,619,CIB,55-64,to_inst,67.20183486,North,direct,0,46.0
76267,2019,cf,Joint,nopre,type1,p4,l1,nopc,nob/c,476500,3.75,-0.1615,413.98,180.0,not_neg,not_int,not_lpsm,908000.0,sb,pr,home,1U,14520.0,CRIF,862,EXP,55-64,not_inst,52.47797357,North,direct,0,39.0
133213,2019,cf,Male,nopre,type1,p4,l1,nopc,nob/c,316500,3.99,0.2264,3218.75,324.0,not_neg,not_int,not_lpsm,458000.0,sb,pr,home,1U,8400.0,CIB,873,EXP,35-44,to_inst,69.10480349,North,direct,0,47.0
88101,2019,cf,Sex Not Available,nopre,type1,p4,l2,nopc,nob/c,136500,,,,300.0,neg_amm,not_int,not_lpsm,168000.0,sb,pr,home,1U,3360.0,CRIF,690,CIB,55-64,to_inst,81.25,south,direct,1,36.0
71081,2019,cf,Joint,nopre,type1,p4,l1,nopc,nob/c,116500,3.75,0.2352,3000.0,360.0,not_neg,not_int,not_lpsm,218000.0,sb,pr,home,1U,2640.0,EXP,747,EXP,55-64,not_inst,53.44036697,North,direct,0,29.0
166490,2019,cf,Joint,nopre,type1,p4,l1,nopc,nob/c,376500,3.75,0.1121,0.0,360.0,not_neg,not_int,not_lpsm,668000.0,sb,pr,home,1U,4500.0,EXP,652,EXP,65-74,not_inst,56.36227545,North,direct,0,42.0
161108,2019,cf,Joint,nopre,type1,p4,l1,nopc,nob/c,146500,5.625,1.4639,3643.75,360.0,neg_amm,not_int,not_lpsm,228000.0,sb,ir,home,1U,6840.0,CRIF,620,EXP,>74,to_inst,64.25438596,central,direct,0,33.0
66471,2019,cf,Male,nopre,type1,p2,l1,nopc,nob/c,76500,5.25,1.4187,3337.0,360.0,neg_amm,not_int,not_lpsm,128000.0,sb,ir,home,1U,7380.0,CIB,620,CIB,45-54,to_inst,59.765625,North,direct,0,45.0
140177,2019,cf,Sex Not Available,nopre,type1,p3,l1,nopc,nob/c,246500,2.875,-0.2875,795.0,360.0,not_neg,not_int,not_lpsm,1608000.0,sb,pr,home,1U,9960.0,CIB,825,EXP,55-64,to_inst,15.32960199,south,direct,0,25.0
137715,2019,cf,Female,nopre,type1,p4,l1,nopc,nob/c,226500,3.625,0.0641,812.0,360.0,not_neg,not_int,not_lpsm,588000.0,sb,pr,home,1U,4260.0,CIB,728,CIB,55-64,not_inst,38.52040816,North,direct,0,21.0
86385,2019,cf,Female,pre,type1,p4,l1,nopc,nob/c,466500,3.25,-0.244,14086.98,360.0,not_neg,not_int,not_lpsm,638000.0,sb,pr,home,1U,8700.0,EXP,600,CIB,25-34,not_inst,73.11912226,south,direct,0,31.0
121353,2019,cf,Male,pre,type1,p4,l1,nopc,nob/c,276500,,,,180.0,not_neg,not_int,not_lpsm,278000.0,sb,pr,home,1U,5400.0,CIB,778,CIB,35-44,to_inst,99.46043165,south,direct,1,56.0
67446,2019,cf,Sex Not Available,,type1,p4,l1,nopc,nob/c,86500,3.875,0.9566,3319.8,180.0,not_neg,not_int,not_lpsm,118000.0,sb,pr,home,1U,5400.0,CRIF,808,EXP,55-64,to_inst,73.30508475,south,direct,0,33.0
89037,2019,cf,Male,nopre,type1,p4,l1,nopc,nob/c,486500,3.625,-0.1705,146.31,360.0,not_neg,int_only,not_lpsm,678000.0,sb,pr,home,1U,5820.0,CRIF,793,CIB,25-34,not_inst,71.75516224,south,direct,0,36.0
37255,2019,cf,Male,nopre,type1,p3,l1,nopc,nob/c,276500,4.25,0.4376,8454.2,360.0,not_neg,not_int,not_lpsm,428000.0,sb,pr,home,1U,11340.0,CRIF,743,EXP,55-64,to_inst,64.60280374,south,direct,0,42.0
69097,2019,cf,Joint,nopre,type1,p4,l1,nopc,nob/c,296500,3.875,0.0073,3565.56,360.0,not_neg,not_int,not_lpsm,858000.0,sb,sr,home,1U,9120.0,CRIF,555,EXP,55-64,not_inst,34.55710956,North,direct,0,49.0
95224,2019,cf,Male,nopre,type1,p1,l1,nopc,nob/c,136500,4.125,0.1462,1405.34,180.0,not_neg,not_int,not_lpsm,168000.0,sb,pr,home,1U,5880.0,EXP,750,CIB,55-64,not_inst,81.25,North,direct,0,37.0
76475,2019,cf,Joint,nopre,type2,p1,l2,nopc,b/c,406500,4.75,1.7234,0.0,360.0,not_neg,not_int,not_lpsm,408000.0,sb,pr,home,1U,4860.0,CRIF,539,EXP,65-74,not_inst,99.63235294,North,direct,0,61.0
142485,2019,cf,Joint,nopre,type1,p4,l1,nopc,nob/c,606500,3.875,0.3652,8750.0,360.0,neg_amm,int_only,not_lpsm,1058000.0,sb,pr,home,1U,10860.0,EXP,900,EXP,45-54,to_inst,57.32514178,North,direct,0,22.0
156308,2019,cf,Male,nopre,type1,p3,l1,nopc,nob/c,206500,4.75,0.4263,3900.0,360.0,neg_amm,not_int,not_lpsm,458000.0,sb,pr,home,1U,3120.0,CIB,619,CIB,65-74,to_inst,45.08733624,North,direct,0,45.0
91361,2019,cf,Joint,nopre,type1,p4,l1,nopc,nob/c,326500,3.69,0.1937,8162.5,360.0,not_neg,not_int,not_lpsm,408000.0,sb,pr,home,1U,6840.0,EXP,528,EXP,35-44,not_inst,80.0245098,North,direct,0,49.0
128072,2019,cf,Male,nopre,type1,p4,l2,nopc,nob/c,266500,4.25,0.2602,9010.01,360.0,not_neg,not_int,not_lpsm,388000.0,sb,ir,home,1U,4200.0,CIB,750,CIB,45-54,to_inst,68.68556701,North,direct,0,39.0
62488,2019,cf,Joint,nopre,type1,p4,l1,nopc,nob/c,306500,,,,360.0,not_neg,not_int,not_lpsm,938000.0,sb,pr,home,1U,4380.0,CRIF,882,EXP,45-54,not_inst,32.67590618,central,direct,1,36.0
70972,2019,cf,Joint,pre,type1,p1,l1,nopc,nob/c,406500,4.5,0.2451,595.0,360.0,neg_amm,not_int,not_lpsm,428000.0,sb,pr,home,1U,8880.0,CIB,854,EXP,35-44,to_inst,94.97663551,south,direct,0,49.0
121156,2019,cf,Joint,nopre,type1,p4,l1,nopc,nob/c,186500,3.99,-0.0043,4836.0,300.0,not_neg,not_int,not_lpsm,278000.0,sb,pr,home,1U,2940.0,EXP,566,EXP,65-74,to_inst,67.08633094,central,direct,0,31.0
136753,2019,cf,Joint,nopre,type1,p4,l1,nopc,nob/c,366500,3.75,-0.1083,15403.68,360.0,not_neg,not_int,not_lpsm,808000.0,sb,pr,home,1U,6120.0,EXP,829,EXP,65-74,to_inst,45.35891089,south,direct,0,47.0
52598,2019,cf,Female,nopre,type1,p1,l1,nopc,nob/c,206500,3.75,0.1411,449.33,360.0,not_neg,not_int,not_lpsm,228000.0,sb,pr,home,1U,23340.0,CRIF,613,CIB,55-64,not_inst,90.57017544,North,direct,0,10.0
70190,2019,cf,Male,nopre,type2,p1,l1,nopc,b/c,286500,4.25,1.4598,0.0,360.0,neg_amm,not_int,not_lpsm,298000.0,sb,pr,home,1U,5400.0,CRIF,697,CIB,35-44,not_inst,96.1409396,North,direct,0,40.0
123976,2019,cf,Sex Not Available,nopre,type1,p3,l1,nopc,nob/c,386500,3.5,-0.1853,3180.0,360.0,not_neg,not_int,not_lpsm,678000.0,sb,pr,home,1U,10500.0,CIB,722,EXP,35-44,to_inst,57.00589971,south,direct,0,39.0
144293,2019,cf,Male,nopre,type1,p3,l1,nopc,nob/c,306500,3.99,0.2402,286.04,360.0,neg_amm,not_int,not_lpsm,428000.0,sb,pr,home,1U,5340.0,CRIF,790,CIB,45-54,not_inst,71.61214953,North,direct,0,33.0
60405,2019,cf,Sex Not Available,nopre,type1,p4,l1,nopc,nob/c,576500,3.99,0.3281,1250.0,360.0,not_neg,not_int,not_lpsm,728000.0,sb,pr,home,1U,14040.0,CIB,883,CIB,45-54,to_inst,79.18956044,south,direct,0,38.0
132483,2019,cf,Sex Not Available,nopre,type1,p4,l1,nopc,nob/c,246500,3.5,0.1353,4838.0,360.0,not_neg,not_int,not_lpsm,348000.0,sb,pr,home,1U,5400.0,CRIF,586,CIB,35-44,not_inst,70.83333333,North,direct,0,26.0
146603,2019,cf,Sex Not Available,nopre,type1,p3,l1,nopc,nob/c,206500,3.99,-0.0538,2050.0,360.0,not_neg,not_int,not_lpsm,708000.0,sb,pr,home,1U,12900.0,EXP,543,CIB,55-64,to_inst,29.16666667,south,direct,0,8.0
156135,2019,,Joint,nopre,type3,p3,l1,nopc,nob/c,396500,3.99,0.376,6725.0,360.0,not_neg,not_int,not_lpsm,408000.0,sb,pr,home,1U,9540.0,EXP,795,EXP,25-34,to_inst,97.18137255,south,direct,0,39.0
157744,2019,cf,Male,pre,type1,p1,l1,nopc,nob/c,356500,4.125,0.6152,1196.48,360.0,not_neg,not_int,not_lpsm,428000.0,sb,pr,home,1U,3660.0,CIB,613,CIB,45-54,to_inst,83.29439252,North,direct,0,49.0
67318,2019,cf,Joint,nopre,type1,p1,l1,nopc,nob/c,716500,3.75,0.0754,0.0,360.0,not_neg,not_int,not_lpsm,758000.0,sb,pr,home,1U,8580.0,CIB,732,EXP,35-44,not_inst,94.52506596,south,direct,0,47.0
67431,2019,cf,Sex Not Available,nopre,type1,p3,l1,nopc,nob/c,86500,4.875,1.193,2470.3,300.0,not_neg,not_int,not_lpsm,338000.0,sb,pr,home,1U,1380.0,CIB,859,EXP,65-74,to_inst,25.59171598,south,direct,0,38.0
142539,2019,cf,Joint,nopre,type1,p2,l1,nopc,nob/c,356500,4.375,-0.0843,0.0,360.0,neg_amm,not_int,not_lpsm,808000.0,sb,pr,home,1U,5940.0,CRIF,748,EXP,55-64,not_inst,44.12128713,central,direct,0,50.0
109422,2019,cf,Sex Not Available,nopre,type1,p3,l1,nopc,nob/c,306500,3.5,0.6753,5460.46,180.0,not_neg,not_int,not_lpsm,438000.0,sb,pr,home,1U,5880.0,CIB,885,EXP,55-64,to_inst,69.97716895,south,direct,0,41.0
25857,2019,cf,Male,nopre,type1,p1,l1,nopc,nob/c,126500,4.99,1.0936,2019.67,360.0,not_neg,int_only,not_lpsm,138000.0,sb,pr,home,1U,6360.0,EXP,872,CIB,55-64,to_inst,91.66666667,North,direct,0,22.0
87953,2019,cf,Male,nopre,type2,p1,l1,nopc,b/c,146500,5.625,1.5796,100.33,360.0,not_neg,not_int,not_lpsm,198000.0,sb,pr,home,1U,5760.0,CIB,833,CIB,55-64,not_inst,73.98989899,south,direct,0,7.0
38650,2019,cf,Female,nopre,type1,p3,l1,nopc,nob/c,206500,3.75,-0.2538,6577.0,360.0,not_neg,int_only,not_lpsm,478000.0,sb,pr,home,1U,1860.0,CRIF,755,CIB,>74,to_inst,43.20083682,central,direct,0,44.0
103267,2019,cf,Male,nopre,type1,p4,l1,nopc,nob/c,606500,3.75,0.1391,0.0,360.0,not_neg,not_int,not_lpsm,688000.0,sb,pr,home,1U,6900.0,CIB,831,CIB,25-34,not_inst,88.15406977,south,direct,0,48.0
157184,2019,cf,Female,pre,type1,p3,l1,nopc,nob/c,286500,4.5,0.5256,1150.0,120.0,not_neg,not_int,not_lpsm,358000.0,sb,pr,home,1U,8940.0,EXP,616,CIB,55-64,to_inst,80.02793296,North,direct,0,41.0
99946,2019,cf,Male,nopre,type1,p3,l1,nopc,nob/c,206500,4.5,0.7218,5000.0,360.0,not_neg,not_int,not_lpsm,288000.0,sb,pr,home,1U,6120.0,EXP,659,CIB,25-34,to_inst,71.70138889,North,direct,0,11.0
63719,2019,cf,Joint,nopre,type1,p4,l1,nopc,nob/c,326500,3.375,-0.056,,360.0,not_neg,not_int,not_lpsm,538000.0,sb,pr,home,1U,4980.0,CRIF,717,EXP,55-64,to_inst,60.68773234,North,direct,0,29.0
119286,2019,cf,Joint,nopre,type1,p4,l1,nopc,nob/c,156500,3.125,0.3532,5438.3,180.0,not_neg,not_int,not_lpsm,238000.0,sb,pr,home,1U,3780.0,CIB,649,EXP,65-74,to_inst,65.75630252,North,direct,0,23.0
105726,2019,cf,Joint,nopre,type1,p3,l1,nopc,nob/c,566500,5.19,1.1136,1524.6,360.0,not_neg,not_int,not_lpsm,708000.0,sb,pr,home,1U,8580.0,CIB,759,EXP,55-64,not_inst,80.01412429,North,direct,0,46.0
32188,2019,cf,Joint,nopre,type1,p4,l1,nopc,nob/c,156500,4.5,0.4494,3962.56,360.0,not_neg,not_int,not_lpsm,198000.0,sb,pr,home,1U,7380.0,CIB,820,EXP,35-44,to_inst,79.04040404,North,direct,0,20.0
25304,2019,,Female,nopre,type2,p3,l1,nopc,b/c,126500,4.25,1.1501,2378.01,360.0,not_neg,not_int,not_lpsm,148000.0,sb,pr,home,1U,2940.0,CRIF,714,CIB,45-54,to_inst,85.47297297,North,direct,0,42.0
164856,2019,cf,Female,nopre,type1,p4,l1,nopc,nob/c,356500,4.18,-0.1417,0.0,360.0,not_neg,not_int,not_lpsm,398000.0,sb,pr,home,1U,4560.0,CIB,617,CIB,45-54,not_inst,89.57286432,North,direct,0,32.0
75764,2019,ncf,Male,nopre,type1,p3,l1,nopc,nob/c,676500,,,,360.0,neg_amm,not_int,not_lpsm,858000.0,sb,pr,home,1U,23100.0,EXP,777,CIB,>74,to_inst,78.84615385,North,direct,1,33.0
156056,2019,,Male,nopre,type1,p3,l1,nopc,nob/c,416500,3.375,0.1145,1250.0,180.0,not_neg,not_int,not_lpsm,528000.0,sb,pr,home,1U,7980.0,CIB,681,CIB,55-64,to_inst,78.88257576,North,direct,0,45.0
26066,2019,cf,Sex Not Available,nopre,type1,p4,l1,nopc,nob/c,266500,3.25,0.4387,7254.13,240.0,not_neg,not_int,not_lpsm,528000.0,sb,pr,home,1U,6000.0,CRIF,819,CIB,35-44,to_inst,50.47348485,south,direct,0,20.0
40185,2019,cf,Male,nopre,type3,p1,l1,nopc,nob/c,86500,4.25,0.3252,2432.0,360.0,not_neg,not_int,not_lpsm,88000.0,sb,pr,home,1U,2100.0,CRIF,762,CIB,25-34,to_inst,98.29545455,North,direct,0,5.0
78435,2019,cf,Male,nopre,type1,p3,l1,nopc,nob/c,426500,3.125,-0.046,2250.0,180.0,not_neg,not_int,not_lpsm,848000.0,sb,pr,home,1U,8940.0,CIB,792,CIB,55-64,not_inst,50.29481132,south,direct,0,39.0
61549,2019,ncf,Male,pre,type1,p1,l1,nopc,nob/c,316500,4.56,0.813,0.0,360.0,not_neg,not_int,not_lpsm,328000.0,sb,pr,home,1U,4020.0,CRIF,811,CIB,<25,not_inst,96.49390244,North,direct,0,41.0
55974,2019,cf,Female,pre,type1,p1,l1,nopc,nob/c,86500,4.375,0.5969,709.75,360.0,not_neg,not_int,not_lpsm,158000.0,sb,pr,home,1U,2460.0,CRIF,594,CIB,65-74,not_inst,54.74683544,south,direct,0,46.0
88059,2019,cf,Sex Not Available,nopre,type1,p4,l1,nopc,nob/c,186500,4.625,0.5526,0.0,360.0,not_neg,not_int,not_lpsm,248000.0,sb,pr,home,1U,4980.0,CIB,701,EXP,45-54,to_inst,75.2016129,south,direct,0,44.0
151035,2019,cf,Female,nopre,type1,p4,l1,nopc,nob/c,606500,4.5,0.3314,0.0,360.0,not_neg,not_int,not_lpsm,708000.0,sb,pr,home,1U,10140.0,EXP,647,CIB,45-54,not_inst,85.66384181,North,direct,0,47.0
109479,2019,cf,Sex Not Available,nopre,type1,p4,l1,nopc,nob/c,146500,3.75,0.3946,4943.27,300.0,not_neg,not_int,not_lpsm,288000.0,sb,pr,home,1U,2700.0,CIB,708,EXP,55-64,to_inst,50.86805556,south,direct,0,45.0
74807,2019,cf,Female,nopre,type1,p3,l1,nopc,nob/c,456500,4.875,1.4893,14395.26,360.0,not_neg,not_int,not_lpsm,578000.0,sb,pr,home,1U,8400.0,CIB,769,EXP,55-64,not_inst,78.97923875,south,direct,0,43.0
140677,2019,cf,Male,nopre,type1,p1,l1,nopc,nob/c,716500,4.5,0.2306,0.0,360.0,not_neg,not_int,not_lpsm,838000.0,sb,pr,home,1U,9900.0,EXP,690,CIB,45-54,not_inst,85.50119332,south,direct,0,41.0
151478,2019,cf,Male,nopre,type3,p3,l1,nopc,nob/c,146500,,,,180.0,not_neg,not_int,not_lpsm,468000.0,sb,pr,home,1U,3300.0,CIB,690,CIB,>74,to_inst,31.3034188,North,direct,1,37.0
72821,2019,cf,Male,nopre,type1,p3,l1,nopc,nob/c,356500,3.375,0.6781,11121.13,180.0,not_neg,int_only,not_lpsm,1758000.0,sb,pr,home,1U,8100.0,CRIF,853,CIB,45-54,to_inst,20.27872582,south,direct,0,30.0
114695,2019,cf,Joint,nopre,type1,p2,l1,nopc,nob/c,636500,4.25,0.175,995.0,360.0,not_neg,not_int,not_lpsm,1058000.0,sb,pr,home,1U,6840.0,EXP,841,EXP,65-74,not_inst,60.16068053,south,direct,0,47.0
59669,2019,cf,Female,nopre,type1,p3,l1,nopc,nob/c,246500,3.99,1.1122,4300.0,180.0,not_neg,not_int,not_lpsm,568000.0,sb,pr,home,1U,6000.0,CIB,680,CIB,>74,to_inst,43.39788732,south,direct,0,21.0
71399,2019,cf,Female,nopre,type2,p3,l1,nopc,b/c,106500,3.875,0.934,222.0,360.0,not_neg,not_int,not_lpsm,138000.0,sb,pr,home,1U,1740.0,CRIF,702,CIB,65-74,to_inst,77.17391304,North,direct,0,49.0
41773,2019,cf,Female,nopre,type1,p3,l1,nopc,nob/c,286500,3.99,-0.1912,3680.5,360.0,not_neg,not_int,not_lpsm,438000.0,sb,pr,home,1U,3060.0,CRIF,822,CIB,>74,to_inst,65.4109589,North,direct,0,44.0
129306,2019,cf,Joint,nopre,type1,p4,l1,nopc,nob/c,506500,4.125,0.0544,0.0,360.0,not_neg,not_int,not_lpsm,628000.0,sb,pr,home,1U,6900.0,CIB,709,EXP,25-34,not_inst,80.65286624,south,direct,0,37.0
60960,2019,cf,Sex Not Available,nopre,type2,p3,l1,nopc,b/c,76500,3.99,1.276,1574.06,324.0,neg_amm,not_int,not_lpsm,98000.0,sb,pr,home,1U,2520.0,EXP,683,CIB,25-34,to_inst,78.06122449,south,direct,0,32.0
57687,2019,cf,Male,nopre,type1,p1,l1,nopc,nob/c,316500,,,,360.0,not_neg,int_only,not_lpsm,398000.0,sb,pr,home,1U,10620.0,CIB,721,CIB,>74,to_inst,79.52261307,North,direct,1,52.0
135042,2019,cf,Sex Not Available,nopre,type1,p3,l1,nopc,nob/c,216500,3.625,0.337,7400.46,360.0,not_neg,not_int,not_lpsm,1268000.0,sb,pr,home,1U,4800.0,CRIF,608,CIB,65-74,to_inst,17.07413249,south,direct,0,28.0
144574,2019,cf,Joint,nopre,type1,p4,l1,nopc,nob/c,406500,4.125,0.269,0.0,360.0,not_neg,not_int,not_lpsm,558000.0,sb,pr,home,1U,5580.0,EXP,663,EXP,25-34,not_inst,72.84946237,North,direct,0,36.0
76857,2019,cf,Sex Not Available,nopre,type2,p3,l1,nopc,b/c,436500,,,,360.0,neg_amm,not_int,not_lpsm,778000.0,sb,pr,home,1U,5280.0,CRIF,756,EXP,65-74,not_inst,56.10539846,central,direct,1,46.0
33023,2019,cf,Joint,nopre,type1,p4,l1,nopc,nob/c,526500,4.375,0.9347,7938.75,360.0,not_neg,not_int,not_lpsm,628000.0,sb,pr,home,1U,8700.0,EXP,684,EXP,45-54,not_inst,83.83757962,North,direct,0,44.0
90454,2019,cf,Female,nopre,type1,p1,l1,nopc,nob/c,166500,4.56,0.1979,3952.0,360.0,not_neg,not_int,not_lpsm,208000.0,sb,sr,home,1U,5640.0,EXP,585,CIB,45-54,to_inst,80.04807692,south,direct,0,48.0
172940,2019,cf,Joint,nopre,type3,p3,l1,nopc,nob/c,136500,3.5,0.3926,5062.22,360.0,not_neg,not_int,not_lpsm,148000.0,sb,pr,home,1U,2760.0,EXP,568,EXP,65-74,to_inst,92.22972973,North,direct,0,37.0
117641,2019,cf,Male,pre,type2,p1,l1,nopc,b/c,146500,4.875,1.247,1578.06,360.0,neg_amm,not_int,not_lpsm,168000.0,sb,pr,home,1U,2460.0,CIB,874,CIB,45-54,to_inst,87.20238095,North,direct,0,48.0
70991,2019,cf,Male,nopre,type3,p3,l1,nopc,nob/c,206500,,,,240.0,not_neg,not_int,not_lpsm,228000.0,sb,pr,home,1U,3480.0,CRIF,882,CIB,65-74,to_inst,90.57017544,North,direct,1,36.0
82849,2019,cf,Male,,type3,p3,l1,nopc,nob/c,136500,,,,360.0,not_neg,not_int,not_lpsm,138000.0,sb,pr,home,1U,6720.0,CRIF,636,EXP,65-74,to_inst,98.91304348,North,direct,1,26.0
84185,2019,cf,Sex Not Available,nopre,type2,p3,l1,nopc,b/c,186500,3.5,0.7848,5055.17,360.0,not_neg,not_int,not_lpsm,248000.0,sb,pr,home,1U,2040.0,EXP,782,CIB,55-64,to_inst,75.2016129,south,direct,0,46.0
50768,2019,cf,Sex Not Available,nopre,type1,p4,l1,nopc,nob/c,156500,3.99,1.3541,4100.52,240.0,not_neg,not_int,not_lpsm,168000.0,sb,pr,home,1U,5640.0,EXP,724,CIB,35-44,to_inst,93.1547619,south,direct,0,24.0
152214,2019,cf,Joint,pre,type1,p3,l1,nopc,nob/c,216500,3.875,0.2637,5764.88,360.0,not_neg,not_int,not_lpsm,408000.0,sb,pr,home,1U,8700.0,CIB,569,EXP,55-64,to_inst,53.06372549,North,direct,0,27.0
36566,2019,cf,Female,nopre,type1,p3,l1,nopc,nob/c,126500,4.99,0.6209,1150.0,360.0,not_neg,not_int,not_lpsm,408000.0,sb,pr,home,1U,3600.0,CRIF,801,CIB,65-74,to_inst,31.00490196,North,direct,0,45.0
137872,2019,cf,Female,nopre,type1,p3,l1,nopc,nob/c,346500,4.375,0.1976,11767.05,360.0,not_neg,not_int,not_lpsm,458000.0,sb,pr,home,1U,7800.0,CIB,693,CIB,35-44,to_inst,75.65502183,North,direct,0,26.0
138559,2019,cf,Male,pre,type1,p3,l1,nopc,nob/c,376500,4.5,0.7144,2215.25,360.0,not_neg,not_int,not_lpsm,678000.0,sb,ir,home,1U,5040.0,CIB,608,CIB,45-54,not_inst,55.53097345,North,direct,0,32.0
110691,2019,cf,Female,nopre,type1,p4,l1,nopc,nob/c,456500,3.875,0.3766,0.0,360.0,not_neg,not_int,not_lpsm,608000.0,sb,pr,home,1U,5220.0,CRIF,788,CIB,65-74,not_inst,75.08223684,central,direct,0,45.0
154317,2019,,Sex Not Available,nopre,type1,p1,l1,nopc,nob/c,66500,4.375,1.4603,2162.5,180.0,not_neg,not_int,not_lpsm,78000.0,sb,pr,home,1U,1920.0,CIB,649,CIB,55-64,to_inst,85.25641026,south,direct,0,38.0
157256,2019,cf,Female,nopre,type2,p3,l1,nopc,b/c,36500,,,,360.0,not_neg,not_int,not_lpsm,58000.0,sb,pr,home,1U,840.0,CIB,560,CIB,65-74,to_inst,62.93103448,North,direct,1,37.0
63431,2019,cf,Female,nopre,type1,p3,l1,nopc,nob/c,256500,,,,360.0,not_neg,not_int,not_lpsm,408000.0,sb,ir,home,1U,7980.0,CIB,538,CIB,65-74,to_inst,62.86764706,North,direct,1,45.0
57839,2019,cf,Sex Not Available,nopre,type1,p3,l2,nopc,nob/c,216500,4.25,0.0623,6570.0,360.0,not_neg,not_int,not_lpsm,368000.0,sb,pr,home,1U,3060.0,EXP,854,EXP,65-74,to_inst,58.83152174,south,direct,0,32.0
99763,2019,cf,Female,pre,type1,p4,l1,nopc,nob/c,356500,3.5,-0.3666,,360.0,not_neg,not_int,not_lpsm,448000.0,sb,pr,home,1U,,CIB,860,CIB,35-44,to_inst,79.57589286,North,direct,0,30.0
91808,2019,cf,Joint,nopre,type1,p3,l1,nopc,nob/c,456500,4.625,0.6161,5765.0,360.0,not_neg,not_int,not_lpsm,598000.0,sb,pr,home,1U,5160.0,EXP,881,EXP,>74,to_inst,76.33779264,North,direct,0,41.0
76530,2019,ncf,Sex Not Available,nopre,type1,p4,l1,nopc,nob/c,376500,,,,360.0,not_neg,not_int,not_lpsm,448000.0,sb,pr,home,1U,9840.0,CIB,869,EXP,55-64,to_inst,84.04017857,south,direct,1,49.0
55869,2019,cf,Female,nopre,type1,p4,l1,nopc,nob/c,376500,4.625,0.4526,0.0,360.0,not_neg,not_int,not_lpsm,488000.0,sb,pr,home,1U,8460.0,CRIF,560,CIB,55-64,not_inst,77.15163934,North,direct,0,39.0
166697,2019,cf,Male,nopre,type1,p4,l1,nopc,nob/c,156500,3.75,0.8643,4062.5,240.0,not_neg,not_int,not_lpsm,198000.0,sb,pr,home,1U,4740.0,EXP,733,CIB,45-54,to_inst,79.04040404,North,direct,0,29.0
67448,2019,cf,Joint,nopre,type1,p3,l2,opc,nob/c,106500,,,,360.0,not_neg,int_only,not_lpsm,11008000.0,sb,pr,home,1U,67020.0,EXP,751,EXP,45-54,to_inst,0.967478198,central,direct,1,20.0
26518,2019,cf,Male,nopre,type1,p1,l1,nopc,nob/c,166500,5.375,0.736,4173.44,360.0,not_neg,not_int,not_lpsm,218000.0,sb,ir,home,1U,10380.0,CRIF,515,EXP,45-54,to_inst,76.37614679,North-East,direct,0,43.0
163189,2019,cf,Joint,pre,type1,p1,l1,nopc,nob/c,396500,3.375,-0.1164,11026.2,360.0,not_neg,not_int,not_lpsm,478000.0,sb,pr,home,1U,11040.0,CIB,708,EXP,35-44,to_inst,82.94979079,North,direct,0,42.0
118128,2019,cf,Joint,nopre,type1,p3,l1,nopc,nob/c,456500,3.875,0.0894,0.0,360.0,not_neg,not_int,not_lpsm,648000.0,sb,pr,home,1U,7680.0,EXP,807,EXP,55-64,not_inst,70.44753086,south,direct,0,26.0
112894,2019,cf,Joint,pre,type1,p3,l1,nopc,nob/c,186500,4.75,0.5054,2281.96,360.0,not_neg,not_int,not_lpsm,328000.0,sb,pr,home,1U,3360.0,CRIF,897,EXP,55-64,to_inst,56.8597561,North,direct,0,30.0
29194,2019,cf,Female,nopre,type1,p1,l1,nopc,nob/c,486500,3.375,-0.2168,3500.0,360.0,neg_amm,not_int,not_lpsm,518000.0,sb,pr,home,1U,8400.0,CRIF,792,CIB,45-54,not_inst,93.91891892,North,direct,0,32.0
33674,2019,cf,Sex Not Available,nopre,type1,p3,l1,nopc,nob/c,326500,3.625,0.0558,8290.0,360.0,not_neg,not_int,not_lpsm,468000.0,sb,pr,home,1U,3660.0,CRIF,522,EXP,55-64,to_inst,69.76495726,south,direct,0,30.0
82820,2019,cf,Female,nopre,type1,p4,l1,nopc,nob/c,566500,,,,360.0,neg_amm,not_int,not_lpsm,638000.0,sb,pr,home,1U,10020.0,CRIF,854,CIB,55-64,to_inst,88.79310345,south,direct,1,35.0
51793,2019,cf,Female,nopre,type1,p1,l1,nopc,nob/c,116500,4.125,0.5687,1167.32,360.0,not_neg,not_int,not_lpsm,128000.0,sb,pr,home,1U,4560.0,CRIF,555,CIB,25-34,not_inst,91.015625,North,direct,0,34.0
94893,2019,cf,Male,nopre,type3,p1,l1,nopc,nob/c,446500,3.125,-0.4247,0.0,360.0,not_neg,not_int,not_lpsm,438000.0,sb,pr,home,1U,4500.0,CIB,868,EXP,25-34,not_inst,101.9406393,North,direct,0,57.0
169264,2019,cf,Male,nopre,type2,p3,l1,nopc,b/c,156500,4.625,0.8913,4324.55,360.0,not_neg,not_int,not_lpsm,218000.0,sb,pr,home,1U,1980.0,CIB,598,CIB,45-54,to_inst,71.78899083,North,direct,0,43.0
87893,2019,cf,Joint,nopre,type2,p1,l1,nopc,b/c,216500,4.5,1.107,3216.01,360.0,not_neg,not_int,not_lpsm,228000.0,sb,pr,home,1U,5040.0,CIB,805,EXP,45-54,to_inst,94.95614035,central,direct,0,42.0
58873,2019,cf,Joint,nopre,type1,p3,l1,nopc,nob/c,306500,3.5,-0.0128,3521.35,360.0,not_neg,not_int,not_lpsm,928000.0,sb,pr,home,1U,11460.0,EXP,565,EXP,55-64,not_inst,33.02801724,south,direct,0,30.0
99367,2019,cf,Male,nopre,type1,p1,l1,nopc,nob/c,276500,,,,360.0,not_neg,not_int,lpsm,308000.0,sb,sr,home,1U,10560.0,EXP,888,CIB,55-64,to_inst,89.77272727,North,direct,1,49.0
133286,2019,cf,Joint,pre,type1,p2,l1,nopc,nob/c,86500,5.5,1.4532,2267.88,360.0,not_neg,not_int,not_lpsm,138000.0,sb,ir,home,1U,10320.0,CIB,590,EXP,35-44,to_inst,62.68115942,North,direct,0,40.0
81427,2019,cf,Joint,nopre,type1,p4,l2,nopc,nob/c,266500,3.99,-0.2078,436.8,300.0,not_neg,not_int,not_lpsm,858000.0,sb,pr,home,1U,4740.0,CRIF,803,EXP,65-74,not_inst,31.06060606,North,direct,0,36.0
76274,2019,ncf,Male,nopre,type1,p4,l1,nopc,nob/c,666500,3.625,0.1942,11225.0,360.0,not_neg,not_int,not_lpsm,988000.0,sb,pr,home,1U,11400.0,CIB,647,CIB,65-74,to_inst,67.45951417,central,direct,0,35.0
79389,2019,cf,Male,nopre,type1,p3,l1,nopc,nob/c,506500,,,,360.0,neg_amm,not_int,not_lpsm,908000.0,sb,ir,home,3U,35280.0,EXP,588,CIB,65-74,not_inst,55.78193833,North,direct,1,35.0
75947,2019,cf,Male,nopre,type1,p3,l1,nopc,nob/c,196500,3.5,0.6273,4190.0,180.0,not_neg,not_int,not_lpsm,338000.0,sb,pr,home,1U,5040.0,CIB,612,CIB,35-44,to_inst,58.13609467,North,direct,0,33.0
108120,2019,cf,Male,nopre,type1,p3,l1,nopc,nob/c,656500,4.99,1.2462,1628.76,360.0,not_neg,not_int,not_lpsm,828000.0,sb,pr,home,1U,8160.0,CIB,589,EXP,65-74,not_inst,79.28743961,south,direct,0,49.0
91185,2019,cf,Male,nopre,type1,p3,l2,nopc,nob/c,156500,4.875,0.9741,4364.43,360.0,not_neg,not_int,not_lpsm,258000.0,sb,pr,home,1U,2940.0,CRIF,506,CIB,25-34,to_inst,60.65891473,North,direct,0,44.0
127645,2019,cf,Joint,nopre,type1,p3,l1,nopc,nob/c,256500,3.99,0.6556,3511.0,180.0,not_neg,not_int,not_lpsm,328000.0,sb,pr,home,1U,7680.0,CIB,540,EXP,45-54,to_inst,78.20121951,south,direct,0,28.0
150751,2019,cf,Joint,nopre,type1,p3,l1,nopc,nob/c,346500,3.99,0.5917,9096.88,360.0,not_neg,not_int,not_lpsm,468000.0,sb,pr,home,1U,4320.0,CIB,654,EXP,>74,to_inst,74.03846154,North,direct,0,44.0
124463,2019,cf,Male,nopre,type1,p4,l1,nopc,nob/c,206500,3.75,0.6321,2000.0,180.0,not_neg,not_int,not_lpsm,358000.0,sb,pr,home,1U,5700.0,CRIF,884,CIB,45-54,to_inst,57.68156425,North,direct,0,29.0
159309,2019,,Female,nopre,type1,p4,l1,nopc,nob/c,256500,4.125,0.1003,0.0,360.0,not_neg,not_int,not_lpsm,548000.0,sb,pr,home,1U,2760.0,CRIF,560,CIB,45-54,not_inst,46.80656934,North,direct,0,49.0
167996,2019,ncf,Female,nopre,type1,p4,l1,nopc,nob/c,1236500,3.625,-0.181,1025.0,360.0,not_neg,not_int,not_lpsm,2258000.0,sb,pr,home,1U,12000.0,EXP,556,CIB,45-54,not_inst,54.76085031,North,direct,0,38.0
123782,2019,cf,Sex Not Available,nopre,type1,p4,l1,nopc,nob/c,206500,,,,180.0,not_neg,not_int,not_lpsm,258000.0,sb,pr,home,1U,5700.0,CIB,687,CIB,25-34,to_inst,80.03875969,south,direct,1,35.0
108594,2019,cf,Male,pre,type1,p3,l1,nopc,nob/c,376500,3.875,0.0799,1323.51,360.0,not_neg,not_int,not_lpsm,548000.0,sb,pr,home,1U,6840.0,CRIF,641,EXP,35-44,not_inst,68.70437956,North,direct,0,36.0
157031,2019,cf,Sex Not Available,nopre,type1,p4,l1,nopc,nob/c,256500,3.5,0.1774,6052.15,360.0,neg_amm,not_int,not_lpsm,308000.0,sb,pr,home,1U,5640.0,EXP,821,CIB,25-34,to_inst,83.27922078,south,direct,0,22.0
47264,2019,cf,Female,pre,type1,p1,l1,nopc,nob/c,106500,5.69,1.3289,567.0,360.0,not_neg,not_int,not_lpsm,158000.0,sb,ir,home,1U,12120.0,CRIF,578,CIB,55-64,not_inst,67.40506329,North,direct,0,40.0
154731,2019,cf,Joint,nopre,type1,p3,l1,nopc,nob/c,206500,5.75,1.4485,3105.0,360.0,not_neg,not_int,not_lpsm,358000.0,sb,ir,home,1U,5100.0,CIB,541,EXP,55-64,to_inst,57.68156425,central,direct,0,40.0
146640,2019,cf,Male,nopre,type2,p4,l1,nopc,b/c,106500,,,,360.0,not_neg,not_int,not_lpsm,118000.0,sb,pr,home,1U,2880.0,CRIF,617,CIB,45-54,to_inst,90.25423729,south,direct,1,43.0
54207,2019,ncf,Sex Not Available,pre,type1,p3,l1,nopc,nob/c,576500,3.875,0.3156,1658.9,240.0,not_neg,not_int,not_lpsm,958000.0,sb,pr,home,1U,9120.0,CIB,506,CIB,35-44,not_inst,60.17745303,south,direct,0,48.0
85619,2019,ncf,Sex Not Available,nopre,type2,p3,l1,nopc,b/c,106500,3.99,0.7625,2348.64,360.0,not_neg,not_int,not_lpsm,128000.0,sb,pr,home,1U,3720.0,CIB,867,EXP,45-54,to_inst,83.203125,south,direct,0,53.0
123936,2019,cf,Male,nopre,type1,p4,l1,nopc,nob/c,386500,3.625,0.0549,2214.52,360.0,not_neg,not_int,not_lpsm,468000.0,sb,pr,home,1U,7860.0,EXP,604,CIB,35-44,not_inst,82.58547009,south,direct,0,48.0
89952,2019,cf,Female,pre,type1,p3,l1,nopc,nob/c,296500,3.25,-0.5061,1746.35,360.0,not_neg,not_int,not_lpsm,858000.0,sb,pr,home,1U,8220.0,CIB,650,EXP,>74,not_inst,34.55710956,North,direct,0,48.0
29670,2019,cf,Joint,nopre,type2,p3,l1,nopc,b/c,156500,3.625,0.8758,2298.01,360.0,not_neg,not_int,not_lpsm,188000.0,sb,pr,home,1U,3180.0,CIB,596,EXP,45-54,to_inst,83.24468085,south,direct,0,40.0
163562,2019,cf,Joint,nopre,type1,p1,l1,nopc,nob/c,356500,4.99,1.3747,523.95,360.0,not_neg,not_int,not_lpsm,378000.0,sb,pr,home,1U,6900.0,CIB,678,EXP,45-54,not_inst,94.31216931,south,direct,0,49.0
171118,2019,cf,Female,nopre,type1,p4,l1,nopc,nob/c,626500,3.99,0.2038,0.0,360.0,not_neg,not_int,not_lpsm,1178000.0,sb,pr,home,1U,7620.0,CIB,529,CIB,55-64,not_inst,53.18336163,south,direct,0,40.0
124205,2019,cf,Male,pre,type1,p1,l1,nopc,nob/c,296500,,,,360.0,not_neg,not_int,not_lpsm,308000.0,sb,pr,home,1U,5700.0,CIB,849,CIB,45-54,to_inst,96.26623377,south,direct,1,43.0
98115,2019,cf,Female,nopre,type2,p3,l1,nopc,b/c,116500,3.75,1.1529,3537.11,360.0,not_neg,not_int,not_lpsm,158000.0,sb,pr,home,1U,1740.0,CIB,824,CIB,35-44,to_inst,73.73417722,North,direct,0,56.0
83806,2019,ncf,Male,pre,type1,p4,l1,nopc,nob/c,786500,3.75,0.0318,4704.2,360.0,not_neg,not_int,not_lpsm,1088000.0,sb,pr,home,1U,27300.0,EXP,752,CIB,45-54,not_inst,72.28860294,North,direct,0,31.0
76516,2019,cf,Sex Not Available,nopre,type1,p3,l1,nopc,nob/c,146500,4.375,0.2233,4825.0,360.0,neg_amm,not_int,not_lpsm,608000.0,sb,pr,home,1U,2640.0,CRIF,684,CIB,>74,to_inst,24.09539474,south,direct,0,30.0
44098,2019,cf,Female,nopre,type1,p1,l1,nopc,nob/c,586500,3.75,0.0083,1726.88,360.0,not_neg,not_int,not_lpsm,698000.0,sb,pr,home,1U,6840.0,EXP,854,CIB,35-44,not_inst,84.02578797,North,direct,0,39.0
161967,2019,cf,Joint,nopre,type1,p4,l1,nopc,nob/c,336500,4.5,1.4454,1672.88,228.0,not_neg,not_int,not_lpsm,438000.0,sb,pr,home,1U,15240.0,CRIF,581,EXP,55-64,to_inst,76.82648402,North,direct,0,31.0
43795,2019,cf,Joint,nopre,type3,p3,l1,nopc,nob/c,246500,3.625,0.0211,3891.0,360.0,not_neg,not_int,not_lpsm,388000.0,sb,pr,home,1U,9120.0,EXP,593,EXP,55-64,to_inst,63.53092784,central,direct,0,28.0
52168,2019,cf,Male,nopre,type1,p4,l1,nopc,nob/c,386500,4.0,0.145,0.0,360.0,not_neg,not_int,not_lpsm,478000.0,sb,pr,home,1U,8940.0,CIB,885,CIB,55-64,not_inst,80.85774059,south,direct,0,20.0
31853,2019,cf,Joint,nopre,type1,p3,l1,nopc,nob/c,716500,3.875,0.1524,2850.85,360.0,not_neg,int_only,not_lpsm,1508000.0,sb,pr,home,1U,13080.0,CRIF,684,EXP,45-54,not_inst,47.5132626,North,direct,0,37.0
67451,2019,cf,Joint,nopre,type1,p4,l1,nopc,nob/c,596500,3.25,-0.208,795.0,360.0,not_neg,not_int,not_lpsm,1908000.0,sb,pr,home,1U,8160.0,CIB,710,EXP,55-64,to_inst,31.26310273,North,direct,0,41.0
84076,2019,cf,Male,nopre,type1,p3,l1,nopc,nob/c,486500,3.125,0.0507,42.04,180.0,not_neg,not_int,not_lpsm,1068000.0,sb,pr,home,1U,9840.0,EXP,876,CIB,45-54,not_inst,45.55243446,south,direct,0,37.0
85828,2019,cf,Joint,nopre,type1,p4,l1,nopc,nob/c,346500,2.875,0.0703,7357.0,180.0,not_neg,not_int,not_lpsm,628000.0,sb,pr,home,1U,11640.0,CRIF,886,EXP,35-44,not_inst,55.17515924,North,direct,0,11.0
52079,2019,ncf,Sex Not Available,pre,type1,p1,l1,nopc,nob/c,446500,4.125,0.8229,3123.63,360.0,not_neg,not_int,not_lpsm,478000.0,sb,pr,home,1U,18000.0,CIB,518,CIB,35-44,to_inst,93.41004184,south,direct,0,44.0
112209,2019,cf,Male,nopre,type1,p1,l1,nopc,nob/c,456500,,,,360.0,not_neg,not_int,not_lpsm,488000.0,sb,pr,home,1U,9000.0,CRIF,557,CIB,55-64,to_inst,93.54508197,south,direct,1,45.0
54478,2019,cf,Male,nopre,type1,p3,l1,nopc,nob/c,216500,4.125,0.2958,407.9,180.0,not_neg,not_int,not_lpsm,288000.0,sb,sr,home,1U,16080.0,CRIF,634,CIB,55-64,not_inst,75.17361111,south,direct,0,31.0
32677,2019,cf,Male,nopre,type1,p3,l1,nopc,nob/c,266500,3.99,0.5851,6514.0,300.0,not_neg,not_int,not_lpsm,398000.0,sb,pr,home,1U,4380.0,CIB,699,CIB,45-54,to_inst,66.95979899,south,direct,0,40.0
157726,2019,cf,Joint,nopre,type1,p3,l1,nopc,nob/c,366500,3.625,0.0735,696.6,360.0,not_neg,not_int,not_lpsm,668000.0,sb,pr,home,1U,5640.0,CRIF,724,EXP,65-74,not_inst,54.86526946,south,direct,0,48.0
122011,2019,cf,Male,pre,type1,p4,l1,nopc,nob/c,406500,3.99,0.3169,4675.23,360.0,not_neg,not_int,not_lpsm,578000.0,sb,pr,home,1U,8580.0,CRIF,581,EXP,65-74,to_inst,70.32871972,North,direct,0,26.0
150897,2019,cf,Female,nopre,type1,p4,l1,nopc,nob/c,206500,3.99,0.4338,3609.13,360.0,not_neg,not_int,not_lpsm,288000.0,sb,pr,home,1U,4500.0,CIB,590,CIB,45-54,to_inst,71.70138889,North,direct,0,44.0
173278,2019,cf,Male,nopre,type1,p3,l1,nopc,nob/c,306500,3.875,0.0571,0.0,360.0,not_neg,not_int,not_lpsm,608000.0,sb,pr,home,1U,5760.0,CIB,595,CIB,65-74,not_inst,50.41118421,south,direct,0,34.0
115872,2019,cf,Female,nopre,type1,p4,l1,nopc,nob/c,266500,3.0,-0.0726,2822.52,180.0,not_neg,int_only,not_lpsm,358000.0,sb,pr,home,1U,5760.0,CIB,631,CIB,45-54,not_inst,74.44134078,North,direct,0,40.0
84585,2019,ncf,Sex Not Available,nopre,type3,p3,l2,nopc,nob/c,786500,,,,360.0,not_neg,not_int,not_lpsm,828000.0,sb,pr,home,1U,6840.0,EXP,554,CIB,35-44,to_inst,94.98792271,south,direct,1,60.0
28724,2019,cf,Joint,nopre,type1,p3,l1,nopc,nob/c,126500,4.5,0.9317,2087.5,240.0,not_neg,not_int,not_lpsm,328000.0,sb,pr,home,1U,1860.0,CIB,786,EXP,65-74,to_inst,38.56707317,North,direct,0,44.0
144406,2019,cf,Joint,nopre,type1,p4,l1,nopc,nob/c,116500,4.125,0.8634,3671.13,324.0,not_neg,not_int,not_lpsm,178000.0,sb,pr,home,1U,15720.0,CRIF,771,EXP,25-34,to_inst,65.4494382,central,direct,0,9.0
109311,2019,cf,Joint,nopre,type1,p4,l1,nopc,nob/c,256500,3.5,0.6476,4029.5,180.0,not_neg,not_int,lpsm,438000.0,sb,pr,home,1U,7440.0,EXP,578,EXP,65-74,to_inst,58.56164384,North,direct,0,45.0
34625,2019,ncf,Female,nopre,type2,p3,l1,nopc,b/c,136500,4.25,0.9549,1300.0,360.0,not_neg,not_int,not_lpsm,178000.0,sb,pr,home,1U,2340.0,CIB,721,CIB,55-64,to_inst,76.68539326,North,direct,0,44.0
53068,2019,cf,Male,nopre,type1,p3,l1,nopc,nob/c,316500,3.75,-0.1669,6247.63,360.0,not_neg,not_int,not_lpsm,508000.0,sb,pr,home,1U,3120.0,EXP,653,CIB,35-44,to_inst,62.30314961,south,direct,0,44.0
57914,2019,cf,Male,nopre,type1,p3,l1,nopc,nob/c,176500,3.875,0.5564,5159.95,360.0,not_neg,not_int,not_lpsm,248000.0,sb,pr,home,1U,2580.0,EXP,747,CIB,55-64,to_inst,71.16935484,North,direct,0,32.0
85860,2019,cf,Joint,nopre,type2,p3,l1,nopc,b/c,236500,3.99,1.0311,5049.66,360.0,not_neg,not_int,not_lpsm,278000.0,sb,pr,home,1U,3060.0,CRIF,759,EXP,65-74,to_inst,85.07194245,central,direct,0,56.0
67724,2019,cf,Female,nopre,type1,p3,l2,nopc,nob/c,176500,4.75,0.7997,1980.57,360.0,not_neg,not_int,not_lpsm,398000.0,sb,pr,home,1U,2280.0,CIB,867,CIB,55-64,to_inst,44.34673367,North,direct,0,46.0
44749,2019,cf,Male,nopre,type1,p1,l1,nopc,nob/c,486500,4.75,1.3736,10930.0,360.0,not_neg,not_int,not_lpsm,528000.0,sb,pr,home,1U,7140.0,EXP,550,CIB,55-64,to_inst,92.14015152,North,direct,0,36.0
80352,2019,cf,Joint,nopre,type1,p4,l1,nopc,nob/c,216500,,,,360.0,not_neg,int_only,not_lpsm,198000.0,sb,pr,home,1U,7320.0,CIB,721,EXP,35-44,to_inst,109.3434343,North,direct,1,31.0
130809,2019,cf,Female,nopre,type1,p3,l1,nopc,nob/c,666500,4.99,1.0693,16963.0,360.0,not_neg,not_int,not_lpsm,1258000.0,sb,pr,home,2U,10260.0,EXP,856,EXP,45-54,to_inst,52.9809221,south,direct,0,30.0
36539,2019,cf,Male,nopre,type3,p3,l2,nopc,nob/c,416500,,,,300.0,neg_amm,not_int,not_lpsm,398000.0,sb,pr,home,1U,5520.0,CIB,708,CIB,45-54,to_inst,104.6482412,North,direct,1,29.0
35856,2019,cf,Joint,nopre,type1,p1,l1,nopc,nob/c,506500,3.875,0.2183,5458.44,360.0,not_neg,not_int,not_lpsm,638000.0,sb,pr,home,1U,5040.0,CRIF,806,EXP,55-64,not_inst,79.38871473,south,direct,0,45.0
37171,2019,cf,Female,pre,type1,p4,l1,nopc,nob/c,226500,3.99,0.3833,3938.75,324.0,not_neg,not_int,not_lpsm,378000.0,sb,pr,home,1U,4560.0,EXP,501,CIB,65-74,to_inst,59.92063492,North,direct,0,44.0
137106,2019,cf,Sex Not Available,nopre,type1,p3,l1,nopc,nob/c,266500,4.75,0.3534,1477.5,360.0,neg_amm,not_int,not_lpsm,458000.0,sb,pr,home,1U,5820.0,CIB,845,EXP,55-64,to_inst,58.18777293,south,direct,0,48.0
64790,2019,cf,Sex Not Available,nopre,type1,p4,l1,nopc,nob/c,386500,3.75,0.3055,13574.31,336.0,not_neg,not_int,not_lpsm,508000.0,sb,pr,home,1U,6480.0,CIB,730,EXP,35-44,to_inst,76.08267717,south,direct,0,49.0
135749,2019,cf,Sex Not Available,nopre,type1,p3,l1,nopc,nob/c,116500,4.75,1.106,3197.5,240.0,neg_amm,not_int,not_lpsm,218000.0,sb,pr,home,1U,1680.0,EXP,773,EXP,55-64,to_inst,53.44036697,south,direct,0,43.0
56996,2019,ncf,Sex Not Available,nopre,type3,p1,l1,nopc,nob/c,746500,3.375,-0.2407,0.0,360.0,not_neg,not_int,not_lpsm,818000.0,sb,pr,home,1U,8460.0,EXP,779,CIB,55-64,not_inst,91.2591687,south,direct,0,58.0
109653,2019,cf,Joint,nopre,type1,p3,l1,nopc,nob/c,286500,3.75,0.6987,2199.52,180.0,not_neg,not_int,not_lpsm,478000.0,sb,pr,home,1U,4800.0,EXP,506,EXP,55-64,to_inst,59.93723849,central,direct,0,45.0
108913,2019,cf,Male,nopre,type1,p3,l1,nopc,nob/c,436500,3.99,0.319,4666.19,360.0,not_neg,not_int,not_lpsm,548000.0,sb,pr,home,1U,3900.0,CRIF,519,CIB,55-64,not_inst,79.65328467,North,direct,0,48.0
137039,2019,cf,Sex Not Available,nopre,type2,p3,l1,nopc,b/c,306500,,,,360.0,not_neg,not_int,not_lpsm,338000.0,sb,pr,home,1U,1080.0,EXP,624,EXP,25-34,to_inst,90.68047337,south,direct,1,49.0
42415,2019,cf,Sex Not Available,nopre,type1,p3,l1,nopc,nob/c,126500,4.5,1.0576,3770.0,300.0,not_neg,not_int,not_lpsm,188000.0,sb,pr,home,1U,2760.0,EXP,548,CIB,35-44,to_inst,67.28723404,south,direct,0,24.0
109592,2019,cf,Sex Not Available,,type1,p3,l1,nopc,nob/c,436500,4.5,0.2685,6526.49,360.0,not_neg,not_int,not_lpsm,748000.0,sb,pr,home,1U,5700.0,EXP,572,EXP,65-74,to_inst,58.35561497,south,direct,0,43.0
149904,2019,cf,Female,nopre,type1,p1,l1,nopc,nob/c,706500,4.375,0.2825,0.0,360.0,not_neg,not_int,not_lpsm,778000.0,sb,pr,home,1U,9660.0,EXP,661,CIB,25-34,not_inst,90.80976864,south,direct,0,37.0
49457,2019,ncf,Male,pre,type1,p1,l1,nopc,nob/c,346500,4.25,0.2981,0.0,360.0,not_neg,not_int,not_lpsm,368000.0,sb,pr,home,1U,6240.0,EXP,588,CIB,45-54,not_inst,94.1576087,south,direct,0,37.0
144518,2019,cf,Female,nopre,type1,p4,l1,nopc,nob/c,186500,3.625,0.4572,0.0,180.0,not_neg,not_int,not_lpsm,818000.0,sb,pr,home,1U,3480.0,CIB,806,CIB,35-44,not_inst,22.799511,south,direct,0,41.0
74926,2019,cf,Male,pre,type1,p4,l1,nopc,nob/c,406500,3.5,-0.345,1094.0,360.0,not_neg,not_int,not_lpsm,488000.0,sb,pr,home,1U,5160.0,EXP,570,CIB,25-34,not_inst,83.29918033,North,direct,0,37.0
105939,2019,cf,Joint,nopre,type1,p1,l1,nopc,nob/c,426500,4.375,0.7317,4115.0,360.0,not_neg,not_int,not_lpsm,438000.0,sb,pr,home,1U,6840.0,CIB,643,EXP,35-44,not_inst,97.37442922,south,direct,0,44.0
147009,2019,cf,Female,nopre,type1,p4,l1,nopc,nob/c,256500,3.5,-0.0321,,360.0,not_neg,not_int,not_lpsm,448000.0,sb,pr,home,1U,6480.0,CRIF,638,CIB,55-64,to_inst,57.25446429,North,direct,0,33.0
93267,2019,cf,Sex Not Available,nopre,type1,p1,l1,nopc,nob/c,446500,,,,360.0,not_neg,not_int,not_lpsm,478000.0,sb,pr,home,1U,9900.0,CRIF,592,CIB,45-54,to_inst,93.41004184,south,direct,1,26.0
122346,2019,cf,Joint,nopre,type3,p3,l1,nopc,nob/c,336500,3.5,-0.0838,9075.0,300.0,not_neg,not_int,not_lpsm,338000.0,sb,pr,home,1U,10620.0,CIB,578,EXP,55-64,to_inst,99.55621302,North,direct,0,38.0
147107,2019,cf,Female,nopre,type2,p4,l1,nopc,b/c,266500,4.375,1.8489,6804.39,300.0,not_neg,not_int,not_lpsm,268000.0,sb,pr,home,1U,6420.0,CRIF,883,CIB,45-54,to_inst,99.44029851,North,direct,0,22.0
151755,2019,cf,Sex Not Available,nopre,type2,p3,l1,nopc,b/c,436500,,,,360.0,neg_amm,not_int,not_lpsm,508000.0,sb,pr,home,1U,7800.0,CRIF,555,EXP,65-74,to_inst,85.92519685,south,direct,1,40.0
26281,2019,cf,Male,nopre,type1,p1,l1,nopc,nob/c,276500,,,,360.0,not_neg,not_int,not_lpsm,368000.0,sb,ir,home,1U,3300.0,EXP,668,CIB,55-64,not_inst,75.13586957,central,direct,1,39.0
124439,2019,cf,Male,nopre,type1,p3,l1,nopc,nob/c,106500,4.375,1.2327,2625.0,180.0,not_neg,not_int,not_lpsm,618000.0,sb,pr,home,1U,3240.0,CRIF,813,CIB,65-74,to_inst,17.23300971,south,direct,0,32.0
74489,2019,cf,Sex Not Available,nopre,type1,p3,l1,nopc,nob/c,116500,4.56,0.5678,3504.0,360.0,not_neg,not_int,not_lpsm,178000.0,sb,pr,home,1U,1680.0,CIB,707,CIB,65-74,to_inst,65.4494382,south,direct,0,47.0
94122,2019,cf,Male,nopre,type2,p3,l1,nopc,b/c,336500,3.5,0.5941,1272.5,360.0,not_neg,not_int,not_lpsm,388000.0,sb,pr,home,1U,9540.0,CIB,791,CIB,35-44,to_inst,86.72680412,North,direct,0,46.0
160848,2019,cf,Sex Not Available,nopre,type1,p3,l1,nopc,nob/c,246500,,,,180.0,neg_amm,not_int,not_lpsm,358000.0,sb,pr,home,1U,5280.0,CRIF,504,EXP,45-54,to_inst,68.8547486,south,direct,1,39.0
120088,2019,cf,Female,nopre,type1,p4,l1,nopc,nob/c,246500,3.375,-0.0788,4967.7,180.0,not_neg,not_int,not_lpsm,308000.0,sb,pr,home,1U,5580.0,CRIF,616,CIB,35-44,not_inst,80.03246753,North,direct,0,33.0
88314,2019,cf,Female,nopre,type1,p3,l1,nopc,nob/c,726500,,,,360.0,not_neg,not_int,not_lpsm,1508000.0,sb,pr,home,1U,9900.0,CRIF,819,CIB,45-54,not_inst,48.17639257,North,direct,1,41.0
36344,2019,cf,Male,nopre,type1,p4,l1,nopc,nob/c,816500,,,,360.0,not_neg,not_int,not_lpsm,1388000.0,sb,pr,home,3U,10740.0,CIB,524,CIB,55-64,not_inst,58.82564841,south,direct,1,43.0
136118,2019,cf,Joint,,type1,p1,l1,nopc,nob/c,136500,3.99,0.6617,4349.38,360.0,not_neg,int_only,not_lpsm,148000.0,sb,pr,home,1U,6420.0,EXP,876,EXP,45-54,to_inst,92.22972973,North,direct,0,31.0
108505,2019,,Joint,nopre,type1,p1,l1,nopc,nob/c,466500,4.375,0.2805,0.0,360.0,not_neg,not_int,not_lpsm,578000.0,sb,pr,home,1U,7200.0,CIB,566,EXP,35-44,not_inst,80.70934256,south,direct,0,49.0
138951,2019,cf,Joint,nopre,type1,p3,l1,nopc,nob/c,206500,4.5,0.1987,0.0,360.0,not_neg,not_int,not_lpsm,318000.0,sb,pr,home,1U,20580.0,CIB,724,EXP,35-44,to_inst,64.93710692,North,direct,0,14.0
108278,2019,cf,Female,nopre,type1,p3,l1,nopc,nob/c,186500,3.875,1.0424,4700.0,180.0,not_neg,not_int,not_lpsm,238000.0,sb,pr,home,1U,3600.0,CIB,886,CIB,55-64,to_inst,78.36134454,North,direct,0,44.0
111253,2019,cf,Sex Not Available,pre,type1,p4,l1,nopc,nob/c,336500,3.99,0.3446,4321.0,360.0,not_neg,not_int,not_lpsm,408000.0,sb,pr,home,1U,6600.0,CRIF,620,EXP,25-34,to_inst,82.4754902,south,direct,0,23.0
137796,2019,cf,Female,nopre,type1,p4,l1,nopc,nob/c,366500,3.375,-0.0522,4600.0,324.0,neg_amm,not_int,not_lpsm,568000.0,sb,pr,home,1U,5700.0,EXP,644,CIB,25-34,not_inst,64.52464789,North,direct,0,34.0
94052,2019,cf,Joint,pre,type3,p1,l1,nopc,nob/c,386500,4.875,1.0625,952.93,360.0,not_neg,not_int,not_lpsm,368000.0,sb,pr,home,1U,4860.0,CRIF,746,EXP,35-44,to_inst,105.0271739,North,direct,0,60.0
136793,2019,ncf,Male,pre,type1,p1,l1,nopc,nob/c,296500,5.25,0.6731,1512.54,324.0,neg_amm,not_int,not_lpsm,298000.0,sb,pr,home,1U,4620.0,CIB,664,CIB,25-34,to_inst,99.4966443,south,direct,0,44.0
165240,2019,cf,Male,nopre,type2,p3,l1,nopc,b/c,106500,3.99,1.563,2840.91,180.0,not_neg,not_int,not_lpsm,138000.0,sb,pr,home,1U,4200.0,CIB,749,EXP,45-54,to_inst,77.17391304,North,direct,0,41.0
128899,2019,cf,Female,nopre,type1,p3,l1,nopc,nob/c,446500,3.99,0.3381,3450.0,360.0,not_neg,not_int,not_lpsm,558000.0,sb,pr,home,1U,8940.0,CIB,515,EXP,45-54,to_inst,80.01792115,North,direct,0,30.0
44243,2019,cf,Male,nopre,type2,p3,l1,nopc,b/c,206500,,,,360.0,not_neg,not_int,not_lpsm,208000.0,sb,pr,home,1U,2520.0,CRIF,824,CIB,55-64,to_inst,99.27884615,south,direct,1,47.0
31485,2019,cf,Male,nopre,type1,p3,l1,nopc,nob/c,566500,,,,360.0,not_neg,not_int,lpsm,658000.0,sb,pr,home,1U,21240.0,CRIF,848,CIB,45-54,to_inst,86.09422492,North,direct,1,6.0
44765,2019,cf,Male,nopre,type1,p3,l1,nopc,nob/c,536500,5.0,0.6756,0.0,360.0,not_neg,not_int,not_lpsm,768000.0,sb,pr,home,1U,6360.0,CIB,556,CIB,45-54,not_inst,69.85677083,south,direct,0,43.0
29175,2019,cf,Male,nopre,type3,p1,l1,nopc,nob/c,236500,4.25,0.0871,0.0,360.0,neg_amm,not_int,not_lpsm,238000.0,sb,pr,home,1U,2280.0,CRIF,722,CIB,65-74,not_inst,99.3697479,central,direct,0,53.0
150521,2019,,Male,nopre,type1,p3,l1,nopc,nob/c,306500,4.375,1.1383,7733.38,240.0,not_neg,not_int,not_lpsm,408000.0,sb,pr,home,1U,9840.0,CIB,795,EXP,55-64,to_inst,75.12254902,central,direct,0,32.0
78430,2019,cf,Male,nopre,type1,p4,l1,nopc,nob/c,146500,4.125,0.6307,1916.31,360.0,not_neg,not_int,not_lpsm,208000.0,sb,pr,home,1U,2940.0,CIB,814,EXP,65-74,to_inst,70.43269231,North,direct,0,40.0
72114,2019,cf,Joint,pre,type1,p1,l2,nopc,nob/c,236500,4.625,0.7275,3534.91,360.0,not_neg,not_int,not_lpsm,268000.0,sb,sr,home,1U,8820.0,CRIF,527,EXP,55-64,to_inst,88.24626866,North,direct,0,49.0
52052,2019,cf,Joint,nopre,type1,p4,l1,nopc,nob/c,196500,3.99,0.3487,1982.0,360.0,not_neg,not_int,not_lpsm,258000.0,sb,pr,home,1U,3960.0,EXP,700,EXP,25-34,to_inst,76.1627907,North,direct,0,31.0
144533,2019,cf,Sex Not Available,nopre,type1,p3,l1,nopc,nob/c,386500,2.75,0.0503,15817.7,132.0,not_neg,not_int,not_lpsm,808000.0,sb,pr,home,1U,7380.0,CIB,579,CIB,55-64,to_inst,47.83415842,south,direct,0,39.0
114509,2019,cf,Female,nopre,type1,p1,l1,nopc,nob/c,576500,3.875,-0.2855,5805.32,360.0,not_neg,not_int,not_lpsm,608000.0,sb,pr,home,1U,9300.0,CRIF,536,CIB,35-44,not_inst,94.81907895,North,direct,0,31.0
149933,2019,cf,Joint,nopre,type1,p3,l2,nopc,nob/c,386500,3.875,-0.015,11098.75,276.0,not_neg,not_int,not_lpsm,808000.0,sb,pr,home,1U,6840.0,CRIF,528,EXP,55-64,to_inst,47.83415842,North,direct,0,21.0
160673,2019,cf,Sex Not Available,nopre,type1,p3,l2,nopc,nob/c,186500,4.99,0.8958,1700.0,360.0,not_neg,not_int,not_lpsm,308000.0,sb,pr,home,1U,2460.0,CRIF,638,CIB,65-74,to_inst,60.55194805,south,direct,0,45.0
35288,2019,cf,Female,nopre,type3,p3,l1,nopc,nob/c,346500,3.5,0.2656,,360.0,neg_amm,not_int,not_lpsm,358000.0,sb,pr,home,1U,7200.0,EXP,580,CIB,55-64,to_inst,96.7877095,south,direct,0,37.0
159788,2019,cf,Joint,nopre,type1,p4,l1,nopc,nob/c,726500,3.625,-0.1216,3490.98,360.0,not_neg,not_int,not_lpsm,1378000.0,sb,pr,home,1U,22080.0,CRIF,679,EXP,55-64,not_inst,52.72133527,North,direct,0,49.0
31497,2019,cf,Sex Not Available,nopre,type1,p3,l1,nopc,nob/c,356500,4.25,0.3308,3452.38,360.0,not_neg,not_int,not_lpsm,488000.0,sb,pr,home,1U,3480.0,EXP,544,EXP,65-74,to_inst,73.05327869,south,direct,0,59.0
144707,2019,cf,Female,nopre,type1,p4,l1,nopc,nob/c,456500,3.625,0.0208,1861.4,360.0,not_neg,not_int,not_lpsm,638000.0,sb,pr,home,1U,4140.0,CIB,776,CIB,35-44,not_inst,71.55172414,North,direct,0,43.0
139451,2019,cf,Male,nopre,type1,p1,l1,nopc,nob/c,76500,4.375,1.3669,1272.64,360.0,not_neg,not_int,not_lpsm,88000.0,sb,pr,home,1U,1380.0,CIB,789,CIB,<25,to_inst,86.93181818,North,direct,0,44.0
97862,2019,cf,Joint,nopre,type1,p4,l1,nopc,nob/c,126500,4.25,0.6773,3550.45,360.0,not_neg,not_int,not_lpsm,138000.0,sb,pr,home,1U,5640.0,CRIF,735,EXP,35-44,to_inst,91.66666667,North,direct,0,27.0
152970,2019,cf,Sex Not Available,pre,type1,p4,l1,nopc,nob/c,726500,3.725,0.0611,0.0,360.0,not_neg,not_int,not_lpsm,1158000.0,sb,pr,home,1U,11100.0,CRIF,611,CIB,35-44,to_inst,62.73747841,south,direct,0,45.0
154218,2019,cf,Female,nopre,type1,p3,l1,nopc,nob/c,166500,3.875,0.5909,3604.56,180.0,not_neg,not_int,not_lpsm,558000.0,sb,pr,home,1U,4800.0,CIB,558,EXP,55-64,to_inst,29.83870968,North,direct,0,41.0
53920,2019,cf,Joint,nopre,type2,p1,l1,nopc,b/c,466500,3.99,0.6725,0.0,360.0,not_neg,not_int,not_lpsm,478000.0,sb,pr,home,1U,11520.0,CIB,828,EXP,45-54,not_inst,97.59414226,North,direct,0,42.0
71384,2019,cf,Female,nopre,type1,p1,l1,nopc,nob/c,156500,5.125,1.4125,0.0,180.0,not_neg,not_int,not_lpsm,168000.0,sb,pr,home,1U,4920.0,EXP,650,CIB,45-54,to_inst,93.1547619,central,direct,0,41.0
113517,2019,cf,Female,nopre,type1,p1,l1,nopc,nob/c,366500,3.75,0.1499,0.0,360.0,not_neg,not_int,not_lpsm,378000.0,sb,pr,home,1U,4260.0,EXP,610,CIB,45-54,not_inst,96.95767196,North,direct,0,44.0
54849,2019,cf,Male,pre,type1,p3,l1,nopc,nob/c,196500,3.625,0.8105,5128.34,180.0,not_neg,not_int,not_lpsm,388000.0,sb,pr,home,1U,5040.0,EXP,851,CIB,>74,to_inst,50.6443299,North,direct,0,36.0
114720,2019,cf,Female,pre,type2,p1,l1,nopc,b/c,196500,,,,360.0,not_neg,not_int,not_lpsm,198000.0,sb,pr,home,1U,3660.0,CIB,868,CIB,45-54,to_inst,99.24242424,North,direct,1,57.0
51787,2019,cf,Joint,nopre,type1,p3,l1,nopc,nob/c,176500,4.5,0.3769,2707.5,360.0,not_neg,not_int,not_lpsm,708000.0,sb,pr,home,1U,6600.0,CIB,851,EXP,45-54,to_inst,24.92937853,North,direct,0,25.0
139661,2019,cf,Male,nopre,type2,p3,l1,nopc,b/c,406500,,,,360.0,not_neg,not_int,not_lpsm,448000.0,sb,pr,home,1U,5940.0,CRIF,671,CIB,35-44,not_inst,90.73660714,North,direct,1,56.0
91514,2019,ncf,Sex Not Available,pre,type1,p1,l1,nopc,nob/c,226500,4.99,1.2131,8308.5,360.0,not_neg,not_int,not_lpsm,288000.0,sb,ir,home,1U,4440.0,CRIF,646,EXP,65-74,to_inst,78.64583333,south,direct,0,36.0
79302,2019,,Joint,nopre,type1,p1,l1,nopc,nob/c,446500,4.0,0.5924,999.0,360.0,not_neg,not_int,not_lpsm,458000.0,sb,pr,home,1U,7740.0,EXP,769,EXP,45-54,not_inst,97.48908297,south,direct,0,36.0
123711,2019,cf,Joint,nopre,type3,p3,l1,nopc,nob/c,436500,3.125,-0.4047,3500.37,360.0,not_neg,not_int,not_lpsm,478000.0,sb,pr,home,1U,4860.0,CIB,852,EXP,45-54,not_inst,91.31799163,south,direct,0,45.0
156797,2019,cf,Female,nopre,type1,p4,l1,nopc,nob/c,266500,3.69,-0.0932,0.0,360.0,not_neg,not_int,not_lpsm,678000.0,sb,pr,home,1U,3540.0,EXP,597,CIB,25-34,not_inst,39.30678466,south,direct,0,45.0
123515,2019,cf,Sex Not Available,nopre,type1,p4,l1,nopc,nob/c,216500,,,,348.0,not_neg,not_int,not_lpsm,218000.0,sb,pr,home,1U,3300.0,EXP,857,EXP,45-54,to_inst,99.31192661,south,direct,1,44.0
98997,2019,cf,Joint,nopre,type1,p4,l1,nopc,nob/c,576500,4.5,0.393,3935.0,360.0,not_neg,not_int,not_lpsm,698000.0,sb,pr,home,1U,10680.0,CRIF,652,EXP,55-64,not_inst,82.59312321,south,direct,0,31.0
27724,2019,cf,Male,nopre,type1,p1,l1,nopc,nob/c,66500,,,,180.0,neg_amm,not_int,not_lpsm,78000.0,sb,pr,home,1U,15360.0,CRIF,813,EXP,<25,to_inst,85.25641026,south,direct,1,6.0
63321,2019,cf,Female,pre,type1,p1,l1,nopc,nob/c,206500,4.625,0.2011,1150.0,360.0,not_neg,not_int,not_lpsm,258000.0,sb,pr,home,1U,2580.0,CRIF,856,CIB,55-64,to_inst,80.03875969,south,direct,0,40.0
33725,2019,cf,Joint,nopre,type1,p3,l1,nopc,nob/c,246500,3.5,0.0127,7437.5,360.0,not_neg,not_int,not_lpsm,668000.0,sb,pr,home,1U,5640.0,EXP,788,EXP,55-64,to_inst,36.9011976,North,direct,0,21.0
58415,2019,cf,Female,nopre,type1,p1,l1,nopc,nob/c,266500,3.75,0.1843,1481.45,360.0,not_neg,not_int,not_lpsm,278000.0,sb,pr,home,1U,3480.0,CRIF,698,CIB,25-34,not_inst,95.86330935,North,direct,0,32.0
27381,2019,cf,Joint,nopre,type1,p3,l1,nopc,nob/c,446500,4.875,0.5573,2235.4,360.0,not_neg,not_int,not_lpsm,558000.0,sb,pr,home,1U,9120.0,CRIF,827,EXP,55-64,to_inst,80.01792115,North,direct,0,41.0
109860,2019,cf,Female,nopre,type1,p4,l1,nopc,nob/c,266500,2.75,-0.3325,1437.36,180.0,not_neg,not_int,not_lpsm,458000.0,sb,pr,home,1U,6060.0,CIB,699,CIB,55-64,not_inst,58.18777293,North,direct,0,28.0
75549,2019,cf,Joint,pre,type1,p3,l1,nopc,nob/c,176500,,,,180.0,not_neg,not_int,not_lpsm,238000.0,sb,pr,home,1U,5220.0,CRIF,810,EXP,45-54,to_inst,74.15966387,North,direct,1,29.0
91526,2019,cf,Male,nopre,type2,p1,l1,nopc,b/c,66500,4.25,1.6369,1344.14,360.0,not_neg,not_int,not_lpsm,68000.0,sb,pr,home,1U,3060.0,EXP,535,CIB,25-34,to_inst,97.79411765,North,direct,0,37.0
87876,2019,cf,Female,nopre,type1,p3,l1,nopc,nob/c,206500,3.99,0.5916,6000.0,360.0,not_neg,not_int,not_lpsm,278000.0,sb,pr,home,1U,3000.0,EXP,522,CIB,>74,to_inst,74.28057554,North,direct,0,39.0
56504,2019,cf,Male,nopre,type1,p4,l1,nopc,nob/c,616500,4.5,0.55,1295.0,360.0,not_neg,not_int,not_lpsm,658000.0,sb,pr,home,1U,6720.0,EXP,849,CIB,35-44,not_inst,93.69300912,south,direct,0,46.0
35554,2019,cf,Joint,nopre,type1,p4,l1,nopc,nob/c,446500,4.125,-0.3057,3600.0,360.0,not_neg,not_int,not_lpsm,878000.0,sb,sr,home,1U,70560.0,CRIF,720,EXP,55-64,not_inst,50.85421412,North,direct,0,7.0
65492,2019,cf,Joint,nopre,type1,p3,l1,nopc,nob/c,96500,4.99,1.0471,2860.0,360.0,not_neg,not_int,not_lpsm,118000.0,sb,pr,home,1U,1260.0,EXP,646,EXP,65-74,to_inst,81.77966102,North,direct,0,40.0
102427,2019,cf,Male,nopre,type1,p4,l1,nopc,nob/c,326500,4.5,0.1647,41.03,360.0,not_neg,not_int,not_lpsm,1558000.0,sb,pr,home,1U,4620.0,CRIF,829,EXP,>74,to_inst,20.9563543,North,direct,0,44.0
86914,2019,cf,Joint,nopre,type1,p3,l1,nopc,nob/c,376500,,,,360.0,not_neg,not_int,not_lpsm,448000.0,sb,pr,home,1U,10140.0,CRIF,694,EXP,45-54,to_inst,84.04017857,central,direct,1,28.0
148010,2019,cf,Joint,nopre,type1,p4,l1,nopc,nob/c,466500,4.18,0.1544,6157.9,360.0,not_neg,not_int,not_lpsm,548000.0,sb,pr,home,1U,12060.0,CIB,890,EXP,35-44,not_inst,85.12773723,south,direct,0,49.0
81881,2019,cf,Joint,nopre,type1,p3,l1,nopc,nob/c,606500,,,,360.0,not_neg,not_int,not_lpsm,688000.0,sb,pr,home,1U,7140.0,CRIF,660,EXP,55-64,to_inst,88.15406977,south,direct,1,55.0
71263,2019,cf,Sex Not Available,nopre,type1,p3,l2,nopc,nob/c,136500,5.5,1.3674,2837.5,360.0,not_neg,not_int,not_lpsm,228000.0,sb,ir,home,1U,11760.0,EXP,526,CIB,35-44,to_inst,59.86842105,south,direct,0,33.0
120550,2019,cf,Sex Not Available,nopre,type1,p3,l1,nopc,nob/c,206500,,,,360.0,not_neg,not_int,not_lpsm,308000.0,sb,pr,home,1U,1680.0,CIB,542,CIB,65-74,to_inst,67.04545455,south,direct,1,61.0
45593,2019,cf,Joint,nopre,type1,p4,l1,nopc,nob/c,506500,,,,360.0,not_neg,not_int,not_lpsm,578000.0,sb,pr,home,1U,7800.0,CIB,608,EXP,45-54,to_inst,87.62975779,North,direct,1,40.0
82806,2019,,Sex Not Available,nopre,type1,p3,l1,nopc,nob/c,166500,4.25,0.4454,3752.75,360.0,not_neg,not_int,not_lpsm,258000.0,sb,pr,home,1U,3240.0,EXP,577,CIB,65-74,to_inst,64.53488372,south,direct,0,38.0
57390,2019,cf,Male,nopre,type3,p3,l1,nopc,nob/c,206500,,,,360.0,not_neg,not_int,not_lpsm,208000.0,sb,pr,home,1U,5580.0,CIB,889,CIB,25-34,to_inst,99.27884615,North,direct,1,35.0
69442,2019,,Sex Not Available,nopre,type1,p1,l1,nopc,nob/c,356500,4.25,0.5521,6131.25,360.0,not_neg,not_int,not_lpsm,518000.0,sb,ir,home,4U,6300.0,CIB,837,CIB,45-54,to_inst,68.82239382,south,direct,0,39.0
106166,2019,cf,Female,pre,type1,p1,l1,nopc,nob/c,456500,3.375,0.1212,10150.0,180.0,not_neg,not_int,not_lpsm,838000.0,sb,pr,home,1U,16140.0,EXP,856,CIB,45-54,to_inst,54.47494033,North,direct,0,34.0
46420,2019,cf,Sex Not Available,pre,type2,p3,l1,nopc,b/c,106500,,,,360.0,neg_amm,not_int,not_lpsm,168000.0,sb,pr,home,1U,1560.0,EXP,667,CIB,65-74,to_inst,63.39285714,south,direct,1,36.0
114044,2019,cf,Joint,nopre,type1,p3,l1,nopc,nob/c,196500,4.25,1.1831,2923.44,240.0,not_neg,not_int,not_lpsm,258000.0,sb,pr,home,1U,5100.0,EXP,562,EXP,35-44,to_inst,76.1627907,North,direct,0,41.0
111903,2019,cf,Joint,nopre,type1,p4,l1,nopc,nob/c,586500,3.625,0.2023,11069.6,360.0,not_neg,not_int,not_lpsm,858000.0,sb,pr,home,1U,7620.0,CRIF,895,EXP,65-74,to_inst,68.35664336,south,direct,0,49.0
152287,2019,cf,Sex Not Available,nopre,type1,p3,l1,nopc,nob/c,646500,5.625,1.3733,17337.5,360.0,neg_amm,not_int,not_lpsm,928000.0,sb,ir,home,1U,23760.0,CRIF,591,EXP,35-44,to_inst,69.66594828,south,direct,0,46.0
120212,2019,cf,Joint,nopre,type1,p3,l1,nopc,nob/c,226500,3.875,0.5266,6633.82,360.0,not_neg,not_int,not_lpsm,358000.0,sb,pr,home,1U,2280.0,EXP,701,EXP,55-64,to_inst,63.26815642,North,direct,0,42.0
93111,2019,cf,Male,nopre,type1,p2,l2,nopc,nob/c,66500,,,,360.0,not_neg,not_int,not_lpsm,278000.0,sb,pr,home,1U,1320.0,CIB,864,CIB,55-64,to_inst,23.92086331,south,direct,1,56.0
70342,2019,cf,Joint,nopre,type1,p3,l1,nopc,nob/c,276500,4.75,0.269,0.0,360.0,neg_amm,not_int,not_lpsm,378000.0,sb,ir,home,1U,12900.0,CIB,900,EXP,45-54,not_inst,73.14814815,North,direct,0,49.0
170296,2019,cf,Male,nopre,type1,p4,l1,nopc,nob/c,546500,3.75,-0.002,152.88,360.0,not_neg,not_int,not_lpsm,618000.0,sb,pr,home,1U,4860.0,CIB,507,CIB,35-44,not_inst,88.43042071,North,direct,0,49.0
113373,2019,cf,Male,nopre,type1,p3,l1,nopc,nob/c,326500,4.125,0.6226,9250.0,360.0,not_neg,not_int,not_lpsm,408000.0,sb,pr,home,1U,4980.0,CIB,594,CIB,45-54,to_inst,80.0245098,North,direct,0,41.0
38974,2019,cf,Sex Not Available,nopre,type1,p4,l1,nopc,nob/c,256500,3.99,0.21,1250.0,360.0,not_neg,not_int,not_lpsm,338000.0,sb,pr,home,1U,6240.0,EXP,777,EXP,65-74,to_inst,75.88757396,south,direct,0,46.0
161404,2019,cf,Male,nopre,type1,p3,l1,nopc,nob/c,326500,4.5,0.922,3716.0,360.0,not_neg,not_int,not_lpsm,418000.0,sb,pr,home,1U,7140.0,CRIF,794,EXP,45-54,to_inst,78.11004785,North,direct,0,47.0
85549,2019,cf,Male,nopre,type1,p4,l1,nopc,nob/c,206500,4.5,0.4165,2785.69,360.0,not_neg,not_int,not_lpsm,288000.0,sb,pr,home,1U,2820.0,CIB,501,CIB,35-44,to_inst,71.70138889,North,direct,0,38.0
140415,2019,ncf,Joint,nopre,type1,p4,l1,nopc,nob/c,566500,3.5,0.0284,2006.34,180.0,not_neg,not_int,not_lpsm,758000.0,sb,pr,home,1U,15180.0,CIB,676,EXP,45-54,to_inst,74.73614776,North,direct,0,30.0
47025,2019,cf,Female,nopre,type2,p3,l1,nopc,b/c,56500,,,,360.0,not_neg,not_int,lpsm,78000.0,sb,pr,home,1U,4020.0,EXP,543,CIB,45-54,to_inst,72.43589744,central,direct,1,30.0
72565,2019,cf,Male,nopre,type1,p1,l1,nopc,nob/c,206500,3.75,0.2148,5750.0,360.0,not_neg,not_int,not_lpsm,608000.0,sb,sr,home,1U,34260.0,CIB,758,CIB,55-64,to_inst,33.96381579,North,direct,0,8.0
159391,2019,cf,Sex Not Available,nopre,type1,p1,l2,nopc,nob/c,236500,,,,336.0,neg_amm,not_int,not_lpsm,268000.0,sb,pr,home,1U,5100.0,CIB,590,EXP,<25,to_inst,88.24626866,south,direct,1,40.0
162465,2019,cf,Sex Not Available,nopre,type1,p3,l1,nopc,nob/c,216500,4.99,0.3697,2749.75,360.0,not_neg,not_int,not_lpsm,318000.0,sb,pr,home,1U,3180.0,CIB,654,CIB,65-74,to_inst,68.08176101,south,direct,0,44.0
40109,2019,cf,Sex Not Available,nopre,type1,p3,l1,nopc,nob/c,176500,3.625,1.0058,4923.59,180.0,not_neg,not_int,not_lpsm,228000.0,sb,pr,home,1U,4200.0,CIB,615,CIB,55-64,to_inst,77.4122807,south,direct,0,30.0
53066,2019,cf,Male,nopre,type1,p1,l1,nopc,nob/c,346500,4.125,0.554,1495.0,360.0,not_neg,not_int,not_lpsm,368000.0,sb,pr,home,1U,4680.0,CIB,567,CIB,35-44,not_inst,94.1576087,south,direct,0,44.0
52646,2019,cf,Male,nopre,type1,p1,l1,nopc,nob/c,666500,4.375,-0.0708,0.0,360.0,not_neg,not_int,not_lpsm,1268000.0,sb,pr,home,1U,10260.0,CIB,716,CIB,45-54,not_inst,52.56309148,south,direct,0,44.0
28853,2019,cf,Female,nopre,type1,p3,l1,nopc,nob/c,226500,4.375,0.3906,7461.25,360.0,not_neg,not_int,not_lpsm,278000.0,sb,pr,home,1U,9000.0,EXP,623,CIB,65-74,to_inst,81.47482014,North,direct,0,9.0
70981,2019,cf,Sex Not Available,nopre,type1,p1,l1,nopc,nob/c,66500,4.99,1.116,1832.34,360.0,not_neg,not_int,not_lpsm,78000.0,sb,pr,home,1U,2160.0,CIB,567,CIB,35-44,to_inst,85.25641026,south,direct,0,49.0
93760,2019,cf,Male,nopre,type2,p3,l1,nopc,b/c,86500,3.99,1.1362,1861.26,360.0,not_neg,not_int,not_lpsm,158000.0,sb,pr,home,1U,2760.0,EXP,545,CIB,55-64,to_inst,54.74683544,North,direct,0,47.0
79549,2019,cf,Joint,nopre,type1,p1,l1,nopc,nob/c,706500,4.5,0.1642,566.84,360.0,not_neg,not_int,not_lpsm,888000.0,sb,pr,home,1U,14700.0,EXP,737,EXP,45-54,not_inst,79.56081081,central,direct,0,45.0
68264,2019,ncf,Male,nopre,type1,p3,l2,nopc,nob/c,816500,,,,300.0,neg_amm,not_int,not_lpsm,1208000.0,sb,pr,home,1U,2160.0,CIB,673,CIB,55-64,to_inst,67.5910596,North,direct,1,14.0
42652,2019,cf,Male,nopre,type2,p3,l1,nopc,b/c,206500,4.25,0.5111,0.0,360.0,not_neg,not_int,not_lpsm,238000.0,sb,pr,home,1U,3600.0,CRIF,640,CIB,45-54,to_inst,86.76470588,south,direct,0,51.0
124250,2019,cf,Male,nopre,type3,p3,l1,nopc,nob/c,126500,3.49,0.2098,4207.2,360.0,not_neg,not_int,not_lpsm,148000.0,sb,pr,home,1U,3720.0,CRIF,654,CIB,65-74,to_inst,85.47297297,central,direct,0,57.0
121754,2019,cf,Female,nopre,type1,p1,l1,nopc,nob/c,346500,4.25,0.846,9469.63,360.0,not_neg,not_int,not_lpsm,358000.0,sb,pr,home,1U,4260.0,CRIF,522,CIB,35-44,not_inst,96.7877095,North,direct,0,42.0
48188,2019,cf,Male,nopre,type1,p4,l1,nopc,nob/c,306500,4.5,0.6713,486.22,360.0,not_neg,not_int,not_lpsm,438000.0,sb,pr,home,1U,4260.0,CIB,866,CIB,35-44,to_inst,69.97716895,North,direct,0,40.0
77690,2019,cf,Female,nopre,type1,p3,l1,nopc,nob/c,256500,3.75,0.093,1154.5,360.0,not_neg,not_int,not_lpsm,478000.0,sb,pr,home,1U,4740.0,CRIF,572,EXP,55-64,not_inst,53.66108787,North,direct,0,20.0
111610,2019,cf,Joint,pre,type1,p1,l1,nopc,nob/c,236500,3.375,0.5242,5605.0,180.0,not_neg,not_int,not_lpsm,298000.0,sb,pr,home,1U,5640.0,CIB,621,EXP,55-64,to_inst,79.36241611,North,direct,0,41.0
66985,2019,cf,Joint,pre,type1,p3,l1,nopc,nob/c,136500,3.675,-0.1747,295.0,360.0,not_neg,not_int,not_lpsm,348000.0,sb,pr,home,1U,8040.0,CIB,516,EXP,65-74,to_inst,39.22413793,North,direct,0,21.0
106530,2019,cf,Female,nopre,type1,p4,l1,nopc,nob/c,656500,4.375,-0.1678,395.55,360.0,not_neg,not_int,not_lpsm,2108000.0,sb,pr,home,1U,10800.0,EXP,876,CIB,55-64,not_inst,31.14326376,North,direct,0,43.0
163582,2019,cf,Sex Not Available,nopre,type1,p4,l1,nopc,nob/c,476500,,,,180.0,not_neg,not_int,lpsm,1758000.0,sb,pr,home,1U,9480.0,CRIF,687,EXP,65-74,to_inst,27.10466439,south,direct,1,60.0
154370,2019,cf,Female,pre,type1,p1,l2,nopc,nob/c,196500,3.99,0.4465,4169.83,360.0,not_neg,not_int,not_lpsm,208000.0,sb,pr,home,1U,3120.0,EXP,550,CIB,25-34,to_inst,94.47115385,south,direct,0,49.0
152808,2019,cf,Sex Not Available,nopre,type3,p3,l1,nopc,nob/c,156500,3.25,0.5014,5589.96,180.0,not_neg,not_int,not_lpsm,228000.0,sb,pr,home,1U,4140.0,CIB,845,EXP,55-64,to_inst,68.64035088,south,direct,0,34.0
42330,2019,cf,Male,nopre,type1,p1,l1,nopc,nob/c,316500,3.375,-0.1567,6097.7,360.0,not_neg,not_int,not_lpsm,448000.0,sb,pr,home,1U,8340.0,CRIF,850,CIB,45-54,not_inst,70.64732143,south,direct,0,14.0
59997,2019,cf,Male,nopre,type1,p3,l1,nopc,nob/c,676500,4.0,0.2179,0.0,360.0,not_neg,not_int,not_lpsm,928000.0,sb,pr,home,1U,12660.0,CRIF,545,CIB,25-34,not_inst,72.8987069,south,direct,0,21.0
103095,2019,cf,Male,nopre,type2,p3,l1,nopc,b/c,346500,,,,360.0,not_neg,int_only,not_lpsm,418000.0,sb,pr,home,1U,7020.0,CIB,514,CIB,55-64,to_inst,82.89473684,North,direct,1,30.0
166167,2019,cf,Male,pre,type1,p1,l1,nopc,nob/c,186500,4.375,0.2823,1888.0,360.0,not_neg,int_only,not_lpsm,238000.0,sb,pr,home,1U,3060.0,EXP,790,CIB,35-44,to_inst,78.36134454,North,direct,0,43.0
114118,2019,cf,Sex Not Available,nopre,type1,p4,l1,nopc,nob/c,146500,3.99,0.7463,4800.0,300.0,not_neg,not_int,not_lpsm,198000.0,sb,pr,home,1U,3780.0,EXP,504,CIB,35-44,to_inst,73.98989899,south,direct,0,29.0
59136,2019,cf,Sex Not Available,nopre,type2,p3,l1,nopc,b/c,576500,3.75,0.3826,893.68,360.0,not_neg,not_int,not_lpsm,668000.0,sb,pr,home,1U,11340.0,CRIF,705,EXP,35-44,not_inst,86.30239521,south,direct,0,41.0
44481,2019,cf,Joint,pre,type1,p1,l1,nopc,nob/c,206500,4.25,0.1376,595.0,360.0,not_neg,not_int,not_lpsm,798000.0,sb,pr,home,1U,8880.0,CRIF,562,EXP,45-54,to_inst,25.87719298,south,direct,0,16.0
27857,2019,cf,Male,nopre,type1,p1,l1,nopc,nob/c,556500,3.75,0.1975,4946.5,360.0,neg_amm,not_int,not_lpsm,898000.0,sb,pr,home,1U,8940.0,CIB,578,CIB,45-54,not_inst,61.97104677,North,direct,0,38.0
114427,2019,cf,Sex Not Available,nopre,type1,p3,l1,nopc,nob/c,476500,,,,360.0,not_neg,not_int,not_lpsm,598000.0,sb,pr,home,1U,9300.0,CIB,612,EXP,35-44,to_inst,79.68227425,south,direct,1,33.0
34481,2019,cf,Sex Not Available,nopre,type1,p4,l1,nopc,nob/c,226500,3.625,0.2403,2685.49,360.0,not_neg,not_int,not_lpsm,268000.0,sb,pr,home,1U,2940.0,CIB,760,CIB,65-74,to_inst,84.51492537,south,direct,0,43.0
42736,2019,cf,Sex Not Available,nopre,type1,p2,l1,nopc,nob/c,56500,5.375,1.2389,108.68,360.0,neg_amm,not_int,not_lpsm,98000.0,sb,sr,home,1U,7680.0,CIB,622,EXP,45-54,not_inst,57.65306122,south,direct,0,53.0
140792,2019,cf,Joint,nopre,type1,p4,l1,nopc,nob/c,396500,3.875,-0.0346,7718.31,360.0,not_neg,not_int,not_lpsm,488000.0,sb,pr,home,1U,4860.0,EXP,717,EXP,55-64,to_inst,81.25,North,direct,0,41.0
115186,2019,cf,Joint,pre,type1,p4,l1,nopc,nob/c,376500,4.0,0.2179,0.0,360.0,not_neg,not_int,not_lpsm,498000.0,sb,pr,home,1U,6000.0,CIB,611,EXP,35-44,not_inst,75.60240964,North,direct,0,37.0
61565,2019,cf,Sex Not Available,nopre,type1,p3,l1,nopc,nob/c,76500,,,,300.0,not_neg,not_int,not_lpsm,218000.0,sb,pr,home,1U,4800.0,CIB,663,CIB,>74,to_inst,35.09174312,south,direct,1,49.0
115131,2019,,Sex Not Available,nopre,type1,p3,l1,nopc,nob/c,266500,3.99,0.1539,7699.42,360.0,not_neg,not_int,not_lpsm,808000.0,sb,pr,home,1U,5700.0,EXP,598,EXP,65-74,to_inst,32.98267327,south,direct,0,32.0
27230,2019,cf,Male,nopre,type1,p2,l1,nopc,nob/c,76500,4.99,1.1776,2368.75,360.0,neg_amm,not_int,not_lpsm,758000.0,sb,pr,home,1U,2160.0,CRIF,505,CIB,65-74,to_inst,10.09234828,North,direct,0,36.0
133821,2019,cf,Female,nopre,type1,p1,l1,nopc,nob/c,246500,4.0,0.3457,4470.69,360.0,not_neg,not_int,not_lpsm,278000.0,sb,pr,home,1U,3480.0,EXP,645,CIB,25-34,not_inst,88.66906475,North,direct,0,43.0
123494,2019,cf,Male,nopre,type1,p1,l2,nopc,nob/c,246500,3.99,0.7933,1250.0,180.0,not_neg,not_int,not_lpsm,258000.0,sb,pr,home,1U,9840.0,EXP,613,CIB,45-54,to_inst,95.54263566,North,direct,0,25.0
59805,2019,cf,Joint,nopre,type1,p4,l1,nopc,nob/c,666500,4.625,0.1555,0.0,360.0,neg_amm,not_int,not_lpsm,798000.0,sb,pr,home,1U,8700.0,CIB,525,EXP,25-34,not_inst,83.52130326,south,direct,0,41.0
62669,2019,cf,Sex Not Available,nopre,type1,p4,l1,nopc,nob/c,366500,,,,360.0,not_neg,not_int,not_lpsm,398000.0,sb,pr,home,1U,12000.0,EXP,806,CIB,35-44,to_inst,92.08542714,south,direct,1,37.0
80725,2019,cf,Joint,nopre,type1,p3,l2,nopc,nob/c,486500,4.375,0.138,0.0,360.0,not_neg,not_int,not_lpsm,808000.0,sb,pr,home,1U,4260.0,EXP,705,EXP,55-64,not_inst,60.21039604,North,direct,0,49.0
146704,2019,cf,Female,nopre,type1,p1,l2,nopc,nob/c,56500,4.99,1.1729,1944.14,360.0,not_neg,not_int,not_lpsm,68000.0,sb,pr,home,1U,1680.0,CIB,796,CIB,65-74,to_inst,83.08823529,North,direct,0,49.0
152171,2019,cf,Female,pre,type1,p4,l1,nopc,nob/c,616500,4.125,0.3594,0.0,360.0,not_neg,not_int,not_lpsm,1158000.0,sb,pr,home,1U,6300.0,CIB,642,CIB,65-74,not_inst,53.23834197,North,direct,0,45.0
144041,2019,cf,Male,nopre,type1,p1,l1,nopc,nob/c,146500,4.625,0.9721,2212.15,360.0,not_neg,not_int,not_lpsm,148000.0,sb,pr,home,1U,2520.0,CRIF,580,CIB,25-34,to_inst,98.98648649,south,direct,0,42.0
118739,2019,cf,Male,nopre,type1,p4,l1,nopc,nob/c,176500,4.375,1.1728,4150.63,180.0,not_neg,not_int,not_lpsm,378000.0,sb,ir,home,1U,960.0,CRIF,506,CIB,65-74,to_inst,46.69312169,North,direct,0,25.0
28520,2019,cf,Male,nopre,type1,p3,l1,nopc,nob/c,186500,3.375,0.5755,5576.5,240.0,not_neg,not_int,not_lpsm,358000.0,sb,pr,home,1U,5100.0,EXP,568,CIB,55-64,to_inst,52.09497207,south,direct,0,30.0
103620,2019,cf,Joint,nopre,type1,p1,l1,nopc,nob/c,616500,3.375,-0.1523,7657.13,360.0,not_neg,not_int,not_lpsm,878000.0,sb,pr,home,1U,13440.0,CRIF,515,EXP,35-44,not_inst,70.21640091,North,direct,0,41.0
98557,2019,cf,Joint,nopre,type3,p3,l1,nopc,nob/c,96500,3.49,0.1449,2506.94,360.0,not_neg,not_int,not_lpsm,158000.0,sb,pr,home,1U,2820.0,CRIF,574,EXP,>74,to_inst,61.07594937,North,direct,0,39.0
67195,2019,cf,Male,nopre,type1,p1,l1,nopc,nob/c,276500,3.75,0.1736,1675.28,360.0,not_neg,int_only,not_lpsm,288000.0,sb,pr,home,1U,3000.0,EXP,792,CIB,25-34,not_inst,96.00694444,south,direct,0,49.0
108305,2019,cf,Male,,type1,p1,l1,nopc,nob/c,216500,4.75,0.462,950.0,360.0,not_neg,not_int,not_lpsm,288000.0,sb,ir,home,1U,13380.0,CIB,757,CIB,35-44,not_inst,75.17361111,south,direct,0,31.0
76659,2019,cf,Joint,pre,type1,p4,l1,nopc,nob/c,486500,4.0,0.1662,0.6,360.0,not_neg,not_int,not_lpsm,618000.0,sb,pr,home,1U,9000.0,CIB,548,EXP,25-34,not_inst,78.72168285,central,direct,0,22.0
127810,2019,cf,Female,nopre,type1,p4,l1,nopc,nob/c,276500,3.875,0.2728,6000.0,360.0,not_neg,not_int,not_lpsm,428000.0,sb,pr,home,1U,2940.0,CIB,538,CIB,35-44,not_inst,64.60280374,North,direct,0,44.0
55282,2019,cf,Male,nopre,type1,p4,l1,nopc,nob/c,276500,,,,360.0,not_neg,not_int,lpsm,468000.0,sb,pr,home,1U,4740.0,EXP,852,CIB,35-44,not_inst,59.08119658,south,direct,1,30.0
103823,2019,cf,Joint,nopre,type1,p4,l1,nopc,nob/c,286500,4.375,0.7829,0.0,360.0,not_neg,not_int,not_lpsm,398000.0,sb,pr,home,1U,6360.0,CIB,790,EXP,55-64,to_inst,71.98492462,North,direct,0,36.0
41644,2019,cf,Female,nopre,type2,p1,l1,nopc,b/c,76500,4.25,1.5622,1817.33,360.0,not_neg,not_int,not_lpsm,78000.0,sb,pr,home,1U,3420.0,EXP,845,EXP,25-34,to_inst,98.07692308,North,direct,0,27.0
75510,2019,cf,Joint,nopre,type1,p3,l1,nopc,nob/c,296500,,,,360.0,neg_amm,not_int,not_lpsm,348000.0,sb,pr,home,1U,6780.0,CRIF,583,EXP,35-44,not_inst,85.20114943,North,direct,1,49.0
121890,2019,cf,Male,pre,type1,p4,l1,nopc,nob/c,106500,3.875,1.2464,2892.05,180.0,not_neg,not_int,not_lpsm,128000.0,sb,pr,home,1U,3780.0,CRIF,762,CIB,45-54,to_inst,83.203125,North,direct,0,41.0
43702,2019,cf,Male,nopre,type1,p4,l1,nopc,nob/c,366500,4.125,0.6496,,288.0,not_neg,not_int,not_lpsm,508000.0,sb,pr,home,1U,5520.0,CIB,616,EXP,35-44,to_inst,72.14566929,south,direct,0,46.0
67795,2019,cf,Joint,pre,type1,p1,l1,nopc,nob/c,426500,3.99,-0.1581,2207.5,360.0,not_neg,not_int,not_lpsm,478000.0,sb,pr,home,1U,8340.0,EXP,682,EXP,35-44,to_inst,89.22594142,central,direct,0,36.0
114726,2019,cf,Female,nopre,type1,p1,l1,nopc,nob/c,306500,4.18,-0.0259,5746.0,360.0,not_neg,not_int,not_lpsm,408000.0,sb,pr,home,3U,5460.0,CRIF,628,CIB,25-34,not_inst,75.12254902,south,direct,0,45.0
35297,2019,cf,Sex Not Available,nopre,type1,p4,l1,nopc,nob/c,386500,,,,360.0,not_neg,not_int,not_lpsm,428000.0,sb,pr,home,1U,5400.0,CIB,625,EXP,35-44,to_inst,90.30373832,south,direct,1,37.0
81301,2019,cf,Joint,pre,type1,p1,l1,nopc,nob/c,306500,3.99,0.2095,5050.0,360.0,not_neg,not_int,not_lpsm,388000.0,sb,pr,home,1U,9360.0,EXP,871,EXP,45-54,to_inst,78.99484536,central,direct,0,37.0
87302,2019,cf,Sex Not Available,nopre,type1,p3,l1,nopc,nob/c,196500,4.75,0.4653,3550.0,360.0,not_neg,not_int,not_lpsm,268000.0,sb,pr,home,1U,3480.0,EXP,741,CIB,65-74,to_inst,73.32089552,south,direct,0,44.0
163183,2019,cf,Female,nopre,type2,p3,l1,nopc,b/c,196500,3.49,0.4719,1138.7,360.0,not_neg,int_only,not_lpsm,228000.0,sb,pr,home,1U,2340.0,EXP,531,CIB,65-74,to_inst,86.18421053,North,direct,0,59.0
124604,2019,,Female,nopre,type1,p3,l1,nopc,nob/c,96500,4.625,1.1648,3571.58,360.0,not_neg,not_int,not_lpsm,148000.0,sb,pr,home,1U,2280.0,CIB,561,CIB,35-44,not_inst,65.2027027,south,direct,0,40.0
38860,2019,cf,Male,nopre,type1,p1,l1,nopc,nob/c,236500,3.75,0.1169,8775.0,360.0,not_neg,int_only,not_lpsm,268000.0,sb,sr,home,1U,5100.0,CRIF,720,CIB,35-44,to_inst,88.24626866,central,direct,0,43.0
135480,2019,cf,Male,pre,type1,p4,l1,nopc,nob/c,276500,3.375,0.3801,1925.0,240.0,not_neg,not_int,not_lpsm,368000.0,sb,pr,home,1U,6360.0,EXP,897,EXP,35-44,to_inst,75.13586957,south,direct,0,38.0
28006,2019,cf,Joint,pre,type1,p3,l1,nopc,nob/c,126500,4.25,0.7527,3381.5,360.0,not_neg,not_int,not_lpsm,178000.0,sb,pr,home,1U,2700.0,CRIF,571,EXP,65-74,to_inst,71.06741573,North,direct,0,37.0
147641,2019,cf,Sex Not Available,nopre,type2,p1,l1,nopc,b/c,176500,3.99,1.4312,1747.75,360.0,not_neg,not_int,not_lpsm,178000.0,sb,pr,home,1U,3300.0,CRIF,686,CIB,45-54,to_inst,99.15730337,south,direct,0,30.0
154077,2019,cf,Joint,nopre,type1,p4,l1,nopc,nob/c,216500,4.25,0.1203,2619.2,360.0,not_neg,not_int,not_lpsm,278000.0,sb,pr,home,1U,10080.0,CRIF,690,EXP,55-64,not_inst,77.87769784,North,direct,0,11.0
31311,2019,cf,Male,nopre,type2,p3,l1,nopc,b/c,96500,,,,360.0,neg_amm,not_int,not_lpsm,78000.0,sb,pr,home,1U,3360.0,CIB,656,CIB,35-44,to_inst,123.7179487,south,direct,1,6.0
33661,2019,cf,Sex Not Available,nopre,type1,p3,l1,nopc,nob/c,306500,3.875,0.4043,8375.0,360.0,not_neg,not_int,not_lpsm,408000.0,sb,pr,home,1U,5220.0,CIB,775,CIB,45-54,to_inst,75.12254902,south,direct,0,47.0
95177,2019,cf,Joint,nopre,type1,p1,l1,nopc,nob/c,346500,4.375,1.4766,575.0,240.0,not_neg,not_int,not_lpsm,358000.0,sb,pr,home,1U,11460.0,CIB,879,EXP,45-54,to_inst,96.7877095,North,direct,0,44.0
119282,2019,cf,Joint,nopre,type1,p2,l1,nopc,nob/c,516500,3.75,0.0576,309.96,360.0,not_neg,not_int,not_lpsm,2598000.0,sb,pr,home,1U,17880.0,CIB,889,EXP,>74,not_inst,19.88067744,North,direct,0,24.0
149931,2019,cf,Joint,nopre,type2,p3,l1,nopc,b/c,156500,4.75,1.464,583.79,360.0,not_neg,not_int,not_lpsm,188000.0,sb,pr,home,1U,6180.0,CIB,884,EXP,55-64,to_inst,83.24468085,North,direct,0,53.0
29724,2019,cf,Sex Not Available,pre,type3,p3,l1,nopc,nob/c,166500,4.25,0.9289,3762.54,360.0,not_neg,not_int,not_lpsm,368000.0,sb,pr,home,1U,6180.0,CRIF,718,CIB,>74,to_inst,45.24456522,south,direct,0,58.0
39698,2019,cf,Male,nopre,type1,p4,l1,nopc,nob/c,326500,3.75,0.1933,4957.56,360.0,not_neg,not_int,not_lpsm,558000.0,sb,pr,home,1U,9000.0,EXP,670,CIB,55-64,to_inst,58.5125448,central,direct,0,33.0
25864,2019,cf,Sex Not Available,nopre,type1,p4,l1,nopc,nob/c,236500,3.625,0.1387,2800.0,360.0,not_neg,not_int,not_lpsm,318000.0,sb,pr,home,1U,4740.0,CRIF,830,CIB,25-34,not_inst,74.37106918,south,direct,0,48.0
81656,2019,cf,Sex Not Available,nopre,type2,p3,l1,nopc,b/c,216500,,,,360.0,neg_amm,not_int,not_lpsm,248000.0,sb,pr,home,1U,4080.0,EXP,900,CIB,35-44,to_inst,87.2983871,south,direct,1,41.0
75435,2019,cf,Joint,nopre,type1,p4,l1,nopc,nob/c,476500,3.99,0.6796,5000.0,360.0,not_neg,not_int,not_lpsm,508000.0,sb,pr,home,1U,13560.0,EXP,556,EXP,45-54,not_inst,93.7992126,south,direct,0,21.0
94437,2019,cf,Female,pre,type1,p2,l1,nopc,nob/c,306500,4.875,0.5182,0.0,360.0,not_neg,not_int,not_lpsm,868000.0,sb,ir,home,1U,10080.0,CRIF,808,CIB,55-64,not_inst,35.31105991,south,direct,0,40.0
173361,2019,cf,Joint,nopre,type1,p4,l1,nopc,nob/c,376500,3.0,-0.1306,1000.0,180.0,not_neg,not_int,not_lpsm,418000.0,sb,pr,home,1U,12660.0,CRIF,542,EXP,35-44,not_inst,90.07177033,North,direct,0,28.0
129077,2019,ncf,Male,nopre,type1,p3,l1,nopc,nob/c,196500,,,,132.0,not_neg,not_int,not_lpsm,238000.0,sb,pr,home,1U,4800.0,EXP,555,CIB,45-54,to_inst,82.56302521,North,direct,1,56.0
133716,2019,cf,Sex Not Available,nopre,type1,p4,l1,nopc,nob/c,366500,3.5,-0.2237,0.0,360.0,not_neg,not_int,not_lpsm,468000.0,sb,pr,home,1U,7680.0,CRIF,615,CIB,25-34,not_inst,78.31196581,south,direct,0,26.0
70496,2019,cf,Sex Not Available,nopre,type1,p3,l1,nopc,nob/c,276500,4.875,0.8328,4627.5,360.0,not_neg,not_int,not_lpsm,368000.0,sb,pr,home,1U,5460.0,CRIF,796,CIB,45-54,to_inst,75.13586957,south,direct,0,44.0
25116,2019,cf,Sex Not Available,nopre,type1,p4,l1,nopc,nob/c,336500,3.25,-0.2676,10510.76,324.0,not_neg,not_int,not_lpsm,808000.0,sb,pr,home,1U,4800.0,CRIF,592,EXP,25-34,to_inst,41.6460396,south,direct,0,43.0
37440,2019,cf,Joint,nopre,type1,p3,l1,nopc,nob/c,556500,3.875,0.2156,2763.2,360.0,not_neg,not_int,not_lpsm,958000.0,sb,pr,home,1U,15300.0,CIB,663,EXP,25-34,not_inst,58.08977035,North,direct,0,26.0
163609,2019,cf,Sex Not Available,nopre,type2,p3,l1,nopc,b/c,186500,,,,360.0,not_neg,not_int,not_lpsm,478000.0,sb,pr,home,1U,1800.0,CIB,749,CIB,65-74,to_inst,39.0167364,south,direct,1,48.0
47007,2019,cf,Male,nopre,type1,p4,l1,nopc,nob/c,536500,4.0,0.4346,0.0,360.0,not_neg,not_int,not_lpsm,738000.0,sb,pr,home,1U,6660.0,CRIF,615,CIB,35-44,not_inst,72.69647696,south,direct,0,38.0
134197,2019,ncf,Sex Not Available,nopre,type2,p3,l1,nopc,b/c,166500,3.99,1.5678,4671.39,240.0,not_neg,not_int,not_lpsm,188000.0,sb,pr,home,1U,2820.0,CRIF,785,CIB,25-34,to_inst,88.56382979,south,direct,0,54.0
40404,2019,cf,Female,pre,type1,p1,l1,nopc,nob/c,106500,3.625,-0.0641,1750.72,360.0,not_neg,not_int,not_lpsm,138000.0,sb,pr,home,1U,2700.0,CIB,755,CIB,25-34,not_inst,77.17391304,North-East,direct,0,38.0
153678,2019,cf,Joint,nopre,type1,p3,l1,nopc,nob/c,266500,3.99,0.4171,3100.0,360.0,not_neg,not_int,not_lpsm,798000.0,sb,pr,home,1U,4560.0,CIB,704,EXP,>74,to_inst,33.39598997,North,direct,0,42.0
162485,2019,ncf,Female,nopre,type2,p3,l1,nopc,b/c,116500,,,,360.0,not_neg,not_int,not_lpsm,198000.0,sb,pr,home,1U,2040.0,CIB,885,CIB,55-64,to_inst,58.83838384,North,direct,1,20.0
100707,2019,cf,Sex Not Available,nopre,type1,p4,l1,nopc,nob/c,306500,2.99,0.1862,8486.5,180.0,not_neg,not_int,not_lpsm,658000.0,sb,pr,home,1U,8520.0,CRIF,866,EXP,35-44,to_inst,46.58054711,south,direct,0,44.0
25310,2019,cf,Sex Not Available,nopre,type2,p3,l2,nopc,b/c,156500,4.75,1.2757,0.0,360.0,not_neg,not_int,not_lpsm,178000.0,sb,pr,home,1U,2580.0,CIB,527,CIB,25-34,to_inst,87.92134831,south,direct,0,61.0
54331,2019,cf,Female,nopre,type1,p4,l1,nopc,nob/c,276500,3.69,0.1037,4400.0,360.0,not_neg,not_int,not_lpsm,318000.0,sb,pr,home,1U,5760.0,CIB,717,CIB,25-34,not_inst,86.94968553,south,direct,0,25.0
161643,2019,cf,Sex Not Available,pre,type1,p2,l1,nopc,nob/c,156500,4.75,1.4233,4625.0,360.0,not_neg,not_int,not_lpsm,408000.0,sb,ir,home,1U,3120.0,CRIF,736,CIB,55-64,to_inst,38.35784314,south,direct,0,38.0
62292,2019,cf,Male,nopre,type2,p3,l1,nopc,b/c,156500,4.25,1.275,2508.92,360.0,not_neg,not_int,not_lpsm,198000.0,sb,pr,home,1U,1740.0,CIB,896,CIB,55-64,to_inst,79.04040404,North,direct,0,45.0
163681,2019,cf,Sex Not Available,nopre,type2,p3,l1,nopc,b/c,146500,,,,360.0,not_neg,not_int,not_lpsm,188000.0,sb,pr,home,1U,2700.0,CIB,579,CIB,65-74,to_inst,77.92553191,south,direct,1,54.0
89864,2019,cf,Joint,nopre,type2,p1,l1,nopc,b/c,206500,4.625,1.5381,0.0,360.0,not_neg,not_int,not_lpsm,218000.0,sb,pr,home,1U,3240.0,CRIF,800,EXP,25-34,to_inst,94.72477064,south,direct,0,38.0
115825,2019,cf,Joint,nopre,type3,p3,l1,nopc,nob/c,246500,3.75,0.2111,4950.99,180.0,not_neg,not_int,not_lpsm,318000.0,sb,pr,home,1U,8220.0,EXP,713,EXP,55-64,to_inst,77.51572327,central,direct,0,25.0
162970,2019,cf,Male,nopre,type1,p4,l1,nopc,nob/c,546500,3.125,-0.004,5562.92,180.0,not_neg,not_int,not_lpsm,788000.0,sb,pr,home,1U,17100.0,CIB,726,CIB,35-44,not_inst,69.35279188,North,direct,0,39.0
49738,2019,cf,Female,nopre,type1,p4,l1,nopc,nob/c,386500,4.25,0.3228,6925.38,360.0,not_neg,not_int,not_lpsm,478000.0,sb,pr,home,1U,7500.0,CIB,698,CIB,45-54,to_inst,80.85774059,central,direct,0,38.0
82962,2019,cf,Sex Not Available,nopre,type2,p4,l1,nopc,b/c,306500,,,,360.0,not_neg,not_int,lpsm,328000.0,sb,pr,home,1U,0.0,EXP,717,EXP,35-44,to_inst,93.44512195,south,direct,1,17.0
56754,2019,cf,Sex Not Available,nopre,type1,p4,l1,nopc,nob/c,276500,3.875,0.1972,4111.63,312.0,not_neg,not_int,not_lpsm,458000.0,sb,pr,home,1U,7140.0,CIB,507,CIB,35-44,to_inst,60.37117904,south,direct,0,37.0
88391,2019,cf,Female,nopre,type1,p3,l1,nopc,nob/c,286500,2.875,0.1927,7157.59,180.0,not_neg,not_int,not_lpsm,998000.0,sb,pr,home,1U,9720.0,EXP,806,CIB,55-64,not_inst,28.70741483,North,direct,0,39.0
113632,2019,ncf,Male,nopre,type1,p1,l1,nopc,nob/c,556500,4.25,0.221,1095.0,360.0,not_neg,not_int,not_lpsm,748000.0,sb,pr,home,1U,17760.0,CRIF,588,EXP,25-34,not_inst,74.39839572,North,direct,0,44.0
83884,2019,cf,Female,nopre,type1,p3,l1,nopc,nob/c,606500,,,,360.0,not_neg,not_int,not_lpsm,1218000.0,sb,pr,home,1U,6480.0,EXP,865,CIB,55-64,to_inst,49.79474548,North,direct,1,37.0
54876,2019,cf,Male,nopre,type1,p3,l1,nopc,nob/c,156500,4.375,0.8577,3125.0,360.0,not_neg,not_int,not_lpsm,208000.0,sb,pr,home,1U,3000.0,CIB,676,CIB,45-54,to_inst,75.24038462,North,direct,0,31.0
34894,2019,cf,Joint,nopre,type1,p4,l1,nopc,nob/c,466500,3.5,-0.1203,0.0,360.0,not_neg,not_int,not_lpsm,668000.0,sb,pr,home,1U,8400.0,CIB,729,EXP,45-54,not_inst,69.83532934,south,direct,0,37.0
65705,2019,cf,Sex Not Available,pre,type1,p3,l1,nopc,nob/c,366500,3.5,-0.1272,9350.0,360.0,not_neg,not_int,not_lpsm,468000.0,sb,pr,home,1U,6060.0,CIB,683,CIB,55-64,to_inst,78.31196581,south,direct,0,35.0
68687,2019,cf,Sex Not Available,nopre,type2,p3,l1,nopc,b/c,56500,,,,360.0,neg_amm,not_int,not_lpsm,168000.0,sb,pr,home,1U,3420.0,CRIF,876,CIB,65-74,to_inst,33.63095238,south,direct,1,22.0
51661,2019,cf,Joint,pre,type1,p4,l1,nopc,nob/c,356500,2.875,-0.346,0.0,180.0,not_neg,not_int,not_lpsm,1318000.0,sb,pr,home,1U,11100.0,CIB,834,EXP,55-64,not_inst,27.04855842,North,direct,0,42.0
25170,2019,cf,Joint,nopre,type1,p4,l1,nopc,nob/c,316500,3.875,0.7279,810.9,240.0,not_neg,not_int,not_lpsm,558000.0,sb,pr,home,1U,9000.0,EXP,808,EXP,55-64,not_inst,56.72043011,North,direct,0,32.0
142800,2019,cf,Female,nopre,type1,p4,l1,nopc,nob/c,606500,3.5,-0.0908,0.0,360.0,not_neg,not_int,not_lpsm,838000.0,sb,pr,home,1U,8160.0,CIB,547,CIB,35-44,not_inst,72.37470167,south,direct,0,36.0
41172,2019,cf,Sex Not Available,nopre,type1,p1,l1,nopc,nob/c,336500,,,,360.0,neg_amm,not_int,not_lpsm,688000.0,sb,pr,home,1U,10560.0,EXP,834,EXP,45-54,to_inst,48.90988372,south,direct,1,26.0
65475,2019,cf,Joint,nopre,type1,p4,l1,nopc,nob/c,296500,3.5,0.0031,192.28,360.0,not_neg,not_int,not_lpsm,508000.0,sb,pr,home,1U,4620.0,CRIF,729,EXP,25-34,not_inst,58.36614173,North,direct,0,37.0
171619,2019,cf,Joint,pre,type1,p4,l1,nopc,nob/c,466500,3.375,-0.4322,3120.4,360.0,not_neg,not_int,not_lpsm,1008000.0,sb,pr,home,1U,5640.0,EXP,758,EXP,45-54,to_inst,46.2797619,North,direct,0,38.0
59795,2019,cf,Female,nopre,type1,p4,l1,nopc,nob/c,436500,3.625,0.233,3326.25,360.0,not_neg,not_int,not_lpsm,508000.0,sb,pr,home,1U,5520.0,EXP,813,CIB,55-64,not_inst,85.92519685,central,direct,0,49.0
125242,2019,cf,Male,pre,type2,p3,l1,nopc,b/c,76500,,,,180.0,not_neg,not_int,not_lpsm,108000.0,sb,pr,home,1U,1320.0,CRIF,680,CIB,45-54,to_inst,70.83333333,central,direct,1,48.0
33712,2019,cf,Sex Not Available,nopre,type2,p3,l1,nopc,b/c,146500,3.99,1.2164,2383.17,360.0,not_neg,int_only,not_lpsm,178000.0,sb,pr,home,1U,2640.0,CRIF,774,EXP,65-74,to_inst,82.30337079,south,direct,0,49.0
50981,2019,cf,Joint,nopre,type1,p3,l1,nopc,nob/c,226500,5.875,1.5262,,360.0,not_neg,not_int,not_lpsm,378000.0,sb,ir,home,1U,6180.0,CIB,568,EXP,45-54,to_inst,59.92063492,North,direct,0,46.0
49361,2019,cf,Joint,nopre,type1,p4,l1,nopc,nob/c,396500,3.75,0.0884,1481.27,360.0,not_neg,not_int,not_lpsm,568000.0,sb,pr,home,1U,4320.0,CIB,516,EXP,45-54,not_inst,69.80633803,south,direct,0,49.0
166705,2019,cf,Sex Not Available,nopre,type1,p3,l1,nopc,nob/c,136500,3.25,0.3972,4386.84,180.0,not_neg,not_int,not_lpsm,248000.0,sb,pr,home,1U,3660.0,EXP,562,CIB,65-74,to_inst,55.04032258,south,direct,0,45.0
60870,2019,cf,Male,nopre,type1,p3,l1,nopc,nob/c,166500,3.25,-0.0382,4228.25,300.0,not_neg,not_int,not_lpsm,358000.0,sb,pr,home,1U,5160.0,CRIF,675,CIB,45-54,not_inst,46.50837989,North,direct,0,32.0
102246,2019,cf,Joint,nopre,type1,p4,l1,nopc,nob/c,486500,3.375,-0.256,0.0,360.0,not_neg,not_int,not_lpsm,2158000.0,sb,pr,home,1U,19740.0,CRIF,608,EXP,45-54,not_inst,22.54402224,south,direct,0,37.0
65650,2019,cf,Joint,nopre,type1,p1,l1,nopc,nob/c,616500,3.99,0.3961,1507.4,360.0,not_neg,not_int,not_lpsm,728000.0,sb,pr,home,1U,7260.0,CIB,543,EXP,35-44,not_inst,84.68406593,North,direct,0,49.0
30467,2019,cf,Sex Not Available,pre,type2,p1,l1,nopc,b/c,306500,3.99,1.297,1496.71,360.0,not_neg,not_int,not_lpsm,318000.0,sb,pr,home,1U,5100.0,EXP,823,CIB,35-44,to_inst,96.3836478,south,direct,0,55.0
146000,2019,cf,Female,nopre,type1,p3,l1,nopc,nob/c,166500,3.99,1.2918,5999.5,240.0,not_neg,not_int,not_lpsm,348000.0,sb,ir,home,1U,3180.0,CRIF,788,CIB,>74,to_inst,47.84482759,North,direct,0,45.0
104053,2019,cf,Female,nopre,type1,p3,l1,nopc,nob/c,86500,4.5,1.0988,3056.25,360.0,not_neg,not_int,not_lpsm,228000.0,sb,pr,home,1U,1260.0,CRIF,887,CIB,65-74,to_inst,37.93859649,south,direct,0,38.0
157097,2019,cf,Joint,pre,type1,p1,l1,nopc,nob/c,326500,3.375,-0.261,4339.0,360.0,not_neg,not_int,not_lpsm,498000.0,sb,pr,home,1U,10560.0,CIB,829,EXP,35-44,not_inst,65.562249,North,direct,0,8.0
29615,2019,cf,Male,nopre,type2,p1,l1,nopc,b/c,196500,4.625,1.4451,4400.0,360.0,neg_amm,not_int,not_lpsm,198000.0,sb,pr,home,1U,4440.0,CIB,595,EXP,35-44,not_inst,99.24242424,south,direct,0,59.0
145527,2019,cf,Joint,nopre,type1,p4,l1,nopc,nob/c,446500,4.18,-0.1499,3600.0,360.0,not_neg,not_int,not_lpsm,568000.0,sb,pr,home,1U,7620.0,EXP,698,EXP,25-34,not_inst,78.60915493,south,direct,0,35.0
104737,2019,cf,Male,pre,type1,p4,l1,nopc,nob/c,366500,4.25,-0.0726,666.87,360.0,not_neg,not_int,not_lpsm,518000.0,sb,pr,home,1U,6480.0,EXP,812,CIB,35-44,not_inst,70.75289575,North,direct,0,37.0
99746,2019,cf,Joint,pre,type1,p4,l1,nopc,nob/c,666500,3.625,-0.128,1625.0,360.0,not_neg,not_int,not_lpsm,938000.0,sb,pr,home,1U,6780.0,EXP,637,EXP,35-44,not_inst,71.0554371,North,direct,0,48.0
146877,2019,cf,Male,nopre,type3,p1,l1,nopc,nob/c,256500,3.875,-0.463,777.08,360.0,not_neg,not_int,not_lpsm,258000.0,sb,pr,home,1U,3240.0,CRIF,655,CIB,65-74,not_inst,99.41860465,North,direct,0,48.0
29909,2019,cf,Sex Not Available,nopre,type2,p3,l1,nopc,b/c,186500,,,,360.0,not_neg,not_int,not_lpsm,208000.0,sb,pr,home,1U,3360.0,CIB,634,CIB,35-44,to_inst,89.66346154,south,direct,1,41.0
96422,2019,cf,Sex Not Available,nopre,type1,p1,l1,nopc,nob/c,116500,4.25,0.7394,1752.0,180.0,not_neg,not_int,not_lpsm,148000.0,sb,pr,home,1U,12300.0,EXP,541,EXP,25-34,to_inst,78.71621622,south,direct,0,37.0
59216,2019,cf,Male,nopre,type1,p3,l1,nopc,nob/c,246500,4.625,0.3906,5232.55,360.0,not_neg,not_int,not_lpsm,338000.0,sb,pr,home,1U,3360.0,CRIF,821,CIB,45-54,to_inst,72.92899408,North,direct,0,44.0
120011,2019,ncf,Sex Not Available,pre,type1,p4,l1,nopc,nob/c,226500,3.99,0.6427,3493.5,240.0,not_neg,not_int,not_lpsm,258000.0,sb,pr,home,1U,4620.0,CRIF,719,CIB,35-44,to_inst,87.79069767,south,direct,0,41.0
130113,2019,,Sex Not Available,nopre,type1,p3,l1,nopc,nob/c,246500,4.5,0.6596,6350.0,360.0,not_neg,not_int,not_lpsm,308000.0,sb,pr,home,1U,11040.0,EXP,898,EXP,45-54,to_inst,80.03246753,south,direct,0,40.0
104645,2019,cf,Joint,nopre,type1,p4,l1,nopc,nob/c,236500,4.75,0.9918,3237.44,240.0,not_neg,not_int,not_lpsm,348000.0,sb,pr,home,1U,4560.0,CIB,597,EXP,55-64,to_inst,67.95977011,North,direct,0,44.0
132265,2019,cf,Female,nopre,type1,p2,l1,nopc,nob/c,146500,4.875,1.491,3541.25,360.0,not_neg,not_int,not_lpsm,238000.0,sb,ir,home,1U,5820.0,EXP,710,CIB,35-44,to_inst,61.55462185,North,direct,0,14.0
59425,2019,cf,Female,,type1,p4,l1,nopc,nob/c,616500,3.5,-0.0807,4679.36,360.0,not_neg,int_only,not_lpsm,708000.0,sb,pr,home,1U,9540.0,CIB,706,CIB,45-54,not_inst,87.07627119,central,direct,0,42.0
65375,2019,cf,Sex Not Available,nopre,type1,p4,l1,nopc,nob/c,306500,4.75,0.3025,0.0,360.0,not_neg,not_int,not_lpsm,348000.0,sb,pr,home,1U,4920.0,CIB,639,CIB,25-34,to_inst,88.07471264,south,direct,0,48.0
160470,2019,cf,Male,nopre,type2,p1,l1,nopc,b/c,206500,,,,360.0,not_neg,not_int,not_lpsm,198000.0,sb,pr,home,1U,3720.0,EXP,862,CIB,35-44,to_inst,104.2929293,North,direct,1,35.0
74843,2019,cf,Sex Not Available,nopre,type2,p4,l1,nopc,b/c,346500,4.5,1.3942,2595.0,360.0,not_neg,not_int,not_lpsm,358000.0,sb,pr,home,1U,6780.0,CIB,788,EXP,35-44,to_inst,96.7877095,south,direct,0,47.0
91647,2019,cf,Male,nopre,type1,p4,l1,nopc,nob/c,306500,,,,360.0,not_neg,not_int,not_lpsm,368000.0,sb,pr,home,1U,6240.0,CRIF,601,CIB,55-64,not_inst,83.28804348,south,direct,1,56.0
82805,2019,cf,Male,nopre,type1,p1,l1,nopc,nob/c,316500,3.99,0.7298,704.12,360.0,not_neg,not_int,not_lpsm,328000.0,sb,pr,home,1U,10380.0,EXP,697,EXP,25-34,not_inst,96.49390244,North,direct,0,12.0
74403,2019,cf,Male,nopre,type2,p1,l1,nopc,b/c,726500,4.5,1.0938,0.0,360.0,not_neg,int_only,not_lpsm,798000.0,sb,pr,home,1U,10080.0,CIB,628,CIB,45-54,not_inst,91.04010025,North,direct,0,40.0
28138,2019,cf,Joint,pre,type1,p4,l1,nopc,nob/c,246500,3.625,-0.0078,5783.75,324.0,not_neg,not_int,not_lpsm,348000.0,sb,pr,home,1U,6420.0,EXP,581,EXP,35-44,to_inst,70.83333333,North,direct,0,37.0
61792,2019,cf,Joint,nopre,type2,p3,l1,nopc,b/c,106500,3.5,1.5712,2767.82,240.0,not_neg,not_int,not_lpsm,208000.0,sb,pr,home,1U,1680.0,EXP,747,EXP,65-74,to_inst,51.20192308,North,direct,0,49.0
75205,2019,,Female,pre,type1,p1,l1,nopc,nob/c,216500,4.25,0.3198,2307.5,360.0,not_neg,not_int,not_lpsm,238000.0,sb,sr,home,1U,3840.0,CIB,701,CIB,35-44,to_inst,90.96638655,North,direct,0,36.0
107234,2019,cf,Male,nopre,type2,p3,l1,nopc,b/c,186500,4.99,1.4688,4055.29,360.0,not_neg,not_int,not_lpsm,218000.0,sb,pr,home,1U,3060.0,CIB,659,CIB,35-44,to_inst,85.55045872,North,direct,0,58.0
112609,2019,cf,Joint,nopre,type1,p1,l1,nopc,nob/c,376500,4.25,0.9489,829.92,360.0,not_neg,not_int,not_lpsm,398000.0,sb,pr,home,1U,7920.0,CRIF,848,EXP,35-44,not_inst,94.59798995,North,direct,0,47.0
103426,2019,cf,Joint,nopre,type1,p3,l1,nopc,nob/c,196500,4.75,1.3575,5473.44,360.0,not_neg,not_int,not_lpsm,268000.0,sb,ir,home,1U,13920.0,EXP,736,EXP,>74,to_inst,73.32089552,central,direct,0,39.0
135380,2019,cf,Male,nopre,type1,p1,l1,nopc,nob/c,336500,4.125,0.6032,987.17,360.0,not_neg,not_int,not_lpsm,378000.0,sb,sr,home,1U,7500.0,CRIF,535,CIB,55-64,not_inst,89.02116402,North,direct,0,49.0
106559,2019,cf,Sex Not Available,nopre,type1,p1,l1,nopc,nob/c,456500,4.25,0.2493,0.0,360.0,not_neg,not_int,not_lpsm,508000.0,sb,pr,home,1U,7800.0,CIB,848,EXP,35-44,not_inst,89.86220472,south,direct,0,20.0
149437,2019,cf,Male,nopre,type1,p1,l1,nopc,nob/c,356500,3.5,0.0803,8000.0,360.0,not_neg,not_int,not_lpsm,438000.0,sb,pr,home,1U,4200.0,CRIF,812,CIB,<25,not_inst,81.39269406,North,direct,0,45.0
149596,2019,cf,Male,nopre,type1,p4,l1,nopc,nob/c,376500,3.5,0.0143,4043.15,360.0,not_neg,not_int,not_lpsm,568000.0,sb,pr,home,1U,5820.0,EXP,519,CIB,35-44,to_inst,66.28521127,south,direct,0,42.0
63758,2019,cf,Male,pre,type3,p3,l1,nopc,nob/c,276500,,,,360.0,not_neg,not_int,not_lpsm,328000.0,sb,pr,home,1U,3600.0,CIB,662,CIB,>74,to_inst,84.29878049,North-East,direct,1,59.0
40710,2019,cf,Male,nopre,type1,p3,l2,nopc,nob/c,366500,,,,180.0,neg_amm,not_int,not_lpsm,498000.0,sb,pr,home,1U,5760.0,CRIF,532,CIB,55-64,to_inst,73.59437751,North,direct,1,39.0
170738,2019,cf,Sex Not Available,nopre,type1,p3,l1,nopc,nob/c,96500,4.5,0.7968,1250.0,360.0,not_neg,not_int,not_lpsm,128000.0,sb,pr,home,1U,1980.0,CIB,511,CIB,>74,to_inst,75.390625,south,direct,0,40.0
112828,2019,,Male,nopre,type1,p3,l1,nopc,nob/c,116500,,,,360.0,neg_amm,not_int,not_lpsm,238000.0,sb,pr,home,1U,1980.0,CIB,769,CIB,65-74,to_inst,48.94957983,North,direct,1,47.0
127840,2019,cf,Joint,nopre,type2,p4,l2,nopc,b/c,56500,,,,180.0,neg_amm,not_int,not_lpsm,188000.0,sb,pr,home,1U,2700.0,CRIF,619,EXP,55-64,to_inst,30.05319149,south,direct,1,36.0
99665,2019,cf,Joint,nopre,type1,p1,l1,nopc,nob/c,686500,,,,360.0,not_neg,not_int,not_lpsm,898000.0,sb,pr,home,1U,6600.0,CIB,739,EXP,35-44,not_inst,76.44766147,central,direct,1,21.0
130984,2019,cf,Joint,nopre,type1,p3,l1,nopc,nob/c,176500,3.99,0.3864,4564.45,180.0,not_neg,not_int,not_lpsm,268000.0,sb,pr,home,1U,6600.0,CIB,751,EXP,45-54,to_inst,65.85820896,North,direct,0,12.0
45545,2019,cf,Male,nopre,type1,p4,l1,nopc,nob/c,316500,4.5,0.852,0.0,360.0,not_neg,int_only,not_lpsm,398000.0,sb,pr,home,1U,8640.0,CIB,815,CIB,35-44,not_inst,79.52261307,North,direct,0,31.0
147356,2019,cf,Male,nopre,type1,p1,l1,nopc,nob/c,586500,3.99,0.2392,4052.7,360.0,not_neg,not_int,not_lpsm,658000.0,sb,pr,home,1U,7500.0,CIB,877,CIB,35-44,not_inst,89.1337386,central,direct,0,40.0
92074,2019,cf,Joint,nopre,type1,p4,l1,nopc,nob/c,356500,,,,360.0,not_neg,not_int,not_lpsm,478000.0,sb,ir,home,1U,13080.0,EXP,753,EXP,45-54,not_inst,74.58158996,North,direct,1,48.0
60245,2019,cf,Joint,nopre,type1,p1,l1,nopc,nob/c,396500,3.875,0.1594,235.8,360.0,not_neg,not_int,not_lpsm,538000.0,sb,sr,home,1U,15060.0,CRIF,573,EXP,55-64,not_inst,73.69888476,south,direct,0,39.0
54928,2019,cf,Male,nopre,type1,p1,l1,nopc,nob/c,206500,5.25,1.1067,4150.0,360.0,not_neg,not_int,not_lpsm,258000.0,sb,ir,home,1U,3600.0,EXP,813,CIB,45-54,to_inst,80.03875969,North,direct,0,38.0
116190,2019,cf,Female,pre,type1,p3,l1,nopc,nob/c,296500,4.75,0.4696,2641.5,360.0,not_neg,not_int,not_lpsm,428000.0,sb,pr,home,1U,4800.0,CIB,792,CIB,55-64,to_inst,69.27570093,central,direct,0,41.0
133253,2019,cf,Male,nopre,type1,p4,l1,nopc,nob/c,326500,3.625,-0.093,0.0,360.0,not_neg,not_int,not_lpsm,418000.0,sb,pr,home,1U,,EXP,706,CIB,35-44,to_inst,78.11004785,North,direct,0,14.0
70575,2019,cf,Male,nopre,type1,p1,l1,nopc,nob/c,676500,4.375,1.1741,6436.23,240.0,not_neg,not_int,not_lpsm,848000.0,sb,ir,home,1U,11700.0,CRIF,744,EXP,45-54,to_inst,79.7759434,North,direct,0,46.0
74521,2019,cf,Joint,nopre,type1,p4,l1,nopc,nob/c,276500,,,,360.0,neg_amm,not_int,not_lpsm,278000.0,sb,pr,home,1U,7920.0,EXP,666,EXP,55-64,to_inst,99.46043165,North,direct,1,34.0
162685,2019,cf,Female,nopre,type1,p3,l1,nopc,nob/c,126500,3.99,0.4631,3933.0,180.0,neg_amm,not_int,not_lpsm,358000.0,sb,pr,home,1U,3900.0,EXP,716,CIB,65-74,to_inst,35.33519553,North,direct,0,27.0
50445,2019,cf,Joint,nopre,type1,p1,l1,nopc,nob/c,566500,4.375,-0.003,1395.0,360.0,not_neg,int_only,not_lpsm,738000.0,sb,pr,home,1U,5580.0,CRIF,858,EXP,25-34,not_inst,76.76151762,south,direct,0,47.0
63767,2019,cf,Female,pre,type1,p4,l1,nopc,nob/c,226500,,,,360.0,not_neg,not_int,not_lpsm,258000.0,sb,pr,home,1U,4440.0,CIB,876,CIB,45-54,to_inst,87.79069767,North,direct,1,24.0
153103,2019,cf,Joint,pre,type1,p1,l1,nopc,nob/c,556500,4.875,0.5493,0.0,360.0,neg_amm,not_int,not_lpsm,598000.0,sb,pr,home,1U,9480.0,CRIF,706,EXP,45-54,to_inst,93.06020067,south,direct,0,49.0
113717,2019,cf,Joint,nopre,type1,p4,l1,nopc,nob/c,386500,3.875,0.286,1050.0,360.0,not_neg,not_int,not_lpsm,468000.0,sb,pr,home,1U,7560.0,CIB,614,EXP,35-44,not_inst,82.58547009,North,direct,0,31.0
170102,2019,cf,Sex Not Available,nopre,type1,p3,l1,nopc,nob/c,196500,,,,360.0,neg_amm,not_int,not_lpsm,148000.0,sb,pr,home,1U,5640.0,EXP,787,CIB,35-44,to_inst,132.7702703,south,direct,1,30.0
113608,2019,cf,Female,nopre,type1,p4,l1,nopc,nob/c,426500,3.875,0.087,0.0,360.0,not_neg,int_only,not_lpsm,578000.0,sb,sr,home,1U,6900.0,CIB,570,CIB,65-74,not_inst,73.78892734,North,direct,0,36.0
69888,2019,cf,Sex Not Available,nopre,type1,p4,l1,nopc,nob/c,156500,4.125,0.5103,0.0,360.0,not_neg,not_int,not_lpsm,268000.0,sb,pr,home,1U,4500.0,CRIF,505,CIB,25-34,to_inst,58.39552239,south,direct,0,44.0
160263,2019,cf,Sex Not Available,nopre,type1,p3,l1,nopc,nob/c,366500,3.99,0.635,9917.56,360.0,not_neg,not_int,not_lpsm,468000.0,sb,pr,home,1U,11940.0,EXP,714,EXP,35-44,to_inst,78.31196581,south,direct,0,34.0
166445,2019,cf,Male,nopre,type2,p4,l1,nopc,b/c,206500,,,,360.0,not_neg,int_only,not_lpsm,218000.0,sb,pr,home,1U,5100.0,CIB,650,EXP,35-44,to_inst,94.72477064,North,direct,1,54.0
40606,2019,cf,Sex Not Available,nopre,type1,p4,l1,nopc,nob/c,316500,3.625,0.1615,8775.19,360.0,not_neg,not_int,not_lpsm,438000.0,sb,pr,home,1U,5460.0,CIB,561,CIB,35-44,to_inst,72.26027397,south,direct,0,36.0
154278,2019,cf,Joint,nopre,type1,p3,l1,nopc,nob/c,276500,4.375,0.4213,3686.44,360.0,not_neg,not_int,not_lpsm,468000.0,sb,pr,home,1U,4860.0,CRIF,785,EXP,>74,to_inst,59.08119658,North,direct,0,46.0
81858,2019,cf,Joint,nopre,type2,p3,l1,nopc,b/c,326500,,,,360.0,not_neg,not_int,not_lpsm,408000.0,sb,pr,home,1U,5220.0,EXP,634,EXP,45-54,to_inst,80.0245098,North,direct,1,49.0
59115,2019,cf,Joint,nopre,type1,p4,l1,nopc,nob/c,526500,5.25,0.9731,,360.0,neg_amm,not_int,not_lpsm,628000.0,sb,pr,home,1U,8700.0,CRIF,795,EXP,65-74,to_inst,83.83757962,North,direct,0,44.0
98223,2019,cf,Sex Not Available,pre,type1,p1,l1,nopc,nob/c,156500,4.75,1.271,3587.5,360.0,not_neg,not_int,not_lpsm,158000.0,sb,pr,home,1U,4020.0,EXP,827,CIB,35-44,to_inst,99.05063291,south,direct,0,24.0
125342,2019,cf,Male,nopre,type2,p3,l1,nopc,b/c,386500,3.625,0.9012,,360.0,not_neg,not_int,not_lpsm,448000.0,sb,pr,home,1U,5820.0,CIB,597,CIB,65-74,to_inst,86.27232143,central,direct,0,41.0
65791,2019,cf,Male,nopre,type1,p3,l1,nopc,nob/c,186500,3.75,0.4708,6312.36,360.0,not_neg,not_int,not_lpsm,468000.0,sb,pr,home,1U,3180.0,CIB,741,CIB,25-34,to_inst,39.85042735,North,direct,0,47.0
91165,2019,cf,Joint,nopre,type3,p3,l2,nopc,nob/c,196500,4.5,1.27,1879.75,360.0,not_neg,not_int,not_lpsm,218000.0,sb,pr,home,1U,4680.0,CIB,814,EXP,55-64,to_inst,90.13761468,North,direct,0,43.0
87785,2019,cf,Female,nopre,type1,p4,l1,nopc,nob/c,436500,4.75,0.6439,2011.6,360.0,not_neg,not_int,not_lpsm,778000.0,sb,pr,home,2U,5880.0,CIB,734,CIB,45-54,to_inst,56.10539846,North,direct,0,39.0
54339,2019,cf,Female,nopre,type1,p3,l1,nopc,nob/c,706500,4.56,0.9139,1643.32,360.0,not_neg,not_int,not_lpsm,1458000.0,sb,pr,home,1U,7440.0,EXP,684,CIB,55-64,not_inst,48.45679012,south,direct,0,49.0
116256,2019,cf,Male,nopre,type1,p3,l1,nopc,nob/c,126500,3.875,1.2637,3653.0,180.0,not_neg,not_int,not_lpsm,218000.0,sb,pr,home,1U,2460.0,CIB,807,CIB,>74,to_inst,58.02752294,North,direct,0,31.0
122724,2019,cf,Joint,nopre,type1,p4,l1,nopc,nob/c,486500,3.99,0.3051,1250.0,360.0,not_neg,not_int,not_lpsm,608000.0,sb,pr,home,1U,11760.0,CIB,641,EXP,55-64,to_inst,80.01644737,North,direct,0,32.0
62085,2019,cf,Male,nopre,type1,p1,l1,nopc,nob/c,236500,,,,360.0,not_neg,not_int,not_lpsm,268000.0,sb,pr,home,1U,6600.0,CIB,674,CIB,35-44,to_inst,88.24626866,North,direct,1,8.0
48839,2019,cf,Male,nopre,type1,p2,l1,nopc,nob/c,366500,3.5,-0.0233,1482.12,360.0,neg_amm,int_only,not_lpsm,488000.0,sb,pr,home,1U,6240.0,CRIF,863,EXP,25-34,not_inst,75.10245902,North,direct,0,36.0
26908,2019,cf,Sex Not Available,pre,type1,p2,l1,nopc,nob/c,126500,4.625,1.344,3828.0,360.0,not_neg,not_int,not_lpsm,248000.0,sb,ir,home,1U,4980.0,CIB,559,CIB,45-54,to_inst,51.00806452,south,direct,0,32.0
115018,2019,cf,Female,nopre,type1,p3,l1,nopc,nob/c,366500,4.125,0.3438,0.0,360.0,not_neg,not_int,not_lpsm,538000.0,sb,pr,home,1U,5520.0,EXP,507,CIB,35-44,not_inst,68.12267658,North,direct,0,39.0
170881,2019,cf,Joint,nopre,type1,p3,l1,nopc,nob/c,336500,3.875,0.223,4564.4,360.0,not_neg,not_int,not_lpsm,578000.0,sb,pr,home,1U,3420.0,EXP,506,EXP,65-74,to_inst,58.21799308,south,direct,0,42.0
72677,2019,cf,Male,nopre,type1,p1,l1,nopc,nob/c,246500,3.875,-0.0652,2211.75,360.0,not_neg,not_int,not_lpsm,398000.0,sb,pr,home,1U,6720.0,EXP,793,CIB,45-54,not_inst,61.93467337,North,direct,0,31.0
48657,2019,cf,Sex Not Available,nopre,type1,p4,l1,nopc,nob/c,166500,3.99,0.6022,3706.88,360.0,not_neg,not_int,not_lpsm,238000.0,sb,pr,home,1U,2280.0,EXP,619,CIB,55-64,to_inst,69.95798319,south,direct,0,42.0
128118,2019,cf,Sex Not Available,nopre,type1,p3,l1,nopc,nob/c,226500,3.875,0.323,5412.5,360.0,neg_amm,not_int,not_lpsm,378000.0,sb,pr,home,1U,4560.0,CRIF,618,CIB,35-44,to_inst,59.92063492,south,direct,0,37.0
113766,2019,cf,Male,nopre,type1,p3,l1,nopc,nob/c,156500,3.99,0.4517,3800.0,360.0,neg_amm,not_int,not_lpsm,308000.0,sb,pr,home,1U,1920.0,EXP,526,CIB,65-74,to_inst,50.81168831,south,direct,0,43.0
159153,2019,cf,Female,nopre,type1,p3,l1,nopc,nob/c,266500,3.875,0.265,295.0,360.0,not_neg,int_only,not_lpsm,908000.0,sb,pr,home,1U,3180.0,EXP,528,CIB,65-74,to_inst,29.35022026,North,direct,0,48.0
54124,2019,cf,Joint,nopre,type1,p1,l1,nopc,nob/c,216500,4.0,-0.0142,1373.18,360.0,not_neg,int_only,not_lpsm,318000.0,sb,pr,home,1U,7740.0,CIB,749,EXP,55-64,not_inst,68.08176101,North,direct,0,30.0
55465,2019,ncf,Male,nopre,type1,p3,l1,nopc,nob/c,776500,,,,360.0,not_neg,not_int,not_lpsm,1128000.0,sb,pr,home,1U,11760.0,CRIF,610,EXP,45-54,to_inst,68.83865248,North,direct,1,61.0
170882,2019,cf,Female,nopre,type1,p3,l1,nopc,nob/c,96500,4.5,0.7026,3055.0,360.0,not_neg,not_int,not_lpsm,168000.0,sb,pr,home,1U,1560.0,CRIF,665,CIB,65-74,to_inst,57.44047619,North,direct,0,31.0
49078,2019,cf,Female,nopre,type2,p3,l1,nopc,b/c,246500,3.99,0.4833,2362.5,360.0,not_neg,not_int,not_lpsm,318000.0,sb,pr,home,1U,3300.0,CRIF,596,CIB,35-44,to_inst,77.51572327,central,direct,0,43.0
60164,2019,cf,Male,nopre,type1,p4,l1,nopc,nob/c,686500,3.125,-0.1567,299.05,180.0,not_neg,not_int,not_lpsm,998000.0,sb,pr,home,1U,16200.0,CRIF,806,CIB,45-54,not_inst,68.78757515,south,direct,0,32.0
54831,2019,cf,Sex Not Available,nopre,type1,p3,l1,nopc,nob/c,166500,4.75,0.9798,6008.35,360.0,not_neg,not_int,not_lpsm,208000.0,sb,pr,home,1U,2580.0,CRIF,795,CIB,65-74,to_inst,80.04807692,south,direct,0,42.0
72329,2019,cf,Female,nopre,type1,p3,l1,nopc,nob/c,186500,3.75,0.3514,5770.0,360.0,not_neg,not_int,not_lpsm,318000.0,sb,sr,home,1U,3600.0,EXP,772,CIB,35-44,to_inst,58.64779874,North,direct,0,55.0
26163,2019,cf,Male,nopre,type1,p1,l1,nopc,nob/c,446500,4.875,0.4061,0.0,360.0,neg_amm,not_int,not_lpsm,468000.0,sb,pr,home,1U,5280.0,CIB,847,CIB,25-34,not_inst,95.40598291,North,direct,0,43.0
140531,2019,cf,Joint,nopre,type1,p4,l1,nopc,nob/c,416500,3.875,0.1487,4590.0,360.0,not_neg,not_int,not_lpsm,568000.0,sb,pr,home,1U,7620.0,CIB,830,EXP,45-54,not_inst,73.32746479,south,direct,0,37.0
133434,2019,cf,Joint,nopre,type1,p1,l1,nopc,nob/c,246500,4.75,1.159,3002.5,360.0,not_neg,not_int,not_lpsm,268000.0,sb,pr,home,1U,6420.0,CRIF,786,EXP,65-74,to_inst,91.97761194,central,direct,0,32.0
109600,2019,cf,Female,pre,type2,p3,l1,nopc,b/c,156500,4.75,1.2362,2535.7,360.0,not_neg,not_int,not_lpsm,208000.0,sb,pr,home,1U,2400.0,EXP,663,CIB,65-74,to_inst,75.24038462,North,direct,0,54.0
165417,2019,cf,Sex Not Available,nopre,type1,p3,l1,nopc,nob/c,236500,4.25,0.6219,5727.5,360.0,not_neg,not_int,not_lpsm,318000.0,sb,pr,home,1U,4200.0,EXP,612,CIB,35-44,to_inst,74.37106918,south,direct,0,41.0
70098,2019,cf,Female,nopre,type2,p3,l1,nopc,b/c,146500,4.125,0.7462,2581.22,360.0,neg_amm,not_int,not_lpsm,188000.0,sb,pr,home,1U,1740.0,CIB,762,CIB,55-64,to_inst,77.92553191,North,direct,0,42.0
171961,2019,cf,Joint,nopre,type1,p4,l1,nopc,nob/c,366500,3.625,-0.0002,0.0,360.0,not_neg,not_int,not_lpsm,508000.0,sb,sr,home,1U,11700.0,EXP,623,EXP,35-44,to_inst,72.14566929,North,direct,0,36.0
29006,2019,cf,Joint,nopre,type1,p4,l1,nopc,nob/c,646500,3.625,0.0347,739.96,360.0,not_neg,not_int,not_lpsm,868000.0,sb,pr,home,1U,6480.0,CRIF,742,EXP,45-54,not_inst,74.48156682,North,direct,0,41.0
127174,2019,cf,Joint,nopre,type1,p1,l1,nopc,nob/c,156500,4.875,0.4776,1508.0,360.0,neg_amm,not_int,not_lpsm,198000.0,sb,sr,home,1U,6480.0,CIB,812,EXP,35-44,to_inst,79.04040404,North,direct,0,30.0
125563,2019,cf,Sex Not Available,nopre,type1,p3,l1,nopc,nob/c,186500,4.56,0.319,3515.55,360.0,not_neg,not_int,not_lpsm,328000.0,sb,pr,home,1U,2160.0,CIB,699,CIB,65-74,to_inst,56.8597561,south,direct,0,44.0
65597,2019,ncf,Joint,pre,type1,p4,l1,nopc,nob/c,336500,4.125,-0.009,0.0,360.0,not_neg,not_int,not_lpsm,1128000.0,sb,pr,home,1U,4560.0,EXP,772,EXP,45-54,not_inst,29.83156028,south,direct,0,39.0
153386,2019,,Joint,nopre,type1,p1,l1,nopc,nob/c,496500,4.125,0.2395,4870.85,360.0,not_neg,not_int,not_lpsm,558000.0,sb,pr,home,1U,7140.0,CIB,816,EXP,45-54,not_inst,88.97849462,North,direct,0,39.0
110534,2019,cf,Joint,nopre,type1,p3,l1,nopc,nob/c,226500,4.75,1.3391,6193.01,360.0,not_neg,not_int,not_lpsm,298000.0,sb,pr,home,1U,3540.0,CRIF,894,EXP,55-64,not_inst,76.00671141,North,direct,0,32.0
89414,2019,,Joint,nopre,type1,p3,l1,nopc,nob/c,486500,4.0,-0.092,0.0,360.0,not_neg,not_int,not_lpsm,888000.0,sb,pr,home,1U,7380.0,CIB,760,EXP,45-54,not_inst,54.78603604,North,direct,0,35.0
126415,2019,cf,Joint,nopre,type1,p1,l1,nopc,nob/c,346500,4.875,0.6743,1308.7,360.0,not_neg,not_int,not_lpsm,468000.0,sb,ir,home,2U,9780.0,CRIF,741,EXP,35-44,not_inst,74.03846154,North,direct,0,40.0
157911,2019,,Joint,nopre,type1,p3,l1,nopc,nob/c,146500,4.625,0.8137,3875.0,360.0,not_neg,not_int,not_lpsm,958000.0,sb,pr,home,1U,11880.0,EXP,881,EXP,55-64,to_inst,15.29227557,North,direct,0,46.0
81501,2019,cf,Male,nopre,type2,p3,l1,nopc,b/c,56500,,,,360.0,not_neg,not_int,not_lpsm,38000.0,sb,pr,home,1U,1200.0,CRIF,680,CIB,65-74,to_inst,148.6842105,central,direct,1,28.0
31400,2019,cf,Female,nopre,type1,p3,l1,nopc,nob/c,336500,4.99,0.8118,11448.0,360.0,not_neg,not_int,not_lpsm,428000.0,sb,pr,home,1U,4980.0,CRIF,709,CIB,>74,to_inst,78.62149533,south,direct,0,43.0
52082,2019,cf,Joint,nopre,type1,p3,l1,nopc,nob/c,396500,5.25,0.9818,3704.61,360.0,neg_amm,not_int,not_lpsm,588000.0,sb,ir,home,1U,9420.0,EXP,656,EXP,45-54,to_inst,67.43197279,south,direct,0,45.0
126690,2019,cf,Sex Not Available,nopre,type3,p3,l1,nopc,nob/c,196500,3.99,0.5157,5743.25,180.0,not_neg,not_int,not_lpsm,228000.0,sb,pr,home,1U,7440.0,EXP,543,CIB,55-64,to_inst,86.18421053,south,direct,0,52.0
111593,2019,cf,Male,nopre,type1,p1,l1,nopc,nob/c,276500,4.375,0.055,6316.5,360.0,neg_amm,not_int,not_lpsm,278000.0,sb,pr,home,1U,3480.0,CIB,553,CIB,55-64,not_inst,99.46043165,North,direct,0,48.0
90298,2019,cf,Sex Not Available,nopre,type1,p3,l1,nopc,nob/c,156500,3.75,0.9057,3125.0,180.0,not_neg,not_int,not_lpsm,358000.0,sb,pr,home,1U,9120.0,CIB,860,EXP,45-54,to_inst,43.7150838,south,direct,0,31.0
108366,2019,cf,Male,nopre,type2,p1,l1,nopc,b/c,96500,3.5,0.8366,2726.62,360.0,not_neg,not_int,not_lpsm,128000.0,sb,pr,home,1U,3960.0,EXP,607,CIB,35-44,to_inst,75.390625,North,direct,0,46.0
116714,2019,cf,Male,nopre,type1,p1,l1,nopc,nob/c,656500,3.75,0.0582,936.44,360.0,not_neg,not_int,not_lpsm,778000.0,sb,pr,home,1U,7980.0,EXP,833,CIB,45-54,not_inst,84.38303342,south,direct,0,43.0
114643,2019,cf,Female,nopre,type1,p4,l1,nopc,nob/c,86500,4.99,0.8821,2763.59,360.0,neg_amm,not_int,not_lpsm,128000.0,sb,pr,home,1U,1620.0,CRIF,628,CIB,65-74,to_inst,67.578125,North,direct,0,31.0
89136,2019,cf,Joint,nopre,type1,p4,l1,nopc,nob/c,456500,3.75,0.1587,1812.88,360.0,neg_amm,not_int,not_lpsm,478000.0,sb,pr,home,1U,11880.0,CIB,500,EXP,45-54,to_inst,95.50209205,North,direct,0,25.0
151913,2019,cf,Male,nopre,type1,p3,l1,nopc,nob/c,486500,4.375,1.0193,12650.0,360.0,not_neg,not_int,not_lpsm,708000.0,sb,pr,home,1U,9900.0,CRIF,530,CIB,55-64,to_inst,68.71468927,North,direct,0,35.0
58986,2019,cf,Male,nopre,type1,p4,l1,nopc,nob/c,596500,4.25,0.3131,,360.0,not_neg,not_int,not_lpsm,788000.0,sb,pr,home,1U,8100.0,CRIF,543,CIB,25-34,not_inst,75.69796954,North,direct,0,32.0
164142,2019,cf,Joint,nopre,type1,p4,l1,nopc,nob/c,346500,3.69,0.0072,4215.5,300.0,not_neg,not_int,not_lpsm,428000.0,sb,pr,home,1U,8460.0,EXP,661,EXP,25-34,not_inst,80.95794393,south,direct,0,44.0
85242,2019,cf,Female,nopre,type3,p3,l2,nopc,nob/c,196500,,,,300.0,neg_amm,int_only,not_lpsm,248000.0,sb,pr,home,1U,1740.0,EXP,631,CIB,65-74,to_inst,79.23387097,south,direct,1,60.0
67555,2019,ncf,Joint,nopre,type1,p1,l1,nopc,nob/c,956500,4.875,1.087,4101.0,360.0,not_neg,not_int,not_lpsm,1198000.0,sb,pr,home,1U,18840.0,CRIF,693,EXP,25-34,not_inst,79.84140234,North,direct,0,41.0
50367,2019,cf,Male,pre,type1,p3,l1,nopc,nob/c,266500,3.5,-0.072,8620.0,360.0,not_neg,not_int,not_lpsm,608000.0,sb,pr,home,1U,7800.0,CRIF,659,CIB,55-64,to_inst,43.83223684,south,direct,0,23.0
135743,2019,cf,Sex Not Available,nopre,type1,p3,l1,nopc,nob/c,256500,,,,360.0,not_neg,not_int,not_lpsm,328000.0,sb,ir,home,1U,6300.0,CRIF,591,CIB,45-54,to_inst,78.20121951,south,direct,1,32.0
116642,2019,cf,Sex Not Available,nopre,type1,p4,l1,nopc,nob/c,186500,3.75,0.2412,5389.28,360.0,not_neg,not_int,not_lpsm,378000.0,sb,pr,home,1U,4140.0,EXP,511,EXP,35-44,to_inst,49.33862434,south,direct,0,44.0
66545,2019,cf,Sex Not Available,nopre,type1,p4,l1,nopc,nob/c,166500,3.75,0.4511,4899.33,288.0,not_neg,not_int,not_lpsm,198000.0,sb,pr,home,1U,5100.0,EXP,573,EXP,55-64,to_inst,84.09090909,south,direct,0,39.0
88829,2019,cf,Joint,nopre,type1,p4,l1,nopc,nob/c,526500,3.75,-0.04,0.0,360.0,neg_amm,not_int,not_lpsm,658000.0,sb,pr,home,1U,12240.0,CIB,730,EXP,35-44,not_inst,80.01519757,south,direct,0,28.0
109920,2019,cf,Sex Not Available,nopre,type1,p3,l2,nopc,nob/c,476500,4.99,0.9792,7131.25,360.0,not_neg,not_int,not_lpsm,638000.0,sb,ir,home,1U,8100.0,CRIF,579,CIB,35-44,to_inst,74.68652038,south,direct,0,40.0
26176,2019,cf,Joint,nopre,type1,p3,l1,nopc,nob/c,276500,4.5,0.3161,3875.0,360.0,not_neg,not_int,not_lpsm,428000.0,sb,pr,home,1U,3720.0,CRIF,512,EXP,65-74,to_inst,64.60280374,North,direct,0,36.0
146612,2019,cf,Male,nopre,type1,p3,l1,nopc,nob/c,116500,4.75,0.905,3310.53,360.0,not_neg,not_int,not_lpsm,408000.0,sb,pr,home,1U,5940.0,EXP,702,CIB,65-74,to_inst,28.55392157,central,direct,0,35.0
101852,2019,cf,Male,nopre,type1,p4,l1,nopc,nob/c,396500,3.625,-0.0456,0.0,312.0,not_neg,not_int,not_lpsm,538000.0,sb,pr,home,1U,7800.0,EXP,871,CIB,25-34,not_inst,73.69888476,North,direct,0,38.0
120734,2019,cf,Joint,nopre,type1,p4,l1,nopc,nob/c,476500,3.0,-0.0757,685.73,180.0,not_neg,int_only,not_lpsm,628000.0,sb,pr,home,1U,13740.0,CRIF,673,EXP,45-54,not_inst,75.87579618,North,direct,0,32.0
129528,2019,,Sex Not Available,nopre,type3,p3,l1,nopc,nob/c,476500,3.5,-0.2768,4787.5,360.0,not_neg,not_int,not_lpsm,688000.0,sb,pr,home,1U,7140.0,CRIF,599,EXP,55-64,to_inst,69.25872093,south,direct,0,40.0
116702,2019,cf,Joint,nopre,type1,p1,l1,nopc,nob/c,466500,3.75,-0.3457,13873.56,360.0,not_neg,not_int,not_lpsm,618000.0,sb,ir,home,1U,8160.0,CIB,858,EXP,35-44,not_inst,75.48543689,North,direct,0,49.0
102939,2019,cf,Female,pre,type1,p3,l1,nopc,nob/c,246500,4.375,0.5977,0.0,360.0,not_neg,not_int,not_lpsm,308000.0,sb,pr,home,1U,3360.0,EXP,706,CIB,55-64,not_inst,80.03246753,North,direct,0,43.0
141311,2019,cf,Sex Not Available,nopre,type1,p3,l1,nopc,nob/c,486500,3.625,0.0331,5488.06,360.0,not_neg,not_int,not_lpsm,878000.0,sb,pr,home,1U,6120.0,EXP,648,EXP,55-64,to_inst,55.41002278,south,direct,0,32.0
151640,2019,cf,Joint,nopre,type2,p3,l1,nopc,b/c,156500,3.625,0.5733,0.0,360.0,not_neg,not_int,not_lpsm,198000.0,sb,pr,home,1U,5520.0,CIB,530,EXP,45-54,to_inst,79.04040404,North,direct,0,36.0
117847,2019,cf,Joint,pre,type1,p1,l1,nopc,nob/c,186500,4.5,0.9591,5587.34,360.0,not_neg,not_int,not_lpsm,248000.0,sb,ir,home,1U,7020.0,EXP,803,EXP,55-64,to_inst,75.2016129,North,direct,0,32.0
61694,2019,cf,Joint,nopre,type1,p1,l1,nopc,nob/c,346500,3.875,-0.1244,5348.2,360.0,not_neg,not_int,not_lpsm,498000.0,sb,pr,home,1U,9240.0,CIB,804,EXP,35-44,not_inst,69.57831325,North,direct,0,12.0
107133,2019,cf,Sex Not Available,nopre,type2,p1,l1,nopc,b/c,106500,4.875,1.0984,2611.77,360.0,not_neg,not_int,not_lpsm,108000.0,sb,pr,home,1U,11040.0,EXP,857,EXP,25-34,to_inst,98.61111111,south,direct,0,43.0
127902,2019,cf,Male,nopre,type1,p1,l1,nopc,nob/c,306500,3.625,0.4819,,240.0,not_neg,not_int,not_lpsm,698000.0,sb,pr,home,1U,10440.0,EXP,642,CIB,35-44,to_inst,43.91117479,North,direct,0,17.0
156098,2019,cf,Sex Not Available,pre,type2,p1,l1,nopc,b/c,456500,,,,360.0,not_neg,not_int,not_lpsm,468000.0,sb,pr,home,1U,6060.0,EXP,678,EXP,35-44,to_inst,97.54273504,south,direct,1,46.0
116038,2019,cf,Sex Not Available,nopre,type2,p1,l1,nopc,b/c,346500,,,,360.0,not_neg,not_int,not_lpsm,378000.0,sb,pr,home,1U,5460.0,EXP,686,EXP,25-34,to_inst,91.66666667,south,direct,1,36.0
140786,2019,cf,Male,nopre,type1,p1,l2,nopc,nob/c,276500,4.18,0.1665,456.29,360.0,not_neg,not_int,not_lpsm,288000.0,sb,pr,home,1U,2880.0,CIB,617,CIB,65-74,not_inst,96.00694444,south,direct,0,45.0
56500,2019,cf,Joint,nopre,type1,p4,l1,nopc,nob/c,376500,3.5,0.063,2972.66,360.0,not_neg,not_int,not_lpsm,478000.0,sb,pr,home,1U,6720.0,EXP,572,EXP,55-64,not_inst,78.76569038,North,direct,0,36.0
104787,2019,cf,Sex Not Available,nopre,type1,p3,l1,nopc,nob/c,316500,3.25,-0.196,795.0,360.0,not_neg,not_int,not_lpsm,768000.0,sb,pr,home,1U,4560.0,CIB,513,EXP,45-54,to_inst,41.2109375,south,direct,0,46.0
164857,2019,cf,Male,nopre,type1,p3,l1,nopc,nob/c,216500,4.375,0.7295,2870.0,360.0,not_neg,not_int,not_lpsm,348000.0,sb,pr,home,1U,2400.0,CIB,830,CIB,65-74,to_inst,62.21264368,south,direct,0,40.0
145138,2019,cf,Sex Not Available,pre,type1,p4,l1,nopc,nob/c,206500,3.625,0.0555,5018.75,360.0,not_neg,not_int,not_lpsm,258000.0,sb,pr,home,1U,2700.0,EXP,620,CIB,45-54,to_inst,80.03875969,south,direct,0,42.0
83307,2019,cf,Joint,nopre,type1,p1,l1,nopc,nob/c,366500,4.875,1.2209,3338.93,360.0,not_neg,not_int,not_lpsm,378000.0,sb,pr,home,1U,5640.0,EXP,886,EXP,55-64,not_inst,96.95767196,North,direct,0,42.0
73038,2019,cf,Male,nopre,type1,p4,l1,nopc,nob/c,236500,3.75,-0.163,1795.0,360.0,not_neg,not_int,not_lpsm,638000.0,sb,pr,home,1U,3900.0,CRIF,832,CIB,35-44,not_inst,37.06896552,North,direct,0,46.0
85493,2019,cf,Male,nopre,type1,p1,l1,nopc,nob/c,496500,4.99,1.0035,150.18,360.0,not_neg,not_int,not_lpsm,658000.0,sb,ir,home,3U,7080.0,CIB,758,CIB,45-54,not_inst,75.45592705,North,direct,0,49.0
93399,2019,,Sex Not Available,nopre,type1,p3,l1,nopc,nob/c,76500,4.875,1.1876,2656.25,360.0,not_neg,not_int,not_lpsm,248000.0,sb,pr,home,1U,1200.0,EXP,685,EXP,65-74,to_inst,30.84677419,south,direct,0,45.0
89858,2019,cf,Joint,nopre,type1,p4,l1,nopc,nob/c,576500,3.75,0.3522,10515.0,360.0,not_neg,not_int,not_lpsm,688000.0,sb,pr,home,1U,21240.0,EXP,893,EXP,35-44,not_inst,83.79360465,North,direct,0,23.0
46281,2019,cf,Sex Not Available,pre,type2,p3,l1,nopc,b/c,106500,4.5,1.3474,1873.32,360.0,not_neg,not_int,not_lpsm,128000.0,sb,pr,home,1U,5220.0,CRIF,679,CIB,45-54,to_inst,83.203125,south,direct,0,49.0
164026,2019,cf,Joint,nopre,type1,p1,l1,nopc,nob/c,246500,4.125,0.2737,445.0,360.0,not_neg,not_int,not_lpsm,308000.0,sb,sr,home,1U,18000.0,CIB,668,EXP,65-74,to_inst,80.03246753,North,direct,0,21.0
134837,2019,cf,Joint,nopre,type1,p4,l1,nopc,nob/c,416500,,,,312.0,not_neg,not_int,not_lpsm,608000.0,sb,pr,home,1U,14220.0,CRIF,814,EXP,35-44,to_inst,68.50328947,central,direct,1,37.0
97718,2019,cf,Sex Not Available,nopre,type1,p1,l1,nopc,nob/c,206500,3.5,0.7532,5910.05,180.0,neg_amm,not_int,not_lpsm,278000.0,sb,ir,home,1U,8220.0,EXP,787,EXP,45-54,not_inst,74.28057554,south,direct,0,48.0
108853,2019,cf,Male,nopre,type1,p4,l1,nopc,nob/c,586500,3.625,-0.0092,10150.0,360.0,not_neg,not_int,not_lpsm,988000.0,sb,pr,home,1U,15660.0,EXP,573,EXP,45-54,to_inst,59.36234818,North,direct,0,30.0
109595,2019,cf,Joint,nopre,type1,p3,l1,nopc,nob/c,246500,4.5,0.5214,3637.4,360.0,not_neg,not_int,not_lpsm,338000.0,sb,pr,home,1U,11880.0,EXP,772,EXP,65-74,not_inst,72.92899408,North,direct,0,30.0
85101,2019,cf,Sex Not Available,nopre,type1,p4,l1,nopc,nob/c,306500,4.5,0.8713,3176.56,360.0,not_neg,not_int,not_lpsm,378000.0,sb,pr,home,1U,7740.0,EXP,797,EXP,45-54,to_inst,81.08465608,south,direct,0,33.0
78534,2019,cf,Female,nopre,type1,p3,l1,nopc,nob/c,206500,3.375,-0.0508,7545.0,360.0,not_neg,not_int,not_lpsm,308000.0,sb,pr,home,1U,3300.0,CRIF,783,CIB,65-74,to_inst,67.04545455,south,direct,0,42.0
37859,2019,cf,Male,nopre,type1,p4,l1,nopc,nob/c,316500,3.875,0.8615,1250.0,240.0,not_neg,not_int,not_lpsm,378000.0,sb,pr,home,1U,6600.0,CIB,502,CIB,25-34,to_inst,83.73015873,North,direct,0,40.0
140732,2019,cf,Joint,pre,type1,p1,l1,nopc,nob/c,276500,3.375,0.0681,8237.0,360.0,not_neg,not_int,not_lpsm,348000.0,sb,pr,home,1U,5220.0,CIB,569,EXP,55-64,to_inst,79.45402299,North,direct,0,38.0
165450,2019,cf,Joint,pre,type1,p1,l1,nopc,nob/c,556500,4.0,0.2891,0.0,360.0,not_neg,not_int,not_lpsm,588000.0,sb,pr,home,1U,8760.0,EXP,802,EXP,35-44,not_inst,94.64285714,south,direct,0,46.0
65140,2019,cf,Female,nopre,type1,p4,l1,nopc,nob/c,476500,3.56,-0.2262,0.0,360.0,not_neg,not_int,not_lpsm,1118000.0,sb,pr,home,1U,7800.0,CRIF,799,CIB,25-34,not_inst,42.62075134,south,direct,0,31.0
31357,2019,cf,Joint,nopre,type2,p3,l1,nopc,b/c,216500,4.75,1.1837,2125.0,360.0,not_neg,not_int,lpsm,258000.0,sb,pr,home,1U,4320.0,EXP,887,EXP,55-64,to_inst,83.91472868,North,direct,0,38.0
68893,2019,,Female,nopre,type1,p3,l1,nopc,nob/c,256500,4.99,0.9112,295.85,360.0,not_neg,not_int,not_lpsm,908000.0,sb,pr,home,1U,3060.0,EXP,699,CIB,>74,to_inst,28.24889868,North,direct,0,44.0
92376,2019,cf,Joint,nopre,type1,p4,l1,nopc,nob/c,406500,3.625,-0.0319,0.0,360.0,not_neg,not_int,not_lpsm,458000.0,sb,pr,home,1U,5700.0,CRIF,847,EXP,25-34,not_inst,88.75545852,North,direct,0,24.0
106055,2019,cf,Joint,nopre,type2,p1,l1,nopc,b/c,366500,3.625,0.6977,0.0,360.0,not_neg,not_int,not_lpsm,378000.0,sb,pr,home,1U,6300.0,CIB,813,EXP,45-54,not_inst,96.95767196,North,direct,0,34.0
150488,2019,ncf,Female,pre,type3,p1,l1,nopc,nob/c,176500,4.125,1.1316,3417.17,360.0,not_neg,not_int,not_lpsm,178000.0,sb,pr,home,1U,3960.0,EXP,676,CIB,45-54,to_inst,99.15730337,North,direct,0,24.0
103788,2019,cf,Joint,pre,type1,p3,l1,nopc,nob/c,296500,4.25,0.5472,3374.4,360.0,not_neg,not_int,not_lpsm,378000.0,sb,pr,home,1U,9360.0,CIB,788,EXP,65-74,not_inst,78.43915344,North,direct,0,20.0
156215,2019,cf,Joint,nopre,type2,p3,l1,nopc,b/c,296500,,,,360.0,not_neg,not_int,not_lpsm,408000.0,sb,pr,home,1U,3240.0,EXP,575,EXP,55-64,to_inst,72.67156863,south,direct,1,47.0
43182,2019,cf,Joint,nopre,type1,p4,l1,nopc,nob/c,216500,3.625,0.1893,6373.0,360.0,not_neg,not_int,not_lpsm,358000.0,sb,pr,home,1U,6420.0,CIB,857,EXP,55-64,to_inst,60.47486034,North,direct,0,26.0
153472,2019,,Male,nopre,type2,p1,l1,nopc,b/c,146500,4.125,1.8903,2920.33,360.0,not_neg,not_int,not_lpsm,158000.0,sb,pr,home,1U,5220.0,EXP,798,CIB,35-44,to_inst,92.72151899,North,direct,0,33.0
42028,2019,cf,Joint,nopre,type1,p4,l1,nopc,nob/c,386500,3.75,0.0968,1014.42,360.0,not_neg,not_int,not_lpsm,488000.0,sb,pr,home,1U,6180.0,EXP,599,EXP,55-64,not_inst,79.20081967,North,direct,0,45.0
154257,2019,cf,Joint,nopre,type1,p4,l1,nopc,nob/c,466500,3.625,0.3899,0.0,240.0,not_neg,not_int,not_lpsm,898000.0,sb,pr,home,1U,7080.0,CIB,811,EXP,35-44,not_inst,51.94877506,south,direct,0,39.0
48713,2019,cf,Sex Not Available,nopre,type1,p3,l1,nopc,nob/c,96500,,,,360.0,neg_amm,not_int,not_lpsm,108000.0,sb,pr,home,1U,1380.0,CRIF,506,CIB,55-64,to_inst,89.35185185,south,direct,1,21.0
173317,2019,cf,Female,nopre,type2,p3,l1,nopc,b/c,286500,,,,300.0,neg_amm,not_int,not_lpsm,298000.0,sb,pr,home,1U,7740.0,CIB,749,CIB,45-54,to_inst,96.1409396,central,direct,1,53.0
44519,2019,cf,Female,nopre,type1,p4,l1,nopc,nob/c,416500,3.625,-0.173,0.0,360.0,not_neg,not_int,not_lpsm,628000.0,sb,pr,home,1U,7020.0,CRIF,768,CIB,35-44,not_inst,66.32165605,south,direct,0,24.0
165208,2019,cf,Male,nopre,type1,p1,l1,nopc,nob/c,516500,,,,360.0,not_neg,not_int,not_lpsm,598000.0,sb,pr,home,1U,6300.0,CRIF,792,CIB,25-34,not_inst,86.37123746,south,direct,1,37.0
138857,2019,cf,Male,nopre,type3,p3,l2,nopc,nob/c,166500,,,,360.0,not_neg,not_int,not_lpsm,1088000.0,sb,pr,home,1U,2220.0,CRIF,519,CIB,>74,to_inst,15.30330882,North,direct,1,5.0
129566,2019,cf,Male,nopre,type1,p4,l1,nopc,nob/c,456500,3.5,-0.1458,5020.43,360.0,not_neg,not_int,not_lpsm,858000.0,sb,pr,home,1U,6420.0,EXP,653,CIB,55-64,not_inst,53.20512821,south,direct,0,44.0
142756,2019,cf,Sex Not Available,nopre,type3,p3,l1,nopc,nob/c,566500,3.5,0.2487,14738.53,360.0,not_neg,not_int,not_lpsm,968000.0,sb,pr,home,1U,4140.0,CIB,711,CIB,55-64,to_inst,58.52272727,south,direct,0,51.0
42077,2019,cf,Male,nopre,type1,p4,l1,nopc,nob/c,406500,3.99,0.5448,7629.38,360.0,not_neg,not_int,not_lpsm,478000.0,sb,pr,home,1U,7800.0,CRIF,727,EXP,25-34,to_inst,85.041841,North,direct,0,24.0
115690,2019,cf,Sex Not Available,nopre,type2,p3,l1,nopc,b/c,136500,3.75,0.924,3614.81,360.0,not_neg,not_int,not_lpsm,258000.0,sb,pr,home,1U,2340.0,CRIF,850,CIB,65-74,to_inst,52.90697674,south,direct,0,52.0
68672,2019,cf,Sex Not Available,nopre,type1,p3,l1,nopc,nob/c,456500,4.125,1.1381,7503.78,240.0,not_neg,not_int,not_lpsm,628000.0,sb,pr,home,1U,9780.0,EXP,885,EXP,45-54,to_inst,72.6910828,south,direct,0,39.0
120904,2019,cf,Female,nopre,type1,p1,l2,nopc,nob/c,356500,4.125,0.0368,15.72,360.0,not_neg,not_int,not_lpsm,718000.0,sb,pr,home,1U,4260.0,CRIF,863,CIB,25-34,not_inst,49.65181058,south,direct,0,42.0
112402,2019,cf,Joint,nopre,type1,p4,l1,nopc,nob/c,396500,3.5,-0.0583,1788.2,360.0,not_neg,not_int,not_lpsm,708000.0,sb,pr,home,1U,10140.0,CIB,864,EXP,35-44,not_inst,56.00282486,North,direct,0,5.0
26261,2019,cf,Sex Not Available,nopre,type1,p3,l1,nopc,nob/c,226500,4.875,1.2508,3025.0,360.0,not_neg,not_int,not_lpsm,278000.0,sb,pr,home,1U,3300.0,CIB,718,CIB,>74,to_inst,81.47482014,south,direct,0,49.0
36339,2019,cf,Joint,nopre,type1,p4,l1,nopc,nob/c,536500,3.125,0.0586,1628.5,180.0,not_neg,not_int,not_lpsm,708000.0,sb,pr,home,1U,12780.0,EXP,564,EXP,35-44,not_inst,75.77683616,North,direct,0,44.0
169624,2019,cf,Female,nopre,type1,p3,l1,nopc,nob/c,486500,3.625,0.104,5635.0,360.0,not_neg,not_int,not_lpsm,728000.0,sb,pr,home,1U,12300.0,EXP,847,CIB,55-64,not_inst,66.82692308,south,direct,0,20.0
84102,2019,cf,Male,nopre,type1,p3,l1,nopc,nob/c,106500,3.625,0.1729,2520.56,360.0,not_neg,not_int,not_lpsm,238000.0,sb,pr,home,1U,2100.0,EXP,752,CIB,25-34,to_inst,44.74789916,North,direct,0,36.0
141920,2019,cf,Female,pre,type1,p4,l1,nopc,nob/c,256500,3.99,-0.062,7747.94,360.0,not_neg,not_int,not_lpsm,478000.0,sb,pr,home,1U,8040.0,EXP,649,CIB,55-64,to_inst,53.66108787,central,direct,0,17.0
31009,2019,ncf,Joint,pre,type1,p1,l1,nopc,nob/c,486500,3.875,0.1425,795.0,360.0,not_neg,not_int,not_lpsm,778000.0,sb,pr,home,1U,14580.0,CRIF,542,EXP,45-54,to_inst,62.53213368,North,direct,0,10.0
54072,2019,cf,Joint,nopre,type1,p3,l2,nopc,nob/c,206500,4.875,0.9872,2750.0,360.0,not_neg,not_int,not_lpsm,268000.0,sb,pr,home,1U,6660.0,CRIF,665,EXP,25-34,to_inst,77.05223881,North,direct,0,43.0
86282,2019,cf,Male,nopre,type2,p3,l1,nopc,b/c,136500,5.25,1.3789,0.0,360.0,not_neg,not_int,not_lpsm,158000.0,sb,pr,home,1U,3480.0,CRIF,830,CIB,35-44,to_inst,86.39240506,central,direct,0,49.0
120440,2019,cf,Male,nopre,type1,p1,l1,nopc,nob/c,156500,,,,360.0,not_neg,not_int,not_lpsm,168000.0,sb,pr,home,1U,3060.0,EXP,710,CIB,35-44,to_inst,93.1547619,North,direct,1,41.0
142709,2019,cf,Female,nopre,type1,p3,l2,nopc,nob/c,466500,,,,300.0,neg_amm,not_int,not_lpsm,558000.0,sb,pr,home,3U,4800.0,CIB,777,CIB,45-54,not_inst,83.60215054,North,direct,1,49.0
152113,2019,cf,Female,nopre,type1,p3,l1,nopc,nob/c,76500,4.875,1.4408,,360.0,not_neg,not_int,not_lpsm,108000.0,sb,pr,home,1U,2160.0,CRIF,796,CIB,>74,to_inst,70.83333333,central,direct,0,20.0
93927,2019,cf,Male,nopre,type1,p4,l1,nopc,nob/c,386500,3.375,-0.2814,853.05,360.0,not_neg,not_int,not_lpsm,818000.0,sb,pr,home,1U,6120.0,CRIF,880,CIB,55-64,not_inst,47.24938875,North,direct,0,29.0
118253,2019,cf,Joint,nopre,type1,p3,l1,nopc,nob/c,206500,4.875,0.4647,1150.0,360.0,not_neg,not_int,not_lpsm,758000.0,sb,pr,home,1U,3240.0,CRIF,768,EXP,45-54,to_inst,27.24274406,North,direct,0,40.0
32354,2019,cf,Female,nopre,type1,p4,l1,nopc,nob/c,286500,3.99,0.4956,5917.81,360.0,not_neg,not_int,not_lpsm,408000.0,sb,pr,home,1U,6360.0,CRIF,793,CIB,55-64,to_inst,70.22058824,North,direct,0,34.0
79395,2019,cf,Joint,nopre,type1,p3,l1,nopc,nob/c,446500,,,,360.0,not_neg,int_only,not_lpsm,528000.0,sb,pr,home,1U,8160.0,CIB,664,EXP,55-64,to_inst,84.56439394,North,direct,1,30.0
129947,2019,cf,Male,nopre,type1,p1,l1,nopc,nob/c,466500,3.375,-0.042,6210.36,360.0,not_neg,not_int,not_lpsm,528000.0,sb,pr,home,1U,4320.0,CRIF,590,CIB,25-34,not_inst,88.35227273,North,direct,0,47.0
154007,2019,cf,Male,pre,type1,p3,l1,nopc,nob/c,286500,4.375,0.8841,4101.4,360.0,not_neg,not_int,not_lpsm,358000.0,sb,pr,home,1U,18060.0,EXP,764,EXP,55-64,not_inst,80.02793296,North,direct,0,47.0
76218,2019,,Male,nopre,type1,p3,l1,nopc,nob/c,206500,4.375,0.644,2075.0,240.0,not_neg,not_int,not_lpsm,558000.0,sb,pr,home,1U,4200.0,CRIF,663,CIB,45-54,not_inst,37.00716846,central,direct,0,40.0
100253,2019,cf,Sex Not Available,nopre,type2,p4,l1,nopc,b/c,56500,4.875,1.4862,1553.64,360.0,not_neg,not_int,not_lpsm,68000.0,sb,pr,home,1U,1920.0,EXP,668,CIB,45-54,to_inst,83.08823529,south,direct,0,36.0
161082,2019,cf,Joint,nopre,type1,p4,l1,nopc,nob/c,446500,3.5,-0.0381,4577.0,360.0,neg_amm,int_only,not_lpsm,808000.0,sb,pr,home,1U,15300.0,CIB,859,EXP,45-54,to_inst,55.25990099,North,direct,0,8.0
31868,2019,cf,Female,nopre,type1,p3,l1,nopc,nob/c,476500,4.875,0.4389,0.0,360.0,neg_amm,not_int,not_lpsm,598000.0,sb,pr,home,1U,8400.0,CRIF,817,CIB,45-54,not_inst,79.68227425,North,direct,0,36.0
41582,2019,ncf,Joint,nopre,type1,p4,l1,nopc,nob/c,1286500,4.125,0.6247,8280.86,360.0,not_neg,not_int,not_lpsm,2558000.0,sb,pr,home,1U,20640.0,CIB,870,EXP,55-64,not_inst,50.29319781,North,direct,0,36.0
115904,2019,cf,Sex Not Available,nopre,type1,p3,l1,nopc,nob/c,286500,4.5,0.9502,6650.0,360.0,not_neg,not_int,not_lpsm,368000.0,sb,pr,home,1U,11940.0,CRIF,555,EXP,55-64,to_inst,77.85326087,south,direct,0,15.0
171465,2019,cf,Sex Not Available,nopre,type1,p3,l1,nopc,nob/c,306500,3.875,0.3668,7310.0,360.0,not_neg,not_int,not_lpsm,658000.0,sb,pr,home,1U,7980.0,CRIF,632,CIB,55-64,to_inst,46.58054711,south,direct,0,32.0
104886,2019,ncf,Female,nopre,type1,p4,l1,nopc,nob/c,766500,4.25,0.5908,4124.38,360.0,not_neg,not_int,not_lpsm,1078000.0,sb,pr,home,1U,16380.0,CRIF,646,EXP,35-44,to_inst,71.1038961,North,direct,0,31.0
159574,2019,cf,Male,nopre,type1,p3,l1,nopc,nob/c,96500,3.5,1.1633,3980.0,180.0,neg_amm,not_int,not_lpsm,238000.0,sb,pr,home,1U,4320.0,CIB,797,CIB,45-54,to_inst,40.54621849,North,direct,0,28.0
78758,2019,cf,Joint,nopre,type1,p4,l1,nopc,nob/c,396500,3.125,0.001,1320.0,180.0,not_neg,not_int,not_lpsm,708000.0,sb,pr,home,1U,10380.0,CRIF,752,EXP,35-44,not_inst,56.00282486,south,direct,0,23.0
154296,2019,cf,Male,nopre,type2,p3,l1,nopc,b/c,106500,,,,360.0,not_neg,not_int,not_lpsm,118000.0,sb,pr,home,1U,0.0,CIB,859,CIB,55-64,to_inst,90.25423729,North,direct,1,16.0
48416,2019,cf,Joint,nopre,type3,p3,l1,nopc,nob/c,246500,3.625,0.2686,7130.0,360.0,not_neg,not_int,not_lpsm,588000.0,sb,pr,home,1U,3600.0,CRIF,844,EXP,65-74,to_inst,41.92176871,North,direct,0,42.0
46636,2019,cf,Joint,nopre,type1,p1,l1,nopc,nob/c,316500,,,,324.0,neg_amm,not_int,not_lpsm,338000.0,sb,pr,home,1U,9720.0,CRIF,678,EXP,35-44,to_inst,93.63905325,North,direct,1,41.0
169130,2019,cf,Male,nopre,type1,p4,l1,nopc,nob/c,526500,3.875,-0.1491,0.0,360.0,not_neg,not_int,not_lpsm,618000.0,sb,pr,home,1U,7020.0,CRIF,889,CIB,45-54,not_inst,85.19417476,south,direct,0,31.0
58552,2019,cf,Sex Not Available,nopre,type1,p3,l1,nopc,nob/c,406500,3.375,0.6524,9751.2,180.0,not_neg,not_int,not_lpsm,528000.0,sb,pr,home,1U,5640.0,CIB,515,CIB,35-44,to_inst,76.98863636,south,direct,0,43.0
40203,2019,cf,Male,nopre,type1,p4,l1,nopc,nob/c,156500,4.99,1.2531,4296.0,276.0,not_neg,not_int,not_lpsm,288000.0,sb,ir,home,2U,3480.0,CRIF,649,CIB,35-44,to_inst,54.34027778,North,direct,0,33.0
42341,2019,cf,Female,nopre,type1,p1,l1,nopc,nob/c,146500,4.0,0.2986,1020.84,360.0,not_neg,not_int,not_lpsm,258000.0,sb,pr,home,1U,3300.0,CIB,808,CIB,55-64,not_inst,56.78294574,North,direct,0,30.0
53733,2019,cf,Joint,nopre,type2,p1,l1,nopc,b/c,346500,3.99,1.0502,6470.44,360.0,not_neg,not_int,not_lpsm,358000.0,sb,pr,home,1U,7020.0,CRIF,719,EXP,45-54,to_inst,96.7877095,south,direct,0,21.0
97323,2019,cf,Joint,pre,type1,p3,l1,nopc,nob/c,356500,4.5,0.7656,945.19,360.0,not_neg,not_int,not_lpsm,428000.0,sb,pr,home,1U,6660.0,CIB,534,EXP,35-44,not_inst,83.29439252,south,direct,0,36.0
154908,2019,cf,Sex Not Available,nopre,type1,p1,l1,nopc,nob/c,466500,4.125,0.847,0.0,180.0,not_neg,not_int,not_lpsm,578000.0,sb,pr,home,1U,7200.0,EXP,827,EXP,25-34,to_inst,80.70934256,south,direct,0,41.0
68792,2019,cf,Sex Not Available,nopre,type3,p4,l1,nopc,nob/c,306500,,,,360.0,not_neg,not_int,not_lpsm,348000.0,sb,pr,home,1U,5460.0,EXP,620,EXP,45-54,to_inst,88.07471264,south,direct,1,55.0
156843,2019,cf,Sex Not Available,nopre,type1,p1,l1,nopc,nob/c,256500,4.125,0.3514,0.0,360.0,not_neg,not_int,not_lpsm,328000.0,sb,sr,home,1U,7260.0,CRIF,830,EXP,55-64,not_inst,78.20121951,south,direct,0,30.0
137961,2019,cf,Joint,pre,type3,p1,l1,nopc,nob/c,266500,4.75,0.4818,1015.33,360.0,neg_amm,not_int,not_lpsm,278000.0,sb,pr,home,1U,7980.0,CIB,752,EXP,55-64,to_inst,95.86330935,North,direct,0,52.0
51297,2019,cf,Male,nopre,type1,p1,l1,nopc,nob/c,486500,2.925,-0.3885,673.92,360.0,not_neg,not_int,not_lpsm,678000.0,sb,pr,home,1U,12960.0,CIB,643,EXP,25-34,to_inst,71.75516224,south,direct,0,30.0
34640,2019,cf,Male,pre,type1,p1,l1,nopc,nob/c,436500,4.5,0.5521,5942.52,360.0,not_neg,not_int,not_lpsm,458000.0,sb,pr,home,1U,8700.0,EXP,570,CIB,25-34,to_inst,95.30567686,central,direct,0,42.0
146635,2019,cf,Female,pre,type1,p4,l1,nopc,nob/c,416500,3.99,0.2086,2352.8,360.0,not_neg,not_int,not_lpsm,508000.0,sb,pr,home,1U,4320.0,CRIF,679,CIB,25-34,not_inst,81.98818898,North,direct,0,49.0
56655,2019,cf,Joint,nopre,type1,p4,l1,nopc,nob/c,366500,,,,360.0,not_neg,not_int,not_lpsm,858000.0,sb,pr,home,1U,7080.0,EXP,876,EXP,55-64,not_inst,42.71561772,south,direct,1,34.0
160265,2019,cf,Sex Not Available,pre,type3,p3,l1,nopc,nob/c,256500,,,,360.0,not_neg,not_int,not_lpsm,288000.0,sb,pr,home,1U,1920.0,EXP,596,CIB,35-44,to_inst,89.0625,south,direct,1,59.0
134461,2019,ncf,Joint,pre,type1,p4,l1,nopc,nob/c,726500,4.125,-0.0198,223.01,360.0,not_neg,not_int,not_lpsm,1058000.0,sb,pr,home,1U,13500.0,CIB,543,EXP,55-64,not_inst,68.66729679,North,direct,0,41.0
116583,2019,cf,Male,pre,type1,p4,l1,nopc,nob/c,466500,3.5,-0.231,2229.13,360.0,not_neg,not_int,not_lpsm,818000.0,sb,pr,home,1U,6900.0,CIB,646,CIB,55-64,not_inst,57.02933985,North,direct,0,44.0
26347,2019,cf,Female,nopre,type3,p3,l1,nopc,nob/c,186500,,,,360.0,not_neg,not_int,not_lpsm,188000.0,sb,pr,home,1U,5760.0,CRIF,830,EXP,65-74,to_inst,99.20212766,North,direct,1,40.0
153561,2019,cf,Joint,nopre,type3,p3,l1,nopc,nob/c,206500,4.75,0.4037,2468.39,360.0,neg_amm,not_int,not_lpsm,278000.0,sb,pr,home,1U,3600.0,CIB,736,EXP,65-74,to_inst,74.28057554,North,direct,0,34.0
49446,2019,cf,Sex Not Available,nopre,type1,p3,l1,nopc,nob/c,266500,,,,360.0,not_neg,int_only,not_lpsm,698000.0,sb,ir,home,1U,1500.0,CIB,521,CIB,55-64,to_inst,38.18051576,south,direct,1,11.0
85132,2019,cf,Female,nopre,type1,p4,l1,nopc,nob/c,576500,4.375,-0.0999,211.08,360.0,not_neg,not_int,not_lpsm,778000.0,sb,pr,home,1U,8760.0,CIB,731,CIB,25-34,not_inst,74.10025707,North,direct,0,34.0
119561,2019,cf,Male,nopre,type1,p4,l1,nopc,nob/c,166500,3.375,0.3945,1431.3,180.0,not_neg,not_int,not_lpsm,378000.0,sb,pr,home,1U,6720.0,CIB,618,EXP,25-34,not_inst,44.04761905,south,direct,0,49.0
62235,2019,cf,Female,nopre,type1,p1,l1,nopc,nob/c,216500,4.375,0.7695,1701.0,360.0,not_neg,not_int,not_lpsm,248000.0,sb,pr,home,1U,3300.0,CRIF,814,CIB,55-64,not_inst,87.2983871,North,direct,0,44.0
91196,2019,cf,Joint,nopre,type1,p4,l1,nopc,nob/c,376500,4.0,-0.0595,310.8,360.0,not_neg,not_int,not_lpsm,1808000.0,sb,pr,home,1U,11220.0,CIB,596,EXP,55-64,not_inst,20.82411504,North,direct,0,36.0
99502,2019,cf,Joint,nopre,type1,p3,l1,nopc,nob/c,236500,4.5,0.8552,2741.88,360.0,not_neg,int_only,not_lpsm,408000.0,sb,pr,home,1U,19500.0,CRIF,863,EXP,55-64,to_inst,57.96568627,North,direct,0,5.0
143390,2019,cf,Female,nopre,type2,p3,l1,nopc,b/c,166500,4.99,1.2771,911.68,360.0,neg_amm,not_int,not_lpsm,218000.0,sb,pr,home,1U,1800.0,CIB,581,CIB,>74,to_inst,76.37614679,North,direct,0,49.0
86632,2019,cf,Male,nopre,type1,p3,l1,nopc,nob/c,146500,4.625,1.0667,3056.25,360.0,not_neg,not_int,not_lpsm,208000.0,sb,sr,home,1U,3420.0,CRIF,532,CIB,65-74,to_inst,70.43269231,North,direct,0,40.0
70312,2019,cf,Male,nopre,type1,p4,l1,nopc,nob/c,146500,3.875,0.6001,4494.5,324.0,not_neg,not_int,not_lpsm,198000.0,sb,pr,home,1U,4320.0,EXP,872,CIB,55-64,to_inst,73.98989899,North,direct,0,20.0
41089,2019,cf,Female,nopre,type1,p4,l1,nopc,nob/c,226500,3.625,0.3162,6091.8,324.0,not_neg,not_int,not_lpsm,438000.0,sb,pr,home,1U,2220.0,CRIF,827,EXP,45-54,to_inst,51.71232877,North,direct,0,48.0
161232,2019,cf,Male,nopre,type1,p4,l1,nopc,nob/c,456500,4.99,0.2343,0.0,360.0,not_neg,not_int,not_lpsm,1008000.0,sb,ir,home,1U,11100.0,CIB,689,CIB,35-44,not_inst,45.28769841,south,direct,0,39.0
79764,2019,ncf,Sex Not Available,nopre,type2,p3,l1,nopc,b/c,206500,4.49,1.4639,2232.39,360.0,not_neg,not_int,not_lpsm,238000.0,sb,pr,home,1U,7440.0,EXP,711,EXP,25-34,to_inst,86.76470588,south,direct,0,40.0
143217,2019,cf,Male,nopre,type1,p4,l1,nopc,nob/c,386500,3.875,0.2626,0.0,360.0,not_neg,not_int,not_lpsm,508000.0,sb,pr,home,1U,4500.0,CIB,797,CIB,55-64,not_inst,76.08267717,North,direct,0,38.0
172326,2019,cf,Joint,nopre,type1,p3,l1,nopc,nob/c,486500,3.5,-0.2216,3075.31,360.0,not_neg,not_int,not_lpsm,688000.0,sb,pr,home,1U,11280.0,CRIF,538,EXP,35-44,not_inst,70.7122093,North,direct,0,23.0
152596,2019,,Female,nopre,type1,p1,l1,nopc,nob/c,386500,4.0,-0.0717,0.0,360.0,not_neg,not_int,not_lpsm,588000.0,sb,pr,home,1U,4200.0,CRIF,881,CIB,35-44,not_inst,65.73129252,south,direct,0,47.0
124345,2019,cf,Sex Not Available,pre,type1,p1,l1,nopc,nob/c,446500,,,,360.0,not_neg,not_int,not_lpsm,568000.0,sb,pr,home,1U,11940.0,CRIF,689,EXP,55-64,to_inst,78.60915493,south,direct,1,37.0
138527,2019,ncf,Male,nopre,type1,p3,l1,nopc,nob/c,826500,3.99,0.0145,5382.81,360.0,not_neg,not_int,not_lpsm,1098000.0,sb,pr,home,1U,10920.0,EXP,729,CIB,55-64,to_inst,75.27322404,south,direct,0,41.0
117809,2019,cf,Joint,pre,type1,p1,l1,nopc,nob/c,256500,3.875,0.3221,1722.5,360.0,not_neg,not_int,not_lpsm,518000.0,sb,pr,home,1U,3000.0,EXP,811,EXP,35-44,not_inst,49.51737452,North,direct,0,45.0
120400,2019,,Sex Not Available,nopre,type1,p4,l1,nopc,nob/c,276500,,,,360.0,neg_amm,not_int,not_lpsm,338000.0,sb,pr,home,1U,4080.0,CRIF,768,CIB,35-44,to_inst,81.80473373,south,direct,1,56.0
138172,2019,cf,Joint,nopre,type3,p1,l1,nopc,nob/c,206500,5.125,1.1253,0.0,360.0,not_neg,not_int,not_lpsm,208000.0,sb,pr,home,1U,4740.0,EXP,650,EXP,25-34,to_inst,99.27884615,North,direct,0,42.0
153000,2019,cf,Joint,nopre,type1,p1,l1,nopc,nob/c,136500,,,,360.0,not_neg,not_int,not_lpsm,168000.0,sb,pr,home,1U,2280.0,CIB,732,EXP,>74,to_inst,81.25,North,direct,1,41.0
171225,2019,cf,Female,nopre,type1,p3,l1,nopc,nob/c,566500,3.875,0.2525,6356.25,360.0,not_neg,not_int,not_lpsm,758000.0,sb,pr,home,1U,8700.0,CIB,666,CIB,35-44,not_inst,74.73614776,south,direct,0,33.0
29164,2019,cf,Male,nopre,type1,p3,l1,nopc,nob/c,476500,4.375,0.8056,,360.0,not_neg,not_int,not_lpsm,728000.0,sb,pr,home,1U,15780.0,CRIF,816,EXP,65-74,to_inst,65.4532967,North,direct,0,35.0
102005,2019,cf,Female,nopre,type1,p4,l1,nopc,nob/c,306500,3.125,-0.4318,3689.64,360.0,not_neg,not_int,not_lpsm,708000.0,sb,pr,home,1U,3240.0,CRIF,519,CIB,65-74,not_inst,43.29096045,North,direct,0,44.0
127639,2019,cf,Male,pre,type1,p3,l1,nopc,nob/c,66500,4.99,1.066,2612.5,360.0,not_neg,not_int,not_lpsm,118000.0,sb,pr,home,1U,3720.0,EXP,755,CIB,25-34,to_inst,56.3559322,North,direct,0,30.0
88284,2019,cf,Sex Not Available,nopre,type3,p3,l1,nopc,nob/c,156500,3.99,0.6257,2853.62,360.0,not_neg,not_int,not_lpsm,158000.0,sb,pr,home,1U,5880.0,CIB,813,EXP,65-74,to_inst,99.05063291,south,direct,0,57.0
164449,2019,cf,Female,nopre,type1,p3,l1,nopc,nob/c,106500,3.99,0.8734,3132.0,180.0,not_neg,not_int,not_lpsm,168000.0,sb,pr,home,1U,4260.0,EXP,735,EXP,65-74,to_inst,63.39285714,North,direct,0,30.0
29738,2019,cf,Joint,nopre,type1,p1,l1,nopc,nob/c,326500,4.625,0.2796,4090.63,360.0,not_neg,not_int,not_lpsm,388000.0,sb,pr,home,1U,8820.0,EXP,598,EXP,35-44,to_inst,84.14948454,North,direct,0,45.0
36668,2019,cf,Sex Not Available,nopre,type3,p1,l1,nopc,nob/c,116500,4.75,0.9146,2058.47,360.0,not_neg,not_int,not_lpsm,138000.0,sb,pr,home,1U,8460.0,EXP,684,CIB,55-64,to_inst,84.42028986,south,direct,0,15.0
92176,2019,cf,Female,nopre,type1,p1,l2,nopc,nob/c,466500,5.25,0.8754,0.0,360.0,not_neg,not_int,not_lpsm,478000.0,sb,pr,home,1U,6720.0,CRIF,727,EXP,35-44,not_inst,97.59414226,south,direct,0,49.0
69248,2019,cf,Sex Not Available,nopre,type1,p4,l1,nopc,nob/c,156500,3.625,0.4478,3125.0,144.0,not_neg,not_int,not_lpsm,218000.0,sb,pr,home,1U,3060.0,CRIF,757,EXP,55-64,to_inst,71.78899083,south,direct,0,42.0
54907,2019,cf,Sex Not Available,nopre,type1,p3,l1,nopc,nob/c,206500,4.125,0.7866,5000.0,360.0,not_neg,not_int,not_lpsm,388000.0,sb,pr,home,1U,3540.0,EXP,623,CIB,45-54,to_inst,53.22164948,south,direct,0,39.0
111949,2019,,Joint,nopre,type3,p1,l1,nopc,nob/c,486500,3.625,0.1649,3650.0,360.0,not_neg,not_int,not_lpsm,468000.0,sb,pr,home,1U,6780.0,CRIF,553,EXP,45-54,to_inst,103.9529915,central,direct,0,61.0
110437,2019,cf,Male,nopre,type3,p3,l1,nopc,nob/c,186500,3.49,0.0157,5405.0,360.0,not_neg,not_int,not_lpsm,288000.0,sb,pr,home,1U,4140.0,CIB,633,CIB,65-74,to_inst,64.75694444,North,direct,0,29.0
118735,2019,cf,Joint,nopre,type2,p1,l1,nopc,b/c,316500,,,,360.0,not_neg,not_int,not_lpsm,298000.0,sb,pr,home,1U,7020.0,CIB,609,EXP,25-34,to_inst,106.2080537,south,direct,1,51.0
117380,2019,cf,Joint,nopre,type1,p3,l1,nopc,nob/c,136500,4.125,0.7174,2322.5,180.0,not_neg,not_int,not_lpsm,178000.0,sb,pr,home,1U,5160.0,CRIF,763,EXP,55-64,to_inst,76.68539326,North,direct,0,28.0
154059,2019,cf,Sex Not Available,nopre,type1,p3,l1,nopc,nob/c,346500,3.625,0.1608,9877.5,360.0,not_neg,not_int,not_lpsm,478000.0,sb,pr,home,1U,3900.0,CRIF,551,CIB,55-64,to_inst,72.48953975,south,direct,0,32.0
152588,2019,cf,Sex Not Available,pre,type1,p1,l1,nopc,nob/c,236500,3.625,0.1764,7362.5,360.0,not_neg,not_int,not_lpsm,298000.0,sb,sr,home,1U,14820.0,CRIF,527,EXP,45-54,to_inst,79.36241611,south,direct,0,25.0
29068,2019,cf,Joint,pre,type1,p4,l1,nopc,nob/c,286500,4.25,0.9081,9476.81,360.0,not_neg,not_int,not_lpsm,408000.0,sb,pr,home,1U,6420.0,CIB,521,EXP,55-64,to_inst,70.22058824,central,direct,0,34.0
165194,2019,cf,Male,nopre,type1,p4,l1,nopc,nob/c,56500,4.875,0.765,2453.86,360.0,neg_amm,not_int,not_lpsm,178000.0,sb,pr,home,1U,1140.0,CRIF,788,CIB,65-74,to_inst,31.74157303,North,direct,0,37.0
95702,2019,cf,Male,nopre,type2,p1,l1,nopc,b/c,246500,,,,360.0,not_neg,int_only,not_lpsm,258000.0,sb,pr,home,1U,4080.0,CIB,735,CIB,45-54,not_inst,95.54263566,North,direct,1,43.0
112109,2019,cf,Female,nopre,type1,p4,l1,nopc,nob/c,596500,3.5,-0.1294,0.0,360.0,not_neg,int_only,not_lpsm,768000.0,sb,pr,home,1U,7020.0,EXP,897,CIB,35-44,not_inst,77.66927083,North,direct,0,39.0
87006,2019,cf,Sex Not Available,nopre,type1,p3,l1,nopc,nob/c,386500,4.625,1.2377,4596.88,360.0,not_neg,not_int,not_lpsm,458000.0,sb,pr,home,1U,5520.0,CRIF,709,CIB,45-54,to_inst,84.38864629,south,direct,0,40.0
70385,2019,cf,Joint,nopre,type1,p3,l1,nopc,nob/c,286500,3.75,0.1548,3669.76,360.0,not_neg,not_int,not_lpsm,418000.0,sb,pr,home,1U,2880.0,CIB,660,EXP,35-44,not_inst,68.54066986,North,direct,0,44.0
45711,2019,cf,Female,nopre,type1,p4,l1,nopc,nob/c,316500,3.99,0.6131,1307.93,360.0,not_neg,not_int,not_lpsm,358000.0,sb,pr,home,1U,5700.0,CRIF,593,CIB,35-44,not_inst,88.40782123,North,direct,0,40.0
46350,2019,cf,Male,nopre,type2,p1,l1,nopc,b/c,236500,4.99,1.4416,3414.44,360.0,not_neg,not_int,not_lpsm,248000.0,sb,pr,home,1U,4800.0,CIB,807,CIB,35-44,to_inst,95.36290323,North,direct,0,50.0
61354,2019,cf,Male,pre,type1,p4,l1,nopc,nob/c,226500,4.18,0.118,7345.48,360.0,not_neg,not_int,not_lpsm,258000.0,sb,pr,home,1U,4080.0,CIB,529,CIB,45-54,to_inst,87.79069767,North,direct,0,36.0
79408,2019,cf,Sex Not Available,pre,type1,p4,l1,nopc,nob/c,326500,3.625,0.2428,7670.0,360.0,not_neg,not_int,not_lpsm,2308000.0,sb,pr,home,1U,5100.0,CRIF,747,CIB,65-74,to_inst,14.14644714,south,direct,0,31.0
143718,2019,cf,Male,nopre,type2,p3,l1,nopc,b/c,266500,,,,360.0,not_neg,not_int,not_lpsm,328000.0,sb,pr,home,1U,4200.0,EXP,613,CIB,25-34,to_inst,81.25,North,direct,1,48.0
109676,2019,cf,Joint,nopre,type1,p4,l1,nopc,nob/c,286500,,,,360.0,not_neg,not_int,lpsm,358000.0,sb,pr,home,1U,5460.0,CIB,634,EXP,25-34,not_inst,80.02793296,North,direct,1,36.0
86729,2019,,Male,nopre,type1,p3,l1,nopc,nob/c,656500,3.75,-0.1844,12990.47,360.0,not_neg,not_int,not_lpsm,1158000.0,sb,pr,home,1U,14580.0,EXP,893,EXP,65-74,to_inst,56.6925734,North,direct,0,21.0
120506,2019,cf,Female,pre,type1,p4,l1,nopc,nob/c,446500,,,,360.0,not_neg,not_int,not_lpsm,808000.0,sb,pr,home,1U,4320.0,EXP,767,CIB,55-64,not_inst,55.25990099,North,direct,1,46.0
25752,2019,cf,Male,nopre,type1,p1,l2,nopc,nob/c,536500,4.5,0.3267,6259.65,360.0,not_neg,not_int,not_lpsm,718000.0,sb,ir,home,1U,14880.0,EXP,752,CIB,25-34,not_inst,74.72144847,North,direct,0,48.0
81877,2019,cf,Female,nopre,type1,p1,l1,nopc,nob/c,216500,3.625,0.1779,5335.0,360.0,not_neg,not_int,not_lpsm,228000.0,sb,pr,home,1U,6300.0,CIB,507,EXP,55-64,not_inst,94.95614035,central,direct,0,48.0
98396,2019,cf,Male,nopre,type1,p4,l1,nopc,nob/c,256500,2.99,0.2816,8222.93,180.0,not_neg,not_int,not_lpsm,708000.0,sb,pr,home,1U,3720.0,EXP,625,CIB,35-44,to_inst,36.22881356,North,direct,0,49.0
171524,2019,cf,Male,nopre,type1,p4,l1,nopc,nob/c,686500,3.5,-0.0905,4860.0,360.0,not_neg,not_int,not_lpsm,958000.0,sb,pr,home,1U,7080.0,CRIF,511,CIB,35-44,not_inst,71.65970772,North,direct,0,42.0
104758,2019,cf,Sex Not Available,nopre,type1,p4,l1,nopc,nob/c,266500,3.875,0.2033,1481.13,180.0,not_neg,not_int,not_lpsm,378000.0,sb,pr,home,1U,9060.0,CRIF,892,EXP,45-54,to_inst,70.5026455,south,direct,0,29.0
96069,2019,cf,Sex Not Available,nopre,type2,p3,l1,nopc,b/c,486500,3.99,0.6475,0.0,360.0,not_neg,not_int,not_lpsm,558000.0,sb,pr,home,1U,9780.0,CIB,591,EXP,35-44,to_inst,87.18637993,south,direct,0,35.0
156685,2019,cf,Sex Not Available,nopre,type1,p3,l1,nopc,nob/c,546500,3.875,1.0519,18897.5,240.0,not_neg,not_int,not_lpsm,788000.0,sb,pr,home,1U,8100.0,CIB,712,CIB,55-64,to_inst,69.35279188,south,direct,0,41.0
154486,2019,cf,Sex Not Available,nopre,type3,p1,l1,nopc,nob/c,146500,,,,360.0,neg_amm,not_int,not_lpsm,148000.0,sb,pr,home,1U,3840.0,EXP,729,CIB,>74,to_inst,98.98648649,North,direct,1,26.0
46594,2019,cf,Joint,nopre,type1,p4,l1,nopc,nob/c,616500,3.875,0.1485,0.0,360.0,not_neg,not_int,not_lpsm,718000.0,sb,pr,home,1U,10560.0,CRIF,726,EXP,55-64,not_inst,85.86350975,south,direct,0,36.0
107754,2019,cf,Female,nopre,type2,p4,l1,nopc,b/c,246500,3.49,0.7142,0.0,360.0,not_neg,not_int,not_lpsm,258000.0,sb,pr,home,1U,5400.0,CRIF,833,CIB,45-54,not_inst,95.54263566,central,direct,0,35.0
114055,2019,cf,Sex Not Available,nopre,type1,p4,l1,nopc,nob/c,196500,3.75,0.2821,6717.0,360.0,not_neg,not_int,not_lpsm,278000.0,sb,pr,home,1U,3960.0,CRIF,888,CIB,35-44,to_inst,70.68345324,south,direct,0,45.0
105709,2019,cf,Male,nopre,type2,p3,l1,nopc,b/c,96500,4.25,0.7978,2363.76,360.0,not_neg,not_int,not_lpsm,128000.0,sb,pr,home,1U,1800.0,CIB,793,CIB,35-44,to_inst,75.390625,North,direct,0,43.0
97291,2019,cf,Sex Not Available,nopre,type1,p4,l1,nopc,nob/c,316500,3.875,0.8242,5187.5,240.0,not_neg,not_int,not_lpsm,428000.0,sb,sr,home,1U,15600.0,CIB,550,EXP,45-54,to_inst,73.94859813,south,direct,0,38.0
45166,2019,cf,Male,nopre,type1,p3,l1,nopc,nob/c,326500,4.0,0.4255,4636.88,360.0,not_neg,not_int,not_lpsm,408000.0,sb,pr,home,1U,6660.0,CRIF,787,CIB,25-34,not_inst,80.0245098,North,direct,0,37.0
34381,2019,ncf,Male,nopre,type1,p3,l1,nopc,nob/c,226500,,,,360.0,not_neg,not_int,not_lpsm,278000.0,sb,ir,home,1U,4320.0,EXP,515,CIB,65-74,to_inst,81.47482014,south,direct,1,45.0
138912,2019,cf,Joint,nopre,type1,p3,l1,nopc,nob/c,496500,,,,360.0,not_neg,not_int,not_lpsm,658000.0,sb,pr,home,1U,4380.0,EXP,507,EXP,65-74,to_inst,75.45592705,North,direct,1,61.0
143035,2019,cf,Male,nopre,type1,p3,l1,nopc,nob/c,406500,4.125,0.4567,4302.5,360.0,not_neg,not_int,not_lpsm,1148000.0,sb,pr,home,1U,5640.0,CRIF,553,EXP,65-74,to_inst,35.40940767,North,direct,0,39.0
129162,2019,cf,Male,nopre,type1,p4,l1,nopc,nob/c,476500,3.99,0.2189,75.45,360.0,not_neg,not_int,not_lpsm,538000.0,sb,pr,home,1U,6360.0,CIB,511,CIB,25-34,not_inst,88.56877323,North,direct,0,46.0
92343,2019,cf,Male,nopre,type1,p1,l1,nopc,nob/c,246500,4.875,0.4785,5790.63,360.0,not_neg,not_int,not_lpsm,268000.0,sb,pr,home,1U,2820.0,CRIF,844,CIB,35-44,to_inst,91.97761194,North,direct,0,41.0
163769,2019,cf,Joint,nopre,type1,p4,l1,nopc,nob/c,456500,3.75,0.019,1300.0,360.0,not_neg,not_int,not_lpsm,678000.0,sb,pr,home,1U,9240.0,CIB,735,EXP,45-54,not_inst,67.33038348,North,direct,0,11.0
36574,2019,cf,Sex Not Available,pre,type3,p3,l1,nopc,nob/c,196500,4.25,0.2813,2965.23,360.0,not_neg,not_int,not_lpsm,218000.0,sb,pr,home,1U,4140.0,EXP,664,CIB,55-64,to_inst,90.13761468,south,direct,0,30.0
163252,2019,cf,Joint,nopre,type1,p4,l1,nopc,nob/c,366500,4.125,0.35,311.04,360.0,not_neg,not_int,not_lpsm,528000.0,sb,pr,home,1U,6600.0,CIB,752,EXP,55-64,to_inst,69.41287879,North,direct,0,31.0
169979,2019,cf,Sex Not Available,nopre,type2,p3,l1,nopc,b/c,236500,4.625,1.0352,2477.77,360.0,not_neg,not_int,not_lpsm,528000.0,sb,pr,home,1U,2460.0,CIB,715,EXP,55-64,to_inst,44.79166667,south,direct,0,55.0
65944,2019,cf,Joint,nopre,type1,p3,l1,nopc,nob/c,486500,,,,360.0,not_neg,int_only,not_lpsm,458000.0,sb,pr,home,1U,7140.0,CIB,589,EXP,65-74,to_inst,106.2227074,North,direct,1,40.0
157716,2019,cf,Female,nopre,type1,p4,l2,nopc,nob/c,676500,3.99,-0.1553,5000.0,360.0,not_neg,not_int,not_lpsm,928000.0,sb,pr,home,1U,10680.0,CIB,833,CIB,45-54,not_inst,72.8987069,North,direct,0,36.0
148613,2019,cf,Joint,pre,type2,p3,l1,nopc,b/c,156500,3.5,0.8053,3407.81,360.0,not_neg,not_int,not_lpsm,218000.0,sb,pr,home,1U,1620.0,CRIF,866,EXP,55-64,to_inst,71.78899083,North,direct,0,47.0
136430,2019,ncf,Male,nopre,type1,p4,l1,nopc,nob/c,516500,3.99,0.3047,1250.0,360.0,not_neg,not_int,not_lpsm,838000.0,sb,pr,home,1U,14820.0,CRIF,780,CIB,55-64,to_inst,61.63484487,North,direct,0,31.0
48453,2019,cf,Female,nopre,type1,p4,l1,nopc,nob/c,626500,4.0,0.5742,14895.97,360.0,not_neg,not_int,not_lpsm,718000.0,sb,pr,home,1U,9180.0,EXP,770,CIB,45-54,not_inst,87.25626741,North,direct,0,46.0
87140,2019,cf,Sex Not Available,nopre,type1,p4,l1,nopc,nob/c,356500,4.75,-0.0151,0.0,360.0,not_neg,not_int,not_lpsm,1608000.0,sb,pr,home,1U,6720.0,EXP,559,EXP,65-74,to_inst,22.17039801,south,direct,0,47.0
128491,2019,cf,Male,pre,type1,p1,l1,nopc,nob/c,276500,4.25,0.0419,3857.5,360.0,not_neg,not_int,not_lpsm,288000.0,sb,pr,home,1U,3960.0,CIB,634,CIB,35-44,to_inst,96.00694444,south,direct,0,40.0
117470,2019,cf,Joint,nopre,type3,p1,l1,nopc,nob/c,416500,3.375,0.0483,381.23,360.0,not_neg,not_int,not_lpsm,408000.0,sb,pr,home,1U,8700.0,CIB,831,EXP,45-54,not_inst,102.0833333,south,direct,0,33.0
40462,2019,ncf,Joint,nopre,type3,p3,l1,nopc,nob/c,786500,3.375,-0.1617,0.0,360.0,not_neg,not_int,not_lpsm,998000.0,sb,pr,home,1U,11220.0,EXP,677,EXP,65-74,not_inst,78.80761523,central,direct,0,57.0
145813,2019,cf,Female,pre,type1,p1,l1,nopc,nob/c,286500,3.875,0.1832,2769.0,360.0,not_neg,not_int,not_lpsm,358000.0,sb,pr,home,1U,3300.0,CRIF,705,CIB,45-54,not_inst,80.02793296,North,direct,0,59.0
161350,2019,cf,Sex Not Available,nopre,type1,p3,l1,nopc,nob/c,416500,3.875,0.4579,,360.0,not_neg,not_int,not_lpsm,768000.0,sb,pr,home,1U,4620.0,CRIF,666,CIB,35-44,to_inst,54.23177083,south,direct,0,46.0
135426,2019,cf,Male,nopre,type1,p1,l1,nopc,nob/c,396500,4.0,0.3256,1100.09,360.0,not_neg,not_int,not_lpsm,498000.0,sb,pr,home,1U,7560.0,EXP,590,CIB,55-64,not_inst,79.6184739,North,direct,0,49.0
70637,2019,cf,Male,nopre,type2,p1,l1,nopc,b/c,156500,,,,360.0,not_neg,not_int,not_lpsm,168000.0,sb,pr,home,1U,3600.0,CRIF,610,CIB,45-54,to_inst,93.1547619,North,direct,1,37.0
28839,2019,cf,Male,nopre,type1,p4,l2,nopc,nob/c,266500,4.56,0.5841,6197.74,360.0,not_neg,not_int,not_lpsm,488000.0,sb,ir,home,1U,3540.0,EXP,857,CIB,55-64,to_inst,54.61065574,North,direct,0,37.0
59520,2019,cf,Sex Not Available,nopre,type1,p4,l1,nopc,nob/c,306500,3.99,0.3067,2589.88,360.0,not_neg,not_int,not_lpsm,338000.0,sb,pr,home,1U,8280.0,CRIF,589,EXP,45-54,to_inst,90.68047337,south,direct,0,24.0
38382,2019,cf,Joint,nopre,type1,p4,l1,nopc,nob/c,316500,3.99,-0.1646,0.0,360.0,not_neg,not_int,not_lpsm,608000.0,sb,pr,home,1U,5400.0,EXP,678,EXP,45-54,not_inst,52.05592105,North,direct,0,47.0
114810,2019,cf,Male,nopre,type1,p3,l1,nopc,nob/c,636500,4.0,0.1835,652.5,360.0,not_neg,not_int,not_lpsm,1248000.0,sb,pr,home,1U,6960.0,EXP,763,CIB,55-64,not_inst,51.00160256,North,direct,0,42.0
57831,2019,cf,Sex Not Available,nopre,type1,p4,l1,nopc,nob/c,586500,3.25,0.0816,3436.63,180.0,not_neg,not_int,not_lpsm,1228000.0,sb,pr,home,1U,15120.0,CIB,608,EXP,45-54,to_inst,47.76058632,south,direct,0,36.0
35681,2019,cf,Female,nopre,type1,p4,l1,nopc,nob/c,216500,4.18,0.1442,,360.0,not_neg,not_int,not_lpsm,318000.0,sb,pr,home,1U,3000.0,CRIF,517,CIB,25-34,to_inst,68.08176101,central,direct,0,45.0
74458,2019,cf,Joint,nopre,type3,p3,l1,nopc,nob/c,266500,3.625,0.1717,5280.0,360.0,not_neg,not_int,not_lpsm,268000.0,sb,pr,home,1U,4020.0,CRIF,888,EXP,55-64,to_inst,99.44029851,North,direct,0,24.0
108558,2019,cf,Sex Not Available,nopre,type3,p3,l1,nopc,nob/c,176500,3.99,0.4717,1226.95,360.0,not_neg,not_int,not_lpsm,218000.0,sb,pr,home,1U,3300.0,EXP,530,EXP,55-64,to_inst,80.96330275,south,direct,0,58.0
49934,2019,cf,Sex Not Available,nopre,type1,p3,l1,nopc,nob/c,96500,4.75,1.359,2780.0,360.0,not_neg,not_int,not_lpsm,118000.0,sb,pr,home,1U,1920.0,EXP,511,EXP,55-64,to_inst,81.77966102,south,direct,0,38.0
101768,2019,cf,Joint,nopre,type1,p4,l1,nopc,nob/c,616500,3.625,-0.0944,0.0,360.0,not_neg,not_int,not_lpsm,1318000.0,sb,pr,home,1U,16080.0,CRIF,579,EXP,35-44,not_inst,46.7754173,North,direct,0,20.0
118292,2019,cf,Sex Not Available,nopre,type2,p3,l1,nopc,b/c,296500,,,,360.0,not_neg,not_int,not_lpsm,358000.0,sb,pr,home,1U,7800.0,CIB,888,CIB,55-64,to_inst,82.82122905,south,direct,1,60.0
158632,2019,cf,Female,nopre,type1,p3,l1,nopc,nob/c,346500,,,,360.0,not_neg,not_int,not_lpsm,438000.0,sb,pr,home,1U,4140.0,EXP,651,CIB,35-44,to_inst,79.10958904,south,direct,1,49.0
172170,2019,cf,Female,nopre,type1,p2,l1,nopc,nob/c,86500,,,,360.0,not_neg,not_int,not_lpsm,248000.0,sb,pr,home,1U,1020.0,EXP,640,CIB,55-64,to_inst,34.87903226,North,direct,1,51.0
39044,2019,cf,Sex Not Available,nopre,type1,p4,l1,nopc,nob/c,176500,3.75,0.9105,1923.13,180.0,not_neg,not_int,not_lpsm,488000.0,sb,pr,home,1U,4500.0,CRIF,706,CIB,>74,to_inst,36.16803279,south,direct,0,30.0
135739,2019,cf,Female,pre,type1,p3,l1,nopc,nob/c,156500,4.125,0.9111,4625.0,360.0,not_neg,not_int,not_lpsm,248000.0,sb,pr,home,1U,2160.0,CIB,710,CIB,45-54,to_inst,63.10483871,central,direct,0,41.0
32592,2019,cf,Male,nopre,type2,p3,l1,nopc,b/c,196500,3.5,0.5503,4510.24,360.0,not_neg,not_int,not_lpsm,238000.0,sb,pr,home,1U,3000.0,CIB,793,CIB,45-54,to_inst,82.56302521,North,direct,0,48.0
48215,2019,cf,Joint,nopre,type1,p2,l1,nopc,nob/c,66500,4.75,1.3702,2306.25,360.0,not_neg,not_int,not_lpsm,628000.0,sb,sr,home,1U,9600.0,CIB,706,EXP,55-64,to_inst,10.58917197,North,direct,0,48.0
106257,2019,cf,Sex Not Available,pre,type1,p1,l1,nopc,nob/c,116500,3.375,0.4482,3613.0,180.0,not_neg,not_int,not_lpsm,138000.0,sb,pr,home,1U,10500.0,CIB,529,EXP,<25,to_inst,84.42028986,south,direct,0,37.0
142426,2019,cf,Female,nopre,type1,p3,l1,nopc,nob/c,366500,,,,360.0,not_neg,not_int,not_lpsm,448000.0,sb,pr,home,1U,6300.0,CIB,769,CIB,45-54,to_inst,81.80803571,central,direct,1,46.0
27144,2019,,Male,nopre,type1,p3,l1,nopc,nob/c,486500,4.375,0.3856,6538.73,360.0,not_neg,not_int,not_lpsm,628000.0,sb,pr,home,1U,7440.0,CIB,530,CIB,35-44,not_inst,77.46815287,south,direct,0,48.0
25525,2019,cf,Sex Not Available,pre,type1,p3,l1,nopc,nob/c,226500,3.99,0.6648,5764.2,360.0,not_neg,not_int,not_lpsm,318000.0,sb,pr,home,1U,3900.0,CIB,775,CIB,45-54,to_inst,71.22641509,south,direct,0,31.0
101077,2019,cf,Male,nopre,type1,p3,l1,nopc,nob/c,266500,4.75,0.709,1501.8,360.0,not_neg,not_int,not_lpsm,358000.0,sb,pr,home,1U,3900.0,EXP,567,CIB,35-44,not_inst,74.44134078,North,direct,0,36.0
165300,2019,cf,Male,nopre,type1,p3,l1,nopc,nob/c,356500,4.0,0.8366,2836.9,240.0,not_neg,not_int,not_lpsm,478000.0,sb,pr,home,1U,4680.0,EXP,549,CIB,55-64,not_inst,74.58158996,central,direct,0,48.0
49517,2019,cf,Sex Not Available,nopre,type1,p2,l1,nopc,nob/c,216500,5.75,1.2894,102.72,360.0,not_neg,not_int,not_lpsm,268000.0,sb,pr,home,1U,6480.0,CRIF,624,CIB,65-74,to_inst,80.78358209,south,direct,0,38.0
173343,2019,,Male,nopre,type1,p2,l1,nopc,nob/c,256500,4.25,0.219,1124.83,360.0,not_neg,not_int,not_lpsm,328000.0,sb,pr,home,1U,4020.0,CIB,750,CIB,25-34,not_inst,78.20121951,North,direct,0,30.0
92753,2019,cf,Joint,nopre,type2,p1,l1,nopc,b/c,156500,4.125,1.3929,2577.07,360.0,not_neg,not_int,not_lpsm,158000.0,sb,pr,home,1U,5460.0,CRIF,541,EXP,45-54,not_inst,99.05063291,south,direct,0,30.0
159024,2019,cf,Joint,nopre,type1,p4,l2,nopc,nob/c,626500,4.5,0.052,0.0,360.0,not_neg,not_int,not_lpsm,788000.0,sb,pr,home,1U,8820.0,EXP,851,EXP,>74,not_inst,79.50507614,North,direct,0,35.0
99160,2019,cf,Sex Not Available,nopre,type1,p4,l1,nopc,nob/c,116500,3.75,1.1085,2905.64,180.0,not_neg,not_int,not_lpsm,208000.0,sb,pr,home,1U,3540.0,CIB,659,EXP,>74,to_inst,56.00961538,south,direct,0,44.0
121033,2019,cf,Sex Not Available,nopre,type1,p4,l1,nopc,nob/c,546500,3.99,0.7339,18802.63,360.0,not_neg,not_int,not_lpsm,628000.0,sb,pr,home,1U,7680.0,CRIF,899,EXP,35-44,to_inst,87.02229299,south,direct,0,47.0
171779,2019,cf,Joint,nopre,type1,p3,l1,nopc,nob/c,106500,4.75,0.6915,3092.5,360.0,neg_amm,not_int,not_lpsm,188000.0,sb,pr,home,1U,3660.0,EXP,514,EXP,>74,to_inst,56.64893617,North,direct,0,16.0
118985,2019,cf,Sex Not Available,nopre,type1,p4,l1,nopc,nob/c,336500,3.375,0.0646,10528.5,324.0,not_neg,not_int,not_lpsm,568000.0,sb,sr,home,1U,6960.0,CIB,899,CIB,55-64,to_inst,59.24295775,south,direct,0,41.0
62092,2019,cf,Male,pre,type3,p1,l1,nopc,nob/c,386500,4.125,0.2157,6655.31,360.0,not_neg,not_int,not_lpsm,378000.0,sb,pr,home,1U,5700.0,CRIF,805,CIB,45-54,to_inst,102.2486772,North,direct,0,55.0
92463,2019,ncf,Joint,nopre,type1,p3,l1,nopc,nob/c,1166500,3.5,-0.2065,12900.0,360.0,not_neg,not_int,not_lpsm,2858000.0,sb,pr,home,1U,19080.0,CIB,671,EXP,55-64,to_inst,40.81525542,North,direct,0,35.0
95787,2019,cf,Male,pre,type1,p4,l1,nopc,nob/c,286500,3.875,0.0851,2023.52,360.0,not_neg,not_int,not_lpsm,478000.0,sb,pr,home,1U,6840.0,CIB,877,CIB,65-74,not_inst,59.93723849,North,direct,0,22.0
94453,2019,cf,Joint,nopre,type1,p3,l1,nopc,nob/c,156500,3.625,0.9089,4931.25,180.0,not_neg,not_int,not_lpsm,248000.0,sb,pr,home,1U,4800.0,EXP,887,EXP,55-64,to_inst,63.10483871,North,direct,0,31.0
149802,2019,cf,Female,pre,type1,p3,l1,nopc,nob/c,286500,4.5,1.4511,3598.28,240.0,not_neg,not_int,not_lpsm,458000.0,sb,pr,home,1U,4920.0,EXP,727,CIB,55-64,not_inst,62.55458515,south,direct,0,43.0
43777,2019,cf,Joint,nopre,type1,p1,l2,nopc,nob/c,226500,4.99,0.8766,320.75,360.0,not_neg,not_int,not_lpsm,728000.0,sb,ir,home,1U,1920.0,CRIF,816,EXP,35-44,not_inst,31.11263736,North,direct,0,34.0
113826,2019,cf,Sex Not Available,nopre,type1,p3,l1,nopc,nob/c,276500,4.375,0.7923,7344.69,360.0,not_neg,not_int,not_lpsm,348000.0,sb,pr,home,1U,9720.0,CRIF,671,CIB,55-64,to_inst,79.45402299,south,direct,0,35.0
82428,2019,cf,Male,nopre,type2,p3,l1,nopc,b/c,166500,3.25,0.4666,5136.74,360.0,not_neg,not_int,not_lpsm,198000.0,sb,pr,home,1U,4680.0,CRIF,598,CIB,35-44,to_inst,84.09090909,North,direct,0,43.0
99918,2019,cf,Joint,nopre,type1,p3,l1,nopc,nob/c,456500,3.875,0.1464,0.0,360.0,not_neg,not_int,not_lpsm,758000.0,sb,pr,home,1U,6540.0,EXP,819,EXP,55-64,not_inst,60.22427441,North,direct,0,41.0
50459,2019,cf,Sex Not Available,nopre,type2,p1,l1,nopc,b/c,566500,4.125,0.9586,0.0,360.0,not_neg,not_int,not_lpsm,578000.0,sb,pr,home,1U,6360.0,CRIF,738,EXP,25-34,not_inst,98.01038062,south,direct,0,51.0
32590,2019,cf,Female,nopre,type2,p3,l1,nopc,b/c,156500,,,,360.0,not_neg,not_int,lpsm,178000.0,sb,pr,home,1U,5280.0,EXP,831,CIB,55-64,to_inst,87.92134831,North,direct,1,55.0
90999,2019,cf,Joint,nopre,type1,p3,l1,nopc,nob/c,726500,4.56,0.2865,6462.55,360.0,not_neg,not_int,not_lpsm,1168000.0,sb,pr,home,1U,7740.0,CIB,755,EXP,65-74,not_inst,62.20034247,south,direct,0,44.0
132545,2019,cf,Sex Not Available,nopre,type3,p3,l1,nopc,nob/c,116500,3.5,0.1509,3209.99,360.0,not_neg,not_int,not_lpsm,118000.0,sb,pr,home,1U,2400.0,CIB,680,CIB,45-54,to_inst,98.72881356,south,direct,0,36.0
51744,2019,cf,Joint,nopre,type1,p4,l1,nopc,nob/c,426500,3.875,-0.1512,91.7,360.0,not_neg,not_int,not_lpsm,558000.0,sb,pr,home,1U,8640.0,EXP,682,EXP,35-44,not_inst,76.43369176,North,direct,0,30.0
162617,2019,cf,Joint,nopre,type1,p4,l1,nopc,nob/c,346500,3.25,0.3272,6855.0,240.0,not_neg,not_int,not_lpsm,608000.0,sb,pr,home,1U,9960.0,CRIF,824,EXP,55-64,to_inst,56.99013158,central,direct,0,31.0
73428,2019,cf,Sex Not Available,pre,type1,p4,l1,nopc,nob/c,226500,3.5,-0.0829,,180.0,not_neg,not_int,not_lpsm,408000.0,sb,sr,home,1U,6420.0,EXP,843,CIB,55-64,to_inst,55.51470588,south,direct,0,43.0
126052,2019,cf,Male,pre,type3,p1,l1,nopc,nob/c,246500,3.625,0.2948,3097.7,360.0,not_neg,not_int,not_lpsm,238000.0,sb,pr,home,1U,5820.0,CRIF,760,CIB,45-54,to_inst,103.5714286,North,direct,0,31.0
115775,2019,cf,Male,nopre,type1,p4,l1,nopc,nob/c,396500,,,,180.0,not_neg,int_only,not_lpsm,998000.0,sb,pr,home,1U,7620.0,CRIF,712,CIB,35-44,not_inst,39.72945892,south,direct,1,42.0
45605,2019,cf,Joint,nopre,type1,p4,l1,nopc,nob/c,496500,4.375,-0.123,0.0,360.0,not_neg,not_int,not_lpsm,888000.0,sb,pr,home,1U,9060.0,CIB,779,EXP,>74,not_inst,55.91216216,North,direct,0,30.0
63871,2019,cf,Sex Not Available,nopre,type1,p3,l1,nopc,nob/c,276500,4.75,1.3062,7808.75,360.0,not_neg,not_int,not_lpsm,378000.0,sb,pr,home,1U,4260.0,EXP,587,EXP,55-64,to_inst,73.14814815,south,direct,0,34.0
71419,2019,cf,Male,pre,type1,p4,l1,nopc,nob/c,406500,,,,360.0,not_neg,not_int,not_lpsm,458000.0,sb,pr,home,1U,5820.0,CIB,714,CIB,35-44,to_inst,88.75545852,south,direct,1,55.0
135518,2019,ncf,Male,nopre,type1,p4,l1,nopc,nob/c,856500,4.625,0.5304,0.0,360.0,not_neg,not_int,not_lpsm,1158000.0,sb,pr,home,1U,17100.0,CIB,748,CIB,45-54,not_inst,73.96373057,North,direct,0,36.0
144022,2019,cf,Joint,nopre,type1,p3,l1,nopc,nob/c,336500,3.5,-0.1054,2287.45,360.0,not_neg,not_int,not_lpsm,848000.0,sb,pr,home,1U,4380.0,CRIF,652,EXP,45-54,not_inst,39.68160377,North,direct,0,40.0
99007,2019,cf,Joint,nopre,type2,p1,l1,nopc,b/c,296500,4.625,1.3336,7290.5,360.0,not_neg,not_int,not_lpsm,298000.0,sb,pr,home,1U,8460.0,EXP,590,EXP,25-34,not_inst,99.4966443,North,direct,0,43.0
79700,2019,cf,Male,nopre,type1,p1,l1,nopc,nob/c,356500,3.125,0.0023,0.0,180.0,not_neg,not_int,not_lpsm,858000.0,sb,pr,home,1U,8220.0,CIB,656,CIB,35-44,not_inst,41.55011655,south,direct,0,36.0
147274,2019,cf,Male,nopre,type1,p1,l1,nopc,nob/c,266500,,,,360.0,not_neg,not_int,lpsm,358000.0,sb,pr,home,1U,1800.0,CRIF,797,CIB,45-54,not_inst,74.44134078,North,direct,1,29.0
85757,2019,cf,Sex Not Available,nopre,type1,p3,l1,nopc,nob/c,306500,,,,360.0,neg_amm,not_int,not_lpsm,348000.0,sb,pr,home,1U,4440.0,CIB,525,CIB,35-44,to_inst,88.07471264,south,direct,1,40.0
76269,2019,cf,Joint,nopre,type1,p4,l1,nopc,nob/c,416500,3.5,-0.1432,3322.5,300.0,not_neg,not_int,not_lpsm,568000.0,sb,pr,home,1U,6900.0,CIB,844,EXP,55-64,to_inst,73.32746479,North,direct,0,24.0
94400,2019,cf,Male,pre,type1,p3,l1,nopc,nob/c,486500,5.25,0.9189,2538.2,360.0,not_neg,not_int,not_lpsm,638000.0,sb,pr,home,1U,6780.0,CIB,899,EXP,45-54,not_inst,76.2539185,North,direct,0,42.0
85431,2019,cf,Sex Not Available,nopre,type1,p4,l1,nopc,nob/c,396500,3.375,-0.1429,2242.38,360.0,not_neg,not_int,not_lpsm,458000.0,sb,pr,home,1U,3900.0,CRIF,816,CIB,25-34,to_inst,86.5720524,south,direct,0,41.0
119553,2019,cf,Joint,pre,type1,p1,l1,nopc,nob/c,566500,4.0,0.2853,0.0,360.0,not_neg,not_int,not_lpsm,598000.0,sb,pr,home,1U,13080.0,CIB,502,EXP,35-44,not_inst,94.73244147,North,direct,0,44.0
154467,2019,cf,Joint,nopre,type1,p1,l1,nopc,nob/c,506500,4.5,0.0754,0.0,360.0,not_neg,not_int,not_lpsm,718000.0,sb,sr,home,1U,11700.0,EXP,533,EXP,25-34,not_inst,70.54317549,south,direct,0,39.0
100945,2019,cf,Female,nopre,type1,p3,l1,nopc,nob/c,726500,4.0,0.355,0.0,360.0,neg_amm,not_int,not_lpsm,2528000.0,sb,pr,home,1U,7320.0,CIB,799,CIB,>74,not_inst,28.73813291,North,direct,0,39.0
33074,2019,cf,Sex Not Available,nopre,type1,p4,l1,nopc,nob/c,196500,3.375,0.1914,2682.5,120.0,not_neg,int_only,not_lpsm,428000.0,sb,pr,home,1U,5580.0,CIB,838,CIB,55-64,to_inst,45.91121495,south,direct,0,49.0
37332,2019,cf,Female,nopre,type1,p3,l1,nopc,nob/c,296500,,,,360.0,not_neg,not_int,not_lpsm,1088000.0,sb,pr,home,3U,3660.0,CRIF,501,EXP,55-64,to_inst,27.25183824,south,direct,1,50.0
83007,2019,,Joint,nopre,type1,p3,l1,nopc,nob/c,346500,3.99,0.2831,5600.0,360.0,not_neg,not_int,not_lpsm,598000.0,sb,pr,home,1U,5460.0,CIB,708,EXP,65-74,to_inst,57.94314381,south,direct,0,43.0
78816,2019,cf,Joint,nopre,type1,p3,l2,nopc,nob/c,456500,,,,360.0,not_neg,not_int,not_lpsm,498000.0,sb,pr,home,1U,6360.0,CRIF,900,EXP,45-54,not_inst,91.66666667,North,direct,1,43.0
148857,2019,cf,Female,nopre,type1,p3,l1,nopc,nob/c,366500,,,,360.0,not_neg,not_int,not_lpsm,428000.0,sb,pr,home,1U,6180.0,CIB,542,CIB,45-54,to_inst,85.63084112,North,direct,1,38.0
110074,2019,cf,Sex Not Available,pre,type1,p3,l1,nopc,nob/c,226500,3.75,0.9018,5450.37,180.0,not_neg,not_int,not_lpsm,348000.0,sb,pr,home,1U,6900.0,CIB,767,EXP,45-54,to_inst,65.0862069,south,direct,0,30.0
70924,2019,cf,Male,nopre,type1,p3,l1,nopc,nob/c,336500,3.875,-0.2829,4885.0,360.0,neg_amm,not_int,not_lpsm,568000.0,sb,pr,home,1U,5460.0,CIB,740,CIB,35-44,to_inst,59.24295775,North,direct,0,22.0
29348,2019,cf,Female,nopre,type1,p1,l1,nopc,nob/c,296500,3.625,0.0404,546.94,360.0,not_neg,not_int,not_lpsm,308000.0,sb,pr,home,1U,3120.0,CIB,829,CIB,<25,not_inst,96.26623377,south,direct,0,42.0
163938,2019,cf,Sex Not Available,nopre,type1,p3,l2,nopc,nob/c,406500,4.375,0.5604,8750.0,360.0,not_neg,not_int,not_lpsm,858000.0,sb,pr,home,1U,4920.0,CRIF,694,CIB,55-64,to_inst,47.37762238,south,direct,0,36.0
56043,2019,cf,Male,nopre,type1,p1,l1,nopc,nob/c,206500,,,,360.0,neg_amm,not_int,not_lpsm,228000.0,sb,sr,home,1U,18240.0,CIB,794,EXP,35-44,to_inst,90.57017544,North,direct,1,57.0
51817,2019,cf,Joint,nopre,type1,p3,l1,nopc,nob/c,466500,,,,360.0,not_neg,not_int,not_lpsm,678000.0,sb,pr,home,1U,4500.0,CRIF,539,EXP,55-64,not_inst,68.80530973,south,direct,1,29.0
26173,2019,cf,Female,nopre,type1,p3,l1,nopc,nob/c,276500,3.99,0.1525,3699.0,132.0,not_neg,int_only,not_lpsm,368000.0,sb,pr,home,1U,13560.0,EXP,508,CIB,45-54,not_inst,75.13586957,south,direct,0,37.0
99061,2019,cf,Sex Not Available,nopre,type1,p4,l1,nopc,nob/c,176500,4.25,0.0195,,360.0,neg_amm,not_int,not_lpsm,658000.0,sb,pr,home,1U,4260.0,CIB,808,EXP,65-74,to_inst,26.82370821,south,direct,0,42.0
45517,2019,cf,Male,nopre,type2,p4,l1,nopc,b/c,126500,3.5,0.8739,3978.02,360.0,not_neg,int_only,not_lpsm,148000.0,sb,pr,home,1U,1680.0,EXP,619,CIB,65-74,to_inst,85.47297297,North,direct,0,46.0
71250,2019,cf,Sex Not Available,nopre,type1,p3,l1,nopc,nob/c,216500,3.875,0.6609,7388.25,360.0,not_neg,not_int,not_lpsm,258000.0,sb,pr,home,1U,4680.0,CIB,542,EXP,65-74,to_inst,83.91472868,south,direct,0,29.0
73859,2019,cf,Joint,nopre,type1,p4,l1,nopc,nob/c,86500,4.99,1.2875,2212.5,360.0,neg_amm,not_int,not_lpsm,148000.0,sb,ir,home,1U,6540.0,CIB,730,EXP,45-54,to_inst,58.44594595,south,direct,0,48.0
153028,2019,cf,Sex Not Available,nopre,type2,p3,l1,nopc,b/c,266500,3.99,1.2845,2673.4,360.0,not_neg,not_int,not_lpsm,318000.0,sb,pr,home,1U,6120.0,CIB,676,EXP,35-44,to_inst,83.80503145,south,direct,0,46.0
128569,2019,cf,Female,nopre,type1,p3,l1,nopc,nob/c,116500,5.375,0.9455,,360.0,not_neg,not_int,not_lpsm,208000.0,sb,pr,home,1U,2460.0,CIB,692,CIB,65-74,to_inst,56.00961538,North,direct,0,43.0
113228,2019,cf,Male,nopre,type3,p3,l1,nopc,nob/c,86500,,,,360.0,not_neg,not_int,not_lpsm,88000.0,sb,pr,home,1U,1980.0,CRIF,616,CIB,>74,to_inst,98.29545455,North,direct,1,35.0
41137,2019,cf,Joint,nopre,type1,p4,l1,nopc,nob/c,456500,3.875,0.077,0.0,360.0,neg_amm,not_int,not_lpsm,708000.0,sb,pr,home,1U,6780.0,CRIF,794,EXP,45-54,not_inst,64.47740113,North,direct,0,39.0
100508,2019,cf,Female,nopre,type1,p3,l1,nopc,nob/c,276500,,,,360.0,not_neg,int_only,not_lpsm,468000.0,sb,pr,home,1U,2400.0,CRIF,638,CIB,>74,to_inst,59.08119658,North,direct,1,48.0
64200,2019,cf,Female,nopre,type1,p2,l1,nopc,nob/c,206500,4.99,1.2188,1150.0,180.0,not_neg,not_int,not_lpsm,1448000.0,sb,pr,home,1U,9240.0,CIB,555,CIB,65-74,to_inst,14.26104972,North,direct,0,31.0
76769,2019,cf,Sex Not Available,nopre,type1,p4,l1,nopc,nob/c,346500,3.75,0.1546,5802.34,360.0,not_neg,not_int,not_lpsm,438000.0,sb,pr,home,1U,12360.0,CRIF,521,EXP,35-44,to_inst,79.10958904,south,direct,0,37.0
57648,2019,cf,Joint,nopre,type1,p3,l1,nopc,nob/c,356500,3.5,0.2729,7522.0,180.0,not_neg,not_int,not_lpsm,448000.0,sb,pr,home,1U,10980.0,CIB,711,EXP,45-54,to_inst,79.57589286,south,direct,0,42.0
142302,2019,cf,Joint,nopre,type1,p1,l2,nopc,nob/c,226500,4.99,0.9139,3420.0,360.0,not_neg,not_int,not_lpsm,288000.0,sb,ir,home,1U,5820.0,CIB,829,EXP,65-74,not_inst,78.64583333,North,direct,0,42.0
68466,2019,cf,Female,nopre,type1,p3,l2,nopc,nob/c,316500,4.875,0.8468,5608.75,360.0,not_neg,not_int,not_lpsm,428000.0,sb,pr,home,1U,7680.0,CRIF,644,CIB,55-64,to_inst,73.94859813,North,direct,0,36.0
141049,2019,cf,Sex Not Available,nopre,type1,p3,l1,nopc,nob/c,286500,4.375,0.158,,360.0,not_neg,not_int,not_lpsm,578000.0,sb,pr,home,1U,4260.0,CIB,623,CIB,65-74,to_inst,49.56747405,south,direct,0,34.0
153227,2019,cf,Male,nopre,type3,p3,l1,nopc,nob/c,426500,4.625,0.3788,5775.0,360.0,neg_amm,not_int,not_lpsm,428000.0,sb,pr,home,1U,7920.0,CIB,801,EXP,65-74,to_inst,99.64953271,North,direct,0,30.0
54087,2019,cf,Male,nopre,type3,p1,l1,nopc,nob/c,346500,3.375,-0.1931,320.85,360.0,not_neg,not_int,not_lpsm,578000.0,sb,pr,home,1U,4980.0,EXP,524,CIB,35-44,not_inst,59.94809689,North,direct,0,41.0
69067,2019,cf,Joint,nopre,type1,p4,l1,nopc,nob/c,426500,3.5,-0.0872,41.32,360.0,not_neg,not_int,not_lpsm,568000.0,sb,pr,home,1U,3900.0,CRIF,547,EXP,25-34,not_inst,75.08802817,North,direct,0,47.0
150186,2019,cf,Male,nopre,type1,p1,l1,nopc,nob/c,426500,,,,360.0,not_neg,not_int,not_lpsm,528000.0,sb,pr,home,1U,4500.0,CIB,780,CIB,35-44,not_inst,80.77651515,North,direct,1,57.0
171078,2019,cf,Joint,nopre,type1,p4,l1,nopc,nob/c,456500,4.0,0.212,0.0,360.0,not_neg,not_int,not_lpsm,598000.0,sb,pr,home,1U,9360.0,CIB,854,EXP,65-74,not_inst,76.33779264,North,direct,0,38.0
169434,2019,cf,Sex Not Available,pre,type2,p3,l1,nopc,b/c,86500,3.99,1.3295,1713.86,360.0,not_neg,not_int,not_lpsm,148000.0,sb,pr,home,1U,1620.0,CIB,872,EXP,55-64,to_inst,58.44594595,south,direct,0,60.0
61077,2019,cf,Joint,nopre,type3,p1,l1,nopc,nob/c,306500,3.25,-0.3086,0.0,360.0,not_neg,not_int,not_lpsm,308000.0,sb,pr,home,1U,6120.0,CRIF,790,EXP,35-44,not_inst,99.51298701,North,direct,0,26.0
118337,2019,cf,Male,nopre,type1,p1,l1,nopc,nob/c,116500,5.125,1.1075,2189.06,360.0,not_neg,not_int,not_lpsm,128000.0,sb,pr,home,1U,3600.0,EXP,732,CIB,45-54,to_inst,91.015625,North,direct,0,37.0
28873,2019,cf,Female,nopre,type2,p3,l1,nopc,b/c,166500,4.375,1.592,3405.54,180.0,neg_amm,not_int,not_lpsm,408000.0,sb,pr,home,1U,5100.0,CIB,874,EXP,65-74,to_inst,40.80882353,south,direct,0,55.0
137816,2019,cf,Female,nopre,type1,p4,l1,nopc,nob/c,406500,3.99,0.5301,2035.0,360.0,not_neg,not_int,not_lpsm,428000.0,sb,pr,home,1U,8760.0,EXP,782,CIB,25-34,to_inst,94.97663551,south,direct,0,44.0
62038,2019,cf,Female,pre,type3,p1,l1,nopc,nob/c,186500,3.49,-0.2472,4869.38,360.0,not_neg,not_int,not_lpsm,188000.0,sb,pr,home,1U,3780.0,CIB,697,CIB,35-44,to_inst,99.20212766,North,direct,0,42.0
85015,2019,cf,Sex Not Available,pre,type2,p3,l1,nopc,b/c,246500,4.25,1.4969,3357.2,360.0,not_neg,not_int,not_lpsm,338000.0,sb,pr,home,1U,4080.0,CIB,696,CIB,55-64,to_inst,72.92899408,south,direct,0,50.0
163520,2019,cf,Joint,nopre,type1,p4,l1,nopc,nob/c,656500,4.125,0.4916,2188.01,360.0,not_neg,not_int,not_lpsm,828000.0,sb,pr,home,1U,11280.0,CRIF,567,EXP,35-44,not_inst,79.28743961,south,direct,0,27.0
121729,2019,cf,Female,nopre,type1,p4,l1,nopc,nob/c,456500,4.125,-0.06,6438.91,360.0,not_neg,not_int,not_lpsm,678000.0,sb,pr,home,1U,6720.0,CRIF,684,CIB,55-64,to_inst,67.33038348,south,direct,0,38.0
60625,2019,cf,Female,nopre,type1,p3,l1,nopc,nob/c,376500,3.625,0.0667,355.2,360.0,not_neg,not_int,not_lpsm,528000.0,sb,pr,home,1U,3780.0,EXP,541,CIB,55-64,not_inst,71.30681818,North,direct,0,41.0
53644,2019,cf,Male,nopre,type1,p1,l1,nopc,nob/c,186500,3.5,0.2732,5248.83,360.0,not_neg,not_int,not_lpsm,198000.0,sb,pr,home,1U,2640.0,CIB,684,CIB,65-74,to_inst,94.19191919,North-East,direct,0,45.0
141696,2019,,Sex Not Available,nopre,type1,p3,l1,nopc,nob/c,206500,3.99,0.9222,5428.84,180.0,not_neg,not_int,not_lpsm,248000.0,sb,pr,home,1U,8580.0,CIB,648,CIB,55-64,to_inst,83.26612903,south,direct,0,31.0
27357,2019,cf,Male,nopre,type1,p3,l1,nopc,nob/c,576500,4.375,0.8814,19775.0,360.0,not_neg,not_int,not_lpsm,858000.0,sb,pr,home,1U,10800.0,EXP,609,EXP,65-74,to_inst,67.19114219,North,direct,0,42.0
161595,2019,cf,Male,nopre,type1,p4,l1,nopc,nob/c,216500,3.5,-0.13,,360.0,neg_amm,not_int,not_lpsm,808000.0,sb,pr,home,1U,3720.0,CIB,867,CIB,55-64,to_inst,26.79455446,south,direct,0,30.0
139572,2019,cf,Sex Not Available,nopre,type1,p4,l1,nopc,nob/c,236500,2.875,0.2903,9155.87,180.0,not_neg,not_int,not_lpsm,408000.0,sb,pr,home,1U,4320.0,EXP,824,CIB,35-44,to_inst,57.96568627,south,direct,0,44.0
122835,2019,cf,Sex Not Available,nopre,type1,p4,l1,nopc,nob/c,76500,4.25,1.2011,2743.75,180.0,neg_amm,not_int,not_lpsm,208000.0,sb,pr,home,1U,1380.0,CIB,761,CIB,>74,to_inst,36.77884615,south,direct,0,39.0
37339,2019,cf,Male,nopre,type1,p4,l1,nopc,nob/c,146500,3.75,0.8943,3638.75,240.0,not_neg,not_int,not_lpsm,278000.0,sb,pr,home,1U,3360.0,CIB,865,CIB,55-64,to_inst,52.69784173,North,direct,0,44.0
45379,2019,cf,Female,nopre,type1,p4,l1,nopc,nob/c,456500,4.18,-0.299,0.0,348.0,not_neg,not_int,not_lpsm,698000.0,sb,pr,home,1U,4260.0,EXP,819,CIB,45-54,not_inst,65.40114613,south,direct,0,49.0
119485,2019,cf,Sex Not Available,nopre,type1,p3,l1,nopc,nob/c,266500,4.875,0.3168,2708.27,360.0,not_neg,not_int,not_lpsm,378000.0,sb,pr,home,1U,2940.0,CIB,548,EXP,>74,to_inst,70.5026455,south,direct,0,48.0
125754,2019,cf,Sex Not Available,nopre,type1,p4,l1,nopc,nob/c,206500,3.99,0.515,3339.38,324.0,not_neg,not_int,not_lpsm,298000.0,sb,pr,home,1U,3780.0,CIB,881,CIB,55-64,to_inst,69.29530201,south,direct,0,39.0
49799,2019,,Male,nopre,type1,p1,l1,nopc,nob/c,206500,4.5,0.9548,6894.88,360.0,not_neg,not_int,not_lpsm,278000.0,sb,ir,home,2U,9240.0,CRIF,866,CIB,45-54,not_inst,74.28057554,central,direct,0,43.0
138940,2019,cf,Female,nopre,type1,p4,l1,nopc,nob/c,266500,4.875,0.2933,464.58,360.0,not_neg,not_int,not_lpsm,418000.0,sb,pr,home,1U,18960.0,CIB,649,CIB,25-34,not_inst,63.75598086,North,direct,0,24.0
127878,2019,cf,Female,nopre,type1,p4,l1,nopc,nob/c,546500,3.625,0.3044,5287.44,360.0,not_neg,not_int,not_lpsm,608000.0,sb,pr,home,1U,16500.0,EXP,624,CIB,45-54,to_inst,89.88486842,North,direct,0,25.0
122678,2019,cf,Joint,nopre,type1,p1,l1,nopc,nob/c,426500,4.375,0.3294,415.99,360.0,not_neg,not_int,not_lpsm,478000.0,sb,pr,home,1U,10020.0,CRIF,619,EXP,25-34,not_inst,89.22594142,North,direct,0,30.0
86472,2019,cf,Male,nopre,type1,p4,l1,nopc,nob/c,256500,3.99,0.4573,1875.0,360.0,not_neg,not_int,not_lpsm,318000.0,sb,pr,home,1U,7800.0,CRIF,643,CIB,45-54,to_inst,80.66037736,North,direct,0,43.0
71134,2019,cf,Sex Not Available,nopre,type1,p4,l1,nopc,nob/c,426500,,,,360.0,not_neg,not_int,not_lpsm,558000.0,sb,pr,home,1U,7260.0,CRIF,827,CIB,65-74,to_inst,76.43369176,south,direct,1,47.0
125000,2019,cf,Male,nopre,type1,p4,l1,nopc,nob/c,426500,3.99,0.2621,5490.0,360.0,not_neg,not_int,not_lpsm,578000.0,sb,pr,home,1U,11040.0,CIB,799,CIB,45-54,to_inst,73.78892734,North,direct,0,36.0
52665,2019,cf,Male,nopre,type1,p4,l1,nopc,nob/c,386500,,,,360.0,not_neg,not_int,not_lpsm,608000.0,sb,pr,home,1U,2280.0,CIB,640,CIB,35-44,not_inst,63.56907895,North,direct,1,39.0
111460,2019,cf,Joint,nopre,type1,p3,l1,nopc,nob/c,386500,4.875,0.548,5027.5,360.0,not_neg,not_int,not_lpsm,518000.0,sb,pr,home,1U,6240.0,CRIF,666,EXP,45-54,to_inst,74.61389961,North,direct,0,46.0
138214,2019,cf,Sex Not Available,nopre,type1,p4,l1,nopc,nob/c,376500,3.99,0.4172,2970.0,360.0,not_neg,not_int,not_lpsm,458000.0,sb,pr,home,1U,8640.0,CIB,874,EXP,35-44,to_inst,82.20524017,south,direct,0,37.0
148416,2019,cf,Female,nopre,type1,p4,l1,nopc,nob/c,516500,4.125,0.5262,124.46,360.0,not_neg,not_int,not_lpsm,708000.0,sb,pr,home,1U,10860.0,CIB,846,CIB,35-44,not_inst,72.9519774,North,direct,0,25.0
52278,2019,cf,Male,nopre,type1,p3,l2,nopc,nob/c,376500,4.5,0.4231,6475.0,360.0,not_neg,not_int,not_lpsm,528000.0,sb,pr,home,1U,8040.0,EXP,813,CIB,45-54,to_inst,71.30681818,south,direct,0,34.0
41903,2019,cf,Sex Not Available,nopre,type1,p4,l1,nopc,nob/c,186500,4.5,0.1187,3402.98,360.0,neg_amm,not_int,not_lpsm,238000.0,sb,pr,home,1U,3360.0,EXP,679,CIB,35-44,to_inst,78.36134454,south,direct,0,49.0
71364,2019,cf,Joint,nopre,type1,p1,l1,nopc,nob/c,516500,4.875,0.8563,0.0,360.0,not_neg,not_int,not_lpsm,548000.0,sb,pr,home,1U,7920.0,EXP,522,EXP,45-54,not_inst,94.25182482,south,direct,0,43.0
54701,2019,cf,Sex Not Available,nopre,type1,p3,l1,nopc,nob/c,166500,4.625,1.182,5793.0,360.0,not_neg,not_int,not_lpsm,238000.0,sb,pr,home,1U,3180.0,CRIF,644,CIB,35-44,to_inst,69.95798319,south,direct,0,38.0
103906,2019,cf,Sex Not Available,nopre,type1,p3,l1,nopc,nob/c,206500,4.625,0.9882,1362.12,360.0,not_neg,not_int,not_lpsm,278000.0,sb,pr,home,1U,3240.0,CRIF,829,CIB,55-64,to_inst,74.28057554,south,direct,0,44.0
64737,2019,cf,Male,nopre,type1,p1,l1,nopc,nob/c,146500,4.75,1.1748,3950.0,360.0,not_neg,not_int,not_lpsm,188000.0,sb,pr,home,1U,3360.0,CRIF,828,CIB,45-54,to_inst,77.92553191,North,direct,0,37.0
96082,2019,cf,Female,pre,type1,p1,l1,nopc,nob/c,326500,3.99,0.4253,3140.32,360.0,not_neg,not_int,not_lpsm,338000.0,sb,pr,home,1U,5400.0,EXP,738,CIB,35-44,to_inst,96.59763314,North,direct,0,41.0
151165,2019,cf,Sex Not Available,nopre,type1,p4,l1,nopc,nob/c,196500,3.99,0.341,750.76,324.0,not_neg,not_int,not_lpsm,368000.0,sb,pr,home,1U,10260.0,CRIF,679,EXP,35-44,to_inst,53.39673913,south,direct,0,21.0
171634,2019,cf,Female,nopre,type1,p1,l1,nopc,nob/c,116500,4.5,0.8824,2986.25,360.0,not_neg,not_int,not_lpsm,138000.0,sb,pr,home,1U,5340.0,CRIF,814,CIB,25-34,to_inst,84.42028986,central,direct,0,38.0
119467,2019,cf,Sex Not Available,nopre,type1,p3,l1,nopc,nob/c,476500,4.99,0.9455,1740.63,360.0,not_neg,not_int,not_lpsm,698000.0,sb,pr,home,1U,8760.0,EXP,724,CIB,45-54,to_inst,68.26647564,south,direct,0,34.0
98241,2019,ncf,Joint,nopre,type1,p4,l1,nopc,nob/c,896500,,,,360.0,neg_amm,not_int,not_lpsm,1178000.0,sb,pr,home,1U,11280.0,CIB,711,EXP,65-74,to_inst,76.10356537,North,direct,1,42.0
134925,2019,cf,Female,pre,type1,p4,l1,nopc,nob/c,146500,,,,360.0,not_neg,not_int,not_lpsm,198000.0,sb,pr,home,1U,4620.0,CRIF,514,CIB,35-44,to_inst,73.98989899,south,direct,1,20.0
105759,2019,cf,Male,nopre,type1,p2,l1,nopc,nob/c,106500,5.125,1.3326,2775.0,360.0,not_neg,not_int,not_lpsm,278000.0,sb,ir,home,1U,3240.0,CIB,574,CIB,55-64,to_inst,38.30935252,North,direct,0,44.0
135296,2019,cf,Sex Not Available,nopre,type1,p3,l1,nopc,nob/c,456500,4.56,0.0736,4558.75,360.0,neg_amm,not_int,not_lpsm,588000.0,sb,pr,home,1U,4680.0,EXP,759,CIB,>74,to_inst,77.63605442,south,direct,0,43.0
25435,2019,ncf,Sex Not Available,nopre,type3,p3,l1,nopc,nob/c,566500,4.5,0.3124,710.51,360.0,neg_amm,not_int,not_lpsm,608000.0,sb,pr,home,1U,16260.0,CIB,561,CIB,55-64,to_inst,93.17434211,south,direct,0,22.0
101147,2019,cf,Male,pre,type1,p3,l1,nopc,nob/c,186500,3.5,-0.0894,6366.77,360.0,not_neg,not_int,not_lpsm,358000.0,sb,pr,home,1U,5520.0,EXP,689,CIB,55-64,to_inst,52.09497207,North,direct,0,20.0
42408,2019,cf,Female,nopre,type1,p3,l1,nopc,nob/c,386500,4.25,0.7599,12377.34,360.0,neg_amm,not_int,not_lpsm,478000.0,sb,pr,home,1U,9300.0,CIB,861,CIB,45-54,to_inst,80.85774059,south,direct,0,44.0
140679,2019,cf,Sex Not Available,nopre,type1,p4,l1,nopc,nob/c,296500,3.875,0.4288,4206.85,300.0,not_neg,not_int,not_lpsm,508000.0,sb,pr,home,1U,5220.0,CRIF,789,CIB,45-54,to_inst,58.36614173,south,direct,0,37.0
105901,2019,cf,Male,nopre,type1,p3,l1,nopc,nob/c,306500,4.75,0.5313,6868.75,360.0,neg_amm,not_int,not_lpsm,368000.0,sb,pr,home,1U,4860.0,EXP,880,CIB,25-34,to_inst,83.28804348,south,direct,0,43.0
55847,2019,cf,Joint,nopre,type2,p1,l1,nopc,b/c,276500,4.75,1.4147,0.0,360.0,not_neg,not_int,not_lpsm,288000.0,sb,pr,home,1U,4800.0,CIB,744,EXP,25-34,not_inst,96.00694444,south,direct,0,57.0
47706,2019,cf,Joint,pre,type1,p1,l1,nopc,nob/c,176500,4.18,0.1433,4456.25,360.0,not_neg,not_int,not_lpsm,198000.0,sb,pr,home,1U,2700.0,CIB,533,EXP,25-34,to_inst,89.14141414,central,direct,0,38.0
61034,2019,cf,Sex Not Available,nopre,type1,p3,l1,nopc,nob/c,396500,3.5,-0.0557,,360.0,not_neg,not_int,not_lpsm,498000.0,sb,pr,home,1U,5880.0,CRIF,771,CIB,45-54,to_inst,79.6184739,south,direct,0,41.0
92772,2019,cf,Female,nopre,type1,p3,l1,nopc,nob/c,206500,3.99,0.4937,6750.0,360.0,not_neg,not_int,not_lpsm,628000.0,sb,ir,home,1U,2760.0,CRIF,547,CIB,65-74,to_inst,32.88216561,south,direct,0,36.0
158939,2019,cf,Male,nopre,type1,p3,l1,nopc,nob/c,256500,4.375,0.5017,5837.5,360.0,not_neg,not_int,not_lpsm,408000.0,sb,pr,home,1U,8160.0,EXP,732,CIB,35-44,to_inst,62.86764706,central,direct,0,31.0
57440,2019,cf,Female,nopre,type1,p4,l1,nopc,nob/c,156500,3.5,0.2179,5024.0,360.0,not_neg,int_only,not_lpsm,198000.0,sb,pr,home,1U,1980.0,EXP,661,CIB,45-54,to_inst,79.04040404,North,direct,0,56.0
94412,2019,cf,Male,nopre,type1,p4,l1,nopc,nob/c,676500,4.375,0.361,1800.0,360.0,not_neg,not_int,not_lpsm,868000.0,sb,pr,home,1U,9360.0,CRIF,525,CIB,35-44,not_inst,77.93778802,south,direct,0,39.0
151476,2019,cf,Sex Not Available,pre,type1,p4,l1,nopc,nob/c,366500,,,,360.0,not_neg,not_int,not_lpsm,398000.0,sb,pr,home,1U,5040.0,CIB,537,EXP,25-34,to_inst,92.08542714,south,direct,1,48.0
61095,2019,cf,Joint,nopre,type3,p3,l1,nopc,nob/c,166500,3.5,0.68,4137.5,240.0,not_neg,int_only,not_lpsm,248000.0,sb,pr,home,1U,4560.0,EXP,666,EXP,65-74,to_inst,67.13709677,North,direct,0,36.0
62785,2019,cf,Sex Not Available,nopre,type1,p1,l2,nopc,nob/c,466500,4.75,0.447,2140.0,360.0,not_neg,not_int,not_lpsm,618000.0,sb,pr,home,1U,5820.0,CIB,835,CIB,45-54,not_inst,75.48543689,south,direct,0,42.0
98141,2019,cf,Male,nopre,type2,p3,l2,nopc,b/c,306500,,,,300.0,neg_amm,not_int,not_lpsm,388000.0,sb,pr,home,1U,3600.0,CRIF,716,CIB,35-44,to_inst,78.99484536,North-East,direct,1,57.0
97234,2019,ncf,Sex Not Available,pre,type1,p1,l1,nopc,nob/c,466500,4.99,1.4135,5788.5,360.0,not_neg,not_int,not_lpsm,528000.0,sb,pr,home,1U,12420.0,EXP,820,EXP,25-34,to_inst,88.35227273,south,direct,0,28.0
127743,2019,cf,Sex Not Available,nopre,type1,p4,l1,nopc,nob/c,326500,3.625,-0.163,0.0,360.0,not_neg,not_int,not_lpsm,418000.0,sb,pr,home,1U,7320.0,CIB,869,EXP,25-34,to_inst,78.11004785,south,direct,0,20.0
139613,2019,cf,Male,pre,type1,p3,l1,nopc,nob/c,606500,4.625,0.5671,17061.44,360.0,not_neg,not_int,not_lpsm,808000.0,sb,pr,home,1U,7140.0,CRIF,718,EXP,>74,to_inst,75.06188119,North,direct,0,45.0
65477,2019,cf,Sex Not Available,nopre,type2,p3,l1,nopc,b/c,236500,3.5,0.6749,6690.47,360.0,not_neg,not_int,not_lpsm,348000.0,sb,pr,home,1U,3000.0,CRIF,547,CIB,65-74,to_inst,67.95977011,south,direct,0,39.0
45751,2019,cf,Female,nopre,type2,p1,l2,nopc,b/c,206500,4.625,1.1732,0.0,360.0,not_neg,not_int,not_lpsm,208000.0,sb,pr,home,1U,2400.0,EXP,755,CIB,55-64,not_inst,99.27884615,North,direct,0,55.0
143589,2019,,Female,nopre,type1,p3,l1,nopc,nob/c,316500,4.75,1.0748,5760.66,360.0,not_neg,not_int,not_lpsm,478000.0,sb,pr,home,1U,5460.0,EXP,607,CIB,65-74,to_inst,66.21338912,central,direct,0,30.0
99627,2019,cf,Male,nopre,type1,p4,l1,nopc,nob/c,396500,,,,360.0,not_neg,not_int,lpsm,418000.0,sb,pr,home,1U,7500.0,EXP,592,CIB,25-34,not_inst,94.85645933,North,direct,1,42.0
117929,2019,cf,Joint,nopre,type1,p3,l1,nopc,nob/c,296500,3.99,0.3307,4240.0,360.0,not_neg,not_int,not_lpsm,518000.0,sb,pr,home,1U,3720.0,CIB,578,EXP,45-54,to_inst,57.23938224,North,direct,0,43.0
68728,2019,cf,Male,pre,type1,p1,l1,nopc,nob/c,326500,4.25,1.1568,8752.38,360.0,neg_amm,not_int,not_lpsm,338000.0,sb,pr,home,1U,13560.0,CIB,684,CIB,<25,to_inst,96.59763314,North-East,direct,0,19.0
38623,2019,cf,Male,nopre,type1,p4,l1,nopc,nob/c,726500,3.625,0.1369,0.0,360.0,not_neg,not_int,not_lpsm,848000.0,sb,pr,home,1U,8760.0,EXP,845,CIB,25-34,not_inst,85.67216981,south,direct,0,46.0
51250,2019,cf,Male,nopre,type2,p1,l2,nopc,b/c,216500,3.875,1.0094,2902.69,360.0,not_neg,not_int,not_lpsm,218000.0,sb,pr,home,1U,5040.0,CIB,774,CIB,45-54,to_inst,99.31192661,North,direct,0,40.0
144917,2019,cf,Sex Not Available,nopre,type1,p1,l1,nopc,nob/c,156500,3.99,0.4923,3500.0,360.0,not_neg,int_only,not_lpsm,278000.0,sb,pr,home,1U,2280.0,CIB,700,EXP,>74,to_inst,56.29496403,south,direct,0,48.0
152547,2019,cf,Male,nopre,type1,p1,l1,nopc,nob/c,216500,,,,360.0,not_neg,not_int,lpsm,268000.0,sb,pr,home,1U,7560.0,CRIF,668,CIB,35-44,to_inst,80.78358209,North,direct,1,54.0
144243,2019,cf,Joint,nopre,type2,p1,l1,nopc,b/c,136500,3.875,1.0685,2162.79,360.0,not_neg,not_int,not_lpsm,138000.0,sb,pr,home,1U,6060.0,EXP,709,EXP,45-54,to_inst,98.91304348,central,direct,0,44.0
64444,2019,cf,Joint,pre,type1,p3,l1,nopc,nob/c,446500,4.0,0.175,1623.8,360.0,not_neg,not_int,not_lpsm,568000.0,sb,pr,home,1U,8460.0,CIB,608,EXP,55-64,not_inst,78.60915493,central,direct,0,36.0
140559,2019,cf,Male,nopre,type1,p3,l2,nopc,nob/c,456500,3.99,0.1972,12009.8,360.0,not_neg,not_int,not_lpsm,658000.0,sb,pr,home,1U,18300.0,CIB,649,CIB,45-54,to_inst,69.3768997,North,direct,0,22.0
32102,2019,cf,Joint,nopre,type1,p1,l1,nopc,nob/c,546500,4.375,0.1206,1004.65,360.0,not_neg,not_int,not_lpsm,608000.0,sb,pr,home,1U,9240.0,EXP,864,EXP,35-44,not_inst,89.88486842,south,direct,0,36.0
149824,2019,cf,Female,nopre,type1,p1,l1,nopc,nob/c,236500,4.5,1.051,895.0,360.0,not_neg,not_int,lpsm,268000.0,sb,sr,home,1U,3300.0,EXP,808,CIB,35-44,not_inst,88.24626866,central,direct,0,44.0
166604,2019,cf,Male,nopre,type2,p3,l1,nopc,b/c,326500,4.99,1.3396,1169.5,360.0,neg_amm,not_int,not_lpsm,378000.0,sb,pr,home,1U,5280.0,CIB,551,CIB,45-54,to_inst,86.37566138,North,direct,0,61.0
144871,2019,cf,Male,nopre,type3,p3,l1,nopc,nob/c,116500,4.25,0.727,2807.5,180.0,not_neg,not_int,not_lpsm,138000.0,sb,pr,home,1U,3780.0,CIB,528,CIB,55-64,to_inst,84.42028986,central,direct,0,54.0
41132,2019,cf,Joint,pre,type1,p4,l1,nopc,nob/c,216500,4.5,1.1193,4237.04,324.0,not_neg,not_int,not_lpsm,278000.0,sb,pr,home,1U,8580.0,CRIF,701,EXP,35-44,to_inst,77.87769784,south,direct,0,40.0
168256,2019,cf,Sex Not Available,pre,type2,p3,l1,nopc,b/c,176500,3.99,1.3356,2437.86,300.0,not_neg,not_int,not_lpsm,208000.0,sb,pr,home,1U,4140.0,CIB,769,CIB,45-54,to_inst,84.85576923,south,direct,0,26.0
50914,2019,,Male,nopre,type2,p1,l1,nopc,b/c,606500,4.125,1.134,4465.0,360.0,not_neg,not_int,not_lpsm,628000.0,sb,pr,home,1U,7320.0,CIB,807,CIB,25-34,not_inst,96.57643312,south,direct,0,57.0
72510,2019,cf,Joint,nopre,type1,p4,l2,nopc,nob/c,606500,4.25,0.187,950.0,360.0,not_neg,not_int,not_lpsm,838000.0,sb,pr,home,1U,7260.0,CIB,871,EXP,35-44,not_inst,72.37470167,south,direct,0,44.0
90889,2019,cf,Female,nopre,type1,p4,l1,nopc,nob/c,206500,3.99,0.4497,4000.0,360.0,not_neg,not_int,not_lpsm,268000.0,sb,pr,home,1U,3060.0,EXP,744,CIB,65-74,to_inst,77.05223881,North,direct,0,33.0
170992,2019,cf,Male,nopre,type1,p1,l1,nopc,nob/c,296500,3.75,0.3837,7275.0,360.0,not_neg,not_int,not_lpsm,308000.0,sb,pr,home,1U,3660.0,CIB,559,CIB,35-44,to_inst,96.26623377,central,direct,0,44.0
26642,2019,,Male,nopre,type1,p1,l1,nopc,nob/c,436500,4.0,-0.0639,309.58,360.0,not_neg,not_int,not_lpsm,548000.0,sb,pr,home,1U,8160.0,CIB,575,CIB,35-44,not_inst,79.65328467,south,direct,0,45.0
67437,2019,cf,Female,nopre,type2,p1,l2,nopc,b/c,316500,4.625,1.2213,0.0,360.0,not_neg,not_int,not_lpsm,328000.0,sb,pr,home,1U,6120.0,CIB,899,CIB,45-54,to_inst,96.49390244,central,direct,0,57.0
144447,2019,cf,Male,nopre,type2,p1,l1,nopc,b/c,166500,3.49,0.681,3470.75,360.0,not_neg,not_int,not_lpsm,168000.0,sb,pr,home,1U,3060.0,EXP,670,CIB,25-34,to_inst,99.10714286,North,direct,0,52.0
28562,2019,cf,Joint,nopre,type1,p1,l1,nopc,nob/c,506500,2.925,-0.3379,667.8,360.0,not_neg,not_int,not_lpsm,638000.0,sb,pr,home,1U,6000.0,CIB,624,EXP,65-74,to_inst,79.38871473,North,direct,0,38.0
91587,2019,cf,Male,nopre,type1,p1,l1,nopc,nob/c,486500,4.375,0.0496,4780.0,360.0,not_neg,not_int,not_lpsm,838000.0,sb,pr,home,1U,8160.0,CIB,809,CIB,45-54,to_inst,58.0548926,North,direct,0,45.0
87367,2019,cf,Joint,nopre,type1,p3,l1,nopc,nob/c,416500,3.625,-0.0406,2283.36,360.0,not_neg,not_int,not_lpsm,3428000.0,sb,pr,home,1U,17580.0,CRIF,862,EXP,65-74,not_inst,12.14994166,North,direct,0,33.0
147580,2019,cf,Sex Not Available,nopre,type2,p3,l1,nopc,b/c,136500,3.49,0.7737,3887.82,360.0,not_neg,not_int,not_lpsm,248000.0,sb,pr,home,1U,1620.0,CRIF,523,CIB,55-64,to_inst,55.04032258,south,direct,0,46.0
157087,2019,cf,Sex Not Available,nopre,type1,p3,l1,nopc,nob/c,376500,3.99,0.3732,9922.5,360.0,not_neg,not_int,not_lpsm,478000.0,sb,pr,home,1U,3900.0,CIB,561,EXP,65-74,to_inst,78.76569038,south,direct,0,45.0
29706,2019,cf,Sex Not Available,pre,type2,p3,l1,nopc,b/c,136500,,,,180.0,not_neg,not_int,not_lpsm,228000.0,sb,pr,home,1U,2160.0,CRIF,855,CIB,35-44,to_inst,59.86842105,south,direct,1,59.0
68063,2019,cf,Male,nopre,type1,p4,l1,nopc,nob/c,426500,2.85,-0.5296,0.0,360.0,not_neg,not_int,not_lpsm,6908000.0,sb,pr,home,1U,26100.0,EXP,570,EXP,65-74,to_inst,6.174001158,south,direct,0,6.0
141928,2019,cf,Joint,nopre,type3,p4,l1,nopc,nob/c,106500,4.25,0.6225,1885.91,180.0,not_neg,not_int,not_lpsm,238000.0,sb,pr,home,1U,3240.0,CRIF,889,EXP,65-74,to_inst,44.74789916,North,direct,0,37.0
157550,2019,ncf,Joint,nopre,type1,p3,l1,nopc,nob/c,256500,4.375,0.4148,6362.5,360.0,not_neg,not_int,not_lpsm,378000.0,sb,pr,home,1U,9960.0,CRIF,834,EXP,35-44,to_inst,67.85714286,south,direct,0,21.0
99885,2019,cf,Sex Not Available,nopre,type1,p1,l1,nopc,nob/c,446500,3.625,0.1035,321.25,360.0,not_neg,not_int,not_lpsm,488000.0,sb,pr,home,1U,5700.0,CIB,734,EXP,25-34,not_inst,91.49590164,south,direct,0,39.0
171611,2019,cf,Female,nopre,type1,p3,l1,nopc,nob/c,656500,5.25,0.7739,6092.5,360.0,not_neg,not_int,not_lpsm,958000.0,sb,pr,home,1U,8580.0,EXP,826,CIB,55-64,to_inst,68.52818372,North,direct,0,46.0
153142,2019,cf,Female,nopre,type2,p3,l1,nopc,b/c,136500,4.99,1.3069,1134.46,360.0,neg_amm,not_int,not_lpsm,178000.0,sb,pr,home,1U,2460.0,CIB,732,CIB,35-44,to_inst,76.68539326,North,direct,0,44.0
106029,2019,cf,Joint,nopre,type1,p4,l1,nopc,nob/c,526500,3.875,-0.2062,2341.5,360.0,not_neg,not_int,not_lpsm,708000.0,sb,pr,home,1U,12660.0,CIB,829,EXP,35-44,not_inst,74.36440678,North,direct,0,27.0
64233,2019,cf,Sex Not Available,nopre,type2,p4,l1,nopc,b/c,66500,,,,180.0,not_neg,not_int,not_lpsm,188000.0,sb,pr,home,1U,2460.0,EXP,891,CIB,45-54,to_inst,35.37234043,south,direct,1,28.0
64217,2019,cf,Male,nopre,type1,p1,l2,nopc,nob/c,526500,4.25,0.153,647.2,360.0,not_neg,not_int,not_lpsm,658000.0,sb,pr,home,1U,13080.0,EXP,850,CIB,55-64,not_inst,80.01519757,North,direct,0,25.0
114524,2019,,Joint,pre,type1,p1,l1,nopc,nob/c,296500,3.99,0.568,7102.0,360.0,not_neg,not_int,not_lpsm,308000.0,sb,pr,home,1U,6120.0,CRIF,592,EXP,55-64,to_inst,96.26623377,North,direct,0,36.0
111956,2019,cf,Male,nopre,type1,p3,l1,nopc,nob/c,286500,4.875,1.0985,6826.0,360.0,not_neg,not_int,not_lpsm,388000.0,sb,pr,home,1U,8700.0,CRIF,895,CIB,35-44,to_inst,73.84020619,North,direct,0,18.0
48478,2019,cf,Male,nopre,type1,p4,l1,nopc,nob/c,276500,4.56,0.38,3965.35,360.0,neg_amm,not_int,not_lpsm,5308000.0,sb,pr,home,1U,15540.0,CRIF,718,CIB,>74,to_inst,5.209118312,North,direct,0,47.0
55642,2019,cf,Sex Not Available,nopre,type1,p4,l1,nopc,nob/c,716500,,,,360.0,not_neg,not_int,not_lpsm,1058000.0,sb,sr,home,1U,10080.0,EXP,655,CIB,35-44,not_inst,67.7221172,south,direct,1,37.0
102441,2019,cf,Sex Not Available,nopre,type1,p1,l1,nopc,nob/c,66500,5.25,1.4138,1701.69,360.0,not_neg,not_int,not_lpsm,68000.0,sb,pr,home,1U,2640.0,EXP,756,CIB,55-64,to_inst,97.79411765,south,direct,0,29.0
96243,2019,cf,Joint,nopre,type1,p1,l1,nopc,nob/c,366500,3.75,0.3117,4400.44,360.0,not_neg,not_int,not_lpsm,378000.0,sb,pr,home,1U,9240.0,CIB,513,EXP,35-44,to_inst,96.95767196,North,direct,0,21.0
169316,2019,cf,Female,nopre,type1,p1,l1,nopc,nob/c,446500,3.99,0.2684,0.0,360.0,not_neg,not_int,not_lpsm,468000.0,sb,pr,home,1U,11460.0,EXP,799,CIB,25-34,not_inst,95.40598291,North,direct,0,23.0
141206,2019,cf,Joint,nopre,type1,p3,l1,nopc,nob/c,436500,4.75,0.3411,11088.96,360.0,not_neg,not_int,not_lpsm,618000.0,sb,pr,home,1U,7320.0,CIB,704,EXP,25-34,to_inst,70.63106796,North,direct,0,38.0
74287,2019,cf,Male,nopre,type1,p4,l1,nopc,nob/c,286500,3.75,0.0999,6658.0,360.0,not_neg,not_int,not_lpsm,388000.0,sb,pr,home,1U,4260.0,EXP,549,CIB,35-44,to_inst,73.84020619,North,direct,0,49.0
66450,2019,cf,Male,pre,type2,p3,l1,nopc,b/c,96500,,,,360.0,not_neg,not_int,not_lpsm,108000.0,sb,pr,home,1U,8220.0,CRIF,675,CIB,25-34,to_inst,89.35185185,North,direct,1,18.0
128473,2019,cf,Male,nopre,type1,p3,l1,nopc,nob/c,456500,4.25,0.0082,11991.88,360.0,not_neg,not_int,not_lpsm,818000.0,sb,pr,home,1U,5400.0,CIB,592,CIB,55-64,to_inst,55.80684597,North,direct,0,39.0
148327,2019,cf,Male,nopre,type1,p4,l1,nopc,nob/c,286500,,,,360.0,neg_amm,not_int,not_lpsm,558000.0,sb,pr,home,1U,6480.0,CRIF,846,CIB,65-74,to_inst,51.34408602,central,direct,1,20.0
169883,2019,cf,Sex Not Available,nopre,type1,p4,l1,nopc,nob/c,556500,3.375,0.5158,19445.0,240.0,not_neg,not_int,not_lpsm,998000.0,sb,pr,home,1U,8640.0,EXP,710,EXP,25-34,to_inst,55.76152305,south,direct,0,37.0
38142,2019,cf,Male,nopre,type1,p3,l1,nopc,nob/c,156500,4.875,0.6506,3587.5,360.0,neg_amm,not_int,not_lpsm,218000.0,sb,pr,home,1U,1920.0,EXP,820,CIB,>74,to_inst,71.78899083,North,direct,0,38.0
81602,2019,ncf,Male,nopre,type3,p3,l1,nopc,nob/c,156500,,,,360.0,not_neg,not_int,not_lpsm,228000.0,sb,pr,home,1U,1380.0,CIB,542,CIB,65-74,to_inst,68.64035088,North,direct,1,57.0
84293,2019,cf,Female,nopre,type1,p4,l1,nopc,nob/c,376500,3.75,0.0985,2237.91,360.0,not_neg,not_int,not_lpsm,518000.0,sb,pr,home,1U,7800.0,CIB,662,CIB,35-44,to_inst,72.68339768,North,direct,0,44.0
156598,2019,cf,Sex Not Available,nopre,type1,p3,l1,nopc,nob/c,106500,3.75,0.2238,1650.0,360.0,not_neg,int_only,not_lpsm,268000.0,sb,pr,home,1U,2880.0,CRIF,671,CIB,65-74,to_inst,39.73880597,south,direct,0,37.0
104032,2019,cf,Female,nopre,type1,p3,l1,nopc,nob/c,326500,3.75,0.0939,677.25,360.0,not_neg,not_int,not_lpsm,668000.0,sb,pr,home,1U,4560.0,CRIF,732,CIB,>74,not_inst,48.87724551,south,direct,0,42.0
73593,2019,cf,Joint,nopre,type1,p4,l1,nopc,nob/c,66500,4.375,1.1862,2297.19,180.0,not_neg,not_int,not_lpsm,128000.0,sb,pr,home,1U,5700.0,CIB,680,EXP,55-64,to_inst,51.953125,North,direct,0,31.0
56473,2019,cf,Female,nopre,type1,p4,l1,nopc,nob/c,296500,3.625,0.0533,1819.7,360.0,neg_amm,int_only,not_lpsm,408000.0,sb,pr,home,1U,6720.0,CRIF,847,CIB,35-44,not_inst,72.67156863,North,direct,0,21.0
125892,2019,ncf,Female,nopre,type1,p4,l1,nopc,nob/c,626500,4.25,0.4807,665.73,360.0,not_neg,not_int,not_lpsm,1048000.0,sb,pr,home,1U,8460.0,EXP,558,CIB,35-44,not_inst,59.78053435,North,direct,0,35.0
41246,2019,cf,Joint,nopre,type1,p3,l1,nopc,nob/c,356500,3.99,0.2465,285.6,360.0,not_neg,not_int,not_lpsm,518000.0,sb,pr,home,1U,12420.0,CIB,859,EXP,55-64,to_inst,68.82239382,North,direct,0,36.0
106031,2019,cf,Joint,pre,type1,p3,l1,nopc,nob/c,266500,3.625,0.6451,4225.0,180.0,not_neg,not_int,not_lpsm,508000.0,sb,pr,home,1U,9360.0,CRIF,686,EXP,55-64,to_inst,52.46062992,North,direct,0,44.0
153622,2019,cf,Joint,nopre,type1,p3,l1,nopc,nob/c,106500,4.5,1.0846,3885.0,360.0,not_neg,not_int,lpsm,158000.0,sb,pr,home,1U,3360.0,CIB,755,EXP,35-44,to_inst,67.40506329,North,direct,0,37.0
165597,2019,cf,Joint,nopre,type1,p3,l1,nopc,nob/c,386500,,,,360.0,not_neg,not_int,not_lpsm,458000.0,sb,pr,home,1U,7260.0,CRIF,547,EXP,35-44,to_inst,84.38864629,North,direct,1,37.0
98961,2019,cf,Male,nopre,type1,p4,l1,nopc,nob/c,316500,4.25,-0.1162,2700.75,300.0,not_neg,not_int,not_lpsm,418000.0,sb,pr,home,1U,5460.0,EXP,800,CIB,25-34,to_inst,75.71770335,North,direct,0,24.0
29872,2019,cf,Male,nopre,type1,p1,l1,nopc,nob/c,246500,3.875,0.1932,904.89,360.0,not_neg,not_int,not_lpsm,308000.0,sb,pr,home,1U,3540.0,EXP,837,CIB,55-64,not_inst,80.03246753,North,direct,0,31.0
111572,2019,cf,Male,nopre,type1,p1,l1,nopc,nob/c,606500,3.99,0.367,1300.0,360.0,not_neg,not_int,not_lpsm,758000.0,sb,pr,home,1U,5160.0,CRIF,668,CIB,35-44,not_inst,80.01319261,North,direct,0,47.0
114540,2019,cf,Sex Not Available,nopre,type1,p4,l1,nopc,nob/c,226500,3.75,0.3363,4056.25,324.0,not_neg,not_int,not_lpsm,428000.0,sb,pr,home,1U,4860.0,CRIF,837,CIB,55-64,to_inst,52.92056075,south,direct,0,32.0
79386,2019,cf,Female,pre,type1,p3,l1,nopc,nob/c,256500,4.375,0.7298,3501.0,360.0,not_neg,not_int,not_lpsm,308000.0,sb,pr,home,1U,3000.0,CRIF,875,CIB,45-54,to_inst,83.27922078,North,direct,0,43.0
161012,2019,cf,Sex Not Available,nopre,type2,p3,l1,nopc,b/c,226500,3.99,1.2357,4791.98,360.0,not_neg,not_int,not_lpsm,338000.0,sb,pr,home,1U,5280.0,CRIF,636,EXP,55-64,to_inst,67.01183432,south,direct,0,46.0
82398,2019,cf,Joint,nopre,type2,p3,l1,nopc,b/c,376500,3.75,0.0306,3830.53,360.0,neg_amm,not_int,not_lpsm,438000.0,sb,pr,home,1U,9120.0,CRIF,637,EXP,55-64,to_inst,85.95890411,North,direct,0,50.0
87880,2019,cf,Joint,nopre,type1,p3,l1,nopc,nob/c,286500,4.375,-0.1009,0.0,360.0,neg_amm,not_int,not_lpsm,488000.0,sb,pr,home,1U,5640.0,CIB,705,EXP,35-44,not_inst,58.70901639,south,direct,0,28.0
149133,2019,cf,Joint,nopre,type2,p3,l1,nopc,b/c,476500,,,,360.0,not_neg,not_int,lpsm,498000.0,sb,pr,home,1U,7980.0,CIB,815,EXP,35-44,to_inst,95.68273092,south,direct,1,51.0
167585,2019,cf,Joint,nopre,type2,p1,l1,nopc,b/c,326500,2.99,0.1461,979.29,360.0,not_neg,not_int,not_lpsm,348000.0,sb,pr,home,1U,6660.0,EXP,534,EXP,25-34,not_inst,93.82183908,North,direct,0,23.0
133243,2019,cf,Joint,nopre,type1,p3,l1,nopc,nob/c,586500,3.625,-0.0238,6813.9,360.0,not_neg,not_int,not_lpsm,978000.0,sb,pr,home,1U,13620.0,CIB,796,EXP,55-64,not_inst,59.96932515,North,direct,0,33.0
138746,2019,,Joint,nopre,type1,p4,l1,nopc,nob/c,486500,4.99,0.852,0.0,360.0,not_neg,not_int,not_lpsm,608000.0,sb,pr,home,1U,8280.0,EXP,743,EXP,55-64,not_inst,80.01644737,central,direct,0,32.0
69772,2019,cf,Male,nopre,type2,p4,l1,nopc,b/c,316500,,,,360.0,not_neg,not_int,not_lpsm,408000.0,sb,pr,home,1U,4560.0,CIB,543,CIB,65-74,not_inst,77.57352941,central,direct,1,19.0
42846,2019,cf,Male,nopre,type1,p1,l1,nopc,nob/c,216500,,,,360.0,not_neg,int_only,not_lpsm,218000.0,sb,pr,home,1U,15480.0,CRIF,899,EXP,25-34,to_inst,99.31192661,North,direct,1,37.0
33581,2019,cf,Joint,nopre,type1,p4,l1,nopc,nob/c,266500,3.625,0.2351,8315.19,360.0,neg_amm,not_int,not_lpsm,308000.0,sb,pr,home,1U,4140.0,CIB,745,EXP,55-64,to_inst,86.52597403,North,direct,0,47.0
113457,2019,cf,Sex Not Available,nopre,type1,p3,l1,nopc,nob/c,236500,5.125,0.852,1150.0,360.0,not_neg,not_int,not_lpsm,358000.0,sb,pr,home,1U,4140.0,EXP,644,CIB,55-64,to_inst,66.06145251,south,direct,0,36.0
124575,2019,cf,Female,nopre,type1,p3,l1,nopc,nob/c,106500,3.5,0.7714,2965.0,180.0,not_neg,not_int,not_lpsm,188000.0,sb,pr,home,1U,3780.0,CRIF,651,CIB,55-64,to_inst,56.64893617,North,direct,0,42.0
145342,2019,cf,Joint,nopre,type1,p3,l1,nopc,nob/c,296500,3.99,1.1993,10368.75,240.0,not_neg,not_int,not_lpsm,398000.0,sb,pr,home,1U,8160.0,EXP,784,EXP,45-54,to_inst,74.49748744,North,direct,0,43.0
131653,2019,cf,Female,nopre,type1,p3,l1,nopc,nob/c,386500,,,,360.0,not_neg,not_int,not_lpsm,498000.0,sb,ir,home,1U,12360.0,CRIF,881,CIB,45-54,to_inst,77.61044177,south,direct,1,46.0
145078,2019,cf,Joint,nopre,type1,p1,l1,nopc,nob/c,356500,3.75,0.6306,3550.2,360.0,not_neg,not_int,not_lpsm,368000.0,sb,pr,home,1U,7500.0,CRIF,770,EXP,25-34,not_inst,96.875,North,direct,0,36.0
145308,2019,cf,Male,nopre,type1,p2,l1,nopc,nob/c,156500,5.125,1.4924,2212.5,360.0,not_neg,not_int,not_lpsm,508000.0,sb,pr,home,1U,5520.0,CRIF,788,CIB,65-74,to_inst,30.80708661,North,direct,0,37.0
103294,2019,cf,Male,nopre,type1,p3,l1,nopc,nob/c,366500,4.25,-0.0766,4966.25,300.0,not_neg,not_int,not_lpsm,508000.0,sb,pr,home,1U,9360.0,CIB,897,CIB,55-64,to_inst,72.14566929,North,direct,0,28.0
83726,2019,cf,Male,nopre,type1,p3,l1,nopc,nob/c,136500,3.99,0.9271,4237.0,180.0,not_neg,not_int,not_lpsm,178000.0,sb,pr,home,1U,10380.0,CIB,709,CIB,65-74,to_inst,76.68539326,North,direct,0,38.0
81032,2019,ncf,Female,pre,type1,p4,l1,nopc,nob/c,366500,,,,360.0,not_neg,not_int,not_lpsm,578000.0,sb,ir,home,1U,4440.0,CRIF,723,CIB,45-54,not_inst,63.4083045,North,direct,1,43.0
67973,2019,cf,Female,nopre,type1,p3,l1,nopc,nob/c,246500,3.99,0.6837,8118.5,360.0,not_neg,not_int,not_lpsm,328000.0,sb,pr,home,1U,6240.0,CRIF,533,CIB,45-54,to_inst,75.15243902,south,direct,0,8.0
152167,2019,cf,Female,nopre,type1,p1,l1,nopc,nob/c,356500,3.625,0.0052,0.0,360.0,not_neg,not_int,not_lpsm,598000.0,sb,pr,home,1U,12120.0,EXP,632,CIB,35-44,not_inst,59.61538462,North,direct,0,27.0
152168,2019,cf,Sex Not Available,pre,type3,p3,l1,nopc,nob/c,386500,3.875,1.1123,0.0,180.0,not_neg,not_int,not_lpsm,418000.0,sb,pr,home,1U,17400.0,EXP,751,EXP,55-64,to_inst,92.46411483,south,direct,0,39.0
128471,2019,,Sex Not Available,nopre,type1,p3,l1,nopc,nob/c,266500,4.75,0.8607,5901.5,360.0,not_neg,not_int,not_lpsm,408000.0,sb,pr,home,1U,6300.0,CIB,529,EXP,35-44,to_inst,65.31862745,south,direct,0,41.0
28515,2019,cf,Joint,nopre,type1,p4,l1,nopc,nob/c,436500,3.375,0.2202,4398.0,240.0,not_neg,not_int,not_lpsm,608000.0,sb,pr,home,1U,12240.0,CRIF,651,EXP,35-44,not_inst,71.79276316,North,direct,0,26.0
122680,2019,cf,Sex Not Available,nopre,type1,p3,l1,nopc,nob/c,166500,4.25,0.6919,3799.08,360.0,not_neg,not_int,not_lpsm,278000.0,sb,sr,home,1U,6240.0,CRIF,827,EXP,35-44,to_inst,59.89208633,south,direct,0,38.0
104282,2019,cf,Female,pre,type1,p4,l1,nopc,nob/c,266500,3.625,0.7978,8615.88,216.0,not_neg,not_int,not_lpsm,398000.0,sb,pr,home,1U,6720.0,EXP,691,EXP,35-44,to_inst,66.95979899,North-East,direct,0,28.0
122092,2019,cf,Joint,nopre,type1,p4,l1,nopc,nob/c,476500,3.625,0.407,0.0,240.0,not_neg,not_int,not_lpsm,568000.0,sb,pr,home,1U,13500.0,CRIF,872,EXP,35-44,not_inst,83.89084507,North,direct,0,25.0
106465,2019,cf,Female,nopre,type2,p3,l1,nopc,b/c,186500,4.25,0.9004,3240.74,360.0,not_neg,not_int,not_lpsm,228000.0,sb,pr,home,1U,4200.0,CRIF,749,CIB,45-54,to_inst,81.79824561,North,direct,0,45.0
46880,2019,ncf,Male,nopre,type1,p3,l1,nopc,nob/c,1006500,3.875,0.2523,14029.0,360.0,not_neg,not_int,not_lpsm,1458000.0,sb,pr,home,1U,14820.0,CIB,626,CIB,55-64,not_inst,69.03292181,central,direct,0,38.0
78869,2019,cf,Joint,nopre,type1,p1,l1,nopc,nob/c,276500,3.625,0.1928,893.41,360.0,not_neg,int_only,not_lpsm,288000.0,sb,pr,home,1U,4140.0,EXP,781,EXP,35-44,not_inst,96.00694444,North,direct,0,51.0
36899,2019,cf,Joint,nopre,type1,p3,l1,nopc,nob/c,706500,4.125,0.2709,0.0,360.0,not_neg,int_only,not_lpsm,1508000.0,sb,pr,home,1U,10860.0,CRIF,545,EXP,55-64,not_inst,46.85013263,south,direct,0,39.0
54165,2019,cf,Female,nopre,type1,p3,l1,nopc,nob/c,226500,5.375,0.7695,0.0,360.0,not_neg,not_int,not_lpsm,308000.0,sb,ir,home,1U,6240.0,CIB,837,CIB,45-54,not_inst,73.53896104,south,direct,0,38.0
169457,2019,cf,Female,nopre,type1,p4,l1,nopc,nob/c,106500,3.99,0.6021,3150.63,180.0,not_neg,not_int,not_lpsm,278000.0,sb,pr,home,1U,4860.0,CRIF,822,CIB,55-64,to_inst,38.30935252,North,direct,0,40.0
161634,2019,cf,Joint,nopre,type1,p1,l1,nopc,nob/c,396500,3.56,-0.0426,3385.33,360.0,not_neg,not_int,not_lpsm,438000.0,sb,pr,home,1U,6600.0,EXP,665,EXP,25-34,not_inst,90.52511416,central,direct,0,30.0
139350,2019,cf,Male,nopre,type1,p3,l1,nopc,nob/c,246500,3.75,0.5889,7290.8,180.0,not_neg,not_int,not_lpsm,348000.0,sb,pr,home,1U,5100.0,EXP,634,EXP,45-54,to_inst,70.83333333,North,direct,0,30.0
32260,2019,cf,Joint,nopre,type1,p3,l1,nopc,nob/c,486500,5.5,1.1653,0.0,360.0,not_neg,int_only,not_lpsm,658000.0,sb,pr,home,1U,7440.0,CIB,515,EXP,55-64,not_inst,73.93617021,North,direct,0,42.0
142046,2019,cf,Female,nopre,type1,p4,l1,nopc,nob/c,506500,3.875,0.1377,0.0,360.0,not_neg,not_int,not_lpsm,608000.0,sb,pr,home,1U,7740.0,CIB,559,CIB,35-44,not_inst,83.30592105,North,direct,0,41.0
118030,2019,cf,Sex Not Available,nopre,type1,p3,l2,opc,nob/c,76500,6.24,1.582,,360.0,not_neg,int_only,not_lpsm,628000.0,sb,pr,home,1U,7080.0,CRIF,587,CIB,55-64,to_inst,12.18152866,south,direct,0,31.0
90516,2019,cf,Joint,nopre,type1,p4,l1,nopc,nob/c,406500,3.5,0.3545,224.35,240.0,not_neg,not_int,not_lpsm,898000.0,sb,pr,home,1U,19500.0,CIB,555,EXP,35-44,not_inst,45.26726058,south,direct,0,9.0
56771,2019,cf,Joint,nopre,type2,p3,l1,nopc,b/c,326500,3.625,0.5046,0.0,360.0,not_neg,not_int,not_lpsm,388000.0,sb,pr,home,1U,6180.0,EXP,807,EXP,45-54,not_inst,84.14948454,North,direct,0,47.0
50006,2019,cf,Joint,nopre,type1,p4,l1,nopc,nob/c,466500,,,,360.0,not_neg,not_int,not_lpsm,618000.0,sb,ir,home,3U,11160.0,CIB,899,EXP,35-44,not_inst,75.48543689,central,direct,1,40.0
171745,2019,cf,Joint,nopre,type1,p1,l1,nopc,nob/c,186500,,,,360.0,not_neg,not_int,not_lpsm,208000.0,sb,pr,home,1U,4740.0,CIB,730,EXP,65-74,to_inst,89.66346154,south,direct,1,47.0
40815,2019,cf,Female,nopre,type1,p4,l1,nopc,nob/c,406500,4.375,0.1825,0.0,360.0,not_neg,not_int,not_lpsm,568000.0,sb,pr,home,1U,4320.0,EXP,810,CIB,55-64,not_inst,71.56690141,North,direct,0,46.0
170170,2019,cf,Sex Not Available,nopre,type1,p2,l1,nopc,nob/c,156500,4.75,0.1831,631.62,360.0,not_neg,not_int,not_lpsm,298000.0,sb,sr,home,1U,6120.0,CRIF,509,EXP,65-74,not_inst,52.51677852,North,direct,0,40.0
136509,2019,cf,Sex Not Available,nopre,type1,p4,l1,nopc,nob/c,206500,3.99,0.5143,4424.01,324.0,not_neg,not_int,not_lpsm,258000.0,sb,pr,home,1U,3780.0,CRIF,675,CIB,45-54,to_inst,80.03875969,south,direct,0,32.0
122353,2019,cf,Female,nopre,type1,p1,l1,nopc,nob/c,456500,4.18,-0.1558,57.44,360.0,not_neg,not_int,not_lpsm,578000.0,sb,pr,home,1U,6420.0,EXP,732,CIB,65-74,not_inst,78.97923875,North,direct,0,37.0
104208,2019,cf,Female,pre,type1,p4,l1,nopc,nob/c,206500,3.625,-0.0825,1307.29,360.0,not_neg,not_int,not_lpsm,288000.0,sb,pr,home,1U,2040.0,CIB,846,CIB,25-34,not_inst,71.70138889,North,direct,0,45.0
41484,2019,ncf,Sex Not Available,pre,type1,p4,l1,nopc,nob/c,1036500,4.25,0.6074,0.0,360.0,not_neg,not_int,not_lpsm,1298000.0,sb,pr,home,1U,17520.0,EXP,723,CIB,35-44,to_inst,79.85362096,south,direct,0,36.0
86837,2019,cf,Sex Not Available,nopre,type1,p4,l1,nopc,nob/c,276500,3.625,0.306,8061.0,324.0,not_neg,not_int,not_lpsm,468000.0,sb,pr,home,1U,5040.0,CIB,766,EXP,65-74,to_inst,59.08119658,south,direct,0,43.0
134058,2019,cf,Sex Not Available,nopre,type1,p4,l1,nopc,nob/c,476500,3.625,-0.1589,239.65,360.0,not_neg,not_int,not_lpsm,998000.0,sb,pr,home,1U,4500.0,CIB,624,CIB,45-54,not_inst,47.74549098,south,direct,0,49.0
30577,2019,cf,Sex Not Available,nopre,type1,p1,l1,nopc,nob/c,346500,3.625,-0.1742,795.0,360.0,not_neg,not_int,not_lpsm,438000.0,sb,pr,home,1U,8220.0,CRIF,584,EXP,25-34,to_inst,79.10958904,south,direct,0,18.0
156285,2019,cf,Male,nopre,type2,p3,l1,nopc,b/c,206500,3.5,1.4395,4312.67,180.0,not_neg,not_int,not_lpsm,308000.0,sb,pr,home,1U,3300.0,EXP,635,CIB,45-54,to_inst,67.04545455,central,direct,0,50.0
51528,2019,ncf,Joint,nopre,type1,p1,l1,nopc,nob/c,776500,4.375,0.5702,1222.3,360.0,not_neg,not_int,not_lpsm,1198000.0,sb,pr,home,1U,9180.0,CIB,599,EXP,35-44,not_inst,64.8163606,North,direct,0,41.0
26340,2019,cf,Male,nopre,type1,p3,l1,nopc,nob/c,256500,4.5,0.359,2121.34,360.0,not_neg,not_int,not_lpsm,338000.0,sb,pr,home,1U,4080.0,EXP,653,CIB,35-44,to_inst,75.88757396,North,direct,0,36.0
139702,2019,cf,Sex Not Available,nopre,type1,p3,l1,nopc,nob/c,396500,3.25,-0.2389,11975.0,360.0,not_neg,not_int,not_lpsm,678000.0,sb,pr,home,1U,8040.0,EXP,872,CIB,45-54,to_inst,58.48082596,south,direct,0,37.0
150062,2019,cf,Joint,nopre,type1,p3,l1,nopc,nob/c,456500,3.99,0.9159,689.6,240.0,not_neg,not_int,not_lpsm,648000.0,sb,pr,home,1U,12600.0,CIB,530,EXP,35-44,not_inst,70.44753086,North,direct,0,37.0
113591,2019,cf,Sex Not Available,nopre,type1,p4,l1,nopc,nob/c,396500,3.75,0.2253,8702.81,324.0,not_neg,not_int,not_lpsm,528000.0,sb,pr,home,1U,9660.0,CIB,772,CIB,25-34,to_inst,75.09469697,south,direct,0,31.0
45046,2019,cf,Joint,nopre,type1,p4,l1,nopc,nob/c,446500,,,,360.0,not_neg,not_int,not_lpsm,478000.0,sb,pr,home,1U,6840.0,EXP,577,EXP,35-44,not_inst,93.41004184,south,direct,1,48.0
28790,2019,cf,Sex Not Available,nopre,type1,p4,l1,nopc,nob/c,276500,3.25,0.3475,3967.65,180.0,not_neg,not_int,not_lpsm,338000.0,sb,pr,home,1U,6480.0,EXP,738,EXP,55-64,to_inst,81.80473373,south,direct,0,49.0
75336,2019,cf,Sex Not Available,nopre,type3,p1,l1,nopc,nob/c,276500,3.875,0.3561,3421.81,360.0,not_neg,not_int,not_lpsm,268000.0,sb,pr,home,1U,9840.0,EXP,885,EXP,45-54,to_inst,103.1716418,south,direct,0,53.0
79057,2019,ncf,Male,pre,type1,p3,l1,nopc,nob/c,286500,,,,360.0,not_neg,not_int,not_lpsm,378000.0,sb,ir,home,1U,4860.0,CRIF,831,EXP,65-74,to_inst,75.79365079,North,direct,1,54.0
53025,2019,cf,Female,nopre,type1,p3,l1,nopc,nob/c,146500,3.99,0.482,4184.76,360.0,not_neg,not_int,not_lpsm,188000.0,sb,pr,home,1U,1620.0,EXP,730,CIB,65-74,to_inst,77.92553191,North,direct,0,44.0
167851,2019,cf,Joint,nopre,type1,p4,l1,nopc,nob/c,686500,3.75,0.1734,1431.0,360.0,not_neg,not_int,not_lpsm,858000.0,sb,pr,home,1U,9840.0,CRIF,817,EXP,35-44,not_inst,80.01165501,North,direct,0,44.0
124825,2019,cf,Joint,nopre,type1,p4,l1,nopc,nob/c,286500,3.625,0.3291,9065.5,324.0,not_neg,not_int,not_lpsm,458000.0,sb,pr,home,1U,5220.0,CIB,815,EXP,45-54,to_inst,62.55458515,North,direct,0,30.0
62481,2019,cf,Sex Not Available,nopre,type1,p1,l1,nopc,nob/c,366500,4.875,1.1153,7097.5,360.0,not_neg,not_int,not_lpsm,418000.0,sb,pr,home,1U,10620.0,CIB,562,EXP,55-64,to_inst,87.67942584,south,direct,0,48.0
88024,2019,cf,Joint,nopre,type1,p1,l1,nopc,nob/c,726500,3.99,0.5764,2095.79,360.0,not_neg,not_int,not_lpsm,818000.0,sb,pr,home,1U,9900.0,EXP,650,EXP,45-54,not_inst,88.81418093,central,direct,0,41.0
72227,2019,cf,Sex Not Available,nopre,type1,p3,l1,nopc,nob/c,336500,3.625,0.1839,5349.95,360.0,not_neg,not_int,not_lpsm,458000.0,sb,pr,home,1U,4920.0,CIB,570,CIB,45-54,not_inst,73.47161572,south,direct,0,37.0
164374,2019,cf,Joint,pre,type1,p4,l1,nopc,nob/c,446500,4.125,0.817,0.0,240.0,not_neg,not_int,not_lpsm,988000.0,sb,pr,home,1U,7020.0,CIB,790,EXP,65-74,not_inst,45.19230769,North,direct,0,42.0
90171,2019,cf,Joint,nopre,type1,p1,l1,nopc,nob/c,256500,3.625,0.0364,5656.0,360.0,not_neg,not_int,not_lpsm,328000.0,sb,pr,home,1U,2520.0,CRIF,656,EXP,55-64,not_inst,78.20121951,south,direct,0,47.0
149281,2019,,Male,nopre,type3,p3,l1,nopc,nob/c,266500,3.625,0.1209,4637.5,360.0,not_neg,not_int,not_lpsm,268000.0,sb,pr,home,1U,4920.0,CIB,635,CIB,45-54,to_inst,99.44029851,central,direct,0,57.0
139403,2019,cf,Male,nopre,type1,p1,l1,nopc,nob/c,256500,,,,360.0,neg_amm,not_int,not_lpsm,258000.0,sb,pr,home,1U,3420.0,CRIF,700,CIB,25-34,to_inst,99.41860465,central,direct,1,49.0
112529,2019,cf,Sex Not Available,nopre,type1,p3,l2,nopc,nob/c,306500,3.625,0.0421,5680.0,180.0,not_neg,not_int,not_lpsm,388000.0,sb,pr,home,1U,5580.0,CIB,631,CIB,35-44,to_inst,78.99484536,south,direct,0,45.0
71658,2019,cf,Male,nopre,type1,p3,l1,nopc,nob/c,406500,3.75,0.0838,0.0,360.0,not_neg,not_int,not_lpsm,1268000.0,sb,pr,home,1U,20700.0,EXP,559,CIB,55-64,not_inst,32.05835962,North,direct,0,8.0
107661,2019,cf,Sex Not Available,nopre,type2,p3,l1,nopc,b/c,396500,4.125,1.0852,11311.38,360.0,not_neg,not_int,not_lpsm,548000.0,sb,pr,home,1U,6600.0,CIB,717,EXP,55-64,to_inst,72.3540146,south,direct,0,33.0
171001,2019,cf,Sex Not Available,nopre,type1,p4,l1,nopc,nob/c,876500,4.5,0.1702,0.0,360.0,not_neg,not_int,not_lpsm,1228000.0,sb,pr,home,2U,10200.0,CIB,786,CIB,35-44,not_inst,71.3762215,south,direct,0,47.0
29561,2019,cf,Female,pre,type1,p3,l1,nopc,nob/c,176500,,,,360.0,not_neg,not_int,not_lpsm,198000.0,sb,pr,home,1U,2580.0,CRIF,780,CIB,>74,to_inst,89.14141414,North,direct,1,39.0
141602,2019,cf,Male,nopre,type1,p4,l1,nopc,nob/c,516500,3.875,0.3092,41.1,360.0,not_neg,not_int,not_lpsm,808000.0,sb,pr,home,1U,6240.0,CIB,626,CIB,35-44,not_inst,63.92326733,North,direct,0,49.0
166426,2019,cf,Female,nopre,type1,p4,l1,nopc,nob/c,626500,3.75,0.055,1630.0,360.0,not_neg,not_int,not_lpsm,838000.0,sb,pr,home,1U,7800.0,CRIF,577,CIB,25-34,not_inst,74.76133652,south,direct,0,38.0
135925,2019,cf,Joint,nopre,type1,p3,l2,opc,nob/c,76500,6.24,1.202,,360.0,not_neg,int_only,not_lpsm,488000.0,sb,pr,home,1U,8640.0,EXP,580,EXP,55-64,to_inst,15.67622951,central,direct,0,25.0
36664,2019,cf,Male,nopre,type1,p3,l1,nopc,nob/c,296500,3.99,0.6397,7512.38,360.0,not_neg,not_int,not_lpsm,408000.0,sb,pr,home,1U,5040.0,EXP,813,CIB,35-44,to_inst,72.67156863,North,direct,0,25.0
130148,2019,cf,Male,nopre,type2,p3,l1,nopc,b/c,116500,4.99,1.4102,2346.28,360.0,not_neg,not_int,not_lpsm,138000.0,sb,pr,home,1U,1980.0,CRIF,659,CIB,45-54,to_inst,84.42028986,south,direct,0,37.0
72088,2019,cf,Male,nopre,type1,p3,l1,nopc,nob/c,426500,3.99,0.3479,7581.5,360.0,not_neg,not_int,not_lpsm,598000.0,sb,pr,home,1U,6240.0,CRIF,733,CIB,45-54,to_inst,71.32107023,North,direct,0,43.0
66022,2019,cf,Joint,nopre,type1,p3,l1,nopc,nob/c,256500,3.875,0.4923,5725.94,360.0,not_neg,not_int,not_lpsm,478000.0,sb,pr,home,1U,3600.0,CIB,827,EXP,>74,to_inst,53.66108787,North,direct,0,48.0
108492,2019,cf,Sex Not Available,pre,type1,p1,l1,nopc,nob/c,126500,4.75,1.2357,3927.5,360.0,not_neg,not_int,not_lpsm,178000.0,sb,ir,home,1U,2160.0,CRIF,579,CIB,65-74,to_inst,71.06741573,south,direct,0,28.0
113506,2019,cf,Sex Not Available,pre,type1,p4,l1,nopc,nob/c,316500,3.5,0.4803,4420.0,180.0,not_neg,not_int,not_lpsm,388000.0,sb,pr,home,1U,7800.0,CIB,807,EXP,45-54,to_inst,81.57216495,south,direct,0,32.0
129007,2019,cf,Male,nopre,type1,p4,l1,nopc,nob/c,256500,4.56,0.6616,3401.38,360.0,not_neg,not_int,not_lpsm,298000.0,sb,pr,home,1U,4560.0,CRIF,691,CIB,35-44,to_inst,86.0738255,North,direct,0,21.0
52208,2019,cf,Joint,nopre,type1,p4,l1,nopc,nob/c,336500,3.625,0.0316,1142.62,360.0,neg_amm,int_only,not_lpsm,428000.0,sb,pr,home,1U,8280.0,EXP,778,EXP,25-34,not_inst,78.62149533,North,direct,0,11.0
154085,2019,cf,Sex Not Available,pre,type1,p1,l1,nopc,nob/c,466500,3.875,-0.072,5870.0,360.0,not_neg,not_int,not_lpsm,778000.0,sb,pr,home,1U,8940.0,CIB,847,EXP,35-44,to_inst,59.96143959,south,direct,0,42.0
157329,2019,ncf,Sex Not Available,nopre,type1,p3,l1,nopc,nob/c,266500,4.25,0.2465,2570.0,360.0,not_neg,not_int,not_lpsm,338000.0,sb,pr,home,1U,7200.0,EXP,875,CIB,45-54,to_inst,78.84615385,south,direct,0,37.0
99631,2019,cf,Sex Not Available,nopre,type1,p3,l1,nopc,nob/c,146500,4.56,0.3596,3713.02,360.0,neg_amm,not_int,not_lpsm,368000.0,sb,pr,home,1U,6540.0,EXP,622,EXP,25-34,to_inst,39.80978261,south,direct,0,23.0
101444,2019,,Sex Not Available,nopre,type1,p3,l1,nopc,nob/c,266500,4.99,1.5011,6923.75,360.0,not_neg,not_int,not_lpsm,368000.0,sb,pr,home,1U,5100.0,EXP,692,CIB,45-54,to_inst,72.41847826,south,direct,0,21.0
147868,2019,cf,Joint,nopre,type1,p3,l2,nopc,nob/c,286500,4.25,0.1545,9042.5,360.0,not_neg,not_int,not_lpsm,438000.0,sb,pr,home,1U,3180.0,CIB,505,EXP,>74,to_inst,65.4109589,south,direct,0,45.0
139763,2019,cf,Sex Not Available,nopre,type1,p3,l1,nopc,nob/c,76500,5.25,1.3178,2000.0,360.0,not_neg,not_int,not_lpsm,598000.0,sb,pr,home,1U,1380.0,CIB,705,CIB,65-74,to_inst,12.79264214,south,direct,0,41.0
97432,2019,cf,Male,pre,type1,p1,l1,nopc,nob/c,396500,4.375,0.1589,4624.63,360.0,neg_amm,not_int,not_lpsm,418000.0,sb,pr,home,1U,4800.0,CIB,838,CIB,25-34,to_inst,94.85645933,North,direct,0,46.0
26331,2019,cf,Joint,nopre,type1,p4,l1,nopc,nob/c,626500,3.75,0.076,3128.0,360.0,not_neg,not_int,not_lpsm,1488000.0,sb,pr,home,1U,20580.0,CRIF,700,EXP,55-64,to_inst,42.10349462,North,direct,0,29.0
93191,2019,cf,Male,pre,type1,p3,l1,nopc,nob/c,286500,4.625,0.3798,4320.0,360.0,not_neg,not_int,not_lpsm,368000.0,sb,pr,home,1U,4200.0,EXP,874,CIB,35-44,not_inst,77.85326087,North,direct,0,44.0
64343,2019,cf,Joint,pre,type1,p4,l1,nopc,nob/c,256500,4.125,0.4288,1884.33,360.0,not_neg,not_int,not_lpsm,348000.0,sb,pr,home,1U,3000.0,CRIF,814,EXP,65-74,to_inst,73.70689655,North,direct,0,39.0
130964,2019,cf,Joint,nopre,type1,p4,l1,nopc,nob/c,196500,4.125,0.2741,,300.0,not_neg,not_int,not_lpsm,238000.0,sb,pr,home,1U,5880.0,CIB,630,EXP,35-44,to_inst,82.56302521,North,direct,0,30.0
92377,2019,cf,Sex Not Available,nopre,type1,p3,l1,nopc,nob/c,386500,4.5,0.1156,0.0,360.0,not_neg,not_int,not_lpsm,908000.0,sb,pr,home,1U,17580.0,EXP,652,EXP,45-54,not_inst,42.5660793,south,direct,0,26.0
150441,2019,ncf,Joint,nopre,type3,p3,l2,nopc,nob/c,626500,3.75,-0.4546,0.0,360.0,not_neg,not_int,not_lpsm,708000.0,sb,pr,home,1U,16200.0,EXP,709,EXP,65-74,not_inst,88.48870056,south,direct,0,22.0
73811,2019,cf,Sex Not Available,nopre,type1,p3,l1,nopc,nob/c,326500,3.375,-0.0487,,360.0,not_neg,not_int,not_lpsm,508000.0,sb,pr,home,1U,5400.0,CIB,864,CIB,>74,to_inst,64.27165354,south,direct,0,25.0
27110,2019,cf,Female,nopre,type1,p4,l1,nopc,nob/c,196500,,,,360.0,not_neg,not_int,lpsm,348000.0,sb,pr,home,1U,2640.0,CRIF,822,CIB,65-74,to_inst,56.46551724,North,direct,1,32.0
103243,2019,,Male,nopre,type1,p1,l1,nopc,nob/c,576500,4.0,-0.0522,1176.82,360.0,not_neg,not_int,not_lpsm,718000.0,sb,pr,home,1U,5580.0,CIB,763,CIB,35-44,not_inst,80.29247911,south,direct,0,46.0
135339,2019,cf,Sex Not Available,nopre,type1,p3,l1,nopc,nob/c,376500,3.99,0.4644,6899.0,360.0,not_neg,not_int,not_lpsm,558000.0,sb,pr,home,1U,8100.0,EXP,507,CIB,45-54,to_inst,67.47311828,south,direct,0,44.0
67302,2019,cf,Joint,nopre,type1,p4,l1,nopc,nob/c,356500,3.125,0.1692,5636.7,180.0,not_neg,not_int,not_lpsm,508000.0,sb,pr,home,1U,11820.0,CIB,554,EXP,35-44,to_inst,70.17716535,North,direct,0,29.0
29550,2019,cf,Male,nopre,type2,p1,l1,nopc,b/c,116500,,,,360.0,not_neg,not_int,not_lpsm,118000.0,sb,pr,home,1U,3060.0,CIB,677,CIB,55-64,to_inst,98.72881356,North,direct,1,36.0
169606,2019,cf,Male,nopre,type2,p3,l1,nopc,b/c,386500,3.49,0.5267,8203.42,360.0,not_neg,not_int,not_lpsm,458000.0,sb,pr,home,1U,5340.0,CIB,562,CIB,65-74,to_inst,84.38864629,central,direct,0,57.0
91320,2019,cf,Male,pre,type1,p3,l1,nopc,nob/c,86500,3.75,0.4995,2100.0,360.0,not_neg,not_int,not_lpsm,258000.0,sb,pr,home,1U,1800.0,CRIF,751,CIB,55-64,to_inst,33.52713178,North,direct,0,48.0
131214,2019,cf,Male,nopre,type1,p1,l1,nopc,nob/c,556500,,,,360.0,neg_amm,not_int,not_lpsm,678000.0,sb,pr,home,1U,3300.0,CRIF,808,CIB,45-54,to_inst,82.07964602,south,direct,1,54.0
153550,2019,cf,Sex Not Available,pre,type1,p3,l1,nopc,nob/c,326500,3.25,0.3696,8641.25,180.0,not_neg,not_int,not_lpsm,608000.0,sb,pr,home,1U,7860.0,EXP,760,EXP,45-54,to_inst,53.70065789,south,direct,0,43.0
135796,2019,cf,Joint,nopre,type1,p4,l1,nopc,nob/c,726500,3.375,-0.1751,3826.4,360.0,not_neg,int_only,not_lpsm,2208000.0,sb,pr,home,1U,20580.0,CRIF,827,EXP,55-64,not_inst,32.90307971,North,direct,0,27.0
170231,2019,cf,Joint,nopre,type1,p4,l1,nopc,nob/c,676500,4.56,0.8851,0.0,360.0,not_neg,not_int,not_lpsm,758000.0,sb,pr,home,1U,11520.0,CIB,584,EXP,35-44,not_inst,89.24802111,North,direct,0,35.0
169007,2019,cf,Sex Not Available,nopre,type1,p4,l1,nopc,nob/c,486500,4.0,0.122,0.0,360.0,not_neg,not_int,not_lpsm,908000.0,sb,pr,home,1U,5700.0,CRIF,743,CIB,45-54,not_inst,53.57929515,south,direct,0,40.0
139000,2019,cf,Female,nopre,type1,p3,l1,nopc,nob/c,356500,4.25,-0.1377,10054.5,360.0,not_neg,not_int,not_lpsm,1318000.0,sb,pr,home,1U,6540.0,EXP,688,EXP,>74,to_inst,27.04855842,North,direct,0,27.0
81404,2019,cf,Joint,nopre,type1,p3,l1,nopc,nob/c,216500,4.99,0.5414,0.0,360.0,not_neg,not_int,not_lpsm,848000.0,sb,pr,home,1U,3540.0,EXP,565,EXP,55-64,to_inst,25.53066038,North,direct,0,49.0
90607,2019,,Sex Not Available,nopre,type1,p1,l1,nopc,nob/c,436500,3.875,0.1766,750.0,360.0,not_neg,not_int,not_lpsm,458000.0,sb,pr,home,1U,6600.0,CIB,699,CIB,35-44,to_inst,95.30567686,south,direct,0,30.0
123777,2019,cf,Sex Not Available,nopre,type1,p4,l1,nopc,nob/c,146500,,,,180.0,neg_amm,not_int,not_lpsm,158000.0,sb,pr,home,1U,3480.0,EXP,665,CIB,65-74,to_inst,92.72151899,south,direct,1,48.0
131245,2019,cf,Male,pre,type1,p1,l1,nopc,nob/c,356500,4.375,0.1014,431.93,360.0,not_neg,not_int,not_lpsm,398000.0,sb,pr,home,1U,4500.0,CIB,589,CIB,35-44,not_inst,89.57286432,south,direct,0,49.0
79158,2019,cf,Male,nopre,type1,p3,l1,nopc,nob/c,206500,3.75,0.3003,6631.25,360.0,not_neg,not_int,lpsm,398000.0,sb,ir,home,1U,7500.0,CIB,548,CIB,35-44,to_inst,51.88442211,south,direct,0,39.0
169641,2019,cf,Male,nopre,type1,p3,l1,nopc,nob/c,286500,,,,360.0,not_neg,not_int,not_lpsm,308000.0,sb,pr,home,1U,2760.0,EXP,786,CIB,55-64,not_inst,93.01948052,south,direct,1,41.0
139296,2019,cf,Male,nopre,type1,p4,l1,nopc,nob/c,536500,4.625,0.9028,7212.5,360.0,not_neg,not_int,not_lpsm,768000.0,sb,pr,home,1U,7980.0,CIB,745,CIB,45-54,to_inst,69.85677083,central,direct,0,43.0
102714,2019,cf,Male,pre,type2,p1,l1,nopc,b/c,186500,4.0,1.3127,3757.49,360.0,not_neg,int_only,not_lpsm,198000.0,sb,pr,home,1U,4500.0,CIB,613,CIB,55-64,to_inst,94.19191919,North,direct,0,41.0
26105,2019,cf,Joint,nopre,type2,p3,l1,nopc,b/c,436500,3.125,0.0888,0.0,360.0,not_neg,not_int,not_lpsm,538000.0,sb,pr,home,1U,7560.0,CRIF,778,EXP,45-54,not_inst,81.133829,south,direct,0,36.0
74495,2019,cf,Male,nopre,type1,p4,l1,nopc,nob/c,656500,3.99,0.202,0.0,360.0,not_neg,int_only,not_lpsm,928000.0,sb,pr,home,1U,13200.0,CIB,831,CIB,25-34,not_inst,70.74353448,North,direct,0,21.0
39696,2019,cf,Male,nopre,type1,p1,l1,nopc,nob/c,686500,,,,360.0,not_neg,not_int,not_lpsm,968000.0,sb,pr,home,1U,6660.0,CRIF,759,CIB,25-34,not_inst,70.91942149,south,direct,1,49.0
41111,2019,cf,Sex Not Available,nopre,type1,p4,l1,nopc,nob/c,306500,4.125,0.4565,1250.0,360.0,not_neg,not_int,not_lpsm,808000.0,sb,pr,home,1U,3360.0,CIB,776,CIB,65-74,to_inst,37.93316832,south,direct,0,44.0
56524,2019,cf,Male,nopre,type1,p3,l1,nopc,nob/c,276500,,,,360.0,neg_amm,not_int,not_lpsm,328000.0,sb,sr,home,1U,4920.0,CRIF,549,CIB,65-74,not_inst,84.29878049,North,direct,1,21.0
86873,2019,cf,Male,pre,type1,p4,l1,nopc,nob/c,486500,3.625,-0.1461,0.0,360.0,not_neg,not_int,not_lpsm,1808000.0,sb,pr,home,1U,7620.0,CIB,888,CIB,45-54,not_inst,26.90818584,North,direct,0,31.0
80711,2019,ncf,Sex Not Available,nopre,type1,p3,l1,nopc,nob/c,346500,3.625,0.4393,,240.0,not_neg,not_int,not_lpsm,508000.0,sb,pr,home,1U,7860.0,CRIF,734,CIB,55-64,to_inst,68.20866142,south,direct,0,32.0
108716,2019,cf,Female,nopre,type1,p3,l1,nopc,nob/c,166500,4.75,1.4467,5600.0,360.0,not_neg,not_int,not_lpsm,208000.0,sb,pr,home,1U,2580.0,CRIF,823,CIB,45-54,to_inst,80.04807692,North,direct,0,40.0
148389,2019,ncf,Joint,pre,type2,p1,l1,nopc,b/c,226500,4.75,1.5767,0.0,360.0,not_neg,not_int,not_lpsm,228000.0,sb,pr,home,1U,2940.0,CRIF,817,EXP,<25,not_inst,99.34210526,North,direct,0,41.0
34976,2019,cf,Female,nopre,type2,p3,l1,nopc,b/c,276500,2.875,-0.0485,6295.01,360.0,not_neg,not_int,not_lpsm,408000.0,sb,pr,home,1U,2520.0,CRIF,504,CIB,55-64,not_inst,67.76960784,North,direct,0,46.0
35368,2019,cf,Joint,nopre,type1,p3,l1,nopc,nob/c,486500,3.875,0.077,0.0,360.0,not_neg,not_int,not_lpsm,678000.0,sb,pr,home,1U,9120.0,CIB,551,EXP,35-44,not_inst,71.75516224,North,direct,0,47.0
56011,2019,cf,Male,nopre,type1,p4,l1,nopc,nob/c,216500,4.375,1.4862,3436.0,240.0,not_neg,not_int,not_lpsm,298000.0,sb,ir,home,1U,5820.0,CRIF,889,CIB,25-34,to_inst,72.65100671,North,direct,0,24.0
73395,2019,cf,Joint,nopre,type1,p4,l1,nopc,nob/c,576500,3.625,-0.0026,149.5,360.0,not_neg,not_int,not_lpsm,958000.0,sb,pr,home,1U,13620.0,CIB,680,EXP,45-54,not_inst,60.17745303,North,direct,0,28.0
66976,2019,cf,Sex Not Available,nopre,type3,p3,l1,nopc,nob/c,236500,4.75,1.0468,2922.91,360.0,not_neg,not_int,not_lpsm,248000.0,sb,pr,home,1U,4440.0,CIB,832,EXP,65-74,to_inst,95.36290323,south,direct,0,48.0
69046,2019,cf,Male,nopre,type1,p4,l1,nopc,nob/c,676500,3.375,-0.316,7911.25,360.0,not_neg,not_int,not_lpsm,2508000.0,sb,pr,home,1U,23700.0,CRIF,660,CIB,55-64,to_inst,26.97368421,North,direct,0,7.0
130806,2019,cf,Joint,nopre,type3,p3,l1,nopc,nob/c,156500,3.375,0.1478,4956.09,360.0,not_neg,not_int,not_lpsm,208000.0,sb,pr,home,1U,4200.0,CIB,638,EXP,45-54,to_inst,75.24038462,North,direct,0,26.0
160823,2019,cf,Joint,nopre,type2,p3,l1,nopc,b/c,116500,,,,360.0,not_neg,not_int,not_lpsm,138000.0,sb,pr,home,1U,8880.0,CIB,769,EXP,35-44,to_inst,84.42028986,North,direct,1,37.0
63613,2019,cf,Joint,nopre,type1,p4,l1,nopc,nob/c,596500,4.0,-0.0971,66.56,360.0,not_neg,not_int,not_lpsm,768000.0,sb,pr,home,1U,10980.0,CIB,749,EXP,35-44,not_inst,77.66927083,North,direct,0,35.0
112105,2019,cf,Sex Not Available,nopre,type1,p4,l1,nopc,nob/c,406500,,,,360.0,not_neg,not_int,not_lpsm,2508000.0,sb,pr,home,2U,12120.0,CIB,770,CIB,65-74,to_inst,16.20813397,south,direct,1,31.0
36432,2019,cf,Male,pre,type1,p4,l1,nopc,nob/c,476500,3.625,0.0376,,360.0,not_neg,not_int,not_lpsm,798000.0,sb,pr,home,1U,13620.0,CRIF,813,EXP,45-54,not_inst,59.71177945,south,direct,0,35.0
61418,2019,cf,Male,,type2,p3,l1,nopc,b/c,76500,4.125,0.8497,2829.63,360.0,not_neg,not_int,not_lpsm,168000.0,sb,pr,home,1U,840.0,CIB,598,CIB,45-54,to_inst,45.53571429,North,direct,0,49.0
33308,2019,cf,Female,nopre,type1,p1,l1,nopc,nob/c,486500,3.875,0.7416,6000.0,360.0,not_neg,not_int,not_lpsm,508000.0,sb,pr,home,1U,12120.0,CIB,565,EXP,25-34,not_inst,95.76771654,North,direct,0,44.0
75674,2019,cf,Sex Not Available,nopre,type1,p3,l2,nopc,nob/c,176500,,,,360.0,not_neg,not_int,not_lpsm,338000.0,sb,ir,home,1U,5580.0,CIB,869,EXP,25-34,to_inst,52.21893491,south,direct,1,40.0
108951,2019,cf,Sex Not Available,pre,type1,p3,l1,nopc,nob/c,196500,4.125,0.6762,6489.5,360.0,not_neg,not_int,not_lpsm,288000.0,sb,pr,home,1U,1680.0,CIB,792,CIB,45-54,to_inst,68.22916667,south,direct,0,52.0
134275,2019,cf,Male,nopre,type1,p4,l1,nopc,nob/c,526500,3.875,0.206,1295.0,360.0,not_neg,not_int,not_lpsm,878000.0,sb,pr,home,1U,8220.0,EXP,609,CIB,45-54,not_inst,59.96583144,south,direct,0,35.0
132261,2019,cf,Sex Not Available,nopre,type1,p4,l1,nopc,nob/c,166500,3.25,0.0416,3378.99,180.0,not_neg,not_int,not_lpsm,368000.0,sb,pr,home,1U,4320.0,CIB,725,CIB,45-54,to_inst,45.24456522,south,direct,0,24.0
56536,2019,cf,Male,nopre,type1,p3,l1,nopc,nob/c,346500,3.875,0.3548,6946.8,300.0,not_neg,not_int,not_lpsm,538000.0,sb,pr,home,1U,9480.0,CIB,544,CIB,25-34,not_inst,64.40520446,North,direct,0,41.0
133106,2019,cf,Joint,pre,type1,p3,l1,nopc,nob/c,156500,4.5,0.3739,,360.0,not_neg,not_int,not_lpsm,258000.0,sb,pr,home,1U,2400.0,EXP,726,EXP,55-64,to_inst,60.65891473,south,direct,0,38.0
30984,2019,cf,Male,pre,type2,p1,l1,nopc,b/c,246500,4.875,1.2464,6398.84,360.0,neg_amm,not_int,not_lpsm,248000.0,sb,pr,home,1U,7020.0,EXP,559,CIB,45-54,to_inst,99.39516129,North,direct,0,33.0
162834,2019,cf,Male,nopre,type1,p4,l1,nopc,nob/c,336500,4.375,0.0937,3250.0,360.0,not_neg,not_int,not_lpsm,488000.0,sb,pr,home,1U,12060.0,CRIF,633,EXP,55-64,to_inst,68.95491803,North,direct,0,16.0
79281,2019,cf,Joint,nopre,type1,p4,l1,nopc,nob/c,416500,3.875,0.3102,7514.05,360.0,not_neg,not_int,not_lpsm,808000.0,sb,pr,home,1U,7500.0,CIB,544,EXP,55-64,to_inst,51.5470297,North,direct,0,32.0
88962,2019,cf,Sex Not Available,nopre,type2,p4,l2,nopc,b/c,196500,,,,300.0,neg_amm,int_only,not_lpsm,218000.0,sb,pr,home,1U,4620.0,EXP,578,EXP,65-74,to_inst,90.13761468,south,direct,1,30.0
67429,2019,cf,Joint,nopre,type1,p3,l1,nopc,nob/c,306500,4.0,-0.0899,0.0,360.0,neg_amm,not_int,not_lpsm,1318000.0,sb,pr,home,1U,3840.0,CRIF,741,EXP,55-64,not_inst,23.25493171,North,direct,0,43.0
37070,2019,cf,Sex Not Available,nopre,type1,p4,l1,nopc,nob/c,146500,3.99,0.5056,4118.76,324.0,not_neg,not_int,not_lpsm,188000.0,sb,pr,home,1U,3480.0,CIB,882,EXP,25-34,to_inst,77.92553191,south,direct,0,39.0
169777,2019,cf,Male,nopre,type1,p2,l1,nopc,nob/c,166500,,,,180.0,not_neg,not_int,not_lpsm,308000.0,sb,pr,home,1U,5700.0,EXP,570,CIB,55-64,to_inst,54.05844156,south,direct,1,26.0
27998,2019,cf,Male,nopre,type1,p4,l1,nopc,nob/c,326500,4.5,0.9069,0.0,240.0,not_neg,not_int,not_lpsm,338000.0,sb,pr,home,1U,8760.0,EXP,767,CIB,45-54,to_inst,96.59763314,North,direct,0,31.0
146727,2019,ncf,Male,nopre,type1,p3,l1,nopc,nob/c,526500,,,,180.0,neg_amm,not_int,not_lpsm,898000.0,sb,pr,home,1U,14460.0,CRIF,623,CIB,65-74,to_inst,58.63028953,North,direct,1,31.0
106368,2019,cf,Joint,nopre,type1,p3,l1,nopc,nob/c,636500,4.5,0.3486,0.0,360.0,not_neg,not_int,not_lpsm,1248000.0,sb,pr,home,1U,10980.0,CRIF,757,EXP,45-54,not_inst,51.00160256,south,direct,0,31.0
85417,2019,cf,Female,nopre,type1,p1,l1,nopc,nob/c,266500,3.75,-0.2461,789.74,360.0,not_neg,not_int,not_lpsm,278000.0,sb,pr,home,1U,3480.0,EXP,747,CIB,55-64,not_inst,95.86330935,North,direct,0,49.0
26603,2019,cf,Male,nopre,type1,p3,l1,nopc,nob/c,226500,4.0,0.3916,0.0,360.0,not_neg,int_only,not_lpsm,388000.0,sb,pr,home,1U,6360.0,CRIF,542,CIB,35-44,not_inst,58.37628866,North,direct,0,15.0
110812,2019,cf,Female,nopre,type1,p3,l1,nopc,nob/c,426500,,,,360.0,not_neg,not_int,not_lpsm,548000.0,sb,pr,home,1U,5160.0,CRIF,693,CIB,55-64,to_inst,77.82846715,North,direct,1,44.0
68107,2019,cf,Sex Not Available,pre,type1,p3,l1,nopc,nob/c,216500,4.5,0.9228,4723.36,360.0,not_neg,not_int,not_lpsm,288000.0,sb,pr,home,1U,4260.0,CRIF,875,CIB,45-54,to_inst,75.17361111,south,direct,0,47.0
107532,2019,cf,Female,pre,type1,p4,l1,nopc,nob/c,266500,3.99,0.2793,1900.0,360.0,not_neg,not_int,not_lpsm,388000.0,sb,pr,home,1U,4800.0,CRIF,555,CIB,55-64,to_inst,68.68556701,North,direct,0,36.0
133150,2019,cf,Joint,nopre,type1,p3,l1,nopc,nob/c,306500,3.625,0.0252,2478.74,360.0,not_neg,not_int,not_lpsm,708000.0,sb,pr,home,1U,6420.0,EXP,737,EXP,35-44,not_inst,43.29096045,North,direct,0,37.0
51160,2019,cf,Female,nopre,type1,p4,l1,nopc,nob/c,156500,3.75,0.2269,4454.5,360.0,not_neg,not_int,not_lpsm,238000.0,sb,pr,home,1U,3000.0,EXP,766,CIB,>74,to_inst,65.75630252,south,direct,0,22.0
54626,2019,cf,Female,nopre,type2,p1,l1,nopc,b/c,276500,4.25,1.6231,561.82,360.0,not_neg,not_int,not_lpsm,298000.0,sb,pr,home,1U,5280.0,CRIF,831,CIB,35-44,not_inst,92.7852349,North,direct,0,54.0
59252,2019,cf,Sex Not Available,nopre,type1,p3,l1,nopc,nob/c,266500,4.875,1.1486,3391.78,360.0,not_neg,not_int,not_lpsm,338000.0,sb,pr,home,1U,5040.0,CIB,682,CIB,45-54,to_inst,78.84615385,south,direct,0,39.0
139927,2019,cf,Joint,nopre,type1,p3,l1,nopc,nob/c,216500,4.375,0.1307,4858.53,360.0,not_neg,not_int,not_lpsm,368000.0,sb,pr,home,1U,8700.0,EXP,835,EXP,45-54,to_inst,58.83152174,North,direct,0,24.0
46992,2019,cf,Joint,nopre,type2,p3,l1,nopc,b/c,276500,3.375,0.4681,0.0,360.0,not_neg,not_int,not_lpsm,318000.0,sb,pr,home,1U,4860.0,EXP,775,EXP,55-64,to_inst,86.94968553,North,direct,0,48.0
62071,2019,cf,Sex Not Available,pre,type2,p3,l1,nopc,b/c,266500,3.875,0.8993,3286.46,360.0,not_neg,not_int,not_lpsm,428000.0,sb,pr,home,1U,3780.0,CIB,867,CIB,55-64,to_inst,62.26635514,south,direct,0,55.0
73648,2019,cf,Joint,nopre,type1,p4,l1,nopc,nob/c,516500,3.625,0.487,0.0,240.0,not_neg,not_int,not_lpsm,708000.0,sb,pr,home,1U,6900.0,EXP,798,EXP,55-64,not_inst,72.9519774,south,direct,0,47.0
67683,2019,cf,Female,nopre,type1,p1,l1,nopc,nob/c,376500,4.99,0.8698,912.36,360.0,not_neg,not_int,not_lpsm,508000.0,sb,ir,home,1U,22860.0,CIB,687,CIB,55-64,not_inst,74.11417323,North,direct,0,44.0
120543,2019,cf,Joint,nopre,type1,p4,l1,nopc,nob/c,376500,,,,240.0,not_neg,not_int,not_lpsm,478000.0,sb,pr,home,1U,4680.0,EXP,513,EXP,55-64,to_inst,78.76569038,North,direct,1,55.0
89683,2019,cf,Male,nopre,type1,p4,l1,nopc,nob/c,146500,,,,360.0,not_neg,not_int,not_lpsm,168000.0,sb,ir,home,1U,7200.0,EXP,778,CIB,35-44,to_inst,87.20238095,North,direct,1,53.0
54657,2019,cf,Male,pre,type1,p1,l1,nopc,nob/c,386500,3.75,0.2844,5291.5,360.0,not_neg,not_int,not_lpsm,408000.0,sb,pr,home,1U,9900.0,CIB,885,CIB,45-54,to_inst,94.73039216,North,direct,0,40.0
44343,2019,cf,Male,nopre,type2,p4,l1,nopc,b/c,176500,,,,360.0,not_neg,not_int,not_lpsm,178000.0,sb,pr,home,1U,4260.0,CRIF,779,CIB,35-44,to_inst,99.15730337,south,direct,1,44.0
78264,2019,cf,Sex Not Available,pre,type3,p1,l2,nopc,nob/c,326500,4.75,0.6977,1233.38,360.0,not_neg,not_int,not_lpsm,328000.0,sb,pr,home,1U,6240.0,CIB,712,CIB,45-54,to_inst,99.54268293,south,direct,0,50.0
147205,2019,cf,Sex Not Available,nopre,type1,p3,l1,nopc,nob/c,346500,3.875,0.3158,6449.75,360.0,not_neg,not_int,not_lpsm,508000.0,sb,pr,home,1U,3420.0,CRIF,600,EXP,65-74,to_inst,68.20866142,south,direct,0,41.0
40697,2019,cf,Female,pre,type1,p1,l1,nopc,nob/c,206500,4.5,1.0598,3053.97,360.0,not_neg,not_int,not_lpsm,248000.0,sb,pr,home,1U,4500.0,CIB,779,CIB,55-64,to_inst,83.26612903,North,direct,0,40.0
153344,2019,cf,Joint,pre,type1,p4,l1,nopc,nob/c,136500,,,,360.0,not_neg,not_int,not_lpsm,148000.0,sb,pr,home,1U,2100.0,CRIF,812,EXP,55-64,to_inst,92.22972973,North,direct,1,35.0
172348,2019,cf,Joint,nopre,type2,p3,l1,nopc,b/c,316500,,,,360.0,not_neg,not_int,not_lpsm,428000.0,sb,pr,home,1U,3780.0,CRIF,747,EXP,65-74,to_inst,73.94859813,North,direct,1,60.0
136224,2019,cf,Sex Not Available,nopre,type1,p3,l1,nopc,nob/c,286500,3.5,0.6762,6518.75,180.0,not_neg,not_int,not_lpsm,508000.0,sb,pr,home,1U,7020.0,EXP,756,EXP,45-54,to_inst,56.3976378,south,direct,0,35.0
46679,2019,cf,Female,nopre,type1,p3,l1,nopc,nob/c,416500,4.875,0.4268,1150.0,360.0,neg_amm,not_int,not_lpsm,568000.0,sb,pr,home,1U,4740.0,CIB,691,CIB,65-74,to_inst,73.32746479,central,direct,0,44.0
145641,2019,cf,Female,nopre,type1,p4,l1,nopc,nob/c,326500,3.99,0.2617,1291.97,360.0,not_neg,int_only,not_lpsm,408000.0,sb,pr,home,1U,4860.0,CRIF,881,CIB,55-64,not_inst,80.0245098,North,direct,0,36.0
31002,2019,cf,Joint,nopre,type1,p4,l1,nopc,nob/c,266500,4.875,1.1864,2235.5,360.0,not_neg,not_int,not_lpsm,348000.0,sb,pr,home,1U,3780.0,CIB,796,EXP,45-54,to_inst,76.58045977,south,direct,0,46.0
98501,2019,cf,Male,nopre,type1,p3,l2,nopc,nob/c,186500,4.5,0.5888,3725.0,300.0,not_neg,not_int,not_lpsm,308000.0,sb,pr,home,1U,1920.0,CRIF,783,CIB,45-54,to_inst,60.55194805,south,direct,0,44.0
126368,2019,ncf,Joint,nopre,type3,p3,l1,nopc,nob/c,576500,3.875,0.0497,0.0,360.0,not_neg,not_int,not_lpsm,778000.0,sb,pr,home,1U,9780.0,EXP,862,EXP,35-44,not_inst,74.10025707,North,direct,0,38.0
160501,2019,cf,Female,nopre,type1,p4,l1,nopc,nob/c,246500,3.75,0.61,1250.0,180.0,neg_amm,not_int,not_lpsm,368000.0,sb,pr,home,1U,4440.0,EXP,591,CIB,55-64,to_inst,66.98369565,North,direct,0,41.0
87000,2019,ncf,Joint,nopre,type1,p1,l1,nopc,nob/c,766500,3.875,0.0958,0.0,360.0,not_neg,not_int,not_lpsm,998000.0,sb,pr,home,1U,8580.0,CIB,674,EXP,35-44,not_inst,76.80360721,south,direct,0,37.0
146449,2019,cf,Sex Not Available,nopre,type2,p3,l1,nopc,b/c,166500,,,,360.0,not_neg,not_int,not_lpsm,188000.0,sb,pr,home,1U,3300.0,CIB,750,EXP,55-64,to_inst,88.56382979,south,direct,1,38.0
166599,2019,cf,Female,nopre,type1,p1,l1,nopc,nob/c,536500,3.99,0.4189,0.0,360.0,not_neg,not_int,not_lpsm,558000.0,sb,pr,home,1U,6360.0,EXP,547,CIB,35-44,not_inst,96.14695341,south,direct,0,44.0
161547,2019,ncf,Male,nopre,type1,p1,l1,nopc,nob/c,636500,4.125,0.0628,1925.1,360.0,not_neg,not_int,not_lpsm,858000.0,sb,pr,home,1U,14400.0,CIB,617,CIB,35-44,not_inst,74.18414918,south,direct,0,29.0
156090,2019,cf,Female,nopre,type1,p2,l1,nopc,nob/c,156500,2.8,-0.2136,757.5,360.0,not_neg,not_int,not_lpsm,2608000.0,sb,pr,home,1U,11820.0,CIB,607,CIB,65-74,to_inst,6.000766871,North,direct,0,19.0
62582,2019,cf,Female,pre,type1,p1,l1,nopc,nob/c,206500,3.875,0.366,1398.0,360.0,not_neg,not_int,not_lpsm,228000.0,sb,pr,home,1U,1980.0,CRIF,513,CIB,25-34,not_inst,90.57017544,south,direct,0,49.0
105657,2019,cf,Female,nopre,type1,p4,l2,nopc,nob/c,116500,4.25,1.0427,2686.17,180.0,not_neg,not_int,not_lpsm,168000.0,sb,pr,home,1U,3300.0,CIB,834,CIB,55-64,to_inst,69.3452381,North,direct,0,42.0
138218,2019,cf,Joint,nopre,type1,p1,l1,nopc,nob/c,346500,3.99,0.1232,850.6,360.0,not_neg,not_int,not_lpsm,398000.0,sb,pr,home,1U,5460.0,EXP,506,EXP,25-34,not_inst,87.06030151,south,direct,0,36.0
143989,2019,cf,Sex Not Available,nopre,type1,p3,l1,nopc,nob/c,486500,,,,360.0,not_neg,not_int,not_lpsm,808000.0,sb,pr,home,1U,18000.0,EXP,693,CIB,55-64,to_inst,60.21039604,south,direct,1,26.0
93648,2019,cf,Sex Not Available,pre,type1,p1,l1,nopc,nob/c,246500,4.25,0.5309,6721.0,360.0,not_neg,not_int,not_lpsm,308000.0,sb,ir,home,1U,6540.0,CIB,551,CIB,45-54,to_inst,80.03246753,south,direct,0,46.0
34140,2019,cf,Male,nopre,type1,p3,l1,nopc,nob/c,316500,,,,360.0,not_neg,not_int,lpsm,508000.0,sb,pr,home,1U,5220.0,CRIF,855,CIB,35-44,to_inst,62.30314961,south,direct,1,46.0
130335,2019,cf,Female,pre,type1,p1,l1,nopc,nob/c,446500,4.5,0.3803,1250.0,360.0,not_neg,not_int,not_lpsm,548000.0,sb,pr,home,1U,8940.0,CRIF,534,CIB,35-44,to_inst,81.47810219,North,direct,0,26.0
155373,2019,cf,Male,nopre,type1,p1,l1,nopc,nob/c,366500,3.25,-0.2914,0.0,360.0,not_neg,not_int,not_lpsm,388000.0,sb,pr,home,1U,6060.0,CRIF,814,CIB,35-44,not_inst,94.45876289,south,direct,0,25.0
151218,2019,cf,Male,pre,type2,p3,l1,nopc,b/c,136500,3.25,1.2942,4170.3,180.0,not_neg,not_int,not_lpsm,168000.0,sb,pr,home,1U,4620.0,EXP,698,CIB,45-54,to_inst,81.25,central,direct,0,20.0
48985,2019,cf,Female,nopre,type2,p4,l1,nopc,b/c,76500,3.875,1.0673,2407.06,360.0,not_neg,not_int,not_lpsm,88000.0,sb,pr,home,1U,1020.0,CIB,723,CIB,45-54,to_inst,86.93181818,North,direct,0,49.0
170020,2019,cf,Sex Not Available,nopre,type1,p3,l1,nopc,nob/c,626500,4.125,0.6272,13742.0,360.0,not_neg,not_int,not_lpsm,888000.0,sb,pr,home,2U,6780.0,CRIF,613,CIB,>74,to_inst,70.5518018,south,direct,0,45.0
97619,2019,cf,Sex Not Available,nopre,type1,p3,l1,nopc,nob/c,466500,4.75,0.4961,11398.72,360.0,not_neg,not_int,not_lpsm,578000.0,sb,pr,home,1U,7920.0,CIB,569,EXP,55-64,to_inst,80.70934256,south,direct,0,38.0
31805,2019,cf,Male,nopre,type2,p3,l1,nopc,b/c,106500,,,,360.0,not_neg,not_int,not_lpsm,148000.0,sb,pr,home,1U,2400.0,CIB,541,CIB,55-64,to_inst,71.95945946,North,direct,1,51.0
104558,2019,cf,Joint,nopre,type1,p4,l1,nopc,nob/c,416500,3.375,-0.1516,4698.9,360.0,not_neg,not_int,not_lpsm,638000.0,sb,pr,home,1U,9720.0,CIB,508,EXP,55-64,not_inst,65.28213166,south,direct,0,42.0
30249,2019,cf,Joint,nopre,type1,p4,l1,nopc,nob/c,676500,4.25,-0.0791,0.0,360.0,not_neg,not_int,not_lpsm,1188000.0,sb,pr,home,1U,17100.0,CIB,862,EXP,35-44,not_inst,56.94444444,south,direct,0,31.0
165658,2019,cf,Male,nopre,type1,p4,l1,nopc,nob/c,576500,3.69,-0.0129,0.0,360.0,not_neg,not_int,not_lpsm,738000.0,sb,pr,home,1U,10920.0,EXP,689,CIB,25-34,not_inst,78.11653117,south,direct,0,37.0
26945,2019,cf,Male,nopre,type1,p3,l1,nopc,nob/c,376500,3.75,0.8887,7746.88,240.0,not_neg,not_int,not_lpsm,498000.0,sb,pr,home,1U,12720.0,CIB,797,EXP,35-44,to_inst,75.60240964,North,direct,0,26.0
72691,2019,cf,Joint,nopre,type1,p3,l1,nopc,nob/c,286500,4.0,0.2616,758.0,360.0,not_neg,not_int,not_lpsm,448000.0,sb,pr,home,1U,6180.0,EXP,867,EXP,55-64,not_inst,63.95089286,south,direct,0,20.0
170121,2019,cf,Sex Not Available,nopre,type1,p4,l1,nopc,nob/c,426500,4.75,0.713,2865.0,360.0,not_neg,not_int,not_lpsm,698000.0,sb,ir,home,1U,10740.0,CRIF,515,CIB,35-44,not_inst,61.10315186,south,direct,0,45.0
62401,2019,cf,Sex Not Available,nopre,type1,p4,l1,nopc,nob/c,196500,3.875,0.3756,3377.7,324.0,not_neg,not_int,not_lpsm,328000.0,sb,pr,home,1U,4980.0,EXP,522,CIB,45-54,to_inst,59.90853659,south,direct,0,8.0
30954,2019,cf,Female,nopre,type1,p4,l1,nopc,nob/c,156500,4.125,0.574,3615.5,360.0,not_neg,not_int,not_lpsm,218000.0,sb,pr,home,1U,2040.0,CRIF,824,CIB,55-64,to_inst,71.78899083,North,direct,0,43.0
130889,2019,cf,Sex Not Available,nopre,type1,p3,l1,nopc,nob/c,416500,3.125,-0.1191,0.0,180.0,not_neg,not_int,not_lpsm,758000.0,sb,pr,home,1U,8040.0,CRIF,695,CIB,45-54,not_inst,54.94722955,south,direct,0,36.0
77355,2019,,Joint,nopre,type1,p4,l1,nopc,nob/c,676500,4.375,0.3051,0.0,360.0,not_neg,not_int,not_lpsm,818000.0,sb,pr,home,1U,13260.0,CRIF,818,EXP,25-34,not_inst,82.70171149,North,direct,0,36.0
160068,2019,cf,Male,nopre,type3,p3,l1,nopc,nob/c,396500,4.375,0.2615,3850.0,360.0,not_neg,not_int,not_lpsm,388000.0,sb,pr,home,1U,4500.0,EXP,525,CIB,65-74,to_inst,102.1907216,south,direct,0,44.0
37745,2019,cf,Sex Not Available,nopre,type1,p2,l1,nopc,nob/c,106500,3.99,0.8576,3775.0,180.0,not_neg,not_int,not_lpsm,148000.0,sb,pr,home,1U,3300.0,CRIF,754,CIB,45-54,to_inst,71.95945946,south,direct,0,32.0
149207,2019,cf,Joint,nopre,type1,p4,l1,nopc,nob/c,556500,3.875,0.1853,7203.6,360.0,not_neg,not_int,not_lpsm,728000.0,sb,pr,home,1U,14400.0,EXP,546,EXP,35-44,not_inst,76.44230769,North,direct,0,30.0
46921,2019,ncf,Male,nopre,type3,p3,l1,nopc,nob/c,886500,3.75,0.3525,26577.0,360.0,not_neg,not_int,not_lpsm,1028000.0,sb,pr,home,1U,10680.0,CIB,539,CIB,35-44,to_inst,86.23540856,North,direct,0,47.0
135238,2019,cf,Male,nopre,type1,p1,l1,nopc,nob/c,226500,4.125,0.3164,791.8,360.0,not_neg,not_int,not_lpsm,258000.0,sb,pr,home,1U,2820.0,CIB,760,CIB,25-34,not_inst,87.79069767,North,direct,0,47.0
39942,2019,cf,Female,nopre,type1,p3,l1,nopc,nob/c,186500,4.375,0.8094,4760.0,240.0,not_neg,not_int,not_lpsm,288000.0,sb,pr,home,1U,3720.0,EXP,556,CIB,>74,to_inst,64.75694444,North,direct,0,45.0
91598,2019,cf,Joint,pre,type1,p1,l1,nopc,nob/c,356500,3.875,0.1319,295.0,360.0,not_neg,not_int,not_lpsm,588000.0,sb,pr,home,1U,9360.0,CIB,677,EXP,55-64,to_inst,60.6292517,North,direct,0,37.0
57111,2019,cf,Joint,nopre,type1,p3,l1,nopc,nob/c,186500,3.75,0.2805,2395.0,360.0,not_neg,not_int,not_lpsm,288000.0,sb,pr,home,1U,9180.0,EXP,634,EXP,65-74,to_inst,64.75694444,North,direct,0,18.0
75230,2019,cf,Sex Not Available,nopre,type1,p3,l1,nopc,nob/c,336500,4.125,0.7801,8720.0,360.0,not_neg,not_int,not_lpsm,568000.0,sb,pr,home,1U,9240.0,CIB,827,EXP,55-64,to_inst,59.24295775,south,direct,0,22.0
122428,2019,cf,Joint,nopre,type1,p4,l1,nopc,nob/c,346500,3.69,0.0106,1280.07,360.0,not_neg,not_int,not_lpsm,578000.0,sb,pr,home,1U,11280.0,EXP,746,EXP,45-54,not_inst,59.94809689,North,direct,0,43.0
30889,2019,cf,Female,nopre,type1,p3,l1,nopc,nob/c,196500,3.625,0.9221,4437.11,180.0,not_neg,not_int,not_lpsm,458000.0,sb,pr,home,1U,5760.0,EXP,544,CIB,55-64,to_inst,42.90393013,North,direct,0,26.0
155005,2019,cf,Joint,nopre,type1,p1,l1,nopc,nob/c,166500,4.875,0.421,2823.0,360.0,not_neg,not_int,not_lpsm,238000.0,sb,pr,home,1U,3180.0,CIB,786,EXP,35-44,to_inst,69.95798319,central,direct,0,57.0
34607,2019,cf,Sex Not Available,nopre,type1,p3,l1,nopc,nob/c,196500,3.5,0.0763,5361.56,324.0,not_neg,not_int,not_lpsm,358000.0,sb,pr,home,1U,2340.0,CRIF,725,CIB,65-74,to_inst,54.88826816,south,direct,0,39.0
76518,2019,,Joint,nopre,type1,p1,l1,nopc,nob/c,146500,3.75,0.5662,4903.27,360.0,not_neg,not_int,not_lpsm,158000.0,sb,pr,home,1U,2700.0,CRIF,563,EXP,65-74,to_inst,92.72151899,central,direct,0,43.0
142459,2019,cf,Joint,nopre,type1,p3,l1,nopc,nob/c,226500,3.99,0.2065,4182.28,180.0,neg_amm,not_int,not_lpsm,508000.0,sb,pr,home,1U,10320.0,EXP,575,EXP,65-74,to_inst,44.58661417,North,direct,0,13.0
51701,2019,cf,Female,nopre,type1,p4,l1,nopc,nob/c,316500,3.99,0.3223,156.04,360.0,not_neg,not_int,not_lpsm,348000.0,sb,pr,home,1U,7740.0,CIB,852,CIB,45-54,not_inst,90.94827586,North,direct,0,18.0
71536,2019,cf,Male,pre,type2,p3,l1,nopc,b/c,116500,,,,360.0,not_neg,not_int,not_lpsm,158000.0,sb,pr,home,1U,2160.0,CIB,886,EXP,55-64,to_inst,73.73417722,North,direct,1,42.0
155074,2019,cf,Sex Not Available,nopre,type1,p1,l1,nopc,nob/c,196500,,,,360.0,not_neg,not_int,not_lpsm,218000.0,sb,sr,home,1U,6900.0,CRIF,900,EXP,65-74,to_inst,90.13761468,south,direct,1,47.0
33611,2019,cf,Male,nopre,type1,p3,l1,nopc,nob/c,176500,3.5,0.8353,5080.75,180.0,not_neg,not_int,not_lpsm,238000.0,sb,pr,home,1U,6240.0,CRIF,751,EXP,65-74,to_inst,74.15966387,North,direct,0,38.0
55363,2019,cf,Female,nopre,type1,p4,l1,nopc,nob/c,256500,,,,360.0,not_neg,not_int,not_lpsm,458000.0,sb,pr,home,1U,6960.0,CRIF,846,CIB,65-74,to_inst,56.00436681,North,direct,1,27.0
142384,2019,cf,Sex Not Available,nopre,type1,p1,l1,nopc,nob/c,636500,,,,360.0,not_neg,not_int,lpsm,708000.0,sb,pr,home,1U,5280.0,CRIF,691,CIB,25-34,not_inst,89.90112994,south,direct,1,60.0
80875,2019,cf,Joint,nopre,type1,p4,l1,nopc,nob/c,546500,3.625,-0.0974,206.51,360.0,not_neg,not_int,not_lpsm,908000.0,sb,pr,home,1U,6660.0,CRIF,669,EXP,35-44,not_inst,60.18722467,south,direct,0,40.0
88489,2019,cf,Sex Not Available,nopre,type3,p3,l2,nopc,nob/c,186500,,,,360.0,not_neg,not_int,not_lpsm,318000.0,sb,pr,home,1U,3600.0,EXP,558,CIB,65-74,to_inst,58.64779874,south,direct,1,24.0
82415,2019,ncf,Joint,nopre,type1,p1,l1,nopc,nob/c,856500,4.625,0.3007,1218.75,360.0,not_neg,not_int,not_lpsm,1108000.0,sb,pr,home,1U,12360.0,CIB,595,EXP,35-44,to_inst,77.30144404,North,direct,0,42.0
26039,2019,cf,Sex Not Available,nopre,type1,p3,l1,nopc,nob/c,226500,3.99,1.07,3706.85,180.0,not_neg,not_int,not_lpsm,288000.0,sb,pr,home,1U,5760.0,CIB,658,EXP,45-54,to_inst,78.64583333,south,direct,0,40.0
68546,2019,cf,Sex Not Available,nopre,type1,p4,l1,nopc,nob/c,336500,3.25,-0.1431,,360.0,not_neg,not_int,not_lpsm,858000.0,sb,pr,home,1U,4800.0,CIB,805,CIB,65-74,to_inst,39.21911422,south,direct,0,30.0
143699,2019,cf,Sex Not Available,nopre,type2,p3,l1,nopc,b/c,166500,3.75,0.9234,4169.57,360.0,not_neg,not_int,not_lpsm,218000.0,sb,pr,home,1U,6240.0,CIB,623,CIB,45-54,to_inst,76.37614679,south,direct,0,37.0
164930,2019,cf,Male,nopre,type2,p4,l2,nopc,b/c,236500,3.99,1.3712,5882.8,360.0,not_neg,not_int,not_lpsm,248000.0,sb,pr,home,1U,5820.0,CIB,896,CIB,45-54,to_inst,95.36290323,North,direct,0,37.0
97202,2019,cf,Female,nopre,type1,p4,l2,nopc,nob/c,106500,,,,300.0,neg_amm,not_int,not_lpsm,168000.0,sb,pr,home,1U,1200.0,EXP,873,CIB,55-64,to_inst,63.39285714,North,direct,1,46.0
60554,2019,cf,Joint,nopre,type2,p3,l1,nopc,b/c,206500,3.99,0.7248,0.0,180.0,not_neg,not_int,not_lpsm,238000.0,sb,pr,home,1U,7440.0,CRIF,673,EXP,55-64,to_inst,86.76470588,North,direct,0,46.0
48110,2019,cf,Male,nopre,type2,p4,l1,nopc,b/c,366500,2.99,-0.0357,4500.0,360.0,not_neg,not_int,not_lpsm,458000.0,sb,pr,home,1U,6480.0,CRIF,689,CIB,35-44,not_inst,80.02183406,North,direct,0,59.0
170856,2019,ncf,Sex Not Available,nopre,type1,p4,l1,nopc,nob/c,456500,4.625,0.8801,0.0,360.0,not_neg,not_int,not_lpsm,488000.0,sb,pr,home,1U,4440.0,EXP,510,CIB,55-64,to_inst,93.54508197,south,direct,0,48.0
101472,2019,cf,Sex Not Available,nopre,type1,p3,l1,nopc,nob/c,336500,3.875,0.2355,4565.0,360.0,not_neg,not_int,not_lpsm,558000.0,sb,pr,home,1U,4080.0,CIB,622,CIB,45-54,to_inst,60.3046595,south,direct,0,34.0
110027,2019,cf,Male,nopre,type2,p4,l1,nopc,b/c,246500,3.49,0.768,0.0,360.0,not_neg,not_int,not_lpsm,258000.0,sb,pr,home,1U,2940.0,CIB,815,CIB,25-34,not_inst,95.54263566,south,direct,0,48.0
78830,2019,cf,Sex Not Available,nopre,type1,p4,l1,nopc,nob/c,136500,3.5,0.6792,2890.5,180.0,not_neg,not_int,not_lpsm,228000.0,sb,pr,home,1U,5040.0,CRIF,737,CIB,65-74,to_inst,59.86842105,south,direct,0,29.0
138087,2019,cf,Joint,nopre,type1,p4,l2,nopc,nob/c,336500,4.99,0.8355,8348.76,360.0,not_neg,not_int,not_lpsm,1628000.0,sb,ir,home,3U,5460.0,CRIF,814,EXP,>74,to_inst,20.66953317,North,direct,0,29.0
73220,2019,cf,Sex Not Available,nopre,type1,p4,l1,nopc,nob/c,156500,4.375,0.9894,,360.0,not_neg,not_int,not_lpsm,198000.0,sb,pr,home,1U,3420.0,EXP,558,CIB,35-44,to_inst,79.04040404,south,direct,0,23.0
51477,2019,cf,Male,nopre,type1,p1,l2,nopc,nob/c,106500,5.375,1.0313,0.0,360.0,not_neg,not_int,not_lpsm,158000.0,sb,ir,home,1U,4260.0,CRIF,665,CIB,25-34,not_inst,67.40506329,North,direct,0,46.0
149151,2019,cf,Joint,nopre,type1,p3,l1,nopc,nob/c,286500,4.25,0.3509,5547.5,360.0,not_neg,not_int,not_lpsm,418000.0,sb,pr,home,1U,5040.0,CIB,754,EXP,45-54,to_inst,68.54066986,North,direct,0,42.0
148486,2019,cf,Sex Not Available,nopre,type1,p3,l2,nopc,nob/c,276500,4.56,0.3568,2817.59,360.0,not_neg,not_int,not_lpsm,378000.0,sb,pr,home,1U,9540.0,CRIF,833,CIB,55-64,to_inst,73.14814815,south,direct,0,37.0
94815,2019,,Male,nopre,type1,p3,l1,nopc,nob/c,166500,,,,360.0,not_neg,not_int,not_lpsm,198000.0,sb,pr,home,1U,4500.0,CIB,874,CIB,45-54,to_inst,84.09090909,North,direct,1,41.0
105455,2019,cf,Sex Not Available,nopre,type1,p4,l1,nopc,nob/c,236500,3.875,0.1124,1782.0,312.0,not_neg,not_int,not_lpsm,298000.0,sb,pr,home,1U,3300.0,EXP,797,CIB,35-44,not_inst,79.36241611,North,direct,0,37.0
119317,2019,cf,Joint,nopre,type3,p1,l1,nopc,nob/c,556500,3.5,-0.066,53.96,360.0,not_neg,not_int,not_lpsm,548000.0,sb,pr,home,1U,6720.0,EXP,551,EXP,25-34,not_inst,101.5510949,central,direct,0,46.0
61392,2019,cf,Male,nopre,type2,p4,l1,nopc,b/c,156500,,,,360.0,not_neg,not_int,not_lpsm,78000.0,sb,pr,home,1U,3480.0,CIB,674,CIB,65-74,to_inst,200.6410256,central,direct,1,42.0
53846,2019,cf,Female,pre,type1,p1,l1,nopc,nob/c,326500,4.875,0.927,4490.0,360.0,not_neg,int_only,not_lpsm,408000.0,sb,pr,home,1U,6300.0,CRIF,597,CIB,35-44,to_inst,80.0245098,North,direct,0,36.0
123388,2019,cf,Female,nopre,type1,p3,l1,nopc,nob/c,446500,4.25,1.295,4610.0,180.0,not_neg,not_int,not_lpsm,698000.0,sb,pr,home,1U,8280.0,CRIF,667,EXP,45-54,to_inst,63.96848138,North,direct,0,39.0
71278,2019,cf,Female,nopre,type1,p3,l1,nopc,nob/c,316500,3.75,0.1328,5608.75,360.0,not_neg,not_int,not_lpsm,538000.0,sb,pr,home,1U,7440.0,CIB,566,CIB,25-34,to_inst,58.82899628,North,direct,0,22.0
84165,2019,cf,Female,nopre,type1,p3,l2,nopc,nob/c,326500,3.99,0.6615,6991.16,180.0,not_neg,not_int,not_lpsm,478000.0,sb,pr,home,1U,4860.0,CRIF,710,CIB,45-54,to_inst,68.30543933,south,direct,0,42.0
154400,2019,cf,Male,nopre,type1,p4,l1,nopc,nob/c,216500,4.625,0.9479,6683.5,240.0,not_neg,not_int,not_lpsm,348000.0,sb,pr,home,1U,4260.0,EXP,750,CIB,35-44,to_inst,62.21264368,south,direct,0,28.0
140496,2019,cf,Female,nopre,type1,p1,l1,nopc,nob/c,266500,4.375,0.3466,6119.98,360.0,not_neg,not_int,not_lpsm,288000.0,sb,pr,home,1U,6600.0,EXP,894,CIB,25-34,not_inst,92.53472222,North,direct,0,33.0
114267,2019,cf,Sex Not Available,nopre,type1,p3,l1,nopc,nob/c,336500,,,,360.0,not_neg,not_int,not_lpsm,458000.0,sb,ir,home,1U,7500.0,EXP,609,CIB,65-74,to_inst,73.47161572,south,direct,1,37.0
95279,2019,cf,Joint,pre,type1,p1,l1,nopc,nob/c,476500,4.25,0.165,1450.0,360.0,not_neg,not_int,not_lpsm,488000.0,sb,pr,home,1U,7080.0,CRIF,889,EXP,35-44,not_inst,97.64344262,North,direct,0,31.0
58682,2019,cf,Sex Not Available,nopre,type2,p1,l1,nopc,b/c,156500,3.625,0.8495,3091.56,360.0,not_neg,not_int,not_lpsm,188000.0,sb,pr,home,1U,8760.0,EXP,511,EXP,<25,to_inst,83.24468085,south,direct,0,47.0
125740,2019,cf,Joint,nopre,type1,p4,l1,nopc,nob/c,286500,3.75,0.1442,6603.13,360.0,not_neg,not_int,not_lpsm,368000.0,sb,pr,home,1U,6720.0,EXP,851,EXP,55-64,to_inst,77.85326087,south,direct,0,23.0
165607,2019,cf,Sex Not Available,nopre,type1,p4,l1,nopc,nob/c,146500,4.75,0.3406,1852.5,312.0,neg_amm,not_int,not_lpsm,188000.0,sb,pr,home,1U,2220.0,CIB,827,CIB,45-54,to_inst,77.92553191,south,direct,0,49.0
28355,2019,cf,Sex Not Available,nopre,type1,p3,l1,nopc,nob/c,306500,3.875,0.0149,7500.0,360.0,neg_amm,not_int,not_lpsm,548000.0,sb,pr,home,1U,5760.0,CRIF,667,EXP,55-64,to_inst,55.93065693,south,direct,0,33.0
80736,2019,cf,Male,nopre,type3,p3,l1,nopc,nob/c,146500,3.25,0.5009,4802.63,180.0,not_neg,not_int,not_lpsm,178000.0,sb,pr,home,1U,4380.0,EXP,842,CIB,45-54,to_inst,82.30337079,North,direct,0,32.0
76403,2019,cf,Female,pre,type1,p3,l1,nopc,nob/c,266500,,,,360.0,not_neg,not_int,not_lpsm,338000.0,sb,pr,home,1U,4020.0,CRIF,572,CIB,65-74,to_inst,78.84615385,south,direct,1,38.0
116531,2019,cf,Female,pre,type1,p1,l1,nopc,nob/c,106500,4.5,1.0454,2625.0,360.0,not_neg,not_int,not_lpsm,128000.0,sb,pr,home,1U,6300.0,EXP,685,EXP,55-64,to_inst,83.203125,North,direct,0,36.0
79322,2019,cf,Male,nopre,type1,p3,l1,nopc,nob/c,246500,,,,360.0,not_neg,not_int,not_lpsm,298000.0,sb,pr,home,1U,4500.0,EXP,527,CIB,25-34,to_inst,82.71812081,south,direct,1,39.0
117466,2019,cf,Female,pre,type1,p1,l1,nopc,nob/c,456500,3.25,0.2252,6855.0,180.0,not_neg,not_int,not_lpsm,858000.0,sb,pr,home,1U,11460.0,CIB,825,CIB,35-44,not_inst,53.20512821,south,direct,0,29.0
25839,2019,cf,Sex Not Available,nopre,type1,p3,l1,nopc,nob/c,256500,,,,360.0,not_neg,not_int,not_lpsm,338000.0,sb,ir,home,1U,0.0,CRIF,780,CIB,45-54,to_inst,75.88757396,south,direct,1,11.0
141303,2019,cf,Male,pre,type1,p3,l1,nopc,nob/c,126500,4.375,0.3628,3812.5,360.0,not_neg,not_int,not_lpsm,198000.0,sb,pr,home,1U,2580.0,CRIF,765,CIB,65-74,to_inst,63.88888889,North,direct,0,49.0
62819,2019,cf,Male,pre,type1,p3,l1,nopc,nob/c,256500,,,,360.0,not_neg,not_int,not_lpsm,808000.0,sb,pr,home,2U,3300.0,EXP,730,CIB,55-64,to_inst,31.7450495,south,direct,1,58.0
144855,2019,cf,Joint,nopre,type1,p1,l1,nopc,nob/c,516500,3.875,0.5072,0.0,360.0,not_neg,not_int,not_lpsm,548000.0,sb,pr,home,1U,7200.0,CRIF,866,EXP,35-44,not_inst,94.25182482,North,direct,0,47.0
70563,2019,cf,Sex Not Available,nopre,type2,p3,l1,nopc,b/c,156500,,,,360.0,not_neg,not_int,not_lpsm,198000.0,sb,pr,home,1U,1860.0,EXP,645,CIB,25-34,to_inst,79.04040404,south,direct,1,61.0
163663,2019,cf,Male,nopre,type1,p2,l1,nopc,nob/c,136500,3.99,0.9236,3095.94,180.0,not_neg,not_int,not_lpsm,178000.0,sb,sr,home,1U,8460.0,CRIF,578,CIB,65-74,to_inst,76.68539326,North,direct,0,44.0
126602,2019,cf,Male,pre,type1,p4,l1,nopc,nob/c,366500,4.25,-0.089,1737.74,360.0,not_neg,not_int,not_lpsm,478000.0,sb,pr,home,1U,5280.0,EXP,577,CIB,45-54,not_inst,76.67364017,south,direct,0,48.0
92832,2019,cf,Female,nopre,type1,p3,l1,nopc,nob/c,206500,4.875,0.9392,5219.16,360.0,not_neg,not_int,not_lpsm,288000.0,sb,pr,home,1U,2880.0,EXP,506,CIB,>74,to_inst,71.70138889,North,direct,0,41.0
38495,2019,cf,Male,nopre,type1,p4,l1,nopc,nob/c,416500,4.5,0.6307,10032.5,360.0,neg_amm,not_int,not_lpsm,498000.0,sb,pr,home,1U,13500.0,CRIF,674,CIB,35-44,to_inst,83.63453815,North,direct,0,22.0
27559,2019,cf,Female,pre,type1,p1,l1,nopc,nob/c,186500,4.99,1.3701,2332.19,360.0,not_neg,int_only,not_lpsm,198000.0,sb,pr,home,1U,3840.0,CIB,806,EXP,25-34,to_inst,94.19191919,North,direct,0,47.0
141805,2019,cf,Male,nopre,type1,p3,l1,nopc,nob/c,276500,3.25,-0.3024,4355.0,360.0,not_neg,not_int,not_lpsm,1128000.0,sb,pr,home,1U,6300.0,CIB,520,EXP,55-64,to_inst,24.51241135,North,direct,0,37.0
78807,2019,cf,Female,nopre,type1,p3,l1,nopc,nob/c,246500,4.375,0.4008,5136.98,324.0,neg_amm,not_int,not_lpsm,338000.0,sb,pr,home,1U,6360.0,CIB,866,CIB,45-54,to_inst,72.92899408,North,direct,0,37.0
80782,2019,ncf,Sex Not Available,nopre,type1,p4,l1,nopc,nob/c,1716500,3.75,-0.0882,37604.38,360.0,not_neg,not_int,not_lpsm,2398000.0,sb,pr,home,1U,16320.0,CRIF,589,EXP,55-64,to_inst,71.58048374,south,direct,0,42.0
120656,2019,cf,Male,pre,type1,p4,l1,nopc,nob/c,126500,3.99,0.9454,2489.31,144.0,not_neg,not_int,not_lpsm,168000.0,sb,pr,home,1U,2220.0,EXP,611,CIB,55-64,to_inst,75.29761905,North,direct,0,45.0
133595,2019,cf,Female,pre,type1,p1,l1,nopc,nob/c,216500,3.99,-0.0237,1250.0,360.0,not_neg,not_int,not_lpsm,278000.0,sb,pr,home,1U,4500.0,CRIF,877,CIB,25-34,to_inst,77.87769784,south,direct,0,31.0
119113,2019,cf,Joint,nopre,type1,p1,l1,nopc,nob/c,166500,5.375,1.3906,1387.65,360.0,not_neg,not_int,not_lpsm,228000.0,sb,sr,home,1U,4800.0,EXP,730,EXP,45-54,not_inst,73.02631579,central,direct,0,46.0
38515,2019,cf,Joint,nopre,type1,p4,l1,nopc,nob/c,416500,3.875,0.153,2016.21,336.0,not_neg,not_int,not_lpsm,498000.0,sb,pr,home,1U,4800.0,CIB,739,EXP,35-44,not_inst,83.63453815,North,direct,0,47.0
41064,2019,cf,Sex Not Available,nopre,type2,p4,l1,nopc,b/c,266500,3.99,1.3366,4531.52,360.0,not_neg,not_int,not_lpsm,368000.0,sb,pr,home,1U,5340.0,EXP,667,CIB,45-54,to_inst,72.41847826,south,direct,0,38.0
145457,2019,,Female,nopre,type1,p4,l1,nopc,nob/c,366500,4.25,0.112,0.0,360.0,not_neg,not_int,not_lpsm,508000.0,sb,pr,home,1U,6720.0,CRIF,562,CIB,55-64,not_inst,72.14566929,North,direct,0,32.0
53480,2019,cf,Sex Not Available,nopre,type1,p4,l1,nopc,nob/c,206500,3.5,-0.0381,6578.5,180.0,neg_amm,not_int,not_lpsm,308000.0,sb,pr,home,1U,5880.0,EXP,867,CIB,35-44,to_inst,67.04545455,south,direct,0,34.0
143549,2019,cf,Joint,pre,type3,p3,l1,nopc,nob/c,156500,3.625,0.1935,2672.25,360.0,not_neg,not_int,not_lpsm,498000.0,sb,pr,home,1U,2760.0,CIB,598,EXP,65-74,to_inst,31.42570281,North,direct,0,36.0
96713,2019,cf,Joint,nopre,type1,p4,l1,nopc,nob/c,516500,3.875,0.2446,6000.0,360.0,not_neg,not_int,not_lpsm,588000.0,sb,pr,home,1U,11460.0,CIB,615,EXP,35-44,not_inst,87.84013605,North,direct,0,36.0
63806,2019,ncf,Joint,nopre,type3,p1,l1,nopc,nob/c,986500,3.625,0.0384,0.0,360.0,not_neg,not_int,not_lpsm,1078000.0,sb,pr,home,1U,14280.0,CIB,762,EXP,45-54,not_inst,91.51205937,North,direct,0,46.0
55793,2019,cf,Joint,nopre,type1,p4,l1,nopc,nob/c,496500,3.625,0.0338,1753.68,360.0,not_neg,int_only,not_lpsm,758000.0,sb,pr,home,1U,13500.0,EXP,706,EXP,45-54,not_inst,65.50131926,south,direct,0,24.0
60012,2019,cf,Female,nopre,type2,p3,l1,nopc,b/c,136500,3.875,1.0488,1656.8,360.0,not_neg,not_int,not_lpsm,198000.0,sb,pr,home,1U,2340.0,EXP,806,CIB,55-64,to_inst,68.93939394,south,direct,0,49.0
66740,2019,cf,Sex Not Available,pre,type1,p4,l1,nopc,nob/c,236500,4.375,0.7412,0.0,360.0,not_neg,not_int,not_lpsm,348000.0,sb,pr,home,1U,9480.0,CIB,732,EXP,35-44,to_inst,67.95977011,south,direct,0,31.0
115359,2019,cf,Male,nopre,type2,p2,l1,nopc,b/c,66500,,,,180.0,not_neg,not_int,not_lpsm,138000.0,sb,pr,home,1U,3480.0,EXP,714,CIB,>74,to_inst,48.1884058,North,direct,1,9.0
134242,2019,cf,Female,nopre,type1,p3,l1,nopc,nob/c,306500,3.99,0.3634,375.0,180.0,not_neg,not_int,not_lpsm,378000.0,sb,pr,home,1U,6000.0,CIB,722,EXP,25-34,to_inst,81.08465608,south,direct,0,39.0
164694,2019,cf,Joint,nopre,type1,p1,l1,nopc,nob/c,476500,4.125,-0.1796,0.0,360.0,not_neg,not_int,not_lpsm,808000.0,sb,pr,home,1U,5760.0,CIB,643,EXP,65-74,not_inst,58.97277228,North,direct,0,42.0
96566,2019,cf,Female,nopre,type1,p4,l1,nopc,nob/c,136500,5.625,1.308,820.0,360.0,not_neg,not_int,not_lpsm,178000.0,sb,pr,home,1U,1500.0,EXP,660,CIB,55-64,to_inst,76.68539326,North,direct,0,46.0
65087,2019,cf,Sex Not Available,nopre,type1,p4,l1,nopc,nob/c,276500,4.625,0.799,3226.33,360.0,not_neg,not_int,not_lpsm,328000.0,sb,pr,home,1U,6900.0,CIB,562,CIB,35-44,to_inst,84.29878049,south,direct,0,17.0
105957,2019,cf,Sex Not Available,nopre,type1,p4,l1,nopc,nob/c,226500,2.875,0.321,7151.13,180.0,not_neg,not_int,not_lpsm,288000.0,sb,pr,home,1U,6240.0,EXP,743,EXP,25-34,to_inst,78.64583333,south,direct,0,31.0
40930,2019,cf,Male,nopre,type1,p4,l1,nopc,nob/c,416500,4.25,-0.0995,0.0,360.0,not_neg,not_int,not_lpsm,488000.0,sb,pr,home,1U,6780.0,EXP,590,CIB,25-34,not_inst,85.34836066,North,direct,0,41.0
124918,2019,cf,Male,nopre,type1,p4,l1,nopc,nob/c,656500,4.125,0.6286,9775.25,360.0,not_neg,not_int,not_lpsm,928000.0,sb,pr,home,1U,10260.0,CRIF,818,CIB,65-74,to_inst,70.74353448,south,direct,0,37.0
109937,2019,cf,Male,nopre,type1,p3,l1,nopc,nob/c,646500,4.875,1.1956,11409.2,360.0,not_neg,not_int,not_lpsm,808000.0,sb,pr,home,1U,9600.0,CRIF,619,CIB,55-64,not_inst,80.01237624,North,direct,0,44.0
36225,2019,cf,Sex Not Available,nopre,type2,p4,l1,nopc,b/c,226500,4.25,1.5619,848.08,360.0,not_neg,not_int,not_lpsm,238000.0,sb,pr,home,1U,2880.0,CIB,899,CIB,35-44,to_inst,95.16806723,south,direct,0,56.0
58397,2019,cf,Male,nopre,type2,p3,l1,nopc,b/c,106500,4.5,1.2933,2061.42,360.0,not_neg,not_int,not_lpsm,188000.0,sb,pr,home,1U,2700.0,CRIF,897,CIB,55-64,to_inst,56.64893617,North,direct,0,53.0
140829,2019,cf,Male,nopre,type1,p1,l1,nopc,nob/c,326500,4.75,0.439,950.0,360.0,not_neg,not_int,not_lpsm,408000.0,sb,pr,home,1U,6480.0,CIB,567,CIB,35-44,not_inst,80.0245098,south,direct,0,33.0
64758,2019,cf,Female,pre,type1,p3,l1,nopc,nob/c,356500,3.99,0.3475,5187.5,360.0,not_neg,not_int,not_lpsm,518000.0,sb,pr,home,1U,3600.0,CRIF,642,CIB,45-54,to_inst,68.82239382,south,direct,0,46.0
35014,2019,cf,Female,nopre,type2,p3,l1,nopc,b/c,156500,,,,300.0,not_neg,not_int,not_lpsm,228000.0,sb,pr,home,1U,1860.0,EXP,890,CIB,65-74,to_inst,68.64035088,south,direct,1,44.0
126030,2019,cf,Male,nopre,type1,p4,l1,nopc,nob/c,346500,3.875,0.0448,0.0,360.0,not_neg,not_int,not_lpsm,498000.0,sb,pr,home,1U,4140.0,CRIF,755,CIB,55-64,not_inst,69.57831325,North,direct,0,40.0
57510,2019,cf,Joint,nopre,type1,p3,l1,nopc,nob/c,106500,4.75,0.9182,2216.0,360.0,not_neg,not_int,not_lpsm,158000.0,sb,pr,home,1U,2520.0,EXP,596,EXP,65-74,to_inst,67.40506329,North,direct,0,36.0
85934,2019,cf,Male,pre,type1,p4,l1,nopc,nob/c,176500,,,,360.0,not_neg,not_int,not_lpsm,388000.0,sb,pr,home,1U,3000.0,EXP,777,CIB,45-54,to_inst,45.48969072,south,direct,1,50.0
158517,2019,cf,Sex Not Available,pre,type1,p3,l1,nopc,nob/c,406500,4.625,0.8058,0.0,180.0,not_neg,not_int,not_lpsm,558000.0,sb,pr,home,1U,11280.0,CIB,829,EXP,45-54,to_inst,72.84946237,south,direct,0,30.0
95963,2019,,Male,nopre,type1,p2,l1,nopc,nob/c,106500,4.25,1.217,2669.0,180.0,not_neg,not_int,not_lpsm,188000.0,sb,pr,home,1U,2220.0,EXP,802,CIB,55-64,to_inst,56.64893617,North,direct,0,37.0
68097,2019,cf,Male,pre,type1,p1,l1,nopc,nob/c,316500,4.625,0.306,1295.0,360.0,not_neg,not_int,not_lpsm,398000.0,sb,pr,home,1U,5340.0,CRIF,851,CIB,>74,not_inst,79.52261307,North,direct,0,47.0
48036,2019,cf,Sex Not Available,pre,type1,p3,l1,nopc,nob/c,206500,3.25,0.4719,3750.0,180.0,not_neg,not_int,not_lpsm,268000.0,sb,pr,home,1U,4320.0,EXP,808,EXP,>74,to_inst,77.05223881,south,direct,0,39.0
112079,2019,cf,Female,nopre,type1,p4,l1,nopc,nob/c,266500,3.625,0.4656,1400.66,240.0,not_neg,not_int,not_lpsm,338000.0,sb,pr,home,1U,3900.0,CIB,604,CIB,25-34,not_inst,78.84615385,North,direct,0,40.0
65766,2019,cf,Female,nopre,type1,p1,l1,nopc,nob/c,326500,4.125,0.8143,29.07,360.0,not_neg,not_int,not_lpsm,348000.0,sb,pr,home,1U,5580.0,EXP,829,EXP,25-34,not_inst,93.82183908,central,direct,0,31.0
128045,2019,cf,Female,nopre,type1,p4,l1,nopc,nob/c,386500,3.5,-0.1446,,360.0,not_neg,not_int,not_lpsm,498000.0,sb,pr,home,1U,4080.0,CRIF,556,EXP,65-74,not_inst,77.61044177,south,direct,0,36.0
29121,2019,cf,Female,nopre,type2,p3,l1,nopc,b/c,106500,4.25,1.2106,1076.76,360.0,not_neg,not_int,not_lpsm,128000.0,sb,pr,home,1U,3300.0,CRIF,887,CIB,55-64,to_inst,83.203125,central,direct,0,57.0
116340,2019,cf,Joint,nopre,type2,p1,l1,nopc,b/c,266500,4.5,1.0283,5510.58,360.0,not_neg,not_int,not_lpsm,268000.0,sb,pr,home,1U,10200.0,CRIF,587,EXP,55-64,to_inst,99.44029851,North,direct,0,40.0
160482,2019,cf,Joint,nopre,type1,p1,l1,nopc,nob/c,246500,3.99,-0.1419,2221.4,360.0,not_neg,not_int,not_lpsm,308000.0,sb,pr,home,2U,4740.0,EXP,539,EXP,55-64,not_inst,80.03246753,North,direct,0,38.0
129172,2019,cf,Male,nopre,type1,p1,l1,nopc,nob/c,616500,3.75,0.1163,0.0,360.0,not_neg,not_int,not_lpsm,828000.0,sb,pr,home,1U,12000.0,CRIF,634,EXP,35-44,not_inst,74.45652174,North,direct,0,25.0
133641,2019,cf,Sex Not Available,nopre,type1,p4,l1,nopc,nob/c,166500,,,,180.0,not_neg,not_int,not_lpsm,328000.0,sb,pr,home,1U,3600.0,CRIF,776,CIB,45-54,to_inst,50.76219512,south,direct,1,42.0
40379,2019,cf,Sex Not Available,nopre,type2,p4,l2,nopc,b/c,136500,,,,360.0,not_neg,not_int,not_lpsm,148000.0,sb,pr,home,1U,6180.0,CRIF,641,CIB,25-34,to_inst,92.22972973,south,direct,1,37.0
74603,2019,cf,Joint,pre,type1,p1,l1,nopc,nob/c,396500,3.99,0.5078,0.0,360.0,not_neg,not_int,not_lpsm,428000.0,sb,pr,home,1U,17340.0,CRIF,681,EXP,35-44,not_inst,92.64018692,North,direct,0,38.0
121508,2019,cf,Sex Not Available,nopre,type1,p4,l1,nopc,nob/c,126500,3.125,0.3259,3530.99,180.0,not_neg,not_int,not_lpsm,188000.0,sb,pr,home,1U,2760.0,CRIF,512,CIB,25-34,to_inst,67.28723404,south,direct,0,43.0
93379,2019,cf,Joint,pre,type1,p4,l1,nopc,nob/c,406500,3.99,0.3292,0.0,360.0,not_neg,not_int,not_lpsm,458000.0,sb,pr,home,1U,9360.0,EXP,538,EXP,45-54,not_inst,88.75545852,North,direct,0,43.0
77034,2019,cf,Sex Not Available,nopre,type1,p3,l1,nopc,nob/c,126500,3.99,1.2717,3033.52,168.0,not_neg,not_int,not_lpsm,188000.0,sb,pr,home,1U,2700.0,CRIF,876,CIB,55-64,to_inst,67.28723404,south,direct,0,37.0
124830,2019,cf,Male,nopre,type1,p4,l1,nopc,nob/c,486500,3.99,0.5051,4823.0,360.0,not_neg,not_int,not_lpsm,638000.0,sb,pr,home,1U,6180.0,EXP,700,CIB,55-64,to_inst,76.2539185,south,direct,0,40.0
79265,2019,cf,Joint,nopre,type2,p1,l1,nopc,b/c,156500,3.125,0.7569,3505.57,360.0,not_neg,not_int,not_lpsm,158000.0,sb,pr,home,1U,5940.0,CIB,742,EXP,45-54,to_inst,99.05063291,central,direct,0,37.0
37104,2019,cf,Sex Not Available,pre,type1,p1,l1,nopc,nob/c,636500,3.99,0.4754,8289.63,360.0,not_neg,not_int,not_lpsm,668000.0,sb,pr,home,1U,8400.0,EXP,650,CIB,35-44,to_inst,95.28443114,south,direct,0,37.0
171861,2019,cf,Female,nopre,type1,p3,l1,nopc,nob/c,206500,,,,360.0,not_neg,not_int,not_lpsm,268000.0,sb,pr,home,1U,3660.0,CRIF,574,EXP,65-74,to_inst,77.05223881,North,direct,1,59.0
48299,2019,cf,Joint,nopre,type1,p1,l1,nopc,nob/c,406500,4.125,0.7651,2569.13,360.0,not_neg,not_int,not_lpsm,428000.0,sb,pr,home,1U,7200.0,CRIF,826,EXP,<25,not_inst,94.97663551,North,direct,0,42.0
157479,2019,cf,Female,nopre,type1,p4,l1,nopc,nob/c,326500,3.5,0.021,7685.99,324.0,not_neg,not_int,not_lpsm,778000.0,sb,pr,home,1U,5880.0,CRIF,588,CIB,65-74,to_inst,41.96658098,North,direct,0,31.0
119983,2019,cf,Sex Not Available,nopre,type1,p1,l1,nopc,nob/c,276500,3.875,0.6476,4891.81,360.0,not_neg,not_int,not_lpsm,298000.0,sb,pr,home,1U,5640.0,CRIF,646,CIB,35-44,not_inst,92.7852349,south,direct,0,36.0
142327,2019,cf,Female,pre,type2,p1,l1,nopc,b/c,506500,4.125,1.1357,4969.75,360.0,not_neg,not_int,not_lpsm,518000.0,sb,pr,home,1U,10260.0,CRIF,794,CIB,55-64,to_inst,97.77992278,central,direct,0,61.0
110365,2019,ncf,Female,nopre,type1,p1,l1,nopc,nob/c,456500,4.125,0.031,0.0,360.0,not_neg,not_int,not_lpsm,568000.0,sb,pr,home,1U,7560.0,CRIF,504,CIB,65-74,not_inst,80.36971831,North,direct,0,34.0
91271,2019,cf,Sex Not Available,pre,type3,p1,l1,nopc,nob/c,236500,4.75,0.6321,1380.0,360.0,not_neg,not_int,not_lpsm,238000.0,sb,pr,home,1U,4380.0,CIB,733,CIB,55-64,to_inst,99.3697479,south,direct,0,43.0
92868,2019,cf,Female,nopre,type1,p4,l1,nopc,nob/c,106500,,,,180.0,not_neg,not_int,not_lpsm,138000.0,sb,ir,home,1U,3720.0,CIB,609,CIB,35-44,to_inst,77.17391304,south,direct,1,37.0
31050,2019,cf,Female,nopre,type1,p3,l1,nopc,nob/c,246500,3.875,0.3385,5766.5,360.0,not_neg,not_int,not_lpsm,358000.0,sb,pr,home,1U,3120.0,EXP,627,CIB,65-74,to_inst,68.8547486,North,direct,0,32.0
63255,2019,cf,Joint,nopre,type3,p3,l1,nopc,nob/c,376500,2.875,-0.7414,2982.84,360.0,not_neg,not_int,not_lpsm,508000.0,sb,pr,home,1U,4680.0,CRIF,785,EXP,>74,not_inst,74.11417323,North,direct,0,45.0
